t_idx,cost_0,cost_1,cost_2,cost_3,cost_4,cost_5,cost_6,cost_7,cost_8,cost_9,cost_10,cost_11,cost_12,cost_13,cost_14,cost_15,cost_16,cost_17,cost_18,cost_19,cost_20,cost_21,cost_22,cost_23,cost_24,cost_25,cost_26,cost_27,cost_28,cost_29,cost_30,cost_31,cost_32,cost_33,cost_34,cost_35,cost_36,cost_37,cost_38,cost_39,cost_40,cost_41,cost_42,cost_43,cost_44,cost_45,cost_46,cost_47,cost_48,cost_49,cost_50,cost_51,cost_52,cost_53,cost_54,cost_55,cost_56,cost_57,cost_58,cost_59,cost_60,cost_61,cost_62,cost_63,cost_64,cost_65,cost_66,cost_67,cost_68,cost_69,cost_70,cost_71,cost_72,cost_73,cost_74,cost_75,cost_76,cost_77,cost_78,cost_79,cost_80,cost_81,cost_82,cost_83,cost_84,cost_85,cost_86,cost_87,cost_88,cost_89,cost_90,cost_91,cost_92,cost_93,cost_94,cost_95,cost_96,cost_97,cost_98,cost_99,cost_100,cost_101,cost_102,cost_103,cost_104,cost_105,cost_106,cost_107,cost_108,cost_109,cost_110,cost_111,cost_112,cost_113,cost_114,cost_115,cost_116,cost_117,cost_118,cost_119,cost_120,cost_121,cost_122,cost_123,cost_124,cost_125,cost_126,cost_127,cost_128,cost_129,cost_130,cost_131,cost_132,cost_133,cost_134,cost_135,cost_136,cost_137,cost_138,cost_139,cost_140,cost_141,cost_142,cost_143,cost_144,cost_145,cost_146,cost_147,cost_148,cost_149,cost_150,cost_151,cost_152,cost_153,cost_154,cost_155,cost_156,cost_157,cost_158,cost_159,cost_160,cost_161,cost_162,cost_163,cost_164,cost_165,cost_166,cost_167,cost_168,cost_169,cost_170,cost_171,cost_172,cost_173,cost_174,cost_175,cost_176,cost_177,cost_178,cost_179,cost_180,cost_181,cost_182,cost_183,cost_184,cost_185,cost_186,cost_187,cost_188,cost_189,cost_190,cost_191,cost_192,cost_193,cost_194,cost_195,cost_196,cost_197,cost_198,cost_199,cost_200,cost_201,cost_202,cost_203,cost_204,cost_205,cost_206,cost_207,cost_208,cost_209,cost_210,cost_211,cost_212,cost_213,cost_214,cost_215,cost_216,cost_217,cost_218,cost_219,cost_220,cost_221,cost_222,cost_223,cost_224
0,2.7,2.57017,2.36577,2.09341,1.76354,1.38986,0.988458,0.576802,0.988458,1.38986,1.76354,2.09341,2.36577,2.57017,2.7,2.6817,2.54703,2.33798,2.06135,1.7278,1.35126,0.948,0.535601,0.948,1.35126,1.7278,2.06135,2.33798,2.54703,2.6817,2.6637,2.52417,2.31041,2.02945,1.69217,1.31272,0.907557,0.494401,0.907557,1.31272,1.69217,2.02945,2.31041,2.52417,2.6637,2.646,2.50159,2.28308,1.99772,1.65666,1.27423,0.867129,0.453201,0.867128,1.27423,1.65666,1.99772,2.28308,2.50159,2.646,2.62861,2.47929,2.25598,1.96618,1.62126,1.23581,0.826715,0.412001,0.826715,1.23581,1.62126,1.96618,2.25598,2.47929,2.62861,2.61154,2.45728,2.22914,1.93483,1.58598,1.19744,0.786318,0.370801,0.786318,1.19744,1.58598,1.93483,2.22914,2.45728,2.61154,2.59479,2.43557,2.20255,1.90367,1.55083,1.15913,0.745938,0.329601,0.745938,1.15913,1.55083,1.90367,2.20255,2.43557,2.59479,2.57939,2.41417,2.17622,1.87272,1.51581,1.12089,0.705576,0.288401,0.705576,1.12089,1.51581,1.87272,2.17622,2.41417,2.57939,2.60588,2.39308,2.15017,1.84198,1.48093,1.08272,0.665233,0.247201,0.665233,1.08272,1.48093,1.84198,2.15017,2.39308,2.60588,2.66882,2.40686,2.1244,1.81145,1.4462,1.04463,0.624909,0.206001,0.624909,1.04463,1.4462,1.81145,2.1244,2.40686,2.66882,2.76279,2.45959,2.13539,1.78707,1.41162,1.00661,0.584606,0.1648,0.584606,1.00661,1.41162,1.78707,2.13539,2.45959,2.76279,2.88252,2.54232,2.17974,1.79546,1.39083,0.972317,0.544511,0.1236,0.544511,0.972317,1.39083,1.79546,2.17974,2.54232,2.88252,3.02299,2.64972,2.2512,1.83138,1.39961,0.956181,0.513878,0.0824002,0.513878,0.956181,1.39961,1.83138,2.2512,2.64972,3.02299,3.18494,2.77678,2.34469,1.89072,1.42721,0.956593,0.491093,0.0412001,0.491093,0.956593,1.42721,1.89072,2.34469,2.77678,3.18494,3.36223,2.91974,2.45552,1.96668,1.46996,0.968574,0.474975,0,0.474975,0.968574,1.46996,1.96668,2.45552,2.91974,3.36223
1,2.7,2.57017,2.36577,2.09341,1.76354,1.38986,0.988458,0.576802,0.988458,1.38986,1.76354,2.09341,2.36577,2.57017,2.7,2.6817,2.54703,2.33798,2.06135,1.7278,1.35126,0.948,0.535601,0.948,1.35126,1.7278,2.06135,2.33798,2.54703,2.6817,2.6637,2.52417,2.31041,2.02945,1.69217,1.31272,0.907557,0.494401,0.907557,1.31272,1.69217,2.02945,2.31041,2.52417,2.6637,2.646,2.50159,2.28308,1.99772,1.65666,1.27423,0.867129,0.453201,0.867128,1.27423,1.65666,1.99772,2.28308,2.50159,2.646,2.62861,2.47929,2.25598,1.96618,1.62126,1.23581,0.826715,0.412001,0.826715,1.23581,1.62126,1.96618,2.25598,2.47929,2.62861,2.61154,2.45728,2.22914,1.93483,1.58598,1.19744,0.786318,0.370801,0.786318,1.19744,1.58598,1.93483,2.22914,2.45728,2.61154,2.59479,2.43557,2.20255,1.90367,1.55083,1.15913,0.745938,0.329601,0.745938,1.15913,1.55083,1.90367,2.20255,2.43557,2.59479,2.57939,2.41417,2.17622,1.87272,1.51581,1.12089,0.705576,0.288401,0.705576,1.12089,1.51581,1.87272,2.17622,2.41417,2.57939,2.60588,2.39308,2.15017,1.84198,1.48093,1.08272,0.665233,0.247201,0.665233,1.08272,1.48093,1.84198,2.15017,2.39308,2.60588,2.66882,2.40686,2.1244,1.81145,1.4462,1.04463,0.624909,0.206001,0.624909,1.04463,1.4462,1.81145,2.1244,2.40686,2.66882,2.76279,2.45959,2.13539,1.78707,1.41162,1.00661,0.584606,0.1648,0.584606,1.00661,1.41162,1.78707,2.13539,2.45959,2.76279,2.88252,2.54232,2.17974,1.79546,1.39083,0.972317,0.544511,0.1236,0.544511,0.972317,1.39083,1.79546,2.17974,2.54232,2.88252,3.02299,2.64972,2.2512,1.83138,1.39961,0.956181,0.513878,0.0824002,0.513878,0.956181,1.39961,1.83138,2.2512,2.64972,3.02299,3.18494,2.77678,2.34469,1.89072,1.42721,0.956593,0.491093,0.0412001,0.491093,0.956593,1.42721,1.89072,2.34469,2.77678,3.18494,3.36223,2.91974,2.45552,1.96668,1.46996,0.968574,0.474975,0,0.474975,0.968574,1.46996,1.96668,2.45552,2.91974,3.36223
2,2.7,2.57017,2.36577,2.09341,1.76354,1.38986,0.988458,0.576802,0.988458,1.38986,1.76354,2.09341,2.36577,2.57017,2.7,2.6817,2.54703,2.33798,2.06135,1.7278,1.35126,0.948,0.535601,0.948,1.35126,1.7278,2.06135,2.33798,2.54703,2.6817,2.6637,2.52417,2.31041,2.02945,1.69217,1.31272,0.907557,0.494401,0.907557,1.31272,1.69217,2.02945,2.31041,2.52417,2.6637,2.646,2.50159,2.28308,1.99772,1.65666,1.27423,0.867129,0.453201,0.867128,1.27423,1.65666,1.99772,2.28308,2.50159,2.646,2.62861,2.47929,2.25598,1.96618,1.62126,1.23581,0.826715,0.412001,0.826715,1.23581,1.62126,1.96618,2.25598,2.47929,2.62861,2.61154,2.45728,2.22914,1.93483,1.58598,1.19744,0.786318,0.370801,0.786318,1.19744,1.58598,1.93483,2.22914,2.45728,2.61154,2.59479,2.43557,2.20255,1.90367,1.55083,1.15913,0.745938,0.329601,0.745938,1.15913,1.55083,1.90367,2.20255,2.43557,2.59479,2.57939,2.41417,2.17622,1.87272,1.51581,1.12089,0.705576,0.288401,0.705576,1.12089,1.51581,1.87272,2.17622,2.41417,2.57939,2.60588,2.39308,2.15017,1.84198,1.48093,1.08272,0.665233,0.247201,0.665233,1.08272,1.48093,1.84198,2.15017,2.39308,2.60588,2.66882,2.40686,2.1244,1.81145,1.4462,1.04463,0.624909,0.206001,0.624909,1.04463,1.4462,1.81145,2.1244,2.40686,2.66882,2.76279,2.45959,2.13539,1.78707,1.41162,1.00661,0.584606,0.1648,0.584606,1.00661,1.41162,1.78707,2.13539,2.45959,2.76279,2.88252,2.54232,2.17974,1.79546,1.39083,0.972317,0.544511,0.1236,0.544511,0.972317,1.39083,1.79546,2.17974,2.54232,2.88252,3.02299,2.64972,2.2512,1.83138,1.39961,0.956181,0.513878,0.0824002,0.513878,0.956181,1.39961,1.83138,2.2512,2.64972,3.02299,3.18494,2.77678,2.34469,1.89072,1.42721,0.956593,0.491093,0.0412001,0.491093,0.956593,1.42721,1.89072,2.34469,2.77678,3.18494,3.36223,2.91974,2.45552,1.96668,1.46996,0.968574,0.474975,0,0.474975,0.968574,1.46996,1.96668,2.45552,2.91974,3.36223
3,2.7,2.57017,2.36577,2.09341,1.76354,1.38986,0.988458,0.576802,0.988458,1.38986,1.76354,2.09341,2.36577,2.57017,2.7,2.6817,2.54703,2.33798,2.06135,1.7278,1.35126,0.948,0.535601,0.948,1.35126,1.7278,2.06135,2.33798,2.54703,2.6817,2.6637,2.52417,2.31041,2.02945,1.69217,1.31272,0.907557,0.494401,0.907557,1.31272,1.69217,2.02945,2.31041,2.52417,2.6637,2.646,2.50159,2.28308,1.99772,1.65666,1.27423,0.867129,0.453201,0.867128,1.27423,1.65666,1.99772,2.28308,2.50159,2.646,2.62861,2.47929,2.25598,1.96618,1.62126,1.23581,0.826715,0.412001,0.826715,1.23581,1.62126,1.96618,2.25598,2.47929,2.62861,2.61154,2.45728,2.22914,1.93483,1.58598,1.19744,0.786318,0.370801,0.786318,1.19744,1.58598,1.93483,2.22914,2.45728,2.61154,2.59479,2.43557,2.20255,1.90367,1.55083,1.15913,0.745938,0.329601,0.745938,1.15913,1.55083,1.90367,2.20255,2.43557,2.59479,2.57939,2.41417,2.17622,1.87272,1.51581,1.12089,0.705576,0.288401,0.705576,1.12089,1.51581,1.87272,2.17622,2.41417,2.57939,2.60588,2.39308,2.15017,1.84198,1.48093,1.08272,0.665233,0.247201,0.665233,1.08272,1.48093,1.84198,2.15017,2.39308,2.60588,2.66882,2.40686,2.1244,1.81145,1.4462,1.04463,0.624909,0.206001,0.624909,1.04463,1.4462,1.81145,2.1244,2.40686,2.66882,2.76279,2.45959,2.13539,1.78707,1.41162,1.00661,0.584606,0.1648,0.584606,1.00661,1.41162,1.78707,2.13539,2.45959,2.76279,2.88252,2.54232,2.17974,1.79546,1.39083,0.972317,0.544511,0.1236,0.544511,0.972317,1.39083,1.79546,2.17974,2.54232,2.88252,3.02299,2.64972,2.2512,1.83138,1.39961,0.956181,0.513878,0.0824002,0.513878,0.956181,1.39961,1.83138,2.2512,2.64972,3.02299,3.18494,2.77678,2.34469,1.89072,1.42721,0.956593,0.491093,0.0412001,0.491093,0.956593,1.42721,1.89072,2.34469,2.77678,3.18494,3.36223,2.91974,2.45552,1.96668,1.46996,0.968574,0.474975,0,0.474975,0.968574,1.46996,1.96668,2.45552,2.91974,3.36223
4,2.7,2.57017,2.36577,2.09341,1.76354,1.38986,0.988458,0.576802,0.988458,1.38986,1.76354,2.09341,2.36577,2.57017,2.7,2.6817,2.54703,2.33798,2.06135,1.7278,1.35126,0.948,0.535601,0.948,1.35126,1.7278,2.06135,2.33798,2.54703,2.6817,2.6637,2.52417,2.31041,2.02945,1.69217,1.31272,0.907557,0.494401,0.907557,1.31272,1.69217,2.02945,2.31041,2.52417,2.6637,2.646,2.50159,2.28308,1.99772,1.65666,1.27423,0.867129,0.453201,0.867128,1.27423,1.65666,1.99772,2.28308,2.50159,2.646,2.62861,2.47929,2.25598,1.96618,1.62126,1.23581,0.826715,0.412001,0.826715,1.23581,1.62126,1.96618,2.25598,2.47929,2.62861,2.61154,2.45728,2.22914,1.93483,1.58598,1.19744,0.786318,0.370801,0.786318,1.19744,1.58598,1.93483,2.22914,2.45728,2.61154,2.59479,2.43557,2.20255,1.90367,1.55083,1.15913,0.745938,0.329601,0.745938,1.15913,1.55083,1.90367,2.20255,2.43557,2.59479,2.57939,2.41417,2.17622,1.87272,1.51581,1.12089,0.705576,0.288401,0.705576,1.12089,1.51581,1.87272,2.17622,2.41417,2.57939,2.60588,2.39308,2.15017,1.84198,1.48093,1.08272,0.665233,0.247201,0.665233,1.08272,1.48093,1.84198,2.15017,2.39308,2.60588,2.66882,2.40686,2.1244,1.81145,1.4462,1.04463,0.624909,0.206001,0.624909,1.04463,1.4462,1.81145,2.1244,2.40686,2.66882,2.76279,2.45959,2.13539,1.78707,1.41162,1.00661,0.584606,0.1648,0.584606,1.00661,1.41162,1.78707,2.13539,2.45959,2.76279,2.88252,2.54232,2.17974,1.79546,1.39083,0.972317,0.544511,0.1236,0.544511,0.972317,1.39083,1.79546,2.17974,2.54232,2.88252,3.02299,2.64972,2.2512,1.83138,1.39961,0.956181,0.513878,0.0824002,0.513878,0.956181,1.39961,1.83138,2.2512,2.64972,3.02299,3.18494,2.77678,2.34469,1.89072,1.42721,0.956593,0.491093,0.0412001,0.491093,0.956593,1.42721,1.89072,2.34469,2.77678,3.18494,3.36223,2.91974,2.45552,1.96668,1.46996,0.968574,0.474975,0,0.474975,0.968574,1.46996,1.96668,2.45552,2.91974,3.36223
5,2.7,2.57017,2.36577,2.09341,1.76354,1.38986,0.988458,0.576802,0.988458,1.38986,1.76354,2.09341,2.36577,2.57017,2.7,2.6817,2.54703,2.33798,2.06135,1.7278,1.35126,0.948,0.535601,0.948,1.35126,1.7278,2.06135,2.33798,2.54703,2.6817,2.6637,2.52417,2.31041,2.02945,1.69217,1.31272,0.907557,0.494401,0.907557,1.31272,1.69217,2.02945,2.31041,2.52417,2.6637,2.646,2.50159,2.28308,1.99772,1.65666,1.27423,0.867129,0.453201,0.867128,1.27423,1.65666,1.99772,2.28308,2.50159,2.646,2.62861,2.47929,2.25598,1.96618,1.62126,1.23581,0.826715,0.412001,0.826715,1.23581,1.62126,1.96618,2.25598,2.47929,2.62861,2.61154,2.45728,2.22914,1.93483,1.58598,1.19744,0.786318,0.370801,0.786318,1.19744,1.58598,1.93483,2.22914,2.45728,2.61154,2.59479,2.43557,2.20255,1.90367,1.55083,1.15913,0.745938,0.329601,0.745938,1.15913,1.55083,1.90367,2.20255,2.43557,2.59479,2.57939,2.41417,2.17622,1.87272,1.51581,1.12089,0.705576,0.288401,0.705576,1.12089,1.51581,1.87272,2.17622,2.41417,2.57939,2.60588,2.39308,2.15017,1.84198,1.48093,1.08272,0.665233,0.247201,0.665233,1.08272,1.48093,1.84198,2.15017,2.39308,2.60588,2.66882,2.40686,2.1244,1.81145,1.4462,1.04463,0.624909,0.206001,0.624909,1.04463,1.4462,1.81145,2.1244,2.40686,2.66882,2.76279,2.45959,2.13539,1.78707,1.41162,1.00661,0.584606,0.1648,0.584606,1.00661,1.41162,1.78707,2.13539,2.45959,2.76279,2.88252,2.54232,2.17974,1.79546,1.39083,0.972317,0.544511,0.1236,0.544511,0.972317,1.39083,1.79546,2.17974,2.54232,2.88252,3.02299,2.64972,2.2512,1.83138,1.39961,0.956181,0.513878,0.0824002,0.513878,0.956181,1.39961,1.83138,2.2512,2.64972,3.02299,3.18494,2.77678,2.34469,1.89072,1.42721,0.956593,0.491093,0.0412001,0.491093,0.956593,1.42721,1.89072,2.34469,2.77678,3.18494,3.36223,2.91974,2.45552,1.96668,1.46996,0.968574,0.474975,0,0.474975,0.968574,1.46996,1.96668,2.45552,2.91974,3.36223
6,2.7,2.57017,2.36577,2.09341,1.76354,1.38986,0.988458,0.576802,0.988458,1.38986,1.76354,2.09341,2.36577,2.57017,2.7,2.6817,2.54703,2.33798,2.06135,1.7278,1.35126,0.948,0.535601,0.948,1.35126,1.7278,2.06135,2.33798,2.54703,2.6817,2.6637,2.52417,2.31041,2.02945,1.69217,1.31272,0.907557,0.494401,0.907557,1.31272,1.69217,2.02945,2.31041,2.52417,2.6637,2.646,2.50159,2.28308,1.99772,1.65666,1.27423,0.867129,0.453201,0.867128,1.27423,1.65666,1.99772,2.28308,2.50159,2.646,2.62861,2.47929,2.25598,1.96618,1.62126,1.23581,0.826715,0.412001,0.826715,1.23581,1.62126,1.96618,2.25598,2.47929,2.62861,2.61154,2.45728,2.22914,1.93483,1.58598,1.19744,0.786318,0.370801,0.786318,1.19744,1.58598,1.93483,2.22914,2.45728,2.61154,2.59479,2.43557,2.20255,1.90367,1.55083,1.15913,0.745938,0.329601,0.745938,1.15913,1.55083,1.90367,2.20255,2.43557,2.59479,2.57939,2.41417,2.17622,1.87272,1.51581,1.12089,0.705576,0.288401,0.705576,1.12089,1.51581,1.87272,2.17622,2.41417,2.57939,2.60588,2.39308,2.15017,1.84198,1.48093,1.08272,0.665233,0.247201,0.665233,1.08272,1.48093,1.84198,2.15017,2.39308,2.60588,2.66882,2.40686,2.1244,1.81145,1.4462,1.04463,0.624909,0.206001,0.624909,1.04463,1.4462,1.81145,2.1244,2.40686,2.66882,2.76279,2.45959,2.13539,1.78707,1.41162,1.00661,0.584606,0.1648,0.584606,1.00661,1.41162,1.78707,2.13539,2.45959,2.76279,2.88252,2.54232,2.17974,1.79546,1.39083,0.972317,0.544511,0.1236,0.544511,0.972317,1.39083,1.79546,2.17974,2.54232,2.88252,3.02299,2.64972,2.2512,1.83138,1.39961,0.956181,0.513878,0.0824002,0.513878,0.956181,1.39961,1.83138,2.2512,2.64972,3.02299,3.18494,2.77678,2.34469,1.89072,1.42721,0.956593,0.491093,0.0412001,0.491093,0.956593,1.42721,1.89072,2.34469,2.77678,3.18494,3.36223,2.91974,2.45552,1.96668,1.46996,0.968574,0.474975,0,0.474975,0.968574,1.46996,1.96668,2.45552,2.91974,3.36223
7,2.7,2.57017,2.36577,2.09341,1.76354,1.38986,0.988458,0.576802,0.988458,1.38986,1.76354,2.09341,2.36577,2.57017,2.7,2.6817,2.54703,2.33798,2.06135,1.7278,1.35126,0.948,0.535601,0.948,1.35126,1.7278,2.06135,2.33798,2.54703,2.6817,2.6637,2.52417,2.31041,2.02945,1.69217,1.31272,0.907557,0.494401,0.907557,1.31272,1.69217,2.02945,2.31041,2.52417,2.6637,2.646,2.50159,2.28308,1.99772,1.65666,1.27423,0.867129,0.453201,0.867128,1.27423,1.65666,1.99772,2.28308,2.50159,2.646,2.62861,2.47929,2.25598,1.96618,1.62126,1.23581,0.826715,0.412001,0.826715,1.23581,1.62126,1.96618,2.25598,2.47929,2.62861,2.61154,2.45728,2.22914,1.93483,1.58598,1.19744,0.786318,0.370801,0.786318,1.19744,1.58598,1.93483,2.22914,2.45728,2.61154,2.59479,2.43557,2.20255,1.90367,1.55083,1.15913,0.745938,0.329601,0.745938,1.15913,1.55083,1.90367,2.20255,2.43557,2.59479,2.57939,2.41417,2.17622,1.87272,1.51581,1.12089,0.705576,0.288401,0.705576,1.12089,1.51581,1.87272,2.17622,2.41417,2.57939,2.60588,2.39308,2.15017,1.84198,1.48093,1.08272,0.665233,0.247201,0.665233,1.08272,1.48093,1.84198,2.15017,2.39308,2.60588,2.66882,2.40686,2.1244,1.81145,1.4462,1.04463,0.624909,0.206001,0.624909,1.04463,1.4462,1.81145,2.1244,2.40686,2.66882,2.76279,2.45959,2.13539,1.78707,1.41162,1.00661,0.584606,0.1648,0.584606,1.00661,1.41162,1.78707,2.13539,2.45959,2.76279,2.88252,2.54232,2.17974,1.79546,1.39083,0.972317,0.544511,0.1236,0.544511,0.972317,1.39083,1.79546,2.17974,2.54232,2.88252,3.02299,2.64972,2.2512,1.83138,1.39961,0.956181,0.513878,0.0824002,0.513878,0.956181,1.39961,1.83138,2.2512,2.64972,3.02299,3.18494,2.77678,2.34469,1.89072,1.42721,0.956593,0.491093,0.0412001,0.491093,0.956593,1.42721,1.89072,2.34469,2.77678,3.18494,3.36223,2.91974,2.45552,1.96668,1.46996,0.968574,0.474975,0,0.474975,0.968574,1.46996,1.96668,2.45552,2.91974,3.36223
8,2.7,2.57017,2.36577,2.09341,1.76354,1.38986,0.988458,0.576802,0.988458,1.38986,1.76354,2.09341,2.36577,2.57017,2.7,2.6817,2.54703,2.33798,2.06135,1.7278,1.35126,0.948,0.535601,0.948,1.35126,1.7278,2.06135,2.33798,2.54703,2.6817,2.6637,2.52417,2.31041,2.02945,1.69217,1.31272,0.907557,0.494401,0.907557,1.31272,1.69217,2.02945,2.31041,2.52417,2.6637,2.646,2.50159,2.28308,1.99772,1.65666,1.27423,0.867129,0.453201,0.867128,1.27423,1.65666,1.99772,2.28308,2.50159,2.646,2.62861,2.47929,2.25598,1.96618,1.62126,1.23581,0.826715,0.412001,0.826715,1.23581,1.62126,1.96618,2.25598,2.47929,2.62861,2.61154,2.45728,2.22914,1.93483,1.58598,1.19744,0.786318,0.370801,0.786318,1.19744,1.58598,1.93483,2.22914,2.45728,2.61154,2.59479,2.43557,2.20255,1.90367,1.55083,1.15913,0.745938,0.329601,0.745938,1.15913,1.55083,1.90367,2.20255,2.43557,2.59479,2.57939,2.41417,2.17622,1.87272,1.51581,1.12089,0.705576,0.288401,0.705576,1.12089,1.51581,1.87272,2.17622,2.41417,2.57939,2.60588,2.39308,2.15017,1.84198,1.48093,1.08272,0.665233,0.247201,0.665233,1.08272,1.48093,1.84198,2.15017,2.39308,2.60588,2.66882,2.40686,2.1244,1.81145,1.4462,1.04463,0.624909,0.206001,0.624909,1.04463,1.4462,1.81145,2.1244,2.40686,2.66882,2.76279,2.45959,2.13539,1.78707,1.41162,1.00661,0.584606,0.1648,0.584606,1.00661,1.41162,1.78707,2.13539,2.45959,2.76279,2.88252,2.54232,2.17974,1.79546,1.39083,0.972317,0.544511,0.1236,0.544511,0.972317,1.39083,1.79546,2.17974,2.54232,2.88252,3.02299,2.64972,2.2512,1.83138,1.39961,0.956181,0.513878,0.0824002,0.513878,0.956181,1.39961,1.83138,2.2512,2.64972,3.02299,3.18494,2.77678,2.34469,1.89072,1.42721,0.956593,0.491093,0.0412001,0.491093,0.956593,1.42721,1.89072,2.34469,2.77678,3.18494,3.36223,2.91974,2.45552,1.96668,1.46996,0.968574,0.474975,0,0.474975,0.968574,1.46996,1.96668,2.45552,2.91974,3.36223
9,2.7,2.57017,2.36577,2.09341,1.76354,1.38986,0.988458,0.576802,0.988458,1.38986,1.76354,2.09341,2.36577,2.57017,2.7,2.6817,2.54703,2.33798,2.06135,1.7278,1.35126,0.948,0.535601,0.948,1.35126,1.7278,2.06135,2.33798,2.54703,2.6817,2.6637,2.52417,2.31041,2.02945,1.69217,1.31272,0.907557,0.494401,0.907557,1.31272,1.69217,2.02945,2.31041,2.52417,2.6637,2.646,2.50159,2.28308,1.99772,1.65666,1.27423,0.867129,0.453201,0.867128,1.27423,1.65666,1.99772,2.28308,2.50159,2.646,2.62861,2.47929,2.25598,1.96618,1.62126,1.23581,0.826715,0.412001,0.826715,1.23581,1.62126,1.96618,2.25598,2.47929,2.62861,2.61154,2.45728,2.22914,1.93483,1.58598,1.19744,0.786318,0.370801,0.786318,1.19744,1.58598,1.93483,2.22914,2.45728,2.61154,2.59479,2.43557,2.20255,1.90367,1.55083,1.15913,0.745938,0.329601,0.745938,1.15913,1.55083,1.90367,2.20255,2.43557,2.59479,2.57939,2.41417,2.17622,1.87272,1.51581,1.12089,0.705576,0.288401,0.705576,1.12089,1.51581,1.87272,2.17622,2.41417,2.57939,2.60588,2.39308,2.15017,1.84198,1.48093,1.08272,0.665233,0.247201,0.665233,1.08272,1.48093,1.84198,2.15017,2.39308,2.60588,2.66882,2.40686,2.1244,1.81145,1.4462,1.04463,0.624909,0.206001,0.624909,1.04463,1.4462,1.81145,2.1244,2.40686,2.66882,2.76279,2.45959,2.13539,1.78707,1.41162,1.00661,0.584606,0.1648,0.584606,1.00661,1.41162,1.78707,2.13539,2.45959,2.76279,2.88252,2.54232,2.17974,1.79546,1.39083,0.972317,0.544511,0.1236,0.544511,0.972317,1.39083,1.79546,2.17974,2.54232,2.88252,3.02299,2.64972,2.2512,1.83138,1.39961,0.956181,0.513878,0.0824002,0.513878,0.956181,1.39961,1.83138,2.2512,2.64972,3.02299,3.18494,2.77678,2.34469,1.89072,1.42721,0.956593,0.491093,0.0412001,0.491093,0.956593,1.42721,1.89072,2.34469,2.77678,3.18494,3.36223,2.91974,2.45552,1.96668,1.46996,0.968574,0.474975,0,0.474975,0.968574,1.46996,1.96668,2.45552,2.91974,3.36223
10,2.7,2.57017,2.36577,2.09341,1.76354,1.38986,0.988458,0.576802,0.988458,1.38986,1.76354,2.09341,2.36577,2.57017,2.7,2.6817,2.54703,2.33798,2.06135,1.7278,1.35126,0.948,0.535601,0.948,1.35126,1.7278,2.06135,2.33798,2.54703,2.6817,2.6637,2.52417,2.31041,2.02945,1.69217,1.31272,0.907557,0.494401,0.907557,1.31272,1.69217,2.02945,2.31041,2.52417,2.6637,2.646,2.50159,2.28308,1.99772,1.65666,1.27423,0.867129,0.453201,0.867128,1.27423,1.65666,1.99772,2.28308,2.50159,2.646,2.62861,2.47929,2.25598,1.96618,1.62126,1.23581,0.826715,0.412001,0.826715,1.23581,1.62126,1.96618,2.25598,2.47929,2.62861,2.61154,2.45728,2.22914,1.93483,1.58598,1.19744,0.786318,0.370801,0.786318,1.19744,1.58598,1.93483,2.22914,2.45728,2.61154,2.59479,2.43557,2.20255,1.90367,1.55083,1.15913,0.745938,0.329601,0.745938,1.15913,1.55083,1.90367,2.20255,2.43557,2.59479,2.57939,2.41417,2.17622,1.87272,1.51581,1.12089,0.705576,0.288401,0.705576,1.12089,1.51581,1.87272,2.17622,2.41417,2.57939,2.60588,2.39308,2.15017,1.84198,1.48093,1.08272,0.665233,0.247201,0.665233,1.08272,1.48093,1.84198,2.15017,2.39308,2.60588,2.66882,2.40686,2.1244,1.81145,1.4462,1.04463,0.624909,0.206001,0.624909,1.04463,1.4462,1.81145,2.1244,2.40686,2.66882,2.76279,2.45959,2.13539,1.78707,1.41162,1.00661,0.584606,0.1648,0.584606,1.00661,1.41162,1.78707,2.13539,2.45959,2.76279,2.88252,2.54232,2.17974,1.79546,1.39083,0.972317,0.544511,0.1236,0.544511,0.972317,1.39083,1.79546,2.17974,2.54232,2.88252,3.02299,2.64972,2.2512,1.83138,1.39961,0.956181,0.513878,0.0824002,0.513878,0.956181,1.39961,1.83138,2.2512,2.64972,3.02299,3.18494,2.77678,2.34469,1.89072,1.42721,0.956593,0.491093,0.0412001,0.491093,0.956593,1.42721,1.89072,2.34469,2.77678,3.18494,3.36223,2.91974,2.45552,1.96668,1.46996,0.968574,0.474975,0,0.474975,0.968574,1.46996,1.96668,2.45552,2.91974,3.36223
11,2.7,2.57017,2.36577,2.09341,1.76354,1.38986,0.988458,0.576802,0.988458,1.38986,1.76354,2.09341,2.36577,2.57017,2.7,2.6817,2.54703,2.33798,2.06135,1.7278,1.35126,0.948,0.535601,0.948,1.35126,1.7278,2.06135,2.33798,2.54703,2.6817,2.6637,2.52417,2.31041,2.02945,1.69217,1.31272,0.907557,0.494401,0.907557,1.31272,1.69217,2.02945,2.31041,2.52417,2.6637,2.646,2.50159,2.28308,1.99772,1.65666,1.27423,0.867129,0.453201,0.867128,1.27423,1.65666,1.99772,2.28308,2.50159,2.646,2.62861,2.47929,2.25598,1.96618,1.62126,1.23581,0.826715,0.412001,0.826715,1.23581,1.62126,1.96618,2.25598,2.47929,2.62861,2.61154,2.45728,2.22914,1.93483,1.58598,1.19744,0.786318,0.370801,0.786318,1.19744,1.58598,1.93483,2.22914,2.45728,2.61154,2.59479,2.43557,2.20255,1.90367,1.55083,1.15913,0.745938,0.329601,0.745938,1.15913,1.55083,1.90367,2.20255,2.43557,2.59479,2.57939,2.41417,2.17622,1.87272,1.51581,1.12089,0.705576,0.288401,0.705576,1.12089,1.51581,1.87272,2.17622,2.41417,2.57939,2.60588,2.39308,2.15017,1.84198,1.48093,1.08272,0.665233,0.247201,0.665233,1.08272,1.48093,1.84198,2.15017,2.39308,2.60588,2.66882,2.40686,2.1244,1.81145,1.4462,1.04463,0.624909,0.206001,0.624909,1.04463,1.4462,1.81145,2.1244,2.40686,2.66882,2.76279,2.45959,2.13539,1.78707,1.41162,1.00661,0.584606,0.1648,0.584606,1.00661,1.41162,1.78707,2.13539,2.45959,2.76279,2.88252,2.54232,2.17974,1.79546,1.39083,0.972317,0.544511,0.1236,0.544511,0.972317,1.39083,1.79546,2.17974,2.54232,2.88252,3.02299,2.64972,2.2512,1.83138,1.39961,0.956181,0.513878,0.0824002,0.513878,0.956181,1.39961,1.83138,2.2512,2.64972,3.02299,3.18494,2.77678,2.34469,1.89072,1.42721,0.956593,0.491093,0.0412001,0.491093,0.956593,1.42721,1.89072,2.34469,2.77678,3.18494,3.36223,2.91974,2.45552,1.96668,1.46996,0.968574,0.474975,0,0.474975,0.968574,1.46996,1.96668,2.45552,2.91974,3.36223
12,2.7,2.57017,2.36577,2.09341,1.76354,1.38986,0.988458,0.576802,0.988458,1.38986,1.76354,2.09341,2.36577,2.57017,2.7,2.6817,2.54703,2.33798,2.06135,1.7278,1.35126,0.948,0.535601,0.948,1.35126,1.7278,2.06135,2.33798,2.54703,2.6817,2.6637,2.52417,2.31041,2.02945,1.69217,1.31272,0.907557,0.494401,0.907557,1.31272,1.69217,2.02945,2.31041,2.52417,2.6637,2.646,2.50159,2.28308,1.99772,1.65666,1.27423,0.867129,0.453201,0.867128,1.27423,1.65666,1.99772,2.28308,2.50159,2.646,2.62861,2.47929,2.25598,1.96618,1.62126,1.23581,0.826715,0.412001,0.826715,1.23581,1.62126,1.96618,2.25598,2.47929,2.62861,2.61154,2.45728,2.22914,1.93483,1.58598,1.19744,0.786318,0.370801,0.786318,1.19744,1.58598,1.93483,2.22914,2.45728,2.61154,2.59479,2.43557,2.20255,1.90367,1.55083,1.15913,0.745938,0.329601,0.745938,1.15913,1.55083,1.90367,2.20255,2.43557,2.59479,2.57939,2.41417,2.17622,1.87272,1.51581,1.12089,0.705576,0.288401,0.705576,1.12089,1.51581,1.87272,2.17622,2.41417,2.57939,2.60588,2.39308,2.15017,1.84198,1.48093,1.08272,0.665233,0.247201,0.665233,1.08272,1.48093,1.84198,2.15017,2.39308,2.60588,2.66882,2.40686,2.1244,1.81145,1.4462,1.04463,0.624909,0.206001,0.624909,1.04463,1.4462,1.81145,2.1244,2.40686,2.66882,2.76279,2.45959,2.13539,1.78707,1.41162,1.00661,0.584606,0.1648,0.584606,1.00661,1.41162,1.78707,2.13539,2.45959,2.76279,2.88252,2.54232,2.17974,1.79546,1.39083,0.972317,0.544511,0.1236,0.544511,0.972317,1.39083,1.79546,2.17974,2.54232,2.88252,3.02299,2.64972,2.2512,1.83138,1.39961,0.956181,0.513878,0.0824002,0.513878,0.956181,1.39961,1.83138,2.2512,2.64972,3.02299,3.18494,2.77678,2.34469,1.89072,1.42721,0.956593,0.491093,0.0412001,0.491093,0.956593,1.42721,1.89072,2.34469,2.77678,3.18494,3.36223,2.91974,2.45552,1.96668,1.46996,0.968574,0.474975,0,0.474975,0.968574,1.46996,1.96668,2.45552,2.91974,3.36223
13,2.7,2.57017,2.36577,2.09341,1.76354,1.38986,0.988458,0.576802,0.988458,1.38986,1.76354,2.09341,2.36577,2.57017,2.7,2.6817,2.54703,2.33798,2.06135,1.7278,1.35126,0.948,0.535601,0.948,1.35126,1.7278,2.06135,2.33798,2.54703,2.6817,2.6637,2.52417,2.31041,2.02945,1.69217,1.31272,0.907557,0.494401,0.907557,1.31272,1.69217,2.02945,2.31041,2.52417,2.6637,2.646,2.50159,2.28308,1.99772,1.65666,1.27423,0.867129,0.453201,0.867128,1.27423,1.65666,1.99772,2.28308,2.50159,2.646,2.62861,2.47929,2.25598,1.96618,1.62126,1.23581,0.826715,0.412001,0.826715,1.23581,1.62126,1.96618,2.25598,2.47929,2.62861,2.61154,2.45728,2.22914,1.93483,1.58598,1.19744,0.786318,0.370801,0.786318,1.19744,1.58598,1.93483,2.22914,2.45728,2.61154,2.59479,2.43557,2.20255,1.90367,1.55083,1.15913,0.745938,0.329601,0.745938,1.15913,1.55083,1.90367,2.20255,2.43557,2.59479,2.57939,2.41417,2.17622,1.87272,1.51581,1.12089,0.705576,0.288401,0.705576,1.12089,1.51581,1.87272,2.17622,2.41417,2.57939,2.60588,2.39308,2.15017,1.84198,1.48093,1.08272,0.665233,0.247201,0.665233,1.08272,1.48093,1.84198,2.15017,2.39308,2.60588,2.66882,2.40686,2.1244,1.81145,1.4462,1.04463,0.624909,0.206001,0.624909,1.04463,1.4462,1.81145,2.1244,2.40686,2.66882,2.76279,2.45959,2.13539,1.78707,1.41162,1.00661,0.584606,0.1648,0.584606,1.00661,1.41162,1.78707,2.13539,2.45959,2.76279,2.88252,2.54232,2.17974,1.79546,1.39083,0.972317,0.544511,0.1236,0.544511,0.972317,1.39083,1.79546,2.17974,2.54232,2.88252,3.02299,2.64972,2.2512,1.83138,1.39961,0.956181,0.513878,0.0824002,0.513878,0.956181,1.39961,1.83138,2.2512,2.64972,3.02299,3.18494,2.77678,2.34469,1.89072,1.42721,0.956593,0.491093,0.0412001,0.491093,0.956593,1.42721,1.89072,2.34469,2.77678,3.18494,3.36223,2.91974,2.45552,1.96668,1.46996,0.968574,0.474975,0,0.474975,0.968574,1.46996,1.96668,2.45552,2.91974,3.36223
14,2.7,2.57017,2.36577,2.09341,1.76354,1.38986,0.988458,0.576802,0.988458,1.38986,1.76354,2.09341,2.36577,2.57017,2.7,2.6817,2.54703,2.33798,2.06135,1.7278,1.35126,0.948,0.535601,0.948,1.35126,1.7278,2.06135,2.33798,2.54703,2.6817,2.6637,2.52417,2.31041,2.02945,1.69217,1.31272,0.907557,0.494401,0.907557,1.31272,1.69217,2.02945,2.31041,2.52417,2.6637,2.646,2.50159,2.28308,1.99772,1.65666,1.27423,0.867129,0.453201,0.867128,1.27423,1.65666,1.99772,2.28308,2.50159,2.646,2.62861,2.47929,2.25598,1.96618,1.62126,1.23581,0.826715,0.412001,0.826715,1.23581,1.62126,1.96618,2.25598,2.47929,2.62861,2.61154,2.45728,2.22914,1.93483,1.58598,1.19744,0.786318,0.370801,0.786318,1.19744,1.58598,1.93483,2.22914,2.45728,2.61154,2.59479,2.43557,2.20255,1.90367,1.55083,1.15913,0.745938,0.329601,0.745938,1.15913,1.55083,1.90367,2.20255,2.43557,2.59479,2.57939,2.41417,2.17622,1.87272,1.51581,1.12089,0.705576,0.288401,0.705576,1.12089,1.51581,1.87272,2.17622,2.41417,2.57939,2.60588,2.39308,2.15017,1.84198,1.48093,1.08272,0.665233,0.247201,0.665233,1.08272,1.48093,1.84198,2.15017,2.39308,2.60588,2.66882,2.40686,2.1244,1.81145,1.4462,1.04463,0.624909,0.206001,0.624909,1.04463,1.4462,1.81145,2.1244,2.40686,2.66882,2.76279,2.45959,2.13539,1.78707,1.41162,1.00661,0.584606,0.1648,0.584606,1.00661,1.41162,1.78707,2.13539,2.45959,2.76279,2.88252,2.54232,2.17974,1.79546,1.39083,0.972317,0.544511,0.1236,0.544511,0.972317,1.39083,1.79546,2.17974,2.54232,2.88252,3.02299,2.64972,2.2512,1.83138,1.39961,0.956181,0.513878,0.0824002,0.513878,0.956181,1.39961,1.83138,2.2512,2.64972,3.02299,3.18494,2.77678,2.34469,1.89072,1.42721,0.956593,0.491093,0.0412001,0.491093,0.956593,1.42721,1.89072,2.34469,2.77678,3.18494,3.36223,2.91974,2.45552,1.96668,1.46996,0.968574,0.474975,0,0.474975,0.968574,1.46996,1.96668,2.45552,2.91974,3.36223
15,2.7,2.57017,2.36577,2.09341,1.76354,1.38986,0.988458,0.576802,0.988458,1.38986,1.76354,2.09341,2.36577,2.57017,2.7,2.6817,2.54703,2.33798,2.06135,1.7278,1.35126,0.948,0.535601,0.948,1.35126,1.7278,2.06135,2.33798,2.54703,2.6817,2.6637,2.52417,2.31041,2.02945,1.69217,1.31272,0.907557,0.494401,0.907557,1.31272,1.69217,2.02945,2.31041,2.52417,2.6637,2.646,2.50159,2.28308,1.99772,1.65666,1.27423,0.867129,0.453201,0.867128,1.27423,1.65666,1.99772,2.28308,2.50159,2.646,2.62861,2.47929,2.25598,1.96618,1.62126,1.23581,0.826715,0.412001,0.826715,1.23581,1.62126,1.96618,2.25598,2.47929,2.62861,2.61154,2.45728,2.22914,1.93483,1.58598,1.19744,0.786318,0.370801,0.786318,1.19744,1.58598,1.93483,2.22914,2.45728,2.61154,2.59479,2.43557,2.20255,1.90367,1.55083,1.15913,0.745938,0.329601,0.745938,1.15913,1.55083,1.90367,2.20255,2.43557,2.59479,2.57939,2.41417,2.17622,1.87272,1.51581,1.12089,0.705576,0.288401,0.705576,1.12089,1.51581,1.87272,2.17622,2.41417,2.57939,2.60588,2.39308,2.15017,1.84198,1.48093,1.08272,0.665233,0.247201,0.665233,1.08272,1.48093,1.84198,2.15017,2.39308,2.60588,2.66882,2.40686,2.1244,1.81145,1.4462,1.04463,0.624909,0.206001,0.624909,1.04463,1.4462,1.81145,2.1244,2.40686,2.66882,2.76279,2.45959,2.13539,1.78707,1.41162,1.00661,0.584606,0.1648,0.584606,1.00661,1.41162,1.78707,2.13539,2.45959,2.76279,2.88252,2.54232,2.17974,1.79546,1.39083,0.972317,0.544511,0.1236,0.544511,0.972317,1.39083,1.79546,2.17974,2.54232,2.88252,3.02299,2.64972,2.2512,1.83138,1.39961,0.956181,0.513878,0.0824002,0.513878,0.956181,1.39961,1.83138,2.2512,2.64972,3.02299,3.18494,2.77678,2.34469,1.89072,1.42721,0.956593,0.491093,0.0412001,0.491093,0.956593,1.42721,1.89072,2.34469,2.77678,3.18494,3.36223,2.91974,2.45552,1.96668,1.46996,0.968574,0.474975,0,0.474975,0.968574,1.46996,1.96668,2.45552,2.91974,3.36223
16,2.7,2.57017,2.36577,2.09341,1.76354,1.38986,0.988458,0.576802,0.988458,1.38986,1.76354,2.09341,2.36577,2.57017,2.7,2.6817,2.54703,2.33798,2.06135,1.7278,1.35126,0.948,0.535601,0.948,1.35126,1.7278,2.06135,2.33798,2.54703,2.6817,2.6637,2.52417,2.31041,2.02945,1.69217,1.31272,0.907557,0.494401,0.907557,1.31272,1.69217,2.02945,2.31041,2.52417,2.6637,2.646,2.50159,2.28308,1.99772,1.65666,1.27423,0.867129,0.453201,0.867128,1.27423,1.65666,1.99772,2.28308,2.50159,2.646,2.62861,2.47929,2.25598,1.96618,1.62126,1.23581,0.826715,0.412001,0.826715,1.23581,1.62126,1.96618,2.25598,2.47929,2.62861,2.61154,2.45728,2.22914,1.93483,1.58598,1.19744,0.786318,0.370801,0.786318,1.19744,1.58598,1.93483,2.22914,2.45728,2.61154,2.59479,2.43557,2.20255,1.90367,1.55083,1.15913,0.745938,0.329601,0.745938,1.15913,1.55083,1.90367,2.20255,2.43557,2.59479,2.57939,2.41417,2.17622,1.87272,1.51581,1.12089,0.705576,0.288401,0.705576,1.12089,1.51581,1.87272,2.17622,2.41417,2.57939,2.60588,2.39308,2.15017,1.84198,1.48093,1.08272,0.665233,0.247201,0.665233,1.08272,1.48093,1.84198,2.15017,2.39308,2.60588,2.66882,2.40686,2.1244,1.81145,1.4462,1.04463,0.624909,0.206001,0.624909,1.04463,1.4462,1.81145,2.1244,2.40686,2.66882,2.76279,2.45959,2.13539,1.78707,1.41162,1.00661,0.584606,0.1648,0.584606,1.00661,1.41162,1.78707,2.13539,2.45959,2.76279,2.88252,2.54232,2.17974,1.79546,1.39083,0.972317,0.544511,0.1236,0.544511,0.972317,1.39083,1.79546,2.17974,2.54232,2.88252,3.02299,2.64972,2.2512,1.83138,1.39961,0.956181,0.513878,0.0824002,0.513878,0.956181,1.39961,1.83138,2.2512,2.64972,3.02299,3.18494,2.77678,2.34469,1.89072,1.42721,0.956593,0.491093,0.0412001,0.491093,0.956593,1.42721,1.89072,2.34469,2.77678,3.18494,3.36223,2.91974,2.45552,1.96668,1.46996,0.968574,0.474975,0,0.474975,0.968574,1.46996,1.96668,2.45552,2.91974,3.36223
17,2.7,2.57017,2.36577,2.09341,1.76354,1.38986,0.988458,0.576802,0.988458,1.38986,1.76354,2.09341,2.36577,2.57017,2.7,2.6817,2.54703,2.33798,2.06135,1.7278,1.35126,0.948,0.535601,0.948,1.35126,1.7278,2.06135,2.33798,2.54703,2.6817,2.6637,2.52417,2.31041,2.02945,1.69217,1.31272,0.907557,0.494401,0.907557,1.31272,1.69217,2.02945,2.31041,2.52417,2.6637,2.646,2.50159,2.28308,1.99772,1.65666,1.27423,0.867129,0.453201,0.867128,1.27423,1.65666,1.99772,2.28308,2.50159,2.646,2.62861,2.47929,2.25598,1.96618,1.62126,1.23581,0.826715,0.412001,0.826715,1.23581,1.62126,1.96618,2.25598,2.47929,2.62861,2.61154,2.45728,2.22914,1.93483,1.58598,1.19744,0.786318,0.370801,0.786318,1.19744,1.58598,1.93483,2.22914,2.45728,2.61154,2.59479,2.43557,2.20255,1.90367,1.55083,1.15913,0.745938,0.329601,0.745938,1.15913,1.55083,1.90367,2.20255,2.43557,2.59479,2.57939,2.41417,2.17622,1.87272,1.51581,1.12089,0.705576,0.288401,0.705576,1.12089,1.51581,1.87272,2.17622,2.41417,2.57939,2.60588,2.39308,2.15017,1.84198,1.48093,1.08272,0.665233,0.247201,0.665233,1.08272,1.48093,1.84198,2.15017,2.39308,2.60588,2.66882,2.40686,2.1244,1.81145,1.4462,1.04463,0.624909,0.206001,0.624909,1.04463,1.4462,1.81145,2.1244,2.40686,2.66882,2.76279,2.45959,2.13539,1.78707,1.41162,1.00661,0.584606,0.1648,0.584606,1.00661,1.41162,1.78707,2.13539,2.45959,2.76279,2.88252,2.54232,2.17974,1.79546,1.39083,0.972317,0.544511,0.1236,0.544511,0.972317,1.39083,1.79546,2.17974,2.54232,2.88252,3.02299,2.64972,2.2512,1.83138,1.39961,0.956181,0.513878,0.0824002,0.513878,0.956181,1.39961,1.83138,2.2512,2.64972,3.02299,3.18494,2.77678,2.34469,1.89072,1.42721,0.956593,0.491093,0.0412001,0.491093,0.956593,1.42721,1.89072,2.34469,2.77678,3.18494,3.36223,2.91974,2.45552,1.96668,1.46996,0.968574,0.474975,0,0.474975,0.968574,1.46996,1.96668,2.45552,2.91974,3.36223
18,2.7,2.57017,2.36577,2.09341,1.76354,1.38986,0.988458,0.576802,0.988458,1.38986,1.76354,2.09341,2.36577,2.57017,2.7,2.6817,2.54703,2.33798,2.06135,1.7278,1.35126,0.948,0.535601,0.948,1.35126,1.7278,2.06135,2.33798,2.54703,2.6817,2.6637,2.52417,2.31041,2.02945,1.69217,1.31272,0.907557,0.494401,0.907557,1.31272,1.69217,2.02945,2.31041,2.52417,2.6637,2.646,2.50159,2.28308,1.99772,1.65666,1.27423,0.867129,0.453201,0.867128,1.27423,1.65666,1.99772,2.28308,2.50159,2.646,2.62861,2.47929,2.25598,1.96618,1.62126,1.23581,0.826715,0.412001,0.826715,1.23581,1.62126,1.96618,2.25598,2.47929,2.62861,2.61154,2.45728,2.22914,1.93483,1.58598,1.19744,0.786318,0.370801,0.786318,1.19744,1.58598,1.93483,2.22914,2.45728,2.61154,2.59479,2.43557,2.20255,1.90367,1.55083,1.15913,0.745938,0.329601,0.745938,1.15913,1.55083,1.90367,2.20255,2.43557,2.59479,2.57939,2.41417,2.17622,1.87272,1.51581,1.12089,0.705576,0.288401,0.705576,1.12089,1.51581,1.87272,2.17622,2.41417,2.57939,2.60588,2.39308,2.15017,1.84198,1.48093,1.08272,0.665233,0.247201,0.665233,1.08272,1.48093,1.84198,2.15017,2.39308,2.60588,2.66882,2.40686,2.1244,1.81145,1.4462,1.04463,0.624909,0.206001,0.624909,1.04463,1.4462,1.81145,2.1244,2.40686,2.66882,2.76279,2.45959,2.13539,1.78707,1.41162,1.00661,0.584606,0.1648,0.584606,1.00661,1.41162,1.78707,2.13539,2.45959,2.76279,2.88252,2.54232,2.17974,1.79546,1.39083,0.972317,0.544511,0.1236,0.544511,0.972317,1.39083,1.79546,2.17974,2.54232,2.88252,3.02299,2.64972,2.2512,1.83138,1.39961,0.956181,0.513878,0.0824002,0.513878,0.956181,1.39961,1.83138,2.2512,2.64972,3.02299,3.18494,2.77678,2.34469,1.89072,1.42721,0.956593,0.491093,0.0412001,0.491093,0.956593,1.42721,1.89072,2.34469,2.77678,3.18494,3.36223,2.91974,2.45552,1.96668,1.46996,0.968574,0.474975,0,0.474975,0.968574,1.46996,1.96668,2.45552,2.91974,3.36223
19,2.7,2.57017,2.36577,2.09341,1.76354,1.38986,0.988458,0.576802,0.988458,1.38986,1.76354,2.09341,2.36577,2.57017,2.7,2.6817,2.54703,2.33798,2.06135,1.7278,1.35126,0.948,0.535601,0.948,1.35126,1.7278,2.06135,2.33798,2.54703,2.6817,2.6637,2.52417,2.31041,2.02945,1.69217,1.31272,0.907557,0.494401,0.907557,1.31272,1.69217,2.02945,2.31041,2.52417,2.6637,2.646,2.50159,2.28308,1.99772,1.65666,1.27423,0.867129,0.453201,0.867128,1.27423,1.65666,1.99772,2.28308,2.50159,2.646,2.62861,2.47929,2.25598,1.96618,1.62126,1.23581,0.826715,0.412001,0.826715,1.23581,1.62126,1.96618,2.25598,2.47929,2.62861,2.61154,2.45728,2.22914,1.93483,1.58598,1.19744,0.786318,0.370801,0.786318,1.19744,1.58598,1.93483,2.22914,2.45728,2.61154,2.59479,2.43557,2.20255,1.90367,1.55083,1.15913,0.745938,0.329601,0.745938,1.15913,1.55083,1.90367,2.20255,2.43557,2.59479,2.57939,2.41417,2.17622,1.87272,1.51581,1.12089,0.705576,0.288401,0.705576,1.12089,1.51581,1.87272,2.17622,2.41417,2.57939,2.60588,2.39308,2.15017,1.84198,1.48093,1.08272,0.665233,0.247201,0.665233,1.08272,1.48093,1.84198,2.15017,2.39308,2.60588,2.66882,2.40686,2.1244,1.81145,1.4462,1.04463,0.624909,0.206001,0.624909,1.04463,1.4462,1.81145,2.1244,2.40686,2.66882,2.76279,2.45959,2.13539,1.78707,1.41162,1.00661,0.584606,0.1648,0.584606,1.00661,1.41162,1.78707,2.13539,2.45959,2.76279,2.88252,2.54232,2.17974,1.79546,1.39083,0.972317,0.544511,0.1236,0.544511,0.972317,1.39083,1.79546,2.17974,2.54232,2.88252,3.02299,2.64972,2.2512,1.83138,1.39961,0.956181,0.513878,0.0824002,0.513878,0.956181,1.39961,1.83138,2.2512,2.64972,3.02299,3.18494,2.77678,2.34469,1.89072,1.42721,0.956593,0.491093,0.0412001,0.491093,0.956593,1.42721,1.89072,2.34469,2.77678,3.18494,3.36223,2.91974,2.45552,1.96668,1.46996,0.968574,0.474975,0,0.474975,0.968574,1.46996,1.96668,2.45552,2.91974,3.36223
20,2.7,2.57017,2.36577,2.09341,1.76354,1.38986,0.988458,0.576802,0.988458,1.38986,1.76354,2.09341,2.36577,2.57017,2.7,2.6817,2.54703,2.33798,2.06135,1.7278,1.35126,0.948,0.535601,0.948,1.35126,1.7278,2.06135,2.33798,2.54703,2.6817,2.6637,2.52417,2.31041,2.02945,1.69217,1.31272,0.907557,0.494401,0.907557,1.31272,1.69217,2.02945,2.31041,2.52417,2.6637,2.646,2.50159,2.28308,1.99772,1.65666,1.27423,0.867129,0.453201,0.867128,1.27423,1.65666,1.99772,2.28308,2.50159,2.646,2.62861,2.47929,2.25598,1.96618,1.62126,1.23581,0.826715,0.412001,0.826715,1.23581,1.62126,1.96618,2.25598,2.47929,2.62861,2.61154,2.45728,2.22914,1.93483,1.58598,1.19744,0.786318,0.370801,0.786318,1.19744,1.58598,1.93483,2.22914,2.45728,2.61154,2.59479,2.43557,2.20255,1.90367,1.55083,1.15913,0.745938,0.329601,0.745938,1.15913,1.55083,1.90367,2.20255,2.43557,2.59479,2.57939,2.41417,2.17622,1.87272,1.51581,1.12089,0.705576,0.288401,0.705576,1.12089,1.51581,1.87272,2.17622,2.41417,2.57939,2.60588,2.39308,2.15017,1.84198,1.48093,1.08272,0.665233,0.247201,0.665233,1.08272,1.48093,1.84198,2.15017,2.39308,2.60588,2.66882,2.40686,2.1244,1.81145,1.4462,1.04463,0.624909,0.206001,0.624909,1.04463,1.4462,1.81145,2.1244,2.40686,2.66882,2.76279,2.45959,2.13539,1.78707,1.41162,1.00661,0.584606,0.1648,0.584606,1.00661,1.41162,1.78707,2.13539,2.45959,2.76279,2.88252,2.54232,2.17974,1.79546,1.39083,0.972317,0.544511,0.1236,0.544511,0.972317,1.39083,1.79546,2.17974,2.54232,2.88252,3.02299,2.64972,2.2512,1.83138,1.39961,0.956181,0.513878,0.0824002,0.513878,0.956181,1.39961,1.83138,2.2512,2.64972,3.02299,3.18494,2.77678,2.34469,1.89072,1.42721,0.956593,0.491093,0.0412001,0.491093,0.956593,1.42721,1.89072,2.34469,2.77678,3.18494,3.36223,2.91974,2.45552,1.96668,1.46996,0.968574,0.474975,0,0.474975,0.968574,1.46996,1.96668,2.45552,2.91974,3.36223
21,2.7,2.57017,2.36577,2.09341,1.76354,1.38986,0.988458,0.576802,0.988458,1.38986,1.76354,2.09341,2.36577,2.57017,2.7,2.6817,2.54703,2.33798,2.06135,1.7278,1.35126,0.948,0.535601,0.948,1.35126,1.7278,2.06135,2.33798,2.54703,2.6817,2.6637,2.52417,2.31041,2.02945,1.69217,1.31272,0.907557,0.494401,0.907557,1.31272,1.69217,2.02945,2.31041,2.52417,2.6637,2.646,2.50159,2.28308,1.99772,1.65666,1.27423,0.867129,0.453201,0.867128,1.27423,1.65666,1.99772,2.28308,2.50159,2.646,2.62861,2.47929,2.25598,1.96618,1.62126,1.23581,0.826715,0.412001,0.826715,1.23581,1.62126,1.96618,2.25598,2.47929,2.62861,2.61154,2.45728,2.22914,1.93483,1.58598,1.19744,0.786318,0.370801,0.786318,1.19744,1.58598,1.93483,2.22914,2.45728,2.61154,2.59479,2.43557,2.20255,1.90367,1.55083,1.15913,0.745938,0.329601,0.745938,1.15913,1.55083,1.90367,2.20255,2.43557,2.59479,2.57939,2.41417,2.17622,1.87272,1.51581,1.12089,0.705576,0.288401,0.705576,1.12089,1.51581,1.87272,2.17622,2.41417,2.57939,2.60588,2.39308,2.15017,1.84198,1.48093,1.08272,0.665233,0.247201,0.665233,1.08272,1.48093,1.84198,2.15017,2.39308,2.60588,2.66882,2.40686,2.1244,1.81145,1.4462,1.04463,0.624909,0.206001,0.624909,1.04463,1.4462,1.81145,2.1244,2.40686,2.66882,2.76279,2.45959,2.13539,1.78707,1.41162,1.00661,0.584606,0.1648,0.584606,1.00661,1.41162,1.78707,2.13539,2.45959,2.76279,2.88252,2.54232,2.17974,1.79546,1.39083,0.972317,0.544511,0.1236,0.544511,0.972317,1.39083,1.79546,2.17974,2.54232,2.88252,3.02299,2.64972,2.2512,1.83138,1.39961,0.956181,0.513878,0.0824002,0.513878,0.956181,1.39961,1.83138,2.2512,2.64972,3.02299,3.18494,2.77678,2.34469,1.89072,1.42721,0.956593,0.491093,0.0412001,0.491093,0.956593,1.42721,1.89072,2.34469,2.77678,3.18494,3.36223,2.91974,2.45552,1.96668,1.46996,0.968574,0.474975,0,0.474975,0.968574,1.46996,1.96668,2.45552,2.91974,3.36223
22,2.7,2.57017,2.36577,2.09341,1.76354,1.38986,0.988458,0.576802,0.988458,1.38986,1.76354,2.09341,2.36577,2.57017,2.7,2.6817,2.54703,2.33798,2.06135,1.7278,1.35126,0.948,0.535601,0.948,1.35126,1.7278,2.06135,2.33798,2.54703,2.6817,2.6637,2.52417,2.31041,2.02945,1.69217,1.31272,0.907557,0.494401,0.907557,1.31272,1.69217,2.02945,2.31041,2.52417,2.6637,2.646,2.50159,2.28308,1.99772,1.65666,1.27423,0.867129,0.453201,0.867128,1.27423,1.65666,1.99772,2.28308,2.50159,2.646,2.62861,2.47929,2.25598,1.96618,1.62126,1.23581,0.826715,0.412001,0.826715,1.23581,1.62126,1.96618,2.25598,2.47929,2.62861,2.61154,2.45728,2.22914,1.93483,1.58598,1.19744,0.786318,0.370801,0.786318,1.19744,1.58598,1.93483,2.22914,2.45728,2.61154,2.59479,2.43557,2.20255,1.90367,1.55083,1.15913,0.745938,0.329601,0.745938,1.15913,1.55083,1.90367,2.20255,2.43557,2.59479,2.57939,2.41417,2.17622,1.87272,1.51581,1.12089,0.705576,0.288401,0.705576,1.12089,1.51581,1.87272,2.17622,2.41417,2.57939,2.60588,2.39308,2.15017,1.84198,1.48093,1.08272,0.665233,0.247201,0.665233,1.08272,1.48093,1.84198,2.15017,2.39308,2.60588,2.66882,2.40686,2.1244,1.81145,1.4462,1.04463,0.624909,0.206001,0.624909,1.04463,1.4462,1.81145,2.1244,2.40686,2.66882,2.76279,2.45959,2.13539,1.78707,1.41162,1.00661,0.584606,0.1648,0.584606,1.00661,1.41162,1.78707,2.13539,2.45959,2.76279,2.88252,2.54232,2.17974,1.79546,1.39083,0.972317,0.544511,0.1236,0.544511,0.972317,1.39083,1.79546,2.17974,2.54232,2.88252,3.02299,2.64972,2.2512,1.83138,1.39961,0.956181,0.513878,0.0824002,0.513878,0.956181,1.39961,1.83138,2.2512,2.64972,3.02299,3.18494,2.77678,2.34469,1.89072,1.42721,0.956593,0.491093,0.0412001,0.491093,0.956593,1.42721,1.89072,2.34469,2.77678,3.18494,3.36223,2.91974,2.45552,1.96668,1.46996,0.968574,0.474975,0,0.474975,0.968574,1.46996,1.96668,2.45552,2.91974,3.36223
23,2.7,2.57017,2.36577,2.09341,1.76354,1.38986,0.988458,0.576802,0.988458,1.38986,1.76354,2.09341,2.36577,2.57017,2.7,2.6817,2.54703,2.33798,2.06135,1.7278,1.35126,0.948,0.535601,0.948,1.35126,1.7278,2.06135,2.33798,2.54703,2.6817,2.6637,2.52417,2.31041,2.02945,1.69217,1.31272,0.907557,0.494401,0.907557,1.31272,1.69217,2.02945,2.31041,2.52417,2.6637,2.646,2.50159,2.28308,1.99772,1.65666,1.27423,0.867129,0.453201,0.867128,1.27423,1.65666,1.99772,2.28308,2.50159,2.646,2.62861,2.47929,2.25598,1.96618,1.62126,1.23581,0.826715,0.412001,0.826715,1.23581,1.62126,1.96618,2.25598,2.47929,2.62861,2.61154,2.45728,2.22914,1.93483,1.58598,1.19744,0.786318,0.370801,0.786318,1.19744,1.58598,1.93483,2.22914,2.45728,2.61154,2.59479,2.43557,2.20255,1.90367,1.55083,1.15913,0.745938,0.329601,0.745938,1.15913,1.55083,1.90367,2.20255,2.43557,2.59479,2.57939,2.41417,2.17622,1.87272,1.51581,1.12089,0.705576,0.288401,0.705576,1.12089,1.51581,1.87272,2.17622,2.41417,2.57939,2.60588,2.39308,2.15017,1.84198,1.48093,1.08272,0.665233,0.247201,0.665233,1.08272,1.48093,1.84198,2.15017,2.39308,2.60588,2.66882,2.40686,2.1244,1.81145,1.4462,1.04463,0.624909,0.206001,0.624909,1.04463,1.4462,1.81145,2.1244,2.40686,2.66882,2.76279,2.45959,2.13539,1.78707,1.41162,1.00661,0.584606,0.1648,0.584606,1.00661,1.41162,1.78707,2.13539,2.45959,2.76279,2.88252,2.54232,2.17974,1.79546,1.39083,0.972317,0.544511,0.1236,0.544511,0.972317,1.39083,1.79546,2.17974,2.54232,2.88252,3.02299,2.64972,2.2512,1.83138,1.39961,0.956181,0.513878,0.0824002,0.513878,0.956181,1.39961,1.83138,2.2512,2.64972,3.02299,3.18494,2.77678,2.34469,1.89072,1.42721,0.956593,0.491093,0.0412001,0.491093,0.956593,1.42721,1.89072,2.34469,2.77678,3.18494,3.36223,2.91974,2.45552,1.96668,1.46996,0.968574,0.474975,0,0.474975,0.968574,1.46996,1.96668,2.45552,2.91974,3.36223
24,2.7,2.57017,2.36577,2.09341,1.76354,1.38986,0.988458,0.576802,0.988458,1.38986,1.76354,2.09341,2.36577,2.57017,2.7,2.6817,2.54703,2.33798,2.06135,1.7278,1.35126,0.948,0.535601,0.948,1.35126,1.7278,2.06135,2.33798,2.54703,2.6817,2.6637,2.52417,2.31041,2.02945,1.69217,1.31272,0.907557,0.494401,0.907557,1.31272,1.69217,2.02945,2.31041,2.52417,2.6637,2.646,2.50159,2.28308,1.99772,1.65666,1.27423,0.867129,0.453201,0.867128,1.27423,1.65666,1.99772,2.28308,2.50159,2.646,2.62861,2.47929,2.25598,1.96618,1.62126,1.23581,0.826715,0.412001,0.826715,1.23581,1.62126,1.96618,2.25598,2.47929,2.62861,2.61154,2.45728,2.22914,1.93483,1.58598,1.19744,0.786318,0.370801,0.786318,1.19744,1.58598,1.93483,2.22914,2.45728,2.61154,2.59479,2.43557,2.20255,1.90367,1.55083,1.15913,0.745938,0.329601,0.745938,1.15913,1.55083,1.90367,2.20255,2.43557,2.59479,2.57939,2.41417,2.17622,1.87272,1.51581,1.12089,0.705576,0.288401,0.705576,1.12089,1.51581,1.87272,2.17622,2.41417,2.57939,2.60588,2.39308,2.15017,1.84198,1.48093,1.08272,0.665233,0.247201,0.665233,1.08272,1.48093,1.84198,2.15017,2.39308,2.60588,2.66882,2.40686,2.1244,1.81145,1.4462,1.04463,0.624909,0.206001,0.624909,1.04463,1.4462,1.81145,2.1244,2.40686,2.66882,2.76279,2.45959,2.13539,1.78707,1.41162,1.00661,0.584606,0.1648,0.584606,1.00661,1.41162,1.78707,2.13539,2.45959,2.76279,2.88252,2.54232,2.17974,1.79546,1.39083,0.972317,0.544511,0.1236,0.544511,0.972317,1.39083,1.79546,2.17974,2.54232,2.88252,3.02299,2.64972,2.2512,1.83138,1.39961,0.956181,0.513878,0.0824002,0.513878,0.956181,1.39961,1.83138,2.2512,2.64972,3.02299,3.18494,2.77678,2.34469,1.89072,1.42721,0.956593,0.491093,0.0412001,0.491093,0.956593,1.42721,1.89072,2.34469,2.77678,3.18494,3.36223,2.91974,2.45552,1.96668,1.46996,0.968574,0.474975,0,0.474975,0.968574,1.46996,1.96668,2.45552,2.91974,3.36223
25,2.7,2.57017,2.36577,2.09341,1.76354,1.38986,0.988458,0.576802,0.988458,1.38986,1.76354,2.09341,2.36577,2.57017,2.7,2.6817,2.54703,2.33798,2.06135,1.7278,1.35126,0.948,0.535601,0.948,1.35126,1.7278,2.06135,2.33798,2.54703,2.6817,2.6637,2.52417,2.31041,2.02945,1.69217,1.31272,0.907557,0.494401,0.907557,1.31272,1.69217,2.02945,2.31041,2.52417,2.6637,2.646,2.50159,2.28308,1.99772,1.65666,1.27423,0.867129,0.453201,0.867128,1.27423,1.65666,1.99772,2.28308,2.50159,2.646,2.62861,2.47929,2.25598,1.96618,1.62126,1.23581,0.826715,0.412001,0.826715,1.23581,1.62126,1.96618,2.25598,2.47929,2.62861,2.61154,2.45728,2.22914,1.93483,1.58598,1.19744,0.786318,0.370801,0.786318,1.19744,1.58598,1.93483,2.22914,2.45728,2.61154,2.59479,2.43557,2.20255,1.90367,1.55083,1.15913,0.745938,0.329601,0.745938,1.15913,1.55083,1.90367,2.20255,2.43557,2.59479,2.57939,2.41417,2.17622,1.87272,1.51581,1.12089,0.705576,0.288401,0.705576,1.12089,1.51581,1.87272,2.17622,2.41417,2.57939,2.60588,2.39308,2.15017,1.84198,1.48093,1.08272,0.665233,0.247201,0.665233,1.08272,1.48093,1.84198,2.15017,2.39308,2.60588,2.66882,2.40686,2.1244,1.81145,1.4462,1.04463,0.624909,0.206001,0.624909,1.04463,1.4462,1.81145,2.1244,2.40686,2.66882,2.76279,2.45959,2.13539,1.78707,1.41162,1.00661,0.584606,0.1648,0.584606,1.00661,1.41162,1.78707,2.13539,2.45959,2.76279,2.88252,2.54232,2.17974,1.79546,1.39083,0.972317,0.544511,0.1236,0.544511,0.972317,1.39083,1.79546,2.17974,2.54232,2.88252,3.02299,2.64972,2.2512,1.83138,1.39961,0.956181,0.513878,0.0824002,0.513878,0.956181,1.39961,1.83138,2.2512,2.64972,3.02299,3.18494,2.77678,2.34469,1.89072,1.42721,0.956593,0.491093,0.0412001,0.491093,0.956593,1.42721,1.89072,2.34469,2.77678,3.18494,3.36223,2.91974,2.45552,1.96668,1.46996,0.968574,0.474975,0,0.474975,0.968574,1.46996,1.96668,2.45552,2.91974,3.36223
26,2.7,2.57017,2.36577,2.09341,1.76354,1.38986,0.988458,0.576802,0.988458,1.38986,1.76354,2.09341,2.36577,2.57017,2.7,2.6817,2.54703,2.33798,2.06135,1.7278,1.35126,0.948,0.535601,0.948,1.35126,1.7278,2.06135,2.33798,2.54703,2.6817,2.6637,2.52417,2.31041,2.02945,1.69217,1.31272,0.907557,0.494401,0.907557,1.31272,1.69217,2.02945,2.31041,2.52417,2.6637,2.646,2.50159,2.28308,1.99772,1.65666,1.27423,0.867129,0.453201,0.867128,1.27423,1.65666,1.99772,2.28308,2.50159,2.646,2.62861,2.47929,2.25598,1.96618,1.62126,1.23581,0.826715,0.412001,0.826715,1.23581,1.62126,1.96618,2.25598,2.47929,2.62861,2.61154,2.45728,2.22914,1.93483,1.58598,1.19744,0.786318,0.370801,0.786318,1.19744,1.58598,1.93483,2.22914,2.45728,2.61154,2.59479,2.43557,2.20255,1.90367,1.55083,1.15913,0.745938,0.329601,0.745938,1.15913,1.55083,1.90367,2.20255,2.43557,2.59479,2.57939,2.41417,2.17622,1.87272,1.51581,1.12089,0.705576,0.288401,0.705576,1.12089,1.51581,1.87272,2.17622,2.41417,2.57939,2.60588,2.39308,2.15017,1.84198,1.48093,1.08272,0.665233,0.247201,0.665233,1.08272,1.48093,1.84198,2.15017,2.39308,2.60588,2.66882,2.40686,2.1244,1.81145,1.4462,1.04463,0.624909,0.206001,0.624909,1.04463,1.4462,1.81145,2.1244,2.40686,2.66882,2.76279,2.45959,2.13539,1.78707,1.41162,1.00661,0.584606,0.1648,0.584606,1.00661,1.41162,1.78707,2.13539,2.45959,2.76279,2.88252,2.54232,2.17974,1.79546,1.39083,0.972317,0.544511,0.1236,0.544511,0.972317,1.39083,1.79546,2.17974,2.54232,2.88252,3.02299,2.64972,2.2512,1.83138,1.39961,0.956181,0.513878,0.0824002,0.513878,0.956181,1.39961,1.83138,2.2512,2.64972,3.02299,3.18494,2.77678,2.34469,1.89072,1.42721,0.956593,0.491093,0.0412001,0.491093,0.956593,1.42721,1.89072,2.34469,2.77678,3.18494,3.36223,2.91974,2.45552,1.96668,1.46996,0.968574,0.474975,0,0.474975,0.968574,1.46996,1.96668,2.45552,2.91974,3.36223
27,2.7,2.57017,2.36577,2.09341,1.76354,1.38986,0.988458,0.576802,0.988458,1.38986,1.76354,2.09341,2.36577,2.57017,2.7,2.6817,2.54703,2.33798,2.06135,1.7278,1.35126,0.948,0.535601,0.948,1.35126,1.7278,2.06135,2.33798,2.54703,2.6817,2.6637,2.52417,2.31041,2.02945,1.69217,1.31272,0.907557,0.494401,0.907557,1.31272,1.69217,2.02945,2.31041,2.52417,2.6637,2.646,2.50159,2.28308,1.99772,1.65666,1.27423,0.867129,0.453201,0.867128,1.27423,1.65666,1.99772,2.28308,2.50159,2.646,2.62861,2.47929,2.25598,1.96618,1.62126,1.23581,0.826715,0.412001,0.826715,1.23581,1.62126,1.96618,2.25598,2.47929,2.62861,2.61154,2.45728,2.22914,1.93483,1.58598,1.19744,0.786318,0.370801,0.786318,1.19744,1.58598,1.93483,2.22914,2.45728,2.61154,2.59479,2.43557,2.20255,1.90367,1.55083,1.15913,0.745938,0.329601,0.745938,1.15913,1.55083,1.90367,2.20255,2.43557,2.59479,2.57939,2.41417,2.17622,1.87272,1.51581,1.12089,0.705576,0.288401,0.705576,1.12089,1.51581,1.87272,2.17622,2.41417,2.57939,2.60588,2.39308,2.15017,1.84198,1.48093,1.08272,0.665233,0.247201,0.665233,1.08272,1.48093,1.84198,2.15017,2.39308,2.60588,2.66882,2.40686,2.1244,1.81145,1.4462,1.04463,0.624909,0.206001,0.624909,1.04463,1.4462,1.81145,2.1244,2.40686,2.66882,2.76279,2.45959,2.13539,1.78707,1.41162,1.00661,0.584606,0.1648,0.584606,1.00661,1.41162,1.78707,2.13539,2.45959,2.76279,2.88252,2.54232,2.17974,1.79546,1.39083,0.972317,0.544511,0.1236,0.544511,0.972317,1.39083,1.79546,2.17974,2.54232,2.88252,3.02299,2.64972,2.2512,1.83138,1.39961,0.956181,0.513878,0.0824002,0.513878,0.956181,1.39961,1.83138,2.2512,2.64972,3.02299,3.18494,2.77678,2.34469,1.89072,1.42721,0.956593,0.491093,0.0412001,0.491093,0.956593,1.42721,1.89072,2.34469,2.77678,3.18494,3.36223,2.91974,2.45552,1.96668,1.46996,0.968574,0.474975,0,0.474975,0.968574,1.46996,1.96668,2.45552,2.91974,3.36223
28,2.7,2.57017,2.36577,2.09341,1.76354,1.38986,0.988458,0.576802,0.988458,1.38986,1.76354,2.09341,2.36577,2.57017,2.7,2.6817,2.54703,2.33798,2.06135,1.7278,1.35126,0.948,0.535601,0.948,1.35126,1.7278,2.06135,2.33798,2.54703,2.6817,2.6637,2.52417,2.31041,2.02945,1.69217,1.31272,0.907557,0.494401,0.907557,1.31272,1.69217,2.02945,2.31041,2.52417,2.6637,2.646,2.50159,2.28308,1.99772,1.65666,1.27423,0.867129,0.453201,0.867128,1.27423,1.65666,1.99772,2.28308,2.50159,2.646,2.62861,2.47929,2.25598,1.96618,1.62126,1.23581,0.826715,0.412001,0.826715,1.23581,1.62126,1.96618,2.25598,2.47929,2.62861,2.61154,2.45728,2.22914,1.93483,1.58598,1.19744,0.786318,0.370801,0.786318,1.19744,1.58598,1.93483,2.22914,2.45728,2.61154,2.59479,2.43557,2.20255,1.90367,1.55083,1.15913,0.745938,0.329601,0.745938,1.15913,1.55083,1.90367,2.20255,2.43557,2.59479,2.57939,2.41417,2.17622,1.87272,1.51581,1.12089,0.705576,0.288401,0.705576,1.12089,1.51581,1.87272,2.17622,2.41417,2.57939,2.60588,2.39308,2.15017,1.84198,1.48093,1.08272,0.665233,0.247201,0.665233,1.08272,1.48093,1.84198,2.15017,2.39308,2.60588,2.66882,2.40686,2.1244,1.81145,1.4462,1.04463,0.624909,0.206001,0.624909,1.04463,1.4462,1.81145,2.1244,2.40686,2.66882,2.76279,2.45959,2.13539,1.78707,1.41162,1.00661,0.584606,0.1648,0.584606,1.00661,1.41162,1.78707,2.13539,2.45959,2.76279,2.88252,2.54232,2.17974,1.79546,1.39083,0.972317,0.544511,0.1236,0.544511,0.972317,1.39083,1.79546,2.17974,2.54232,2.88252,3.02299,2.64972,2.2512,1.83138,1.39961,0.956181,0.513878,0.0824002,0.513878,0.956181,1.39961,1.83138,2.2512,2.64972,3.02299,3.18494,2.77678,2.34469,1.89072,1.42721,0.956593,0.491093,0.0412001,0.491093,0.956593,1.42721,1.89072,2.34469,2.77678,3.18494,3.36223,2.91974,2.45552,1.96668,1.46996,0.968574,0.474975,0,0.474975,0.968574,1.46996,1.96668,2.45552,2.91974,3.36223
29,2.7,2.57017,2.36577,2.09341,1.76354,1.38986,0.988458,0.576802,0.988458,1.38986,1.76354,2.09341,2.36577,2.57017,2.7,2.6817,2.54703,2.33798,2.06135,1.7278,1.35126,0.948,0.535601,0.948,1.35126,1.7278,2.06135,2.33798,2.54703,2.6817,2.6637,2.52417,2.31041,2.02945,1.69217,1.31272,0.907557,0.494401,0.907557,1.31272,1.69217,2.02945,2.31041,2.52417,2.6637,2.646,2.50159,2.28308,1.99772,1.65666,1.27423,0.867129,0.453201,0.867128,1.27423,1.65666,1.99772,2.28308,2.50159,2.646,2.62861,2.47929,2.25598,1.96618,1.62126,1.23581,0.826715,0.412001,0.826715,1.23581,1.62126,1.96618,2.25598,2.47929,2.62861,2.61154,2.45728,2.22914,1.93483,1.58598,1.19744,0.786318,0.370801,0.786318,1.19744,1.58598,1.93483,2.22914,2.45728,2.61154,2.59479,2.43557,2.20255,1.90367,1.55083,1.15913,0.745938,0.329601,0.745938,1.15913,1.55083,1.90367,2.20255,2.43557,2.59479,2.57939,2.41417,2.17622,1.87272,1.51581,1.12089,0.705576,0.288401,0.705576,1.12089,1.51581,1.87272,2.17622,2.41417,2.57939,2.60588,2.39308,2.15017,1.84198,1.48093,1.08272,0.665233,0.247201,0.665233,1.08272,1.48093,1.84198,2.15017,2.39308,2.60588,2.66882,2.40686,2.1244,1.81145,1.4462,1.04463,0.624909,0.206001,0.624909,1.04463,1.4462,1.81145,2.1244,2.40686,2.66882,2.76279,2.45959,2.13539,1.78707,1.41162,1.00661,0.584606,0.1648,0.584606,1.00661,1.41162,1.78707,2.13539,2.45959,2.76279,2.88252,2.54232,2.17974,1.79546,1.39083,0.972317,0.544511,0.1236,0.544511,0.972317,1.39083,1.79546,2.17974,2.54232,2.88252,3.02299,2.64972,2.2512,1.83138,1.39961,0.956181,0.513878,0.0824002,0.513878,0.956181,1.39961,1.83138,2.2512,2.64972,3.02299,3.18494,2.77678,2.34469,1.89072,1.42721,0.956593,0.491093,0.0412001,0.491093,0.956593,1.42721,1.89072,2.34469,2.77678,3.18494,3.36223,2.91974,2.45552,1.96668,1.46996,0.968574,0.474975,0,0.474975,0.968574,1.46996,1.96668,2.45552,2.91974,3.36223
30,2.7,2.57017,2.36577,2.09341,1.76354,1.38986,0.988458,0.576802,0.988458,1.38986,1.76354,2.09341,2.36577,2.57017,2.7,2.6817,2.54703,2.33798,2.06135,1.7278,1.35126,0.948,0.535601,0.948,1.35126,1.7278,2.06135,2.33798,2.54703,2.6817,2.6637,2.52417,2.31041,2.02945,1.69217,1.31272,0.907557,0.494401,0.907557,1.31272,1.69217,2.02945,2.31041,2.52417,2.6637,2.646,2.50159,2.28308,1.99772,1.65666,1.27423,0.867129,0.453201,0.867128,1.27423,1.65666,1.99772,2.28308,2.50159,2.646,2.62861,2.47929,2.25598,1.96618,1.62126,1.23581,0.826715,0.412001,0.826715,1.23581,1.62126,1.96618,2.25598,2.47929,2.62861,2.61154,2.45728,2.22914,1.93483,1.58598,1.19744,0.786318,0.370801,0.786318,1.19744,1.58598,1.93483,2.22914,2.45728,2.61154,2.59479,2.43557,2.20255,1.90367,1.55083,1.15913,0.745938,0.329601,0.745938,1.15913,1.55083,1.90367,2.20255,2.43557,2.59479,2.57939,2.41417,2.17622,1.87272,1.51581,1.12089,0.705576,0.288401,0.705576,1.12089,1.51581,1.87272,2.17622,2.41417,2.57939,2.60588,2.39308,2.15017,1.84198,1.48093,1.08272,0.665233,0.247201,0.665233,1.08272,1.48093,1.84198,2.15017,2.39308,2.60588,2.66882,2.40686,2.1244,1.81145,1.4462,1.04463,0.624909,0.206001,0.624909,1.04463,1.4462,1.81145,2.1244,2.40686,2.66882,2.76279,2.45959,2.13539,1.78707,1.41162,1.00661,0.584606,0.1648,0.584606,1.00661,1.41162,1.78707,2.13539,2.45959,2.76279,2.88252,2.54232,2.17974,1.79546,1.39083,0.972317,0.544511,0.1236,0.544511,0.972317,1.39083,1.79546,2.17974,2.54232,2.88252,3.02299,2.64972,2.2512,1.83138,1.39961,0.956181,0.513878,0.0824002,0.513878,0.956181,1.39961,1.83138,2.2512,2.64972,3.02299,3.18494,2.77678,2.34469,1.89072,1.42721,0.956593,0.491093,0.0412001,0.491093,0.956593,1.42721,1.89072,2.34469,2.77678,3.18494,3.36223,2.91974,2.45552,1.96668,1.46996,0.968574,0.474975,0,0.474975,0.968574,1.46996,1.96668,2.45552,2.91974,3.36223
31,2.7,2.57017,2.36577,2.09341,1.76354,1.38986,0.988458,0.576802,0.988458,1.38986,1.76354,2.09341,2.36577,2.57017,2.7,2.6817,2.54703,2.33798,2.06135,1.7278,1.35126,0.948,0.535601,0.948,1.35126,1.7278,2.06135,2.33798,2.54703,2.6817,2.6637,2.52417,2.31041,2.02945,1.69217,1.31272,0.907557,0.494401,0.907557,1.31272,1.69217,2.02945,2.31041,2.52417,2.6637,2.646,2.50159,2.28308,1.99772,1.65666,1.27423,0.867129,0.453201,0.867128,1.27423,1.65666,1.99772,2.28308,2.50159,2.646,2.62861,2.47929,2.25598,1.96618,1.62126,1.23581,0.826715,0.412001,0.826715,1.23581,1.62126,1.96618,2.25598,2.47929,2.62861,2.61154,2.45728,2.22914,1.93483,1.58598,1.19744,0.786318,0.370801,0.786318,1.19744,1.58598,1.93483,2.22914,2.45728,2.61154,2.59479,2.43557,2.20255,1.90367,1.55083,1.15913,0.745938,0.329601,0.745938,1.15913,1.55083,1.90367,2.20255,2.43557,2.59479,2.57939,2.41417,2.17622,1.87272,1.51581,1.12089,0.705576,0.288401,0.705576,1.12089,1.51581,1.87272,2.17622,2.41417,2.57939,2.60588,2.39308,2.15017,1.84198,1.48093,1.08272,0.665233,0.247201,0.665233,1.08272,1.48093,1.84198,2.15017,2.39308,2.60588,2.66882,2.40686,2.1244,1.81145,1.4462,1.04463,0.624909,0.206001,0.624909,1.04463,1.4462,1.81145,2.1244,2.40686,2.66882,2.76279,2.45959,2.13539,1.78707,1.41162,1.00661,0.584606,0.1648,0.584606,1.00661,1.41162,1.78707,2.13539,2.45959,2.76279,2.88252,2.54232,2.17974,1.79546,1.39083,0.972317,0.544511,0.1236,0.544511,0.972317,1.39083,1.79546,2.17974,2.54232,2.88252,3.02299,2.64972,2.2512,1.83138,1.39961,0.956181,0.513878,0.0824002,0.513878,0.956181,1.39961,1.83138,2.2512,2.64972,3.02299,3.18494,2.77678,2.34469,1.89072,1.42721,0.956593,0.491093,0.0412001,0.491093,0.956593,1.42721,1.89072,2.34469,2.77678,3.18494,3.36223,2.91974,2.45552,1.96668,1.46996,0.968574,0.474975,0,0.474975,0.968574,1.46996,1.96668,2.45552,2.91974,3.36223
32,2.7,2.57017,2.36577,2.09341,1.76354,1.38986,0.988458,0.576802,0.988458,1.38986,1.76354,2.09341,2.36577,2.57017,2.7,2.6817,2.54703,2.33798,2.06135,1.7278,1.35126,0.948,0.535601,0.948,1.35126,1.7278,2.06135,2.33798,2.54703,2.6817,2.6637,2.52417,2.31041,2.02945,1.69217,1.31272,0.907557,0.494401,0.907557,1.31272,1.69217,2.02945,2.31041,2.52417,2.6637,2.646,2.50159,2.28308,1.99772,1.65666,1.27423,0.867129,0.453201,0.867128,1.27423,1.65666,1.99772,2.28308,2.50159,2.646,2.62861,2.47929,2.25598,1.96618,1.62126,1.23581,0.826715,0.412001,0.826715,1.23581,1.62126,1.96618,2.25598,2.47929,2.62861,2.61154,2.45728,2.22914,1.93483,1.58598,1.19744,0.786318,0.370801,0.786318,1.19744,1.58598,1.93483,2.22914,2.45728,2.61154,2.59479,2.43557,2.20255,1.90367,1.55083,1.15913,0.745938,0.329601,0.745938,1.15913,1.55083,1.90367,2.20255,2.43557,2.59479,2.57939,2.41417,2.17622,1.87272,1.51581,1.12089,0.705576,0.288401,0.705576,1.12089,1.51581,1.87272,2.17622,2.41417,2.57939,2.60588,2.39308,2.15017,1.84198,1.48093,1.08272,0.665233,0.247201,0.665233,1.08272,1.48093,1.84198,2.15017,2.39308,2.60588,2.66882,2.40686,2.1244,1.81145,1.4462,1.04463,0.624909,0.206001,0.624909,1.04463,1.4462,1.81145,2.1244,2.40686,2.66882,2.76279,2.45959,2.13539,1.78707,1.41162,1.00661,0.584606,0.1648,0.584606,1.00661,1.41162,1.78707,2.13539,2.45959,2.76279,2.88252,2.54232,2.17974,1.79546,1.39083,0.972317,0.544511,0.1236,0.544511,0.972317,1.39083,1.79546,2.17974,2.54232,2.88252,3.02299,2.64972,2.2512,1.83138,1.39961,0.956181,0.513878,0.0824002,0.513878,0.956181,1.39961,1.83138,2.2512,2.64972,3.02299,3.18494,2.77678,2.34469,1.89072,1.42721,0.956593,0.491093,0.0412001,0.491093,0.956593,1.42721,1.89072,2.34469,2.77678,3.18494,3.36223,2.91974,2.45552,1.96668,1.46996,0.968574,0.474975,0,0.474975,0.968574,1.46996,1.96668,2.45552,2.91974,3.36223
33,2.7,2.57017,2.36577,2.09341,1.76354,1.38986,0.988458,0.576802,0.988458,1.38986,1.76354,2.09341,2.36577,2.57017,2.7,2.6817,2.54703,2.33798,2.06135,1.7278,1.35126,0.948,0.535601,0.948,1.35126,1.7278,2.06135,2.33798,2.54703,2.6817,2.6637,2.52417,2.31041,2.02945,1.69217,1.31272,0.907557,0.494401,0.907557,1.31272,1.69217,2.02945,2.31041,2.52417,2.6637,2.646,2.50159,2.28308,1.99772,1.65666,1.27423,0.867129,0.453201,0.867128,1.27423,1.65666,1.99772,2.28308,2.50159,2.646,2.62861,2.47929,2.25598,1.96618,1.62126,1.23581,0.826715,0.412001,0.826715,1.23581,1.62126,1.96618,2.25598,2.47929,2.62861,2.61154,2.45728,2.22914,1.93483,1.58598,1.19744,0.786318,0.370801,0.786318,1.19744,1.58598,1.93483,2.22914,2.45728,2.61154,2.59479,2.43557,2.20255,1.90367,1.55083,1.15913,0.745938,0.329601,0.745938,1.15913,1.55083,1.90367,2.20255,2.43557,2.59479,2.57939,2.41417,2.17622,1.87272,1.51581,1.12089,0.705576,0.288401,0.705576,1.12089,1.51581,1.87272,2.17622,2.41417,2.57939,2.60588,2.39308,2.15017,1.84198,1.48093,1.08272,0.665233,0.247201,0.665233,1.08272,1.48093,1.84198,2.15017,2.39308,2.60588,2.66882,2.40686,2.1244,1.81145,1.4462,1.04463,0.624909,0.206001,0.624909,1.04463,1.4462,1.81145,2.1244,2.40686,2.66882,2.76279,2.45959,2.13539,1.78707,1.41162,1.00661,0.584606,0.1648,0.584606,1.00661,1.41162,1.78707,2.13539,2.45959,2.76279,2.88252,2.54232,2.17974,1.79546,1.39083,0.972317,0.544511,0.1236,0.544511,0.972317,1.39083,1.79546,2.17974,2.54232,2.88252,3.02299,2.64972,2.2512,1.83138,1.39961,0.956181,0.513878,0.0824002,0.513878,0.956181,1.39961,1.83138,2.2512,2.64972,3.02299,3.18494,2.77678,2.34469,1.89072,1.42721,0.956593,0.491093,0.0412001,0.491093,0.956593,1.42721,1.89072,2.34469,2.77678,3.18494,3.36223,2.91974,2.45552,1.96668,1.46996,0.968574,0.474975,0,0.474975,0.968574,1.46996,1.96668,2.45552,2.91974,3.36223
34,2.7,2.57017,2.36577,2.09341,1.76354,1.38986,0.988458,0.576802,0.988458,1.38986,1.76354,2.09341,2.36577,2.57017,2.7,2.6817,2.54703,2.33798,2.06135,1.7278,1.35126,0.948,0.535601,0.948,1.35126,1.7278,2.06135,2.33798,2.54703,2.6817,2.6637,2.52417,2.31041,2.02945,1.69217,1.31272,0.907557,0.494401,0.907557,1.31272,1.69217,2.02945,2.31041,2.52417,2.6637,2.646,2.50159,2.28308,1.99772,1.65666,1.27423,0.867129,0.453201,0.867128,1.27423,1.65666,1.99772,2.28308,2.50159,2.646,2.62861,2.47929,2.25598,1.96618,1.62126,1.23581,0.826715,0.412001,0.826715,1.23581,1.62126,1.96618,2.25598,2.47929,2.62861,2.61154,2.45728,2.22914,1.93483,1.58598,1.19744,0.786318,0.370801,0.786318,1.19744,1.58598,1.93483,2.22914,2.45728,2.61154,2.59479,2.43557,2.20255,1.90367,1.55083,1.15913,0.745938,0.329601,0.745938,1.15913,1.55083,1.90367,2.20255,2.43557,2.59479,2.57939,2.41417,2.17622,1.87272,1.51581,1.12089,0.705576,0.288401,0.705576,1.12089,1.51581,1.87272,2.17622,2.41417,2.57939,2.60588,2.39308,2.15017,1.84198,1.48093,1.08272,0.665233,0.247201,0.665233,1.08272,1.48093,1.84198,2.15017,2.39308,2.60588,2.66882,2.40686,2.1244,1.81145,1.4462,1.04463,0.624909,0.206001,0.624909,1.04463,1.4462,1.81145,2.1244,2.40686,2.66882,2.76279,2.45959,2.13539,1.78707,1.41162,1.00661,0.584606,0.1648,0.584606,1.00661,1.41162,1.78707,2.13539,2.45959,2.76279,2.88252,2.54232,2.17974,1.79546,1.39083,0.972317,0.544511,0.1236,0.544511,0.972317,1.39083,1.79546,2.17974,2.54232,2.88252,3.02299,2.64972,2.2512,1.83138,1.39961,0.956181,0.513878,0.0824002,0.513878,0.956181,1.39961,1.83138,2.2512,2.64972,3.02299,3.18494,2.77678,2.34469,1.89072,1.42721,0.956593,0.491093,0.0412001,0.491093,0.956593,1.42721,1.89072,2.34469,2.77678,3.18494,3.36223,2.91974,2.45552,1.96668,1.46996,0.968574,0.474975,0,0.474975,0.968574,1.46996,1.96668,2.45552,2.91974,3.36223
35,2.7,2.57017,2.36577,2.09341,1.76354,1.38986,0.988458,0.576802,0.988458,1.38986,1.76354,2.09341,2.36577,2.57017,2.7,2.6817,2.54703,2.33798,2.06135,1.7278,1.35126,0.948,0.535601,0.948,1.35126,1.7278,2.06135,2.33798,2.54703,2.6817,2.6637,2.52417,2.31041,2.02945,1.69217,1.31272,0.907557,0.494401,0.907557,1.31272,1.69217,2.02945,2.31041,2.52417,2.6637,2.646,2.50159,2.28308,1.99772,1.65666,1.27423,0.867129,0.453201,0.867128,1.27423,1.65666,1.99772,2.28308,2.50159,2.646,2.62861,2.47929,2.25598,1.96618,1.62126,1.23581,0.826715,0.412001,0.826715,1.23581,1.62126,1.96618,2.25598,2.47929,2.62861,2.61154,2.45728,2.22914,1.93483,1.58598,1.19744,0.786318,0.370801,0.786318,1.19744,1.58598,1.93483,2.22914,2.45728,2.61154,2.59479,2.43557,2.20255,1.90367,1.55083,1.15913,0.745938,0.329601,0.745938,1.15913,1.55083,1.90367,2.20255,2.43557,2.59479,2.57939,2.41417,2.17622,1.87272,1.51581,1.12089,0.705576,0.288401,0.705576,1.12089,1.51581,1.87272,2.17622,2.41417,2.57939,2.60588,2.39308,2.15017,1.84198,1.48093,1.08272,0.665233,0.247201,0.665233,1.08272,1.48093,1.84198,2.15017,2.39308,2.60588,2.66882,2.40686,2.1244,1.81145,1.4462,1.04463,0.624909,0.206001,0.624909,1.04463,1.4462,1.81145,2.1244,2.40686,2.66882,2.76279,2.45959,2.13539,1.78707,1.41162,1.00661,0.584606,0.1648,0.584606,1.00661,1.41162,1.78707,2.13539,2.45959,2.76279,2.88252,2.54232,2.17974,1.79546,1.39083,0.972317,0.544511,0.1236,0.544511,0.972317,1.39083,1.79546,2.17974,2.54232,2.88252,3.02299,2.64972,2.2512,1.83138,1.39961,0.956181,0.513878,0.0824002,0.513878,0.956181,1.39961,1.83138,2.2512,2.64972,3.02299,3.18494,2.77678,2.34469,1.89072,1.42721,0.956593,0.491093,0.0412001,0.491093,0.956593,1.42721,1.89072,2.34469,2.77678,3.18494,3.36223,2.91974,2.45552,1.96668,1.46996,0.968574,0.474975,0,0.474975,0.968574,1.46996,1.96668,2.45552,2.91974,3.36223
36,2.7,2.57017,2.36577,2.09341,1.76354,1.38986,0.988458,0.576802,0.988458,1.38986,1.76354,2.09341,2.36577,2.57017,2.7,2.6817,2.54703,2.33798,2.06135,1.7278,1.35126,0.948,0.535601,0.948,1.35126,1.7278,2.06135,2.33798,2.54703,2.6817,2.6637,2.52417,2.31041,2.02945,1.69217,1.31272,0.907557,0.494401,0.907557,1.31272,1.69217,2.02945,2.31041,2.52417,2.6637,2.646,2.50159,2.28308,1.99772,1.65666,1.27423,0.867129,0.453201,0.867128,1.27423,1.65666,1.99772,2.28308,2.50159,2.646,2.62861,2.47929,2.25598,1.96618,1.62126,1.23581,0.826715,0.412001,0.826715,1.23581,1.62126,1.96618,2.25598,2.47929,2.62861,2.61154,2.45728,2.22914,1.93483,1.58598,1.19744,0.786318,0.370801,0.786318,1.19744,1.58598,1.93483,2.22914,2.45728,2.61154,2.59479,2.43557,2.20255,1.90367,1.55083,1.15913,0.745938,0.329601,0.745938,1.15913,1.55083,1.90367,2.20255,2.43557,2.59479,2.57939,2.41417,2.17622,1.87272,1.51581,1.12089,0.705576,0.288401,0.705576,1.12089,1.51581,1.87272,2.17622,2.41417,2.57939,2.60588,2.39308,2.15017,1.84198,1.48093,1.08272,0.665233,0.247201,0.665233,1.08272,1.48093,1.84198,2.15017,2.39308,2.60588,2.66882,2.40686,2.1244,1.81145,1.4462,1.04463,0.624909,0.206001,0.624909,1.04463,1.4462,1.81145,2.1244,2.40686,2.66882,2.76279,2.45959,2.13539,1.78707,1.41162,1.00661,0.584606,0.1648,0.584606,1.00661,1.41162,1.78707,2.13539,2.45959,2.76279,2.88252,2.54232,2.17974,1.79546,1.39083,0.972317,0.544511,0.1236,0.544511,0.972317,1.39083,1.79546,2.17974,2.54232,2.88252,3.02299,2.64972,2.2512,1.83138,1.39961,0.956181,0.513878,0.0824002,0.513878,0.956181,1.39961,1.83138,2.2512,2.64972,3.02299,3.18494,2.77678,2.34469,1.89072,1.42721,0.956593,0.491093,0.0412001,0.491093,0.956593,1.42721,1.89072,2.34469,2.77678,3.18494,3.36223,2.91974,2.45552,1.96668,1.46996,0.968574,0.474975,0,0.474975,0.968574,1.46996,1.96668,2.45552,2.91974,3.36223
37,2.7,2.57017,2.36577,2.09341,1.76354,1.38986,0.988458,0.576802,0.988458,1.38986,1.76354,2.09341,2.36577,2.57017,2.7,2.6817,2.54703,2.33798,2.06135,1.7278,1.35126,0.948,0.535601,0.948,1.35126,1.7278,2.06135,2.33798,2.54703,2.6817,2.6637,2.52417,2.31041,2.02945,1.69217,1.31272,0.907557,0.494401,0.907557,1.31272,1.69217,2.02945,2.31041,2.52417,2.6637,2.646,2.50159,2.28308,1.99772,1.65666,1.27423,0.867129,0.453201,0.867128,1.27423,1.65666,1.99772,2.28308,2.50159,2.646,2.62861,2.47929,2.25598,1.96618,1.62126,1.23581,0.826715,0.412001,0.826715,1.23581,1.62126,1.96618,2.25598,2.47929,2.62861,2.61154,2.45728,2.22914,1.93483,1.58598,1.19744,0.786318,0.370801,0.786318,1.19744,1.58598,1.93483,2.22914,2.45728,2.61154,2.59479,2.43557,2.20255,1.90367,1.55083,1.15913,0.745938,0.329601,0.745938,1.15913,1.55083,1.90367,2.20255,2.43557,2.59479,2.57939,2.41417,2.17622,1.87272,1.51581,1.12089,0.705576,0.288401,0.705576,1.12089,1.51581,1.87272,2.17622,2.41417,2.57939,2.60588,2.39308,2.15017,1.84198,1.48093,1.08272,0.665233,0.247201,0.665233,1.08272,1.48093,1.84198,2.15017,2.39308,2.60588,2.66882,2.40686,2.1244,1.81145,1.4462,1.04463,0.624909,0.206001,0.624909,1.04463,1.4462,1.81145,2.1244,2.40686,2.66882,2.76279,2.45959,2.13539,1.78707,1.41162,1.00661,0.584606,0.1648,0.584606,1.00661,1.41162,1.78707,2.13539,2.45959,2.76279,2.88252,2.54232,2.17974,1.79546,1.39083,0.972317,0.544511,0.1236,0.544511,0.972317,1.39083,1.79546,2.17974,2.54232,2.88252,3.02299,2.64972,2.2512,1.83138,1.39961,0.956181,0.513878,0.0824002,0.513878,0.956181,1.39961,1.83138,2.2512,2.64972,3.02299,3.18494,2.77678,2.34469,1.89072,1.42721,0.956593,0.491093,0.0412001,0.491093,0.956593,1.42721,1.89072,2.34469,2.77678,3.18494,3.36223,2.91974,2.45552,1.96668,1.46996,0.968574,0.474975,0,0.474975,0.968574,1.46996,1.96668,2.45552,2.91974,3.36223
38,2.7,2.57017,2.36577,2.09341,1.76354,1.38986,0.988458,0.576802,0.988458,1.38986,1.76354,2.09341,2.36577,2.57017,2.7,2.6817,2.54703,2.33798,2.06135,1.7278,1.35126,0.948,0.535601,0.948,1.35126,1.7278,2.06135,2.33798,2.54703,2.6817,2.6637,2.52417,2.31041,2.02945,1.69217,1.31272,0.907557,0.494401,0.907557,1.31272,1.69217,2.02945,2.31041,2.52417,2.6637,2.646,2.50159,2.28308,1.99772,1.65666,1.27423,0.867129,0.453201,0.867128,1.27423,1.65666,1.99772,2.28308,2.50159,2.646,2.62861,2.47929,2.25598,1.96618,1.62126,1.23581,0.826715,0.412001,0.826715,1.23581,1.62126,1.96618,2.25598,2.47929,2.62861,2.61154,2.45728,2.22914,1.93483,1.58598,1.19744,0.786318,0.370801,0.786318,1.19744,1.58598,1.93483,2.22914,2.45728,2.61154,2.59479,2.43557,2.20255,1.90367,1.55083,1.15913,0.745938,0.329601,0.745938,1.15913,1.55083,1.90367,2.20255,2.43557,2.59479,2.57939,2.41417,2.17622,1.87272,1.51581,1.12089,0.705576,0.288401,0.705576,1.12089,1.51581,1.87272,2.17622,2.41417,2.57939,2.60588,2.39308,2.15017,1.84198,1.48093,1.08272,0.665233,0.247201,0.665233,1.08272,1.48093,1.84198,2.15017,2.39308,2.60588,2.66882,2.40686,2.1244,1.81145,1.4462,1.04463,0.624909,0.206001,0.624909,1.04463,1.4462,1.81145,2.1244,2.40686,2.66882,2.76279,2.45959,2.13539,1.78707,1.41162,1.00661,0.584606,0.1648,0.584606,1.00661,1.41162,1.78707,2.13539,2.45959,2.76279,2.88252,2.54232,2.17974,1.79546,1.39083,0.972317,0.544511,0.1236,0.544511,0.972317,1.39083,1.79546,2.17974,2.54232,2.88252,3.02299,2.64972,2.2512,1.83138,1.39961,0.956181,0.513878,0.0824002,0.513878,0.956181,1.39961,1.83138,2.2512,2.64972,3.02299,3.18494,2.77678,2.34469,1.89072,1.42721,0.956593,0.491093,0.0412001,0.491093,0.956593,1.42721,1.89072,2.34469,2.77678,3.18494,3.36223,2.91974,2.45552,1.96668,1.46996,0.968574,0.474975,0,0.474975,0.968574,1.46996,1.96668,2.45552,2.91974,3.36223
39,2.7,2.57017,2.36577,2.09341,1.76354,1.38986,0.988458,0.576802,0.988458,1.38986,1.76354,2.09341,2.36577,2.57017,2.7,2.6817,2.54703,2.33798,2.06135,1.7278,1.35126,0.948,0.535601,0.948,1.35126,1.7278,2.06135,2.33798,2.54703,2.6817,2.6637,2.52417,2.31041,2.02945,1.69217,1.31272,0.907557,0.494401,0.907557,1.31272,1.69217,2.02945,2.31041,2.52417,2.6637,2.646,2.50159,2.28308,1.99772,1.65666,1.27423,0.867129,0.453201,0.867128,1.27423,1.65666,1.99772,2.28308,2.50159,2.646,2.62861,2.47929,2.25598,1.96618,1.62126,1.23581,0.826715,0.412001,0.826715,1.23581,1.62126,1.96618,2.25598,2.47929,2.62861,2.61154,2.45728,2.22914,1.93483,1.58598,1.19744,0.786318,0.370801,0.786318,1.19744,1.58598,1.93483,2.22914,2.45728,2.61154,2.59479,2.43557,2.20255,1.90367,1.55083,1.15913,0.745938,0.329601,0.745938,1.15913,1.55083,1.90367,2.20255,2.43557,2.59479,2.57939,2.41417,2.17622,1.87272,1.51581,1.12089,0.705576,0.288401,0.705576,1.12089,1.51581,1.87272,2.17622,2.41417,2.57939,2.60588,2.39308,2.15017,1.84198,1.48093,1.08272,0.665233,0.247201,0.665233,1.08272,1.48093,1.84198,2.15017,2.39308,2.60588,2.66882,2.40686,2.1244,1.81145,1.4462,1.04463,0.624909,0.206001,0.624909,1.04463,1.4462,1.81145,2.1244,2.40686,2.66882,2.76279,2.45959,2.13539,1.78707,1.41162,1.00661,0.584606,0.1648,0.584606,1.00661,1.41162,1.78707,2.13539,2.45959,2.76279,2.88252,2.54232,2.17974,1.79546,1.39083,0.972317,0.544511,0.1236,0.544511,0.972317,1.39083,1.79546,2.17974,2.54232,2.88252,3.02299,2.64972,2.2512,1.83138,1.39961,0.956181,0.513878,0.0824002,0.513878,0.956181,1.39961,1.83138,2.2512,2.64972,3.02299,3.18494,2.77678,2.34469,1.89072,1.42721,0.956593,0.491093,0.0412001,0.491093,0.956593,1.42721,1.89072,2.34469,2.77678,3.18494,3.36223,2.91974,2.45552,1.96668,1.46996,0.968574,0.474975,0,0.474975,0.968574,1.46996,1.96668,2.45552,2.91974,3.36223
40,2.7,2.57017,2.36577,2.09341,1.76354,1.38986,0.988458,0.576802,0.988458,1.38986,1.76354,2.09341,2.36577,2.57017,2.7,2.6817,2.54703,2.33798,2.06135,1.7278,1.35126,0.948,0.535601,0.948,1.35126,1.7278,2.06135,2.33798,2.54703,2.6817,2.6637,2.52417,2.31041,2.02945,1.69217,1.31272,0.907557,0.494401,0.907557,1.31272,1.69217,2.02945,2.31041,2.52417,2.6637,2.646,2.50159,2.28308,1.99772,1.65666,1.27423,0.867129,0.453201,0.867128,1.27423,1.65666,1.99772,2.28308,2.50159,2.646,2.62861,2.47929,2.25598,1.96618,1.62126,1.23581,0.826715,0.412001,0.826715,1.23581,1.62126,1.96618,2.25598,2.47929,2.62861,2.61154,2.45728,2.22914,1.93483,1.58598,1.19744,0.786318,0.370801,0.786318,1.19744,1.58598,1.93483,2.22914,2.45728,2.61154,2.59479,2.43557,2.20255,1.90367,1.55083,1.15913,0.745938,0.329601,0.745938,1.15913,1.55083,1.90367,2.20255,2.43557,2.59479,2.57939,2.41417,2.17622,1.87272,1.51581,1.12089,0.705576,0.288401,0.705576,1.12089,1.51581,1.87272,2.17622,2.41417,2.57939,2.60588,2.39308,2.15017,1.84198,1.48093,1.08272,0.665233,0.247201,0.665233,1.08272,1.48093,1.84198,2.15017,2.39308,2.60588,2.66882,2.40686,2.1244,1.81145,1.4462,1.04463,0.624909,0.206001,0.624909,1.04463,1.4462,1.81145,2.1244,2.40686,2.66882,2.76279,2.45959,2.13539,1.78707,1.41162,1.00661,0.584606,0.1648,0.584606,1.00661,1.41162,1.78707,2.13539,2.45959,2.76279,2.88252,2.54232,2.17974,1.79546,1.39083,0.972317,0.544511,0.1236,0.544511,0.972317,1.39083,1.79546,2.17974,2.54232,2.88252,3.02299,2.64972,2.2512,1.83138,1.39961,0.956181,0.513878,0.0824002,0.513878,0.956181,1.39961,1.83138,2.2512,2.64972,3.02299,3.18494,2.77678,2.34469,1.89072,1.42721,0.956593,0.491093,0.0412001,0.491093,0.956593,1.42721,1.89072,2.34469,2.77678,3.18494,3.36223,2.91974,2.45552,1.96668,1.46996,0.968574,0.474975,0,0.474975,0.968574,1.46996,1.96668,2.45552,2.91974,3.36223
41,2.7,2.57017,2.36577,2.09341,1.76354,1.38986,0.988458,0.576802,0.988458,1.38986,1.76354,2.09341,2.36577,2.57017,2.7,2.6817,2.54703,2.33798,2.06135,1.7278,1.35126,0.948,0.535601,0.948,1.35126,1.7278,2.06135,2.33798,2.54703,2.6817,2.6637,2.52417,2.31041,2.02945,1.69217,1.31272,0.907557,0.494401,0.907557,1.31272,1.69217,2.02945,2.31041,2.52417,2.6637,2.646,2.50159,2.28308,1.99772,1.65666,1.27423,0.867129,0.453201,0.867128,1.27423,1.65666,1.99772,2.28308,2.50159,2.646,2.62861,2.47929,2.25598,1.96618,1.62126,1.23581,0.826715,0.412001,0.826715,1.23581,1.62126,1.96618,2.25598,2.47929,2.62861,2.61154,2.45728,2.22914,1.93483,1.58598,1.19744,0.786318,0.370801,0.786318,1.19744,1.58598,1.93483,2.22914,2.45728,2.61154,2.59479,2.43557,2.20255,1.90367,1.55083,1.15913,0.745938,0.329601,0.745938,1.15913,1.55083,1.90367,2.20255,2.43557,2.59479,2.57939,2.41417,2.17622,1.87272,1.51581,1.12089,0.705576,0.288401,0.705576,1.12089,1.51581,1.87272,2.17622,2.41417,2.57939,2.60588,2.39308,2.15017,1.84198,1.48093,1.08272,0.665233,0.247201,0.665233,1.08272,1.48093,1.84198,2.15017,2.39308,2.60588,2.66882,2.40686,2.1244,1.81145,1.4462,1.04463,0.624909,0.206001,0.624909,1.04463,1.4462,1.81145,2.1244,2.40686,2.66882,2.76279,2.45959,2.13539,1.78707,1.41162,1.00661,0.584606,0.1648,0.584606,1.00661,1.41162,1.78707,2.13539,2.45959,2.76279,2.88252,2.54232,2.17974,1.79546,1.39083,0.972317,0.544511,0.1236,0.544511,0.972317,1.39083,1.79546,2.17974,2.54232,2.88252,3.02299,2.64972,2.2512,1.83138,1.39961,0.956181,0.513878,0.0824002,0.513878,0.956181,1.39961,1.83138,2.2512,2.64972,3.02299,3.18494,2.77678,2.34469,1.89072,1.42721,0.956593,0.491093,0.0412001,0.491093,0.956593,1.42721,1.89072,2.34469,2.77678,3.18494,3.36223,2.91974,2.45552,1.96668,1.46996,0.968574,0.474975,0,0.474975,0.968574,1.46996,1.96668,2.45552,2.91974,3.36223
42,2.7,2.57017,2.36577,2.09341,1.76354,1.38986,0.988458,0.576802,0.988458,1.38986,1.76354,2.09341,2.36577,2.57017,2.7,2.6817,2.54703,2.33798,2.06135,1.7278,1.35126,0.948,0.535601,0.948,1.35126,1.7278,2.06135,2.33798,2.54703,2.6817,2.6637,2.52417,2.31041,2.02945,1.69217,1.31272,0.907557,0.494401,0.907557,1.31272,1.69217,2.02945,2.31041,2.52417,2.6637,2.646,2.50159,2.28308,1.99772,1.65666,1.27423,0.867129,0.453201,0.867128,1.27423,1.65666,1.99772,2.28308,2.50159,2.646,2.62861,2.47929,2.25598,1.96618,1.62126,1.23581,0.826715,0.412001,0.826715,1.23581,1.62126,1.96618,2.25598,2.47929,2.62861,2.61154,2.45728,2.22914,1.93483,1.58598,1.19744,0.786318,0.370801,0.786318,1.19744,1.58598,1.93483,2.22914,2.45728,2.61154,2.59479,2.43557,2.20255,1.90367,1.55083,1.15913,0.745938,0.329601,0.745938,1.15913,1.55083,1.90367,2.20255,2.43557,2.59479,2.57939,2.41417,2.17622,1.87272,1.51581,1.12089,0.705576,0.288401,0.705576,1.12089,1.51581,1.87272,2.17622,2.41417,2.57939,2.60588,2.39308,2.15017,1.84198,1.48093,1.08272,0.665233,0.247201,0.665233,1.08272,1.48093,1.84198,2.15017,2.39308,2.60588,2.66882,2.40686,2.1244,1.81145,1.4462,1.04463,0.624909,0.206001,0.624909,1.04463,1.4462,1.81145,2.1244,2.40686,2.66882,2.76279,2.45959,2.13539,1.78707,1.41162,1.00661,0.584606,0.1648,0.584606,1.00661,1.41162,1.78707,2.13539,2.45959,2.76279,2.88252,2.54232,2.17974,1.79546,1.39083,0.972317,0.544511,0.1236,0.544511,0.972317,1.39083,1.79546,2.17974,2.54232,2.88252,3.02299,2.64972,2.2512,1.83138,1.39961,0.956181,0.513878,0.0824002,0.513878,0.956181,1.39961,1.83138,2.2512,2.64972,3.02299,3.18494,2.77678,2.34469,1.89072,1.42721,0.956593,0.491093,0.0412001,0.491093,0.956593,1.42721,1.89072,2.34469,2.77678,3.18494,3.36223,2.91974,2.45552,1.96668,1.46996,0.968574,0.474975,0,0.474975,0.968574,1.46996,1.96668,2.45552,2.91974,3.36223
43,2.7,2.57017,2.36577,2.09341,1.76354,1.38986,0.988458,0.576802,0.988458,1.38986,1.76354,2.09341,2.36577,2.57017,2.7,2.6817,2.54703,2.33798,2.06135,1.7278,1.35126,0.948,0.535601,0.948,1.35126,1.7278,2.06135,2.33798,2.54703,2.6817,2.6637,2.52417,2.31041,2.02945,1.69217,1.31272,0.907557,0.494401,0.907557,1.31272,1.69217,2.02945,2.31041,2.52417,2.6637,2.646,2.50159,2.28308,1.99772,1.65666,1.27423,0.867129,0.453201,0.867128,1.27423,1.65666,1.99772,2.28308,2.50159,2.646,2.62861,2.47929,2.25598,1.96618,1.62126,1.23581,0.826715,0.412001,0.826715,1.23581,1.62126,1.96618,2.25598,2.47929,2.62861,2.61154,2.45728,2.22914,1.93483,1.58598,1.19744,0.786318,0.370801,0.786318,1.19744,1.58598,1.93483,2.22914,2.45728,2.61154,2.59479,2.43557,2.20255,1.90367,1.55083,1.15913,0.745938,0.329601,0.745938,1.15913,1.55083,1.90367,2.20255,2.43557,2.59479,2.57939,2.41417,2.17622,1.87272,1.51581,1.12089,0.705576,0.288401,0.705576,1.12089,1.51581,1.87272,2.17622,2.41417,2.57939,2.60588,2.39308,2.15017,1.84198,1.48093,1.08272,0.665233,0.247201,0.665233,1.08272,1.48093,1.84198,2.15017,2.39308,2.60588,2.66882,2.40686,2.1244,1.81145,1.4462,1.04463,0.624909,0.206001,0.624909,1.04463,1.4462,1.81145,2.1244,2.40686,2.66882,2.76279,2.45959,2.13539,1.78707,1.41162,1.00661,0.584606,0.1648,0.584606,1.00661,1.41162,1.78707,2.13539,2.45959,2.76279,2.88252,2.54232,2.17974,1.79546,1.39083,0.972317,0.544511,0.1236,0.544511,0.972317,1.39083,1.79546,2.17974,2.54232,2.88252,3.02299,2.64972,2.2512,1.83138,1.39961,0.956181,0.513878,0.0824002,0.513878,0.956181,1.39961,1.83138,2.2512,2.64972,3.02299,3.18494,2.77678,2.34469,1.89072,1.42721,0.956593,0.491093,0.0412001,0.491093,0.956593,1.42721,1.89072,2.34469,2.77678,3.18494,3.36223,2.91974,2.45552,1.96668,1.46996,0.968574,0.474975,0,0.474975,0.968574,1.46996,1.96668,2.45552,2.91974,3.36223
44,2.7,2.57017,2.36577,2.09341,1.76354,1.38986,0.988458,0.576802,0.988458,1.38986,1.76354,2.09341,2.36577,2.57017,2.7,2.6817,2.54703,2.33798,2.06135,1.7278,1.35126,0.948,0.535601,0.948,1.35126,1.7278,2.06135,2.33798,2.54703,2.6817,2.6637,2.52417,2.31041,2.02945,1.69217,1.31272,0.907557,0.494401,0.907557,1.31272,1.69217,2.02945,2.31041,2.52417,2.6637,2.646,2.50159,2.28308,1.99772,1.65666,1.27423,0.867129,0.453201,0.867128,1.27423,1.65666,1.99772,2.28308,2.50159,2.646,2.62861,2.47929,2.25598,1.96618,1.62126,1.23581,0.826715,0.412001,0.826715,1.23581,1.62126,1.96618,2.25598,2.47929,2.62861,2.61154,2.45728,2.22914,1.93483,1.58598,1.19744,0.786318,0.370801,0.786318,1.19744,1.58598,1.93483,2.22914,2.45728,2.61154,2.59479,2.43557,2.20255,1.90367,1.55083,1.15913,0.745938,0.329601,0.745938,1.15913,1.55083,1.90367,2.20255,2.43557,2.59479,2.57939,2.41417,2.17622,1.87272,1.51581,1.12089,0.705576,0.288401,0.705576,1.12089,1.51581,1.87272,2.17622,2.41417,2.57939,2.60588,2.39308,2.15017,1.84198,1.48093,1.08272,0.665233,0.247201,0.665233,1.08272,1.48093,1.84198,2.15017,2.39308,2.60588,2.66882,2.40686,2.1244,1.81145,1.4462,1.04463,0.624909,0.206001,0.624909,1.04463,1.4462,1.81145,2.1244,2.40686,2.66882,2.76279,2.45959,2.13539,1.78707,1.41162,1.00661,0.584606,0.1648,0.584606,1.00661,1.41162,1.78707,2.13539,2.45959,2.76279,2.88252,2.54232,2.17974,1.79546,1.39083,0.972317,0.544511,0.1236,0.544511,0.972317,1.39083,1.79546,2.17974,2.54232,2.88252,3.02299,2.64972,2.2512,1.83138,1.39961,0.956181,0.513878,0.0824002,0.513878,0.956181,1.39961,1.83138,2.2512,2.64972,3.02299,3.18494,2.77678,2.34469,1.89072,1.42721,0.956593,0.491093,0.0412001,0.491093,0.956593,1.42721,1.89072,2.34469,2.77678,3.18494,3.36223,2.91974,2.45552,1.96668,1.46996,0.968574,0.474975,0,0.474975,0.968574,1.46996,1.96668,2.45552,2.91974,3.36223
45,2.7,2.57017,2.36577,2.09341,1.76354,1.38986,0.988458,0.576802,0.988458,1.38986,1.76354,2.09341,2.36577,2.57017,2.7,2.6817,2.54703,2.33798,2.06135,1.7278,1.35126,0.948,0.535601,0.948,1.35126,1.7278,2.06135,2.33798,2.54703,2.6817,2.6637,2.52417,2.31041,2.02945,1.69217,1.31272,0.907557,0.494401,0.907557,1.31272,1.69217,2.02945,2.31041,2.52417,2.6637,2.646,2.50159,2.28308,1.99772,1.65666,1.27423,0.867129,0.453201,0.867128,1.27423,1.65666,1.99772,2.28308,2.50159,2.646,2.62861,2.47929,2.25598,1.96618,1.62126,1.23581,0.826715,0.412001,0.826715,1.23581,1.62126,1.96618,2.25598,2.47929,2.62861,2.61154,2.45728,2.22914,1.93483,1.58598,1.19744,0.786318,0.370801,0.786318,1.19744,1.58598,1.93483,2.22914,2.45728,2.61154,2.59479,2.43557,2.20255,1.90367,1.55083,1.15913,0.745938,0.329601,0.745938,1.15913,1.55083,1.90367,2.20255,2.43557,2.59479,2.57939,2.41417,2.17622,1.87272,1.51581,1.12089,0.705576,0.288401,0.705576,1.12089,1.51581,1.87272,2.17622,2.41417,2.57939,2.60588,2.39308,2.15017,1.84198,1.48093,1.08272,0.665233,0.247201,0.665233,1.08272,1.48093,1.84198,2.15017,2.39308,2.60588,2.66882,2.40686,2.1244,1.81145,1.4462,1.04463,0.624909,0.206001,0.624909,1.04463,1.4462,1.81145,2.1244,2.40686,2.66882,2.76279,2.45959,2.13539,1.78707,1.41162,1.00661,0.584606,0.1648,0.584606,1.00661,1.41162,1.78707,2.13539,2.45959,2.76279,2.88252,2.54232,2.17974,1.79546,1.39083,0.972317,0.544511,0.1236,0.544511,0.972317,1.39083,1.79546,2.17974,2.54232,2.88252,3.02299,2.64972,2.2512,1.83138,1.39961,0.956181,0.513878,0.0824002,0.513878,0.956181,1.39961,1.83138,2.2512,2.64972,3.02299,3.18494,2.77678,2.34469,1.89072,1.42721,0.956593,0.491093,0.0412001,0.491093,0.956593,1.42721,1.89072,2.34469,2.77678,3.18494,3.36223,2.91974,2.45552,1.96668,1.46996,0.968574,0.474975,0,0.474975,0.968574,1.46996,1.96668,2.45552,2.91974,3.36223
46,2.7,2.57017,2.36577,2.09341,1.76354,1.38986,0.988458,0.576802,0.988458,1.38986,1.76354,2.09341,2.36577,2.57017,2.7,2.6817,2.54703,2.33798,2.06135,1.7278,1.35126,0.948,0.535601,0.948,1.35126,1.7278,2.06135,2.33798,2.54703,2.6817,2.6637,2.52417,2.31041,2.02945,1.69217,1.31272,0.907557,0.494401,0.907557,1.31272,1.69217,2.02945,2.31041,2.52417,2.6637,2.646,2.50159,2.28308,1.99772,1.65666,1.27423,0.867129,0.453201,0.867128,1.27423,1.65666,1.99772,2.28308,2.50159,2.646,2.62861,2.47929,2.25598,1.96618,1.62126,1.23581,0.826715,0.412001,0.826715,1.23581,1.62126,1.96618,2.25598,2.47929,2.62861,2.61154,2.45728,2.22914,1.93483,1.58598,1.19744,0.786318,0.370801,0.786318,1.19744,1.58598,1.93483,2.22914,2.45728,2.61154,2.59479,2.43557,2.20255,1.90367,1.55083,1.15913,0.745938,0.329601,0.745938,1.15913,1.55083,1.90367,2.20255,2.43557,2.59479,2.57939,2.41417,2.17622,1.87272,1.51581,1.12089,0.705576,0.288401,0.705576,1.12089,1.51581,1.87272,2.17622,2.41417,2.57939,2.60588,2.39308,2.15017,1.84198,1.48093,1.08272,0.665233,0.247201,0.665233,1.08272,1.48093,1.84198,2.15017,2.39308,2.60588,2.66882,2.40686,2.1244,1.81145,1.4462,1.04463,0.624909,0.206001,0.624909,1.04463,1.4462,1.81145,2.1244,2.40686,2.66882,2.76279,2.45959,2.13539,1.78707,1.41162,1.00661,0.584606,0.1648,0.584606,1.00661,1.41162,1.78707,2.13539,2.45959,2.76279,2.88252,2.54232,2.17974,1.79546,1.39083,0.972317,0.544511,0.1236,0.544511,0.972317,1.39083,1.79546,2.17974,2.54232,2.88252,3.02299,2.64972,2.2512,1.83138,1.39961,0.956181,0.513878,0.0824002,0.513878,0.956181,1.39961,1.83138,2.2512,2.64972,3.02299,3.18494,2.77678,2.34469,1.89072,1.42721,0.956593,0.491093,0.0412001,0.491093,0.956593,1.42721,1.89072,2.34469,2.77678,3.18494,3.36223,2.91974,2.45552,1.96668,1.46996,0.968574,0.474975,0,0.474975,0.968574,1.46996,1.96668,2.45552,2.91974,3.36223
47,2.7,2.57017,2.36577,2.09341,1.76354,1.38986,0.988458,0.576802,0.988458,1.38986,1.76354,2.09341,2.36577,2.57017,2.7,2.6817,2.54703,2.33798,2.06135,1.7278,1.35126,0.948,0.535601,0.948,1.35126,1.7278,2.06135,2.33798,2.54703,2.6817,2.6637,2.52417,2.31041,2.02945,1.69217,1.31272,0.907557,0.494401,0.907557,1.31272,1.69217,2.02945,2.31041,2.52417,2.6637,2.646,2.50159,2.28308,1.99772,1.65666,1.27423,0.867129,0.453201,0.867128,1.27423,1.65666,1.99772,2.28308,2.50159,2.646,2.62861,2.47929,2.25598,1.96618,1.62126,1.23581,0.826715,0.412001,0.826715,1.23581,1.62126,1.96618,2.25598,2.47929,2.62861,2.61154,2.45728,2.22914,1.93483,1.58598,1.19744,0.786318,0.370801,0.786318,1.19744,1.58598,1.93483,2.22914,2.45728,2.61154,2.59479,2.43557,2.20255,1.90367,1.55083,1.15913,0.745938,0.329601,0.745938,1.15913,1.55083,1.90367,2.20255,2.43557,2.59479,2.57939,2.41417,2.17622,1.87272,1.51581,1.12089,0.705576,0.288401,0.705576,1.12089,1.51581,1.87272,2.17622,2.41417,2.57939,2.60588,2.39308,2.15017,1.84198,1.48093,1.08272,0.665233,0.247201,0.665233,1.08272,1.48093,1.84198,2.15017,2.39308,2.60588,2.66882,2.40686,2.1244,1.81145,1.4462,1.04463,0.624909,0.206001,0.624909,1.04463,1.4462,1.81145,2.1244,2.40686,2.66882,2.76279,2.45959,2.13539,1.78707,1.41162,1.00661,0.584606,0.1648,0.584606,1.00661,1.41162,1.78707,2.13539,2.45959,2.76279,2.88252,2.54232,2.17974,1.79546,1.39083,0.972317,0.544511,0.1236,0.544511,0.972317,1.39083,1.79546,2.17974,2.54232,2.88252,3.02299,2.64972,2.2512,1.83138,1.39961,0.956181,0.513878,0.0824002,0.513878,0.956181,1.39961,1.83138,2.2512,2.64972,3.02299,3.18494,2.77678,2.34469,1.89072,1.42721,0.956593,0.491093,0.0412001,0.491093,0.956593,1.42721,1.89072,2.34469,2.77678,3.18494,3.36223,2.91974,2.45552,1.96668,1.46996,0.968574,0.474975,0,0.474975,0.968574,1.46996,1.96668,2.45552,2.91974,3.36223
48,2.7,2.57017,2.36577,2.09341,1.76354,1.38986,0.988458,0.576802,0.988458,1.38986,1.76354,2.09341,2.36577,2.57017,2.7,2.6817,2.54703,2.33798,2.06135,1.7278,1.35126,0.948,0.535601,0.948,1.35126,1.7278,2.06135,2.33798,2.54703,2.6817,2.6637,2.52417,2.31041,2.02945,1.69217,1.31272,0.907557,0.494401,0.907557,1.31272,1.69217,2.02945,2.31041,2.52417,2.6637,2.646,2.50159,2.28308,1.99772,1.65666,1.27423,0.867129,0.453201,0.867128,1.27423,1.65666,1.99772,2.28308,2.50159,2.646,2.62861,2.47929,2.25598,1.96618,1.62126,1.23581,0.826715,0.412001,0.826715,1.23581,1.62126,1.96618,2.25598,2.47929,2.62861,2.61154,2.45728,2.22914,1.93483,1.58598,1.19744,0.786318,0.370801,0.786318,1.19744,1.58598,1.93483,2.22914,2.45728,2.61154,2.59479,2.43557,2.20255,1.90367,1.55083,1.15913,0.745938,0.329601,0.745938,1.15913,1.55083,1.90367,2.20255,2.43557,2.59479,2.57939,2.41417,2.17622,1.87272,1.51581,1.12089,0.705576,0.288401,0.705576,1.12089,1.51581,1.87272,2.17622,2.41417,2.57939,2.60588,2.39308,2.15017,1.84198,1.48093,1.08272,0.665233,0.247201,0.665233,1.08272,1.48093,1.84198,2.15017,2.39308,2.60588,2.66882,2.40686,2.1244,1.81145,1.4462,1.04463,0.624909,0.206001,0.624909,1.04463,1.4462,1.81145,2.1244,2.40686,2.66882,2.76279,2.45959,2.13539,1.78707,1.41162,1.00661,0.584606,0.1648,0.584606,1.00661,1.41162,1.78707,2.13539,2.45959,2.76279,2.88252,2.54232,2.17974,1.79546,1.39083,0.972317,0.544511,0.1236,0.544511,0.972317,1.39083,1.79546,2.17974,2.54232,2.88252,3.02299,2.64972,2.2512,1.83138,1.39961,0.956181,0.513878,0.0824002,0.513878,0.956181,1.39961,1.83138,2.2512,2.64972,3.02299,3.18494,2.77678,2.34469,1.89072,1.42721,0.956593,0.491093,0.0412001,0.491093,0.956593,1.42721,1.89072,2.34469,2.77678,3.18494,3.36223,2.91974,2.45552,1.96668,1.46996,0.968574,0.474975,0,0.474975,0.968574,1.46996,1.96668,2.45552,2.91974,3.36223
49,2.7,2.57017,2.36577,2.09341,1.76354,1.38986,0.988458,0.576802,0.988458,1.38986,1.76354,2.09341,2.36577,2.57017,2.7,2.6817,2.54703,2.33798,2.06135,1.7278,1.35126,0.948,0.535601,0.948,1.35126,1.7278,2.06135,2.33798,2.54703,2.6817,2.6637,2.52417,2.31041,2.02945,1.69217,1.31272,0.907557,0.494401,0.907557,1.31272,1.69217,2.02945,2.31041,2.52417,2.6637,2.646,2.50159,2.28308,1.99772,1.65666,1.27423,0.867129,0.453201,0.867128,1.27423,1.65666,1.99772,2.28308,2.50159,2.646,2.62861,2.47929,2.25598,1.96618,1.62126,1.23581,0.826715,0.412001,0.826715,1.23581,1.62126,1.96618,2.25598,2.47929,2.62861,2.61154,2.45728,2.22914,1.93483,1.58598,1.19744,0.786318,0.370801,0.786318,1.19744,1.58598,1.93483,2.22914,2.45728,2.61154,2.59479,2.43557,2.20255,1.90367,1.55083,1.15913,0.745938,0.329601,0.745938,1.15913,1.55083,1.90367,2.20255,2.43557,2.59479,2.57939,2.41417,2.17622,1.87272,1.51581,1.12089,0.705576,0.288401,0.705576,1.12089,1.51581,1.87272,2.17622,2.41417,2.57939,2.60588,2.39308,2.15017,1.84198,1.48093,1.08272,0.665233,0.247201,0.665233,1.08272,1.48093,1.84198,2.15017,2.39308,2.60588,2.66882,2.40686,2.1244,1.81145,1.4462,1.04463,0.624909,0.206001,0.624909,1.04463,1.4462,1.81145,2.1244,2.40686,2.66882,2.76279,2.45959,2.13539,1.78707,1.41162,1.00661,0.584606,0.1648,0.584606,1.00661,1.41162,1.78707,2.13539,2.45959,2.76279,2.88252,2.54232,2.17974,1.79546,1.39083,0.972317,0.544511,0.1236,0.544511,0.972317,1.39083,1.79546,2.17974,2.54232,2.88252,3.02299,2.64972,2.2512,1.83138,1.39961,0.956181,0.513878,0.0824002,0.513878,0.956181,1.39961,1.83138,2.2512,2.64972,3.02299,3.18494,2.77678,2.34469,1.89072,1.42721,0.956593,0.491093,0.0412001,0.491093,0.956593,1.42721,1.89072,2.34469,2.77678,3.18494,3.36223,2.91974,2.45552,1.96668,1.46996,0.968574,0.474975,0,0.474975,0.968574,1.46996,1.96668,2.45552,2.91974,3.36223
50,2.7,2.57017,2.36577,2.09341,1.76354,1.38986,0.988458,0.576802,0.988458,1.38986,1.76354,2.09341,2.36577,2.57017,2.7,2.6817,2.54703,2.33798,2.06135,1.7278,1.35126,0.948,0.535601,0.948,1.35126,1.7278,2.06135,2.33798,2.54703,2.6817,2.6637,2.52417,2.31041,2.02945,1.69217,1.31272,0.907557,0.494401,0.907557,1.31272,1.69217,2.02945,2.31041,2.52417,2.6637,2.646,2.50159,2.28308,1.99772,1.65666,1.27423,0.867129,0.453201,0.867128,1.27423,1.65666,1.99772,2.28308,2.50159,2.646,2.62861,2.47929,2.25598,1.96618,1.62126,1.23581,0.826715,0.412001,0.826715,1.23581,1.62126,1.96618,2.25598,2.47929,2.62861,2.61154,2.45728,2.22914,1.93483,1.58598,1.19744,0.786318,0.370801,0.786318,1.19744,1.58598,1.93483,2.22914,2.45728,2.61154,2.59479,2.43557,2.20255,1.90367,1.55083,1.15913,0.745938,0.329601,0.745938,1.15913,1.55083,1.90367,2.20255,2.43557,2.59479,2.57939,2.41417,2.17622,1.87272,1.51581,1.12089,0.705576,0.288401,0.705576,1.12089,1.51581,1.87272,2.17622,2.41417,2.57939,2.60588,2.39308,2.15017,1.84198,1.48093,1.08272,0.665233,0.247201,0.665233,1.08272,1.48093,1.84198,2.15017,2.39308,2.60588,2.66882,2.40686,2.1244,1.81145,1.4462,1.04463,0.624909,0.206001,0.624909,1.04463,1.4462,1.81145,2.1244,2.40686,2.66882,2.76279,2.45959,2.13539,1.78707,1.41162,1.00661,0.584606,0.1648,0.584606,1.00661,1.41162,1.78707,2.13539,2.45959,2.76279,2.88252,2.54232,2.17974,1.79546,1.39083,0.972317,0.544511,0.1236,0.544511,0.972317,1.39083,1.79546,2.17974,2.54232,2.88252,3.02299,2.64972,2.2512,1.83138,1.39961,0.956181,0.513878,0.0824002,0.513878,0.956181,1.39961,1.83138,2.2512,2.64972,3.02299,3.18494,2.77678,2.34469,1.89072,1.42721,0.956593,0.491093,0.0412001,0.491093,0.956593,1.42721,1.89072,2.34469,2.77678,3.18494,3.36223,2.91974,2.45552,1.96668,1.46996,0.968574,0.474975,0,0.474975,0.968574,1.46996,1.96668,2.45552,2.91974,3.36223
51,2.7,2.57017,2.36577,2.09341,1.76354,1.38986,0.988458,0.576802,0.988458,1.38986,1.76354,2.09341,2.36577,2.57017,2.7,2.6817,2.54703,2.33798,2.06135,1.7278,1.35126,0.948,0.535601,0.948,1.35126,1.7278,2.06135,2.33798,2.54703,2.6817,2.6637,2.52417,2.31041,2.02945,1.69217,1.31272,0.907557,0.494401,0.907557,1.31272,1.69217,2.02945,2.31041,2.52417,2.6637,2.646,2.50159,2.28308,1.99772,1.65666,1.27423,0.867129,0.453201,0.867128,1.27423,1.65666,1.99772,2.28308,2.50159,2.646,2.62861,2.47929,2.25598,1.96618,1.62126,1.23581,0.826715,0.412001,0.826715,1.23581,1.62126,1.96618,2.25598,2.47929,2.62861,2.61154,2.45728,2.22914,1.93483,1.58598,1.19744,0.786318,0.370801,0.786318,1.19744,1.58598,1.93483,2.22914,2.45728,2.61154,2.59479,2.43557,2.20255,1.90367,1.55083,1.15913,0.745938,0.329601,0.745938,1.15913,1.55083,1.90367,2.20255,2.43557,2.59479,2.57939,2.41417,2.17622,1.87272,1.51581,1.12089,0.705576,0.288401,0.705576,1.12089,1.51581,1.87272,2.17622,2.41417,2.57939,2.60588,2.39308,2.15017,1.84198,1.48093,1.08272,0.665233,0.247201,0.665233,1.08272,1.48093,1.84198,2.15017,2.39308,2.60588,2.66882,2.40686,2.1244,1.81145,1.4462,1.04463,0.624909,0.206001,0.624909,1.04463,1.4462,1.81145,2.1244,2.40686,2.66882,2.76279,2.45959,2.13539,1.78707,1.41162,1.00661,0.584606,0.1648,0.584606,1.00661,1.41162,1.78707,2.13539,2.45959,2.76279,2.88252,2.54232,2.17974,1.79546,1.39083,0.972317,0.544511,0.1236,0.544511,0.972317,1.39083,1.79546,2.17974,2.54232,2.88252,3.02299,2.64972,2.2512,1.83138,1.39961,0.956181,0.513878,0.0824002,0.513878,0.956181,1.39961,1.83138,2.2512,2.64972,3.02299,3.18494,2.77678,2.34469,1.89072,1.42721,0.956593,0.491093,0.0412001,0.491093,0.956593,1.42721,1.89072,2.34469,2.77678,3.18494,3.36223,2.91974,2.45552,1.96668,1.46996,0.968574,0.474975,0,0.474975,0.968574,1.46996,1.96668,2.45552,2.91974,3.36223
52,2.7,2.57017,2.36577,2.09341,1.76354,1.38986,0.988458,0.576802,0.988458,1.38986,1.76354,2.09341,2.36577,2.57017,2.7,2.6817,2.54703,2.33798,2.06135,1.7278,1.35126,0.948,0.535601,0.948,1.35126,1.7278,2.06135,2.33798,2.54703,2.6817,2.6637,2.52417,2.31041,2.02945,1.69217,1.31272,0.907557,0.494401,0.907557,1.31272,1.69217,2.02945,2.31041,2.52417,2.6637,2.646,2.50159,2.28308,1.99772,1.65666,1.27423,0.867129,0.453201,0.867128,1.27423,1.65666,1.99772,2.28308,2.50159,2.646,2.62861,2.47929,2.25598,1.96618,1.62126,1.23581,0.826715,0.412001,0.826715,1.23581,1.62126,1.96618,2.25598,2.47929,2.62861,2.61154,2.45728,2.22914,1.93483,1.58598,1.19744,0.786318,0.370801,0.786318,1.19744,1.58598,1.93483,2.22914,2.45728,2.61154,2.59479,2.43557,2.20255,1.90367,1.55083,1.15913,0.745938,0.329601,0.745938,1.15913,1.55083,1.90367,2.20255,2.43557,2.59479,2.57939,2.41417,2.17622,1.87272,1.51581,1.12089,0.705576,0.288401,0.705576,1.12089,1.51581,1.87272,2.17622,2.41417,2.57939,2.60588,2.39308,2.15017,1.84198,1.48093,1.08272,0.665233,0.247201,0.665233,1.08272,1.48093,1.84198,2.15017,2.39308,2.60588,2.66882,2.40686,2.1244,1.81145,1.4462,1.04463,0.624909,0.206001,0.624909,1.04463,1.4462,1.81145,2.1244,2.40686,2.66882,2.76279,2.45959,2.13539,1.78707,1.41162,1.00661,0.584606,0.1648,0.584606,1.00661,1.41162,1.78707,2.13539,2.45959,2.76279,2.88252,2.54232,2.17974,1.79546,1.39083,0.972317,0.544511,0.1236,0.544511,0.972317,1.39083,1.79546,2.17974,2.54232,2.88252,3.02299,2.64972,2.2512,1.83138,1.39961,0.956181,0.513878,0.0824002,0.513878,0.956181,1.39961,1.83138,2.2512,2.64972,3.02299,3.18494,2.77678,2.34469,1.89072,1.42721,0.956593,0.491093,0.0412001,0.491093,0.956593,1.42721,1.89072,2.34469,2.77678,3.18494,3.36223,2.91974,2.45552,1.96668,1.46996,0.968574,0.474975,0,0.474975,0.968574,1.46996,1.96668,2.45552,2.91974,3.36223
53,2.7,2.57017,2.36577,2.09341,1.76354,1.38986,0.988458,0.576802,0.988458,1.38986,1.76354,2.09341,2.36577,2.57017,2.7,2.6817,2.54703,2.33798,2.06135,1.7278,1.35126,0.948,0.535601,0.948,1.35126,1.7278,2.06135,2.33798,2.54703,2.6817,2.6637,2.52417,2.31041,2.02945,1.69217,1.31272,0.907557,0.494401,0.907557,1.31272,1.69217,2.02945,2.31041,2.52417,2.6637,2.646,2.50159,2.28308,1.99772,1.65666,1.27423,0.867129,0.453201,0.867128,1.27423,1.65666,1.99772,2.28308,2.50159,2.646,2.62861,2.47929,2.25598,1.96618,1.62126,1.23581,0.826715,0.412001,0.826715,1.23581,1.62126,1.96618,2.25598,2.47929,2.62861,2.61154,2.45728,2.22914,1.93483,1.58598,1.19744,0.786318,0.370801,0.786318,1.19744,1.58598,1.93483,2.22914,2.45728,2.61154,2.59479,2.43557,2.20255,1.90367,1.55083,1.15913,0.745938,0.329601,0.745938,1.15913,1.55083,1.90367,2.20255,2.43557,2.59479,2.57939,2.41417,2.17622,1.87272,1.51581,1.12089,0.705576,0.288401,0.705576,1.12089,1.51581,1.87272,2.17622,2.41417,2.57939,2.60588,2.39308,2.15017,1.84198,1.48093,1.08272,0.665233,0.247201,0.665233,1.08272,1.48093,1.84198,2.15017,2.39308,2.60588,2.66882,2.40686,2.1244,1.81145,1.4462,1.04463,0.624909,0.206001,0.624909,1.04463,1.4462,1.81145,2.1244,2.40686,2.66882,2.76279,2.45959,2.13539,1.78707,1.41162,1.00661,0.584606,0.1648,0.584606,1.00661,1.41162,1.78707,2.13539,2.45959,2.76279,2.88252,2.54232,2.17974,1.79546,1.39083,0.972317,0.544511,0.1236,0.544511,0.972317,1.39083,1.79546,2.17974,2.54232,2.88252,3.02299,2.64972,2.2512,1.83138,1.39961,0.956181,0.513878,0.0824002,0.513878,0.956181,1.39961,1.83138,2.2512,2.64972,3.02299,3.18494,2.77678,2.34469,1.89072,1.42721,0.956593,0.491093,0.0412001,0.491093,0.956593,1.42721,1.89072,2.34469,2.77678,3.18494,3.36223,2.91974,2.45552,1.96668,1.46996,0.968574,0.474975,0,0.474975,0.968574,1.46996,1.96668,2.45552,2.91974,3.36223
54,2.7,2.57017,2.36577,2.09341,1.76354,1.38986,0.988458,0.576802,0.988458,1.38986,1.76354,2.09341,2.36577,2.57017,2.7,2.6817,2.54703,2.33798,2.06135,1.7278,1.35126,0.948,0.535601,0.948,1.35126,1.7278,2.06135,2.33798,2.54703,2.6817,2.6637,2.52417,2.31041,2.02945,1.69217,1.31272,0.907557,0.494401,0.907557,1.31272,1.69217,2.02945,2.31041,2.52417,2.6637,2.646,2.50159,2.28308,1.99772,1.65666,1.27423,0.867129,0.453201,0.867128,1.27423,1.65666,1.99772,2.28308,2.50159,2.646,2.62861,2.47929,2.25598,1.96618,1.62126,1.23581,0.826715,0.412001,0.826715,1.23581,1.62126,1.96618,2.25598,2.47929,2.62861,2.61154,2.45728,2.22914,1.93483,1.58598,1.19744,0.786318,0.370801,0.786318,1.19744,1.58598,1.93483,2.22914,2.45728,2.61154,2.59479,2.43557,2.20255,1.90367,1.55083,1.15913,0.745938,0.329601,0.745938,1.15913,1.55083,1.90367,2.20255,2.43557,2.59479,2.57939,2.41417,2.17622,1.87272,1.51581,1.12089,0.705576,0.288401,0.705576,1.12089,1.51581,1.87272,2.17622,2.41417,2.57939,2.60588,2.39308,2.15017,1.84198,1.48093,1.08272,0.665233,0.247201,0.665233,1.08272,1.48093,1.84198,2.15017,2.39308,2.60588,2.66882,2.40686,2.1244,1.81145,1.4462,1.04463,0.624909,0.206001,0.624909,1.04463,1.4462,1.81145,2.1244,2.40686,2.66882,2.76279,2.45959,2.13539,1.78707,1.41162,1.00661,0.584606,0.1648,0.584606,1.00661,1.41162,1.78707,2.13539,2.45959,2.76279,2.88252,2.54232,2.17974,1.79546,1.39083,0.972317,0.544511,0.1236,0.544511,0.972317,1.39083,1.79546,2.17974,2.54232,2.88252,3.02299,2.64972,2.2512,1.83138,1.39961,0.956181,0.513878,0.0824002,0.513878,0.956181,1.39961,1.83138,2.2512,2.64972,3.02299,3.18494,2.77678,2.34469,1.89072,1.42721,0.956593,0.491093,0.0412001,0.491093,0.956593,1.42721,1.89072,2.34469,2.77678,3.18494,3.36223,2.91974,2.45552,1.96668,1.46996,0.968574,0.474975,0,0.474975,0.968574,1.46996,1.96668,2.45552,2.91974,3.36223
55,2.7,2.57017,2.36577,2.09341,1.76354,1.38986,0.988458,0.576802,0.988458,1.38986,1.76354,2.09341,2.36577,2.57017,2.7,2.6817,2.54703,2.33798,2.06135,1.7278,1.35126,0.948,0.535601,0.948,1.35126,1.7278,2.06135,2.33798,2.54703,2.6817,2.6637,2.52417,2.31041,2.02945,1.69217,1.31272,0.907557,0.494401,0.907557,1.31272,1.69217,2.02945,2.31041,2.52417,2.6637,2.646,2.50159,2.28308,1.99772,1.65666,1.27423,0.867129,0.453201,0.867128,1.27423,1.65666,1.99772,2.28308,2.50159,2.646,2.62861,2.47929,2.25598,1.96618,1.62126,1.23581,0.826715,0.412001,0.826715,1.23581,1.62126,1.96618,2.25598,2.47929,2.62861,2.61154,2.45728,2.22914,1.93483,1.58598,1.19744,0.786318,0.370801,0.786318,1.19744,1.58598,1.93483,2.22914,2.45728,2.61154,2.59479,2.43557,2.20255,1.90367,1.55083,1.15913,0.745938,0.329601,0.745938,1.15913,1.55083,1.90367,2.20255,2.43557,2.59479,2.57939,2.41417,2.17622,1.87272,1.51581,1.12089,0.705576,0.288401,0.705576,1.12089,1.51581,1.87272,2.17622,2.41417,2.57939,2.60588,2.39308,2.15017,1.84198,1.48093,1.08272,0.665233,0.247201,0.665233,1.08272,1.48093,1.84198,2.15017,2.39308,2.60588,2.66882,2.40686,2.1244,1.81145,1.4462,1.04463,0.624909,0.206001,0.624909,1.04463,1.4462,1.81145,2.1244,2.40686,2.66882,2.76279,2.45959,2.13539,1.78707,1.41162,1.00661,0.584606,0.1648,0.584606,1.00661,1.41162,1.78707,2.13539,2.45959,2.76279,2.88252,2.54232,2.17974,1.79546,1.39083,0.972317,0.544511,0.1236,0.544511,0.972317,1.39083,1.79546,2.17974,2.54232,2.88252,3.02299,2.64972,2.2512,1.83138,1.39961,0.956181,0.513878,0.0824002,0.513878,0.956181,1.39961,1.83138,2.2512,2.64972,3.02299,3.18494,2.77678,2.34469,1.89072,1.42721,0.956593,0.491093,0.0412001,0.491093,0.956593,1.42721,1.89072,2.34469,2.77678,3.18494,3.36223,2.91974,2.45552,1.96668,1.46996,0.968574,0.474975,0,0.474975,0.968574,1.46996,1.96668,2.45552,2.91974,3.36223
56,2.7,2.57017,2.36577,2.09341,1.76354,1.38986,0.988458,0.576802,0.988458,1.38986,1.76354,2.09341,2.36577,2.57017,2.7,2.6817,2.54703,2.33798,2.06135,1.7278,1.35126,0.948,0.535601,0.948,1.35126,1.7278,2.06135,2.33798,2.54703,2.6817,2.6637,2.52417,2.31041,2.02945,1.69217,1.31272,0.907557,0.494401,0.907557,1.31272,1.69217,2.02945,2.31041,2.52417,2.6637,2.646,2.50159,2.28308,1.99772,1.65666,1.27423,0.867129,0.453201,0.867128,1.27423,1.65666,1.99772,2.28308,2.50159,2.646,2.62861,2.47929,2.25598,1.96618,1.62126,1.23581,0.826715,0.412001,0.826715,1.23581,1.62126,1.96618,2.25598,2.47929,2.62861,2.61154,2.45728,2.22914,1.93483,1.58598,1.19744,0.786318,0.370801,0.786318,1.19744,1.58598,1.93483,2.22914,2.45728,2.61154,2.59479,2.43557,2.20255,1.90367,1.55083,1.15913,0.745938,0.329601,0.745938,1.15913,1.55083,1.90367,2.20255,2.43557,2.59479,2.57939,2.41417,2.17622,1.87272,1.51581,1.12089,0.705576,0.288401,0.705576,1.12089,1.51581,1.87272,2.17622,2.41417,2.57939,2.60588,2.39308,2.15017,1.84198,1.48093,1.08272,0.665233,0.247201,0.665233,1.08272,1.48093,1.84198,2.15017,2.39308,2.60588,2.66882,2.40686,2.1244,1.81145,1.4462,1.04463,0.624909,0.206001,0.624909,1.04463,1.4462,1.81145,2.1244,2.40686,2.66882,2.76279,2.45959,2.13539,1.78707,1.41162,1.00661,0.584606,0.1648,0.584606,1.00661,1.41162,1.78707,2.13539,2.45959,2.76279,2.88252,2.54232,2.17974,1.79546,1.39083,0.972317,0.544511,0.1236,0.544511,0.972317,1.39083,1.79546,2.17974,2.54232,2.88252,3.02299,2.64972,2.2512,1.83138,1.39961,0.956181,0.513878,0.0824002,0.513878,0.956181,1.39961,1.83138,2.2512,2.64972,3.02299,3.18494,2.77678,2.34469,1.89072,1.42721,0.956593,0.491093,0.0412001,0.491093,0.956593,1.42721,1.89072,2.34469,2.77678,3.18494,3.36223,2.91974,2.45552,1.96668,1.46996,0.968574,0.474975,0,0.474975,0.968574,1.46996,1.96668,2.45552,2.91974,3.36223
57,2.7,2.57017,2.36577,2.09341,1.76354,1.38986,0.988458,0.576802,0.988458,1.38986,1.76354,2.09341,2.36577,2.57017,2.7,2.6817,2.54703,2.33798,2.06135,1.7278,1.35126,0.948,0.535601,0.948,1.35126,1.7278,2.06135,2.33798,2.54703,2.6817,2.6637,2.52417,2.31041,2.02945,1.69217,1.31272,0.907557,0.494401,0.907557,1.31272,1.69217,2.02945,2.31041,2.52417,2.6637,2.646,2.50159,2.28308,1.99772,1.65666,1.27423,0.867129,0.453201,0.867128,1.27423,1.65666,1.99772,2.28308,2.50159,2.646,2.62861,2.47929,2.25598,1.96618,1.62126,1.23581,0.826715,0.412001,0.826715,1.23581,1.62126,1.96618,2.25598,2.47929,2.62861,2.61154,2.45728,2.22914,1.93483,1.58598,1.19744,0.786318,0.370801,0.786318,1.19744,1.58598,1.93483,2.22914,2.45728,2.61154,2.59479,2.43557,2.20255,1.90367,1.55083,1.15913,0.745938,0.329601,0.745938,1.15913,1.55083,1.90367,2.20255,2.43557,2.59479,2.57939,2.41417,2.17622,1.87272,1.51581,1.12089,0.705576,0.288401,0.705576,1.12089,1.51581,1.87272,2.17622,2.41417,2.57939,2.60588,2.39308,2.15017,1.84198,1.48093,1.08272,0.665233,0.247201,0.665233,1.08272,1.48093,1.84198,2.15017,2.39308,2.60588,2.66882,2.40686,2.1244,1.81145,1.4462,1.04463,0.624909,0.206001,0.624909,1.04463,1.4462,1.81145,2.1244,2.40686,2.66882,2.76279,2.45959,2.13539,1.78707,1.41162,1.00661,0.584606,0.1648,0.584606,1.00661,1.41162,1.78707,2.13539,2.45959,2.76279,2.88252,2.54232,2.17974,1.79546,1.39083,0.972317,0.544511,0.1236,0.544511,0.972317,1.39083,1.79546,2.17974,2.54232,2.88252,3.02299,2.64972,2.2512,1.83138,1.39961,0.956181,0.513878,0.0824002,0.513878,0.956181,1.39961,1.83138,2.2512,2.64972,3.02299,3.18494,2.77678,2.34469,1.89072,1.42721,0.956593,0.491093,0.0412001,0.491093,0.956593,1.42721,1.89072,2.34469,2.77678,3.18494,3.36223,2.91974,2.45552,1.96668,1.46996,0.968574,0.474975,0,0.474975,0.968574,1.46996,1.96668,2.45552,2.91974,3.36223
58,2.7,2.57017,2.36577,2.09341,1.76354,1.38986,0.988458,0.576802,0.988458,1.38986,1.76354,2.09341,2.36577,2.57017,2.7,2.6817,2.54703,2.33798,2.06135,1.7278,1.35126,0.948,0.535601,0.948,1.35126,1.7278,2.06135,2.33798,2.54703,2.6817,2.6637,2.52417,2.31041,2.02945,1.69217,1.31272,0.907557,0.494401,0.907557,1.31272,1.69217,2.02945,2.31041,2.52417,2.6637,2.646,2.50159,2.28308,1.99772,1.65666,1.27423,0.867129,0.453201,0.867128,1.27423,1.65666,1.99772,2.28308,2.50159,2.646,2.62861,2.47929,2.25598,1.96618,1.62126,1.23581,0.826715,0.412001,0.826715,1.23581,1.62126,1.96618,2.25598,2.47929,2.62861,2.61154,2.45728,2.22914,1.93483,1.58598,1.19744,0.786318,0.370801,0.786318,1.19744,1.58598,1.93483,2.22914,2.45728,2.61154,2.59479,2.43557,2.20255,1.90367,1.55083,1.15913,0.745938,0.329601,0.745938,1.15913,1.55083,1.90367,2.20255,2.43557,2.59479,2.57939,2.41417,2.17622,1.87272,1.51581,1.12089,0.705576,0.288401,0.705576,1.12089,1.51581,1.87272,2.17622,2.41417,2.57939,2.60588,2.39308,2.15017,1.84198,1.48093,1.08272,0.665233,0.247201,0.665233,1.08272,1.48093,1.84198,2.15017,2.39308,2.60588,2.66882,2.40686,2.1244,1.81145,1.4462,1.04463,0.624909,0.206001,0.624909,1.04463,1.4462,1.81145,2.1244,2.40686,2.66882,2.76279,2.45959,2.13539,1.78707,1.41162,1.00661,0.584606,0.1648,0.584606,1.00661,1.41162,1.78707,2.13539,2.45959,2.76279,2.88252,2.54232,2.17974,1.79546,1.39083,0.972317,0.544511,0.1236,0.544511,0.972317,1.39083,1.79546,2.17974,2.54232,2.88252,3.02299,2.64972,2.2512,1.83138,1.39961,0.956181,0.513878,0.0824002,0.513878,0.956181,1.39961,1.83138,2.2512,2.64972,3.02299,3.18494,2.77678,2.34469,1.89072,1.42721,0.956593,0.491093,0.0412001,0.491093,0.956593,1.42721,1.89072,2.34469,2.77678,3.18494,3.36223,2.91974,2.45552,1.96668,1.46996,0.968574,0.474975,0,0.474975,0.968574,1.46996,1.96668,2.45552,2.91974,3.36223
59,2.7,2.57017,2.36577,2.09341,1.76354,1.38986,0.988458,0.576802,0.988458,1.38986,1.76354,2.09341,2.36577,2.57017,2.7,2.6817,2.54703,2.33798,2.06135,1.7278,1.35126,0.948,0.535601,0.948,1.35126,1.7278,2.06135,2.33798,2.54703,2.6817,2.6637,2.52417,2.31041,2.02945,1.69217,1.31272,0.907557,0.494401,0.907557,1.31272,1.69217,2.02945,2.31041,2.52417,2.6637,2.646,2.50159,2.28308,1.99772,1.65666,1.27423,0.867129,0.453201,0.867128,1.27423,1.65666,1.99772,2.28308,2.50159,2.646,2.62861,2.47929,2.25598,1.96618,1.62126,1.23581,0.826715,0.412001,0.826715,1.23581,1.62126,1.96618,2.25598,2.47929,2.62861,2.61154,2.45728,2.22914,1.93483,1.58598,1.19744,0.786318,0.370801,0.786318,1.19744,1.58598,1.93483,2.22914,2.45728,2.61154,2.59479,2.43557,2.20255,1.90367,1.55083,1.15913,0.745938,0.329601,0.745938,1.15913,1.55083,1.90367,2.20255,2.43557,2.59479,2.57939,2.41417,2.17622,1.87272,1.51581,1.12089,0.705576,0.288401,0.705576,1.12089,1.51581,1.87272,2.17622,2.41417,2.57939,2.60588,2.39308,2.15017,1.84198,1.48093,1.08272,0.665233,0.247201,0.665233,1.08272,1.48093,1.84198,2.15017,2.39308,2.60588,2.66882,2.40686,2.1244,1.81145,1.4462,1.04463,0.624909,0.206001,0.624909,1.04463,1.4462,1.81145,2.1244,2.40686,2.66882,2.76279,2.45959,2.13539,1.78707,1.41162,1.00661,0.584606,0.1648,0.584606,1.00661,1.41162,1.78707,2.13539,2.45959,2.76279,2.88252,2.54232,2.17974,1.79546,1.39083,0.972317,0.544511,0.1236,0.544511,0.972317,1.39083,1.79546,2.17974,2.54232,2.88252,3.02299,2.64972,2.2512,1.83138,1.39961,0.956181,0.513878,0.0824002,0.513878,0.956181,1.39961,1.83138,2.2512,2.64972,3.02299,3.18494,2.77678,2.34469,1.89072,1.42721,0.956593,0.491093,0.0412001,0.491093,0.956593,1.42721,1.89072,2.34469,2.77678,3.18494,3.36223,2.91974,2.45552,1.96668,1.46996,0.968574,0.474975,0,0.474975,0.968574,1.46996,1.96668,2.45552,2.91974,3.36223
60,2.7,2.57017,2.36577,2.09341,1.76354,1.38986,0.988458,0.576802,0.988458,1.38986,1.76354,2.09341,2.36577,2.57017,2.7,2.6817,2.54703,2.33798,2.06135,1.7278,1.35126,0.948,0.535601,0.948,1.35126,1.7278,2.06135,2.33798,2.54703,2.6817,2.6637,2.52417,2.31041,2.02945,1.69217,1.31272,0.907557,0.494401,0.907557,1.31272,1.69217,2.02945,2.31041,2.52417,2.6637,2.646,2.50159,2.28308,1.99772,1.65666,1.27423,0.867129,0.453201,0.867128,1.27423,1.65666,1.99772,2.28308,2.50159,2.646,2.62861,2.47929,2.25598,1.96618,1.62126,1.23581,0.826715,0.412001,0.826715,1.23581,1.62126,1.96618,2.25598,2.47929,2.62861,2.61154,2.45728,2.22914,1.93483,1.58598,1.19744,0.786318,0.370801,0.786318,1.19744,1.58598,1.93483,2.22914,2.45728,2.61154,2.59479,2.43557,2.20255,1.90367,1.55083,1.15913,0.745938,0.329601,0.745938,1.15913,1.55083,1.90367,2.20255,2.43557,2.59479,2.57939,2.41417,2.17622,1.87272,1.51581,1.12089,0.705576,0.288401,0.705576,1.12089,1.51581,1.87272,2.17622,2.41417,2.57939,2.60588,2.39308,2.15017,1.84198,1.48093,1.08272,0.665233,0.247201,0.665233,1.08272,1.48093,1.84198,2.15017,2.39308,2.60588,2.66882,2.40686,2.1244,1.81145,1.4462,1.04463,0.624909,0.206001,0.624909,1.04463,1.4462,1.81145,2.1244,2.40686,2.66882,2.76279,2.45959,2.13539,1.78707,1.41162,1.00661,0.584606,0.1648,0.584606,1.00661,1.41162,1.78707,2.13539,2.45959,2.76279,2.88252,2.54232,2.17974,1.79546,1.39083,0.972317,0.544511,0.1236,0.544511,0.972317,1.39083,1.79546,2.17974,2.54232,2.88252,3.02299,2.64972,2.2512,1.83138,1.39961,0.956181,0.513878,0.0824002,0.513878,0.956181,1.39961,1.83138,2.2512,2.64972,3.02299,3.18494,2.77678,2.34469,1.89072,1.42721,0.956593,0.491093,0.0412001,0.491093,0.956593,1.42721,1.89072,2.34469,2.77678,3.18494,3.36223,2.91974,2.45552,1.96668,1.46996,0.968574,0.474975,0,0.474975,0.968574,1.46996,1.96668,2.45552,2.91974,3.36223
61,2.7,2.57017,2.36577,2.09341,1.76354,1.38986,0.988458,0.576802,0.988458,1.38986,1.76354,2.09341,2.36577,2.57017,2.7,2.6817,2.54703,2.33798,2.06135,1.7278,1.35126,0.948,0.535601,0.948,1.35126,1.7278,2.06135,2.33798,2.54703,2.6817,2.6637,2.52417,2.31041,2.02945,1.69217,1.31272,0.907557,0.494401,0.907557,1.31272,1.69217,2.02945,2.31041,2.52417,2.6637,2.646,2.50159,2.28308,1.99772,1.65666,1.27423,0.867129,0.453201,0.867128,1.27423,1.65666,1.99772,2.28308,2.50159,2.646,2.62861,2.47929,2.25598,1.96618,1.62126,1.23581,0.826715,0.412001,0.826715,1.23581,1.62126,1.96618,2.25598,2.47929,2.62861,2.61154,2.45728,2.22914,1.93483,1.58598,1.19744,0.786318,0.370801,0.786318,1.19744,1.58598,1.93483,2.22914,2.45728,2.61154,2.59479,2.43557,2.20255,1.90367,1.55083,1.15913,0.745938,0.329601,0.745938,1.15913,1.55083,1.90367,2.20255,2.43557,2.59479,2.57939,2.41417,2.17622,1.87272,1.51581,1.12089,0.705576,0.288401,0.705576,1.12089,1.51581,1.87272,2.17622,2.41417,2.57939,2.60588,2.39308,2.15017,1.84198,1.48093,1.08272,0.665233,0.247201,0.665233,1.08272,1.48093,1.84198,2.15017,2.39308,2.60588,2.66882,2.40686,2.1244,1.81145,1.4462,1.04463,0.624909,0.206001,0.624909,1.04463,1.4462,1.81145,2.1244,2.40686,2.66882,2.76279,2.45959,2.13539,1.78707,1.41162,1.00661,0.584606,0.1648,0.584606,1.00661,1.41162,1.78707,2.13539,2.45959,2.76279,2.88252,2.54232,2.17974,1.79546,1.39083,0.972317,0.544511,0.1236,0.544511,0.972317,1.39083,1.79546,2.17974,2.54232,2.88252,3.02299,2.64972,2.2512,1.83138,1.39961,0.956181,0.513878,0.0824002,0.513878,0.956181,1.39961,1.83138,2.2512,2.64972,3.02299,3.18494,2.77678,2.34469,1.89072,1.42721,0.956593,0.491093,0.0412001,0.491093,0.956593,1.42721,1.89072,2.34469,2.77678,3.18494,3.36223,2.91974,2.45552,1.96668,1.46996,0.968574,0.474975,0,0.474975,0.968574,1.46996,1.96668,2.45552,2.91974,3.36223
62,2.7,2.57017,2.36577,2.09341,1.76354,1.38986,0.988458,0.576802,0.988458,1.38986,1.76354,2.09341,2.36577,2.57017,2.7,2.6817,2.54703,2.33798,2.06135,1.7278,1.35126,0.948,0.535601,0.948,1.35126,1.7278,2.06135,2.33798,2.54703,2.6817,2.6637,2.52417,2.31041,2.02945,1.69217,1.31272,0.907557,0.494401,0.907557,1.31272,1.69217,2.02945,2.31041,2.52417,2.6637,2.646,2.50159,2.28308,1.99772,1.65666,1.27423,0.867129,0.453201,0.867128,1.27423,1.65666,1.99772,2.28308,2.50159,2.646,2.62861,2.47929,2.25598,1.96618,1.62126,1.23581,0.826715,0.412001,0.826715,1.23581,1.62126,1.96618,2.25598,2.47929,2.62861,2.61154,2.45728,2.22914,1.93483,1.58598,1.19744,0.786318,0.370801,0.786318,1.19744,1.58598,1.93483,2.22914,2.45728,2.61154,2.59479,2.43557,2.20255,1.90367,1.55083,1.15913,0.745938,0.329601,0.745938,1.15913,1.55083,1.90367,2.20255,2.43557,2.59479,2.57939,2.41417,2.17622,1.87272,1.51581,1.12089,0.705576,0.288401,0.705576,1.12089,1.51581,1.87272,2.17622,2.41417,2.57939,2.60588,2.39308,2.15017,1.84198,1.48093,1.08272,0.665233,0.247201,0.665233,1.08272,1.48093,1.84198,2.15017,2.39308,2.60588,2.66882,2.40686,2.1244,1.81145,1.4462,1.04463,0.624909,0.206001,0.624909,1.04463,1.4462,1.81145,2.1244,2.40686,2.66882,2.76279,2.45959,2.13539,1.78707,1.41162,1.00661,0.584606,0.1648,0.584606,1.00661,1.41162,1.78707,2.13539,2.45959,2.76279,2.88252,2.54232,2.17974,1.79546,1.39083,0.972317,0.544511,0.1236,0.544511,0.972317,1.39083,1.79546,2.17974,2.54232,2.88252,3.02299,2.64972,2.2512,1.83138,1.39961,0.956181,0.513878,0.0824002,0.513878,0.956181,1.39961,1.83138,2.2512,2.64972,3.02299,3.18494,2.77678,2.34469,1.89072,1.42721,0.956593,0.491093,0.0412001,0.491093,0.956593,1.42721,1.89072,2.34469,2.77678,3.18494,3.36223,2.91974,2.45552,1.96668,1.46996,0.968574,0.474975,0,0.474975,0.968574,1.46996,1.96668,2.45552,2.91974,3.36223
63,2.7,2.57017,2.36577,2.09341,1.76354,1.38986,0.988458,0.576802,0.988458,1.38986,1.76354,2.09341,2.36577,2.57017,2.7,2.6817,2.54703,2.33798,2.06135,1.7278,1.35126,0.948,0.535601,0.948,1.35126,1.7278,2.06135,2.33798,2.54703,2.6817,2.6637,2.52417,2.31041,2.02945,1.69217,1.31272,0.907557,0.494401,0.907557,1.31272,1.69217,2.02945,2.31041,2.52417,2.6637,2.646,2.50159,2.28308,1.99772,1.65666,1.27423,0.867129,0.453201,0.867128,1.27423,1.65666,1.99772,2.28308,2.50159,2.646,2.62861,2.47929,2.25598,1.96618,1.62126,1.23581,0.826715,0.412001,0.826715,1.23581,1.62126,1.96618,2.25598,2.47929,2.62861,2.61154,2.45728,2.22914,1.93483,1.58598,1.19744,0.786318,0.370801,0.786318,1.19744,1.58598,1.93483,2.22914,2.45728,2.61154,2.59479,2.43557,2.20255,1.90367,1.55083,1.15913,0.745938,0.329601,0.745938,1.15913,1.55083,1.90367,2.20255,2.43557,2.59479,2.57939,2.41417,2.17622,1.87272,1.51581,1.12089,0.705576,0.288401,0.705576,1.12089,1.51581,1.87272,2.17622,2.41417,2.57939,2.60588,2.39308,2.15017,1.84198,1.48093,1.08272,0.665233,0.247201,0.665233,1.08272,1.48093,1.84198,2.15017,2.39308,2.60588,2.66882,2.40686,2.1244,1.81145,1.4462,1.04463,0.624909,0.206001,0.624909,1.04463,1.4462,1.81145,2.1244,2.40686,2.66882,2.76279,2.45959,2.13539,1.78707,1.41162,1.00661,0.584606,0.1648,0.584606,1.00661,1.41162,1.78707,2.13539,2.45959,2.76279,2.88252,2.54232,2.17974,1.79546,1.39083,0.972317,0.544511,0.1236,0.544511,0.972317,1.39083,1.79546,2.17974,2.54232,2.88252,3.02299,2.64972,2.2512,1.83138,1.39961,0.956181,0.513878,0.0824002,0.513878,0.956181,1.39961,1.83138,2.2512,2.64972,3.02299,3.18494,2.77678,2.34469,1.89072,1.42721,0.956593,0.491093,0.0412001,0.491093,0.956593,1.42721,1.89072,2.34469,2.77678,3.18494,3.36223,2.91974,2.45552,1.96668,1.46996,0.968574,0.474975,0,0.474975,0.968574,1.46996,1.96668,2.45552,2.91974,3.36223
64,2.7,2.57017,2.36577,2.09341,1.76354,1.38986,0.988458,0.576802,0.988458,1.38986,1.76354,2.09341,2.36577,2.57017,2.7,2.6817,2.54703,2.33798,2.06135,1.7278,1.35126,0.948,0.535601,0.948,1.35126,1.7278,2.06135,2.33798,2.54703,2.6817,2.6637,2.52417,2.31041,2.02945,1.69217,1.31272,0.907557,0.494401,0.907557,1.31272,1.69217,2.02945,2.31041,2.52417,2.6637,2.646,2.50159,2.28308,1.99772,1.65666,1.27423,0.867129,0.453201,0.867128,1.27423,1.65666,1.99772,2.28308,2.50159,2.646,2.62861,2.47929,2.25598,1.96618,1.62126,1.23581,0.826715,0.412001,0.826715,1.23581,1.62126,1.96618,2.25598,2.47929,2.62861,2.61154,2.45728,2.22914,1.93483,1.58598,1.19744,0.786318,0.370801,0.786318,1.19744,1.58598,1.93483,2.22914,2.45728,2.61154,2.59479,2.43557,2.20255,1.90367,1.55083,1.15913,0.745938,0.329601,0.745938,1.15913,1.55083,1.90367,2.20255,2.43557,2.59479,2.57939,2.41417,2.17622,1.87272,1.51581,1.12089,0.705576,0.288401,0.705576,1.12089,1.51581,1.87272,2.17622,2.41417,2.57939,2.60588,2.39308,2.15017,1.84198,1.48093,1.08272,0.665233,0.247201,0.665233,1.08272,1.48093,1.84198,2.15017,2.39308,2.60588,2.66882,2.40686,2.1244,1.81145,1.4462,1.04463,0.624909,0.206001,0.624909,1.04463,1.4462,1.81145,2.1244,2.40686,2.66882,2.76279,2.45959,2.13539,1.78707,1.41162,1.00661,0.584606,0.1648,0.584606,1.00661,1.41162,1.78707,2.13539,2.45959,2.76279,2.88252,2.54232,2.17974,1.79546,1.39083,0.972317,0.544511,0.1236,0.544511,0.972317,1.39083,1.79546,2.17974,2.54232,2.88252,3.02299,2.64972,2.2512,1.83138,1.39961,0.956181,0.513878,0.0824002,0.513878,0.956181,1.39961,1.83138,2.2512,2.64972,3.02299,3.18494,2.77678,2.34469,1.89072,1.42721,0.956593,0.491093,0.0412001,0.491093,0.956593,1.42721,1.89072,2.34469,2.77678,3.18494,3.36223,2.91974,2.45552,1.96668,1.46996,0.968574,0.474975,0,0.474975,0.968574,1.46996,1.96668,2.45552,2.91974,3.36223
65,2.7,2.57017,2.36577,2.09341,1.76354,1.38986,0.988458,0.576802,0.988458,1.38986,1.76354,2.09341,2.36577,2.57017,2.7,2.6817,2.54703,2.33798,2.06135,1.7278,1.35126,0.948,0.535601,0.948,1.35126,1.7278,2.06135,2.33798,2.54703,2.6817,2.6637,2.52417,2.31041,2.02945,1.69217,1.31272,0.907557,0.494401,0.907557,1.31272,1.69217,2.02945,2.31041,2.52417,2.6637,2.646,2.50159,2.28308,1.99772,1.65666,1.27423,0.867129,0.453201,0.867128,1.27423,1.65666,1.99772,2.28308,2.50159,2.646,2.62861,2.47929,2.25598,1.96618,1.62126,1.23581,0.826715,0.412001,0.826715,1.23581,1.62126,1.96618,2.25598,2.47929,2.62861,2.61154,2.45728,2.22914,1.93483,1.58598,1.19744,0.786318,0.370801,0.786318,1.19744,1.58598,1.93483,2.22914,2.45728,2.61154,2.59479,2.43557,2.20255,1.90367,1.55083,1.15913,0.745938,0.329601,0.745938,1.15913,1.55083,1.90367,2.20255,2.43557,2.59479,2.57939,2.41417,2.17622,1.87272,1.51581,1.12089,0.705576,0.288401,0.705576,1.12089,1.51581,1.87272,2.17622,2.41417,2.57939,2.60588,2.39308,2.15017,1.84198,1.48093,1.08272,0.665233,0.247201,0.665233,1.08272,1.48093,1.84198,2.15017,2.39308,2.60588,2.66882,2.40686,2.1244,1.81145,1.4462,1.04463,0.624909,0.206001,0.624909,1.04463,1.4462,1.81145,2.1244,2.40686,2.66882,2.76279,2.45959,2.13539,1.78707,1.41162,1.00661,0.584606,0.1648,0.584606,1.00661,1.41162,1.78707,2.13539,2.45959,2.76279,2.88252,2.54232,2.17974,1.79546,1.39083,0.972317,0.544511,0.1236,0.544511,0.972317,1.39083,1.79546,2.17974,2.54232,2.88252,3.02299,2.64972,2.2512,1.83138,1.39961,0.956181,0.513878,0.0824002,0.513878,0.956181,1.39961,1.83138,2.2512,2.64972,3.02299,3.18494,2.77678,2.34469,1.89072,1.42721,0.956593,0.491093,0.0412001,0.491093,0.956593,1.42721,1.89072,2.34469,2.77678,3.18494,3.36223,2.91974,2.45552,1.96668,1.46996,0.968574,0.474975,0,0.474975,0.968574,1.46996,1.96668,2.45552,2.91974,3.36223
66,2.7,2.57017,2.36577,2.09341,1.76354,1.38986,0.988458,0.576802,0.988458,1.38986,1.76354,2.09341,2.36577,2.57017,2.7,2.6817,2.54703,2.33798,2.06135,1.7278,1.35126,0.948,0.535601,0.948,1.35126,1.7278,2.06135,2.33798,2.54703,2.6817,2.6637,2.52417,2.31041,2.02945,1.69217,1.31272,0.907557,0.494401,0.907557,1.31272,1.69217,2.02945,2.31041,2.52417,2.6637,2.646,2.50159,2.28308,1.99772,1.65666,1.27423,0.867129,0.453201,0.867128,1.27423,1.65666,1.99772,2.28308,2.50159,2.646,2.62861,2.47929,2.25598,1.96618,1.62126,1.23581,0.826715,0.412001,0.826715,1.23581,1.62126,1.96618,2.25598,2.47929,2.62861,2.61154,2.45728,2.22914,1.93483,1.58598,1.19744,0.786318,0.370801,0.786318,1.19744,1.58598,1.93483,2.22914,2.45728,2.61154,2.59479,2.43557,2.20255,1.90367,1.55083,1.15913,0.745938,0.329601,0.745938,1.15913,1.55083,1.90367,2.20255,2.43557,2.59479,2.57939,2.41417,2.17622,1.87272,1.51581,1.12089,0.705576,0.288401,0.705576,1.12089,1.51581,1.87272,2.17622,2.41417,2.57939,2.60588,2.39308,2.15017,1.84198,1.48093,1.08272,0.665233,0.247201,0.665233,1.08272,1.48093,1.84198,2.15017,2.39308,2.60588,2.66882,2.40686,2.1244,1.81145,1.4462,1.04463,0.624909,0.206001,0.624909,1.04463,1.4462,1.81145,2.1244,2.40686,2.66882,2.76279,2.45959,2.13539,1.78707,1.41162,1.00661,0.584606,0.1648,0.584606,1.00661,1.41162,1.78707,2.13539,2.45959,2.76279,2.88252,2.54232,2.17974,1.79546,1.39083,0.972317,0.544511,0.1236,0.544511,0.972317,1.39083,1.79546,2.17974,2.54232,2.88252,3.02299,2.64972,2.2512,1.83138,1.39961,0.956181,0.513878,0.0824002,0.513878,0.956181,1.39961,1.83138,2.2512,2.64972,3.02299,3.18494,2.77678,2.34469,1.89072,1.42721,0.956593,0.491093,0.0412001,0.491093,0.956593,1.42721,1.89072,2.34469,2.77678,3.18494,3.36223,2.91974,2.45552,1.96668,1.46996,0.968574,0.474975,0,0.474975,0.968574,1.46996,1.96668,2.45552,2.91974,3.36223
67,2.7,2.57017,2.36577,2.09341,1.76354,1.38986,0.988458,0.576802,0.988458,1.38986,1.76354,2.09341,2.36577,2.57017,2.7,2.6817,2.54703,2.33798,2.06135,1.7278,1.35126,0.948,0.535601,0.948,1.35126,1.7278,2.06135,2.33798,2.54703,2.6817,2.6637,2.52417,2.31041,2.02945,1.69217,1.31272,0.907557,0.494401,0.907557,1.31272,1.69217,2.02945,2.31041,2.52417,2.6637,2.646,2.50159,2.28308,1.99772,1.65666,1.27423,0.867129,0.453201,0.867128,1.27423,1.65666,1.99772,2.28308,2.50159,2.646,2.62861,2.47929,2.25598,1.96618,1.62126,1.23581,0.826715,0.412001,0.826715,1.23581,1.62126,1.96618,2.25598,2.47929,2.62861,2.61154,2.45728,2.22914,1.93483,1.58598,1.19744,0.786318,0.370801,0.786318,1.19744,1.58598,1.93483,2.22914,2.45728,2.61154,2.59479,2.43557,2.20255,1.90367,1.55083,1.15913,0.745938,0.329601,0.745938,1.15913,1.55083,1.90367,2.20255,2.43557,2.59479,2.57939,2.41417,2.17622,1.87272,1.51581,1.12089,0.705576,0.288401,0.705576,1.12089,1.51581,1.87272,2.17622,2.41417,2.57939,2.60588,2.39308,2.15017,1.84198,1.48093,1.08272,0.665233,0.247201,0.665233,1.08272,1.48093,1.84198,2.15017,2.39308,2.60588,2.66882,2.40686,2.1244,1.81145,1.4462,1.04463,0.624909,0.206001,0.624909,1.04463,1.4462,1.81145,2.1244,2.40686,2.66882,2.76279,2.45959,2.13539,1.78707,1.41162,1.00661,0.584606,0.1648,0.584606,1.00661,1.41162,1.78707,2.13539,2.45959,2.76279,2.88252,2.54232,2.17974,1.79546,1.39083,0.972317,0.544511,0.1236,0.544511,0.972317,1.39083,1.79546,2.17974,2.54232,2.88252,3.02299,2.64972,2.2512,1.83138,1.39961,0.956181,0.513878,0.0824002,0.513878,0.956181,1.39961,1.83138,2.2512,2.64972,3.02299,3.18494,2.77678,2.34469,1.89072,1.42721,0.956593,0.491093,0.0412001,0.491093,0.956593,1.42721,1.89072,2.34469,2.77678,3.18494,3.36223,2.91974,2.45552,1.96668,1.46996,0.968574,0.474975,0,0.474975,0.968574,1.46996,1.96668,2.45552,2.91974,3.36223
68,2.7,2.57017,2.36577,2.09341,1.76354,1.38986,0.988458,0.576802,0.988458,1.38986,1.76354,2.09341,2.36577,2.57017,2.7,2.6817,2.54703,2.33798,2.06135,1.7278,1.35126,0.948,0.535601,0.948,1.35126,1.7278,2.06135,2.33798,2.54703,2.6817,2.6637,2.52417,2.31041,2.02945,1.69217,1.31272,0.907557,0.494401,0.907557,1.31272,1.69217,2.02945,2.31041,2.52417,2.6637,2.646,2.50159,2.28308,1.99772,1.65666,1.27423,0.867129,0.453201,0.867128,1.27423,1.65666,1.99772,2.28308,2.50159,2.646,2.62861,2.47929,2.25598,1.96618,1.62126,1.23581,0.826715,0.412001,0.826715,1.23581,1.62126,1.96618,2.25598,2.47929,2.62861,2.61154,2.45728,2.22914,1.93483,1.58598,1.19744,0.786318,0.370801,0.786318,1.19744,1.58598,1.93483,2.22914,2.45728,2.61154,2.59479,2.43557,2.20255,1.90367,1.55083,1.15913,0.745938,0.329601,0.745938,1.15913,1.55083,1.90367,2.20255,2.43557,2.59479,2.57939,2.41417,2.17622,1.87272,1.51581,1.12089,0.705576,0.288401,0.705576,1.12089,1.51581,1.87272,2.17622,2.41417,2.57939,2.60588,2.39308,2.15017,1.84198,1.48093,1.08272,0.665233,0.247201,0.665233,1.08272,1.48093,1.84198,2.15017,2.39308,2.60588,2.66882,2.40686,2.1244,1.81145,1.4462,1.04463,0.624909,0.206001,0.624909,1.04463,1.4462,1.81145,2.1244,2.40686,2.66882,2.76279,2.45959,2.13539,1.78707,1.41162,1.00661,0.584606,0.1648,0.584606,1.00661,1.41162,1.78707,2.13539,2.45959,2.76279,2.88252,2.54232,2.17974,1.79546,1.39083,0.972317,0.544511,0.1236,0.544511,0.972317,1.39083,1.79546,2.17974,2.54232,2.88252,3.02299,2.64972,2.2512,1.83138,1.39961,0.956181,0.513878,0.0824002,0.513878,0.956181,1.39961,1.83138,2.2512,2.64972,3.02299,3.18494,2.77678,2.34469,1.89072,1.42721,0.956593,0.491093,0.0412001,0.491093,0.956593,1.42721,1.89072,2.34469,2.77678,3.18494,3.36223,2.91974,2.45552,1.96668,1.46996,0.968574,0.474975,0,0.474975,0.968574,1.46996,1.96668,2.45552,2.91974,3.36223
69,2.7,2.57017,2.36577,2.09341,1.76354,1.38986,0.988458,0.576802,0.988458,1.38986,1.76354,2.09341,2.36577,2.57017,2.7,2.6817,2.54703,2.33798,2.06135,1.7278,1.35126,0.948,0.535601,0.948,1.35126,1.7278,2.06135,2.33798,2.54703,2.6817,2.6637,2.52417,2.31041,2.02945,1.69217,1.31272,0.907557,0.494401,0.907557,1.31272,1.69217,2.02945,2.31041,2.52417,2.6637,2.646,2.50159,2.28308,1.99772,1.65666,1.27423,0.867129,0.453201,0.867128,1.27423,1.65666,1.99772,2.28308,2.50159,2.646,2.62861,2.47929,2.25598,1.96618,1.62126,1.23581,0.826715,0.412001,0.826715,1.23581,1.62126,1.96618,2.25598,2.47929,2.62861,2.61154,2.45728,2.22914,1.93483,1.58598,1.19744,0.786318,0.370801,0.786318,1.19744,1.58598,1.93483,2.22914,2.45728,2.61154,2.59479,2.43557,2.20255,1.90367,1.55083,1.15913,0.745938,0.329601,0.745938,1.15913,1.55083,1.90367,2.20255,2.43557,2.59479,2.57939,2.41417,2.17622,1.87272,1.51581,1.12089,0.705576,0.288401,0.705576,1.12089,1.51581,1.87272,2.17622,2.41417,2.57939,2.60588,2.39308,2.15017,1.84198,1.48093,1.08272,0.665233,0.247201,0.665233,1.08272,1.48093,1.84198,2.15017,2.39308,2.60588,2.66882,2.40686,2.1244,1.81145,1.4462,1.04463,0.624909,0.206001,0.624909,1.04463,1.4462,1.81145,2.1244,2.40686,2.66882,2.76279,2.45959,2.13539,1.78707,1.41162,1.00661,0.584606,0.1648,0.584606,1.00661,1.41162,1.78707,2.13539,2.45959,2.76279,2.88252,2.54232,2.17974,1.79546,1.39083,0.972317,0.544511,0.1236,0.544511,0.972317,1.39083,1.79546,2.17974,2.54232,2.88252,3.02299,2.64972,2.2512,1.83138,1.39961,0.956181,0.513878,0.0824002,0.513878,0.956181,1.39961,1.83138,2.2512,2.64972,3.02299,3.18494,2.77678,2.34469,1.89072,1.42721,0.956593,0.491093,0.0412001,0.491093,0.956593,1.42721,1.89072,2.34469,2.77678,3.18494,3.36223,2.91974,2.45552,1.96668,1.46996,0.968574,0.474975,0,0.474975,0.968574,1.46996,1.96668,2.45552,2.91974,3.36223
70,2.7,2.57017,2.36577,2.09341,1.76354,1.38986,0.988458,0.576802,0.988458,1.38986,1.76354,2.09341,2.36577,2.57017,2.7,2.6817,2.54703,2.33798,2.06135,1.7278,1.35126,0.948,0.535601,0.948,1.35126,1.7278,2.06135,2.33798,2.54703,2.6817,2.6637,2.52417,2.31041,2.02945,1.69217,1.31272,0.907557,0.494401,0.907557,1.31272,1.69217,2.02945,2.31041,2.52417,2.6637,2.646,2.50159,2.28308,1.99772,1.65666,1.27423,0.867129,0.453201,0.867128,1.27423,1.65666,1.99772,2.28308,2.50159,2.646,2.62861,2.47929,2.25598,1.96618,1.62126,1.23581,0.826715,0.412001,0.826715,1.23581,1.62126,1.96618,2.25598,2.47929,2.62861,2.61154,2.45728,2.22914,1.93483,1.58598,1.19744,0.786318,0.370801,0.786318,1.19744,1.58598,1.93483,2.22914,2.45728,2.61154,2.59479,2.43557,2.20255,1.90367,1.55083,1.15913,0.745938,0.329601,0.745938,1.15913,1.55083,1.90367,2.20255,2.43557,2.59479,2.57939,2.41417,2.17622,1.87272,1.51581,1.12089,0.705576,0.288401,0.705576,1.12089,1.51581,1.87272,2.17622,2.41417,2.57939,2.60588,2.39308,2.15017,1.84198,1.48093,1.08272,0.665233,0.247201,0.665233,1.08272,1.48093,1.84198,2.15017,2.39308,2.60588,2.66882,2.40686,2.1244,1.81145,1.4462,1.04463,0.624909,0.206001,0.624909,1.04463,1.4462,1.81145,2.1244,2.40686,2.66882,2.76279,2.45959,2.13539,1.78707,1.41162,1.00661,0.584606,0.1648,0.584606,1.00661,1.41162,1.78707,2.13539,2.45959,2.76279,2.88252,2.54232,2.17974,1.79546,1.39083,0.972317,0.544511,0.1236,0.544511,0.972317,1.39083,1.79546,2.17974,2.54232,2.88252,3.02299,2.64972,2.2512,1.83138,1.39961,0.956181,0.513878,0.0824002,0.513878,0.956181,1.39961,1.83138,2.2512,2.64972,3.02299,3.18494,2.77678,2.34469,1.89072,1.42721,0.956593,0.491093,0.0412001,0.491093,0.956593,1.42721,1.89072,2.34469,2.77678,3.18494,3.36223,2.91974,2.45552,1.96668,1.46996,0.968574,0.474975,0,0.474975,0.968574,1.46996,1.96668,2.45552,2.91974,3.36223
71,2.7,2.57017,2.36577,2.09341,1.76354,1.38986,0.988458,0.576802,0.988458,1.38986,1.76354,2.09341,2.36577,2.57017,2.7,2.6817,2.54703,2.33798,2.06135,1.7278,1.35126,0.948,0.535601,0.948,1.35126,1.7278,2.06135,2.33798,2.54703,2.6817,2.6637,2.52417,2.31041,2.02945,1.69217,1.31272,0.907557,0.494401,0.907557,1.31272,1.69217,2.02945,2.31041,2.52417,2.6637,2.646,2.50159,2.28308,1.99772,1.65666,1.27423,0.867129,0.453201,0.867128,1.27423,1.65666,1.99772,2.28308,2.50159,2.646,2.62861,2.47929,2.25598,1.96618,1.62126,1.23581,0.826715,0.412001,0.826715,1.23581,1.62126,1.96618,2.25598,2.47929,2.62861,2.61154,2.45728,2.22914,1.93483,1.58598,1.19744,0.786318,0.370801,0.786318,1.19744,1.58598,1.93483,2.22914,2.45728,2.61154,2.59479,2.43557,2.20255,1.90367,1.55083,1.15913,0.745938,0.329601,0.745938,1.15913,1.55083,1.90367,2.20255,2.43557,2.59479,2.57939,2.41417,2.17622,1.87272,1.51581,1.12089,0.705576,0.288401,0.705576,1.12089,1.51581,1.87272,2.17622,2.41417,2.57939,2.60588,2.39308,2.15017,1.84198,1.48093,1.08272,0.665233,0.247201,0.665233,1.08272,1.48093,1.84198,2.15017,2.39308,2.60588,2.66882,2.40686,2.1244,1.81145,1.4462,1.04463,0.624909,0.206001,0.624909,1.04463,1.4462,1.81145,2.1244,2.40686,2.66882,2.76279,2.45959,2.13539,1.78707,1.41162,1.00661,0.584606,0.1648,0.584606,1.00661,1.41162,1.78707,2.13539,2.45959,2.76279,2.88252,2.54232,2.17974,1.79546,1.39083,0.972317,0.544511,0.1236,0.544511,0.972317,1.39083,1.79546,2.17974,2.54232,2.88252,3.02299,2.64972,2.2512,1.83138,1.39961,0.956181,0.513878,0.0824002,0.513878,0.956181,1.39961,1.83138,2.2512,2.64972,3.02299,3.18494,2.77678,2.34469,1.89072,1.42721,0.956593,0.491093,0.0412001,0.491093,0.956593,1.42721,1.89072,2.34469,2.77678,3.18494,3.36223,2.91974,2.45552,1.96668,1.46996,0.968574,0.474975,0,0.474975,0.968574,1.46996,1.96668,2.45552,2.91974,3.36223
72,2.7,2.57017,2.36577,2.09341,1.76354,1.38986,0.988458,0.576802,0.988458,1.38986,1.76354,2.09341,2.36577,2.57017,2.7,2.6817,2.54703,2.33798,2.06135,1.7278,1.35126,0.948,0.535601,0.948,1.35126,1.7278,2.06135,2.33798,2.54703,2.6817,2.6637,2.52417,2.31041,2.02945,1.69217,1.31272,0.907557,0.494401,0.907557,1.31272,1.69217,2.02945,2.31041,2.52417,2.6637,2.646,2.50159,2.28308,1.99772,1.65666,1.27423,0.867129,0.453201,0.867128,1.27423,1.65666,1.99772,2.28308,2.50159,2.646,2.62861,2.47929,2.25598,1.96618,1.62126,1.23581,0.826715,0.412001,0.826715,1.23581,1.62126,1.96618,2.25598,2.47929,2.62861,2.61154,2.45728,2.22914,1.93483,1.58598,1.19744,0.786318,0.370801,0.786318,1.19744,1.58598,1.93483,2.22914,2.45728,2.61154,2.59479,2.43557,2.20255,1.90367,1.55083,1.15913,0.745938,0.329601,0.745938,1.15913,1.55083,1.90367,2.20255,2.43557,2.59479,2.57939,2.41417,2.17622,1.87272,1.51581,1.12089,0.705576,0.288401,0.705576,1.12089,1.51581,1.87272,2.17622,2.41417,2.57939,2.60588,2.39308,2.15017,1.84198,1.48093,1.08272,0.665233,0.247201,0.665233,1.08272,1.48093,1.84198,2.15017,2.39308,2.60588,2.66882,2.40686,2.1244,1.81145,1.4462,1.04463,0.624909,0.206001,0.624909,1.04463,1.4462,1.81145,2.1244,2.40686,2.66882,2.76279,2.45959,2.13539,1.78707,1.41162,1.00661,0.584606,0.1648,0.584606,1.00661,1.41162,1.78707,2.13539,2.45959,2.76279,2.88252,2.54232,2.17974,1.79546,1.39083,0.972317,0.544511,0.1236,0.544511,0.972317,1.39083,1.79546,2.17974,2.54232,2.88252,3.02299,2.64972,2.2512,1.83138,1.39961,0.956181,0.513878,0.0824002,0.513878,0.956181,1.39961,1.83138,2.2512,2.64972,3.02299,3.18494,2.77678,2.34469,1.89072,1.42721,0.956593,0.491093,0.0412001,0.491093,0.956593,1.42721,1.89072,2.34469,2.77678,3.18494,3.36223,2.91974,2.45552,1.96668,1.46996,0.968574,0.474975,0,0.474975,0.968574,1.46996,1.96668,2.45552,2.91974,3.36223
73,2.7,2.57017,2.36577,2.09341,1.76354,1.38986,0.988458,0.576802,0.988458,1.38986,1.76354,2.09341,2.36577,2.57017,2.7,2.6817,2.54703,2.33798,2.06135,1.7278,1.35126,0.948,0.535601,0.948,1.35126,1.7278,2.06135,2.33798,2.54703,2.6817,2.6637,2.52417,2.31041,2.02945,1.69217,1.31272,0.907557,0.494401,0.907557,1.31272,1.69217,2.02945,2.31041,2.52417,2.6637,2.646,2.50159,2.28308,1.99772,1.65666,1.27423,0.867129,0.453201,0.867128,1.27423,1.65666,1.99772,2.28308,2.50159,2.646,2.62861,2.47929,2.25598,1.96618,1.62126,1.23581,0.826715,0.412001,0.826715,1.23581,1.62126,1.96618,2.25598,2.47929,2.62861,2.61154,2.45728,2.22914,1.93483,1.58598,1.19744,0.786318,0.370801,0.786318,1.19744,1.58598,1.93483,2.22914,2.45728,2.61154,2.59479,2.43557,2.20255,1.90367,1.55083,1.15913,0.745938,0.329601,0.745938,1.15913,1.55083,1.90367,2.20255,2.43557,2.59479,2.57939,2.41417,2.17622,1.87272,1.51581,1.12089,0.705576,0.288401,0.705576,1.12089,1.51581,1.87272,2.17622,2.41417,2.57939,2.60588,2.39308,2.15017,1.84198,1.48093,1.08272,0.665233,0.247201,0.665233,1.08272,1.48093,1.84198,2.15017,2.39308,2.60588,2.66882,2.40686,2.1244,1.81145,1.4462,1.04463,0.624909,0.206001,0.624909,1.04463,1.4462,1.81145,2.1244,2.40686,2.66882,2.76279,2.45959,2.13539,1.78707,1.41162,1.00661,0.584606,0.1648,0.584606,1.00661,1.41162,1.78707,2.13539,2.45959,2.76279,2.88252,2.54232,2.17974,1.79546,1.39083,0.972317,0.544511,0.1236,0.544511,0.972317,1.39083,1.79546,2.17974,2.54232,2.88252,3.02299,2.64972,2.2512,1.83138,1.39961,0.956181,0.513878,0.0824002,0.513878,0.956181,1.39961,1.83138,2.2512,2.64972,3.02299,3.18494,2.77678,2.34469,1.89072,1.42721,0.956593,0.491093,0.0412001,0.491093,0.956593,1.42721,1.89072,2.34469,2.77678,3.18494,3.36223,2.91974,2.45552,1.96668,1.46996,0.968574,0.474975,0,0.474975,0.968574,1.46996,1.96668,2.45552,2.91974,3.36223
74,2.7,2.57017,2.36577,2.09341,1.76354,1.38986,0.988458,0.576802,0.988458,1.38986,1.76354,2.09341,2.36577,2.57017,2.7,2.6817,2.54703,2.33798,2.06135,1.7278,1.35126,0.948,0.535601,0.948,1.35126,1.7278,2.06135,2.33798,2.54703,2.6817,2.6637,2.52417,2.31041,2.02945,1.69217,1.31272,0.907557,0.494401,0.907557,1.31272,1.69217,2.02945,2.31041,2.52417,2.6637,2.646,2.50159,2.28308,1.99772,1.65666,1.27423,0.867129,0.453201,0.867128,1.27423,1.65666,1.99772,2.28308,2.50159,2.646,2.62861,2.47929,2.25598,1.96618,1.62126,1.23581,0.826715,0.412001,0.826715,1.23581,1.62126,1.96618,2.25598,2.47929,2.62861,2.61154,2.45728,2.22914,1.93483,1.58598,1.19744,0.786318,0.370801,0.786318,1.19744,1.58598,1.93483,2.22914,2.45728,2.61154,2.59479,2.43557,2.20255,1.90367,1.55083,1.15913,0.745938,0.329601,0.745938,1.15913,1.55083,1.90367,2.20255,2.43557,2.59479,2.57939,2.41417,2.17622,1.87272,1.51581,1.12089,0.705576,0.288401,0.705576,1.12089,1.51581,1.87272,2.17622,2.41417,2.57939,2.60588,2.39308,2.15017,1.84198,1.48093,1.08272,0.665233,0.247201,0.665233,1.08272,1.48093,1.84198,2.15017,2.39308,2.60588,2.66882,2.40686,2.1244,1.81145,1.4462,1.04463,0.624909,0.206001,0.624909,1.04463,1.4462,1.81145,2.1244,2.40686,2.66882,2.76279,2.45959,2.13539,1.78707,1.41162,1.00661,0.584606,0.1648,0.584606,1.00661,1.41162,1.78707,2.13539,2.45959,2.76279,2.88252,2.54232,2.17974,1.79546,1.39083,0.972317,0.544511,0.1236,0.544511,0.972317,1.39083,1.79546,2.17974,2.54232,2.88252,3.02299,2.64972,2.2512,1.83138,1.39961,0.956181,0.513878,0.0824002,0.513878,0.956181,1.39961,1.83138,2.2512,2.64972,3.02299,3.18494,2.77678,2.34469,1.89072,1.42721,0.956593,0.491093,0.0412001,0.491093,0.956593,1.42721,1.89072,2.34469,2.77678,3.18494,3.36223,2.91974,2.45552,1.96668,1.46996,0.968574,0.474975,0,0.474975,0.968574,1.46996,1.96668,2.45552,2.91974,3.36223
75,2.7,2.57017,2.36577,2.09341,1.76354,1.38986,0.988458,0.576802,0.988458,1.38986,1.76354,2.09341,2.36577,2.57017,2.7,2.6817,2.54703,2.33798,2.06135,1.7278,1.35126,0.948,0.535601,0.948,1.35126,1.7278,2.06135,2.33798,2.54703,2.6817,2.6637,2.52417,2.31041,2.02945,1.69217,1.31272,0.907557,0.494401,0.907557,1.31272,1.69217,2.02945,2.31041,2.52417,2.6637,2.646,2.50159,2.28308,1.99772,1.65666,1.27423,0.867129,0.453201,0.867128,1.27423,1.65666,1.99772,2.28308,2.50159,2.646,2.62861,2.47929,2.25598,1.96618,1.62126,1.23581,0.826715,0.412001,0.826715,1.23581,1.62126,1.96618,2.25598,2.47929,2.62861,2.61154,2.45728,2.22914,1.93483,1.58598,1.19744,0.786318,0.370801,0.786318,1.19744,1.58598,1.93483,2.22914,2.45728,2.61154,2.59479,2.43557,2.20255,1.90367,1.55083,1.15913,0.745938,0.329601,0.745938,1.15913,1.55083,1.90367,2.20255,2.43557,2.59479,2.57939,2.41417,2.17622,1.87272,1.51581,1.12089,0.705576,0.288401,0.705576,1.12089,1.51581,1.87272,2.17622,2.41417,2.57939,2.60588,2.39308,2.15017,1.84198,1.48093,1.08272,0.665233,0.247201,0.665233,1.08272,1.48093,1.84198,2.15017,2.39308,2.60588,2.66882,2.40686,2.1244,1.81145,1.4462,1.04463,0.624909,0.206001,0.624909,1.04463,1.4462,1.81145,2.1244,2.40686,2.66882,2.76279,2.45959,2.13539,1.78707,1.41162,1.00661,0.584606,0.1648,0.584606,1.00661,1.41162,1.78707,2.13539,2.45959,2.76279,2.88252,2.54232,2.17974,1.79546,1.39083,0.972317,0.544511,0.1236,0.544511,0.972317,1.39083,1.79546,2.17974,2.54232,2.88252,3.02299,2.64972,2.2512,1.83138,1.39961,0.956181,0.513878,0.0824002,0.513878,0.956181,1.39961,1.83138,2.2512,2.64972,3.02299,3.18494,2.77678,2.34469,1.89072,1.42721,0.956593,0.491093,0.0412001,0.491093,0.956593,1.42721,1.89072,2.34469,2.77678,3.18494,3.36223,2.91974,2.45552,1.96668,1.46996,0.968574,0.474975,0,0.474975,0.968574,1.46996,1.96668,2.45552,2.91974,3.36223
76,2.7,2.57017,2.36577,2.09341,1.76354,1.38986,0.988458,0.576802,0.988458,1.38986,1.76354,2.09341,2.36577,2.57017,2.7,2.6817,2.54703,2.33798,2.06135,1.7278,1.35126,0.948,0.535601,0.948,1.35126,1.7278,2.06135,2.33798,2.54703,2.6817,2.6637,2.52417,2.31041,2.02945,1.69217,1.31272,0.907557,0.494401,0.907557,1.31272,1.69217,2.02945,2.31041,2.52417,2.6637,2.646,2.50159,2.28308,1.99772,1.65666,1.27423,0.867129,0.453201,0.867128,1.27423,1.65666,1.99772,2.28308,2.50159,2.646,2.62861,2.47929,2.25598,1.96618,1.62126,1.23581,0.826715,0.412001,0.826715,1.23581,1.62126,1.96618,2.25598,2.47929,2.62861,2.61154,2.45728,2.22914,1.93483,1.58598,1.19744,0.786318,0.370801,0.786318,1.19744,1.58598,1.93483,2.22914,2.45728,2.61154,2.59479,2.43557,2.20255,1.90367,1.55083,1.15913,0.745938,0.329601,0.745938,1.15913,1.55083,1.90367,2.20255,2.43557,2.59479,2.57939,2.41417,2.17622,1.87272,1.51581,1.12089,0.705576,0.288401,0.705576,1.12089,1.51581,1.87272,2.17622,2.41417,2.57939,2.60588,2.39308,2.15017,1.84198,1.48093,1.08272,0.665233,0.247201,0.665233,1.08272,1.48093,1.84198,2.15017,2.39308,2.60588,2.66882,2.40686,2.1244,1.81145,1.4462,1.04463,0.624909,0.206001,0.624909,1.04463,1.4462,1.81145,2.1244,2.40686,2.66882,2.76279,2.45959,2.13539,1.78707,1.41162,1.00661,0.584606,0.1648,0.584606,1.00661,1.41162,1.78707,2.13539,2.45959,2.76279,2.88252,2.54232,2.17974,1.79546,1.39083,0.972317,0.544511,0.1236,0.544511,0.972317,1.39083,1.79546,2.17974,2.54232,2.88252,3.02299,2.64972,2.2512,1.83138,1.39961,0.956181,0.513878,0.0824002,0.513878,0.956181,1.39961,1.83138,2.2512,2.64972,3.02299,3.18494,2.77678,2.34469,1.89072,1.42721,0.956593,0.491093,0.0412001,0.491093,0.956593,1.42721,1.89072,2.34469,2.77678,3.18494,3.36223,2.91974,2.45552,1.96668,1.46996,0.968574,0.474975,0,0.474975,0.968574,1.46996,1.96668,2.45552,2.91974,3.36223
77,2.7,2.57017,2.36577,2.09341,1.76354,1.38986,0.988458,0.576802,0.988458,1.38986,1.76354,2.09341,2.36577,2.57017,2.7,2.6817,2.54703,2.33798,2.06135,1.7278,1.35126,0.948,0.535601,0.948,1.35126,1.7278,2.06135,2.33798,2.54703,2.6817,2.6637,2.52417,2.31041,2.02945,1.69217,1.31272,0.907557,0.494401,0.907557,1.31272,1.69217,2.02945,2.31041,2.52417,2.6637,2.646,2.50159,2.28308,1.99772,1.65666,1.27423,0.867129,0.453201,0.867128,1.27423,1.65666,1.99772,2.28308,2.50159,2.646,2.62861,2.47929,2.25598,1.96618,1.62126,1.23581,0.826715,0.412001,0.826715,1.23581,1.62126,1.96618,2.25598,2.47929,2.62861,2.61154,2.45728,2.22914,1.93483,1.58598,1.19744,0.786318,0.370801,0.786318,1.19744,1.58598,1.93483,2.22914,2.45728,2.61154,2.59479,2.43557,2.20255,1.90367,1.55083,1.15913,0.745938,0.329601,0.745938,1.15913,1.55083,1.90367,2.20255,2.43557,2.59479,2.57939,2.41417,2.17622,1.87272,1.51581,1.12089,0.705576,0.288401,0.705576,1.12089,1.51581,1.87272,2.17622,2.41417,2.57939,2.60588,2.39308,2.15017,1.84198,1.48093,1.08272,0.665233,0.247201,0.665233,1.08272,1.48093,1.84198,2.15017,2.39308,2.60588,2.66882,2.40686,2.1244,1.81145,1.4462,1.04463,0.624909,0.206001,0.624909,1.04463,1.4462,1.81145,2.1244,2.40686,2.66882,2.76279,2.45959,2.13539,1.78707,1.41162,1.00661,0.584606,0.1648,0.584606,1.00661,1.41162,1.78707,2.13539,2.45959,2.76279,2.88252,2.54232,2.17974,1.79546,1.39083,0.972317,0.544511,0.1236,0.544511,0.972317,1.39083,1.79546,2.17974,2.54232,2.88252,3.02299,2.64972,2.2512,1.83138,1.39961,0.956181,0.513878,0.0824002,0.513878,0.956181,1.39961,1.83138,2.2512,2.64972,3.02299,3.18494,2.77678,2.34469,1.89072,1.42721,0.956593,0.491093,0.0412001,0.491093,0.956593,1.42721,1.89072,2.34469,2.77678,3.18494,3.36223,2.91974,2.45552,1.96668,1.46996,0.968574,0.474975,0,0.474975,0.968574,1.46996,1.96668,2.45552,2.91974,3.36223
78,2.7,2.57017,2.36577,2.09341,1.76354,1.38986,0.988458,0.576802,0.988458,1.38986,1.76354,2.09341,2.36577,2.57017,2.7,2.6817,2.54703,2.33798,2.06135,1.7278,1.35126,0.948,0.535601,0.948,1.35126,1.7278,2.06135,2.33798,2.54703,2.6817,2.6637,2.52417,2.31041,2.02945,1.69217,1.31272,0.907557,0.494401,0.907557,1.31272,1.69217,2.02945,2.31041,2.52417,2.6637,2.646,2.50159,2.28308,1.99772,1.65666,1.27423,0.867129,0.453201,0.867128,1.27423,1.65666,1.99772,2.28308,2.50159,2.646,2.62861,2.47929,2.25598,1.96618,1.62126,1.23581,0.826715,0.412001,0.826715,1.23581,1.62126,1.96618,2.25598,2.47929,2.62861,2.61154,2.45728,2.22914,1.93483,1.58598,1.19744,0.786318,0.370801,0.786318,1.19744,1.58598,1.93483,2.22914,2.45728,2.61154,2.59479,2.43557,2.20255,1.90367,1.55083,1.15913,0.745938,0.329601,0.745938,1.15913,1.55083,1.90367,2.20255,2.43557,2.59479,2.57939,2.41417,2.17622,1.87272,1.51581,1.12089,0.705576,0.288401,0.705576,1.12089,1.51581,1.87272,2.17622,2.41417,2.57939,2.60588,2.39308,2.15017,1.84198,1.48093,1.08272,0.665233,0.247201,0.665233,1.08272,1.48093,1.84198,2.15017,2.39308,2.60588,2.66882,2.40686,2.1244,1.81145,1.4462,1.04463,0.624909,0.206001,0.624909,1.04463,1.4462,1.81145,2.1244,2.40686,2.66882,2.76279,2.45959,2.13539,1.78707,1.41162,1.00661,0.584606,0.1648,0.584606,1.00661,1.41162,1.78707,2.13539,2.45959,2.76279,2.88252,2.54232,2.17974,1.79546,1.39083,0.972317,0.544511,0.1236,0.544511,0.972317,1.39083,1.79546,2.17974,2.54232,2.88252,3.02299,2.64972,2.2512,1.83138,1.39961,0.956181,0.513878,0.0824002,0.513878,0.956181,1.39961,1.83138,2.2512,2.64972,3.02299,3.18494,2.77678,2.34469,1.89072,1.42721,0.956593,0.491093,0.0412001,0.491093,0.956593,1.42721,1.89072,2.34469,2.77678,3.18494,3.36223,2.91974,2.45552,1.96668,1.46996,0.968574,0.474975,0,0.474975,0.968574,1.46996,1.96668,2.45552,2.91974,3.36223
79,2.7,2.57017,2.36577,2.09341,1.76354,1.38986,0.988458,0.576802,0.988458,1.38986,1.76354,2.09341,2.36577,2.57017,2.7,2.6817,2.54703,2.33798,2.06135,1.7278,1.35126,0.948,0.535601,0.948,1.35126,1.7278,2.06135,2.33798,2.54703,2.6817,2.6637,2.52417,2.31041,2.02945,1.69217,1.31272,0.907557,0.494401,0.907557,1.31272,1.69217,2.02945,2.31041,2.52417,2.6637,2.646,2.50159,2.28308,1.99772,1.65666,1.27423,0.867129,0.453201,0.867128,1.27423,1.65666,1.99772,2.28308,2.50159,2.646,2.62861,2.47929,2.25598,1.96618,1.62126,1.23581,0.826715,0.412001,0.826715,1.23581,1.62126,1.96618,2.25598,2.47929,2.62861,2.61154,2.45728,2.22914,1.93483,1.58598,1.19744,0.786318,0.370801,0.786318,1.19744,1.58598,1.93483,2.22914,2.45728,2.61154,2.59479,2.43557,2.20255,1.90367,1.55083,1.15913,0.745938,0.329601,0.745938,1.15913,1.55083,1.90367,2.20255,2.43557,2.59479,2.57939,2.41417,2.17622,1.87272,1.51581,1.12089,0.705576,0.288401,0.705576,1.12089,1.51581,1.87272,2.17622,2.41417,2.57939,2.60588,2.39308,2.15017,1.84198,1.48093,1.08272,0.665233,0.247201,0.665233,1.08272,1.48093,1.84198,2.15017,2.39308,2.60588,2.66882,2.40686,2.1244,1.81145,1.4462,1.04463,0.624909,0.206001,0.624909,1.04463,1.4462,1.81145,2.1244,2.40686,2.66882,2.76279,2.45959,2.13539,1.78707,1.41162,1.00661,0.584606,0.1648,0.584606,1.00661,1.41162,1.78707,2.13539,2.45959,2.76279,2.88252,2.54232,2.17974,1.79546,1.39083,0.972317,0.544511,0.1236,0.544511,0.972317,1.39083,1.79546,2.17974,2.54232,2.88252,3.02299,2.64972,2.2512,1.83138,1.39961,0.956181,0.513878,0.0824002,0.513878,0.956181,1.39961,1.83138,2.2512,2.64972,3.02299,3.18494,2.77678,2.34469,1.89072,1.42721,0.956593,0.491093,0.0412001,0.491093,0.956593,1.42721,1.89072,2.34469,2.77678,3.18494,3.36223,2.91974,2.45552,1.96668,1.46996,0.968574,0.474975,0,0.474975,0.968574,1.46996,1.96668,2.45552,2.91974,3.36223
80,2.7,2.57017,2.36577,2.09341,1.76354,1.38986,0.988458,0.576802,0.988458,1.38986,1.76354,2.09341,2.36577,2.57017,2.7,2.6817,2.54703,2.33798,2.06135,1.7278,1.35126,0.948,0.535601,0.948,1.35126,1.7278,2.06135,2.33798,2.54703,2.6817,2.6637,2.52417,2.31041,2.02945,1.69217,1.31272,0.907557,0.494401,0.907557,1.31272,1.69217,2.02945,2.31041,2.52417,2.6637,2.646,2.50159,2.28308,1.99772,1.65666,1.27423,0.867129,0.453201,0.867128,1.27423,1.65666,1.99772,2.28308,2.50159,2.646,2.62861,2.47929,2.25598,1.96618,1.62126,1.23581,0.826715,0.412001,0.826715,1.23581,1.62126,1.96618,2.25598,2.47929,2.62861,2.61154,2.45728,2.22914,1.93483,1.58598,1.19744,0.786318,0.370801,0.786318,1.19744,1.58598,1.93483,2.22914,2.45728,2.61154,2.59479,2.43557,2.20255,1.90367,1.55083,1.15913,0.745938,0.329601,0.745938,1.15913,1.55083,1.90367,2.20255,2.43557,2.59479,2.57939,2.41417,2.17622,1.87272,1.51581,1.12089,0.705576,0.288401,0.705576,1.12089,1.51581,1.87272,2.17622,2.41417,2.57939,2.60588,2.39308,2.15017,1.84198,1.48093,1.08272,0.665233,0.247201,0.665233,1.08272,1.48093,1.84198,2.15017,2.39308,2.60588,2.66882,2.40686,2.1244,1.81145,1.4462,1.04463,0.624909,0.206001,0.624909,1.04463,1.4462,1.81145,2.1244,2.40686,2.66882,2.76279,2.45959,2.13539,1.78707,1.41162,1.00661,0.584606,0.1648,0.584606,1.00661,1.41162,1.78707,2.13539,2.45959,2.76279,2.88252,2.54232,2.17974,1.79546,1.39083,0.972317,0.544511,0.1236,0.544511,0.972317,1.39083,1.79546,2.17974,2.54232,2.88252,3.02299,2.64972,2.2512,1.83138,1.39961,0.956181,0.513878,0.0824002,0.513878,0.956181,1.39961,1.83138,2.2512,2.64972,3.02299,3.18494,2.77678,2.34469,1.89072,1.42721,0.956593,0.491093,0.0412001,0.491093,0.956593,1.42721,1.89072,2.34469,2.77678,3.18494,3.36223,2.91974,2.45552,1.96668,1.46996,0.968574,0.474975,0,0.474975,0.968574,1.46996,1.96668,2.45552,2.91974,3.36223
81,2.7,2.57017,2.36577,2.09341,1.76354,1.38986,0.988458,0.576802,0.988458,1.38986,1.76354,2.09341,2.36577,2.57017,2.7,2.6817,2.54703,2.33798,2.06135,1.7278,1.35126,0.948,0.535601,0.948,1.35126,1.7278,2.06135,2.33798,2.54703,2.6817,2.6637,2.52417,2.31041,2.02945,1.69217,1.31272,0.907557,0.494401,0.907557,1.31272,1.69217,2.02945,2.31041,2.52417,2.6637,2.646,2.50159,2.28308,1.99772,1.65666,1.27423,0.867129,0.453201,0.867128,1.27423,1.65666,1.99772,2.28308,2.50159,2.646,2.62861,2.47929,2.25598,1.96618,1.62126,1.23581,0.826715,0.412001,0.826715,1.23581,1.62126,1.96618,2.25598,2.47929,2.62861,2.61154,2.45728,2.22914,1.93483,1.58598,1.19744,0.786318,0.370801,0.786318,1.19744,1.58598,1.93483,2.22914,2.45728,2.61154,2.59479,2.43557,2.20255,1.90367,1.55083,1.15913,0.745938,0.329601,0.745938,1.15913,1.55083,1.90367,2.20255,2.43557,2.59479,2.57939,2.41417,2.17622,1.87272,1.51581,1.12089,0.705576,0.288401,0.705576,1.12089,1.51581,1.87272,2.17622,2.41417,2.57939,2.60588,2.39308,2.15017,1.84198,1.48093,1.08272,0.665233,0.247201,0.665233,1.08272,1.48093,1.84198,2.15017,2.39308,2.60588,2.66882,2.40686,2.1244,1.81145,1.4462,1.04463,0.624909,0.206001,0.624909,1.04463,1.4462,1.81145,2.1244,2.40686,2.66882,2.76279,2.45959,2.13539,1.78707,1.41162,1.00661,0.584606,0.1648,0.584606,1.00661,1.41162,1.78707,2.13539,2.45959,2.76279,2.88252,2.54232,2.17974,1.79546,1.39083,0.972317,0.544511,0.1236,0.544511,0.972317,1.39083,1.79546,2.17974,2.54232,2.88252,3.02299,2.64972,2.2512,1.83138,1.39961,0.956181,0.513878,0.0824002,0.513878,0.956181,1.39961,1.83138,2.2512,2.64972,3.02299,3.18494,2.77678,2.34469,1.89072,1.42721,0.956593,0.491093,0.0412001,0.491093,0.956593,1.42721,1.89072,2.34469,2.77678,3.18494,3.36223,2.91974,2.45552,1.96668,1.46996,0.968574,0.474975,0,0.474975,0.968574,1.46996,1.96668,2.45552,2.91974,3.36223
82,2.7,2.57017,2.36577,2.09341,1.76354,1.38986,0.988458,0.576802,0.988458,1.38986,1.76354,2.09341,2.36577,2.57017,2.7,2.6817,2.54703,2.33798,2.06135,1.7278,1.35126,0.948,0.535601,0.948,1.35126,1.7278,2.06135,2.33798,2.54703,2.6817,2.6637,2.52417,2.31041,2.02945,1.69217,1.31272,0.907557,0.494401,0.907557,1.31272,1.69217,2.02945,2.31041,2.52417,2.6637,2.646,2.50159,2.28308,1.99772,1.65666,1.27423,0.867129,0.453201,0.867128,1.27423,1.65666,1.99772,2.28308,2.50159,2.646,2.62861,2.47929,2.25598,1.96618,1.62126,1.23581,0.826715,0.412001,0.826715,1.23581,1.62126,1.96618,2.25598,2.47929,2.62861,2.61154,2.45728,2.22914,1.93483,1.58598,1.19744,0.786318,0.370801,0.786318,1.19744,1.58598,1.93483,2.22914,2.45728,2.61154,2.59479,2.43557,2.20255,1.90367,1.55083,1.15913,0.745938,0.329601,0.745938,1.15913,1.55083,1.90367,2.20255,2.43557,2.59479,2.57939,2.41417,2.17622,1.87272,1.51581,1.12089,0.705576,0.288401,0.705576,1.12089,1.51581,1.87272,2.17622,2.41417,2.57939,2.60588,2.39308,2.15017,1.84198,1.48093,1.08272,0.665233,0.247201,0.665233,1.08272,1.48093,1.84198,2.15017,2.39308,2.60588,2.66882,2.40686,2.1244,1.81145,1.4462,1.04463,0.624909,0.206001,0.624909,1.04463,1.4462,1.81145,2.1244,2.40686,2.66882,2.76279,2.45959,2.13539,1.78707,1.41162,1.00661,0.584606,0.1648,0.584606,1.00661,1.41162,1.78707,2.13539,2.45959,2.76279,2.88252,2.54232,2.17974,1.79546,1.39083,0.972317,0.544511,0.1236,0.544511,0.972317,1.39083,1.79546,2.17974,2.54232,2.88252,3.02299,2.64972,2.2512,1.83138,1.39961,0.956181,0.513878,0.0824002,0.513878,0.956181,1.39961,1.83138,2.2512,2.64972,3.02299,3.18494,2.77678,2.34469,1.89072,1.42721,0.956593,0.491093,0.0412001,0.491093,0.956593,1.42721,1.89072,2.34469,2.77678,3.18494,3.36223,2.91974,2.45552,1.96668,1.46996,0.968574,0.474975,0,0.474975,0.968574,1.46996,1.96668,2.45552,2.91974,3.36223
83,2.7,2.57017,2.36577,2.09341,1.76354,1.38986,0.988458,0.576802,0.988458,1.38986,1.76354,2.09341,2.36577,2.57017,2.7,2.6817,2.54703,2.33798,2.06135,1.7278,1.35126,0.948,0.535601,0.948,1.35126,1.7278,2.06135,2.33798,2.54703,2.6817,2.6637,2.52417,2.31041,2.02945,1.69217,1.31272,0.907557,0.494401,0.907557,1.31272,1.69217,2.02945,2.31041,2.52417,2.6637,2.646,2.50159,2.28308,1.99772,1.65666,1.27423,0.867129,0.453201,0.867128,1.27423,1.65666,1.99772,2.28308,2.50159,2.646,2.62861,2.47929,2.25598,1.96618,1.62126,1.23581,0.826715,0.412001,0.826715,1.23581,1.62126,1.96618,2.25598,2.47929,2.62861,2.61154,2.45728,2.22914,1.93483,1.58598,1.19744,0.786318,0.370801,0.786318,1.19744,1.58598,1.93483,2.22914,2.45728,2.61154,2.59479,2.43557,2.20255,1.90367,1.55083,1.15913,0.745938,0.329601,0.745938,1.15913,1.55083,1.90367,2.20255,2.43557,2.59479,2.57939,2.41417,2.17622,1.87272,1.51581,1.12089,0.705576,0.288401,0.705576,1.12089,1.51581,1.87272,2.17622,2.41417,2.57939,2.60588,2.39308,2.15017,1.84198,1.48093,1.08272,0.665233,0.247201,0.665233,1.08272,1.48093,1.84198,2.15017,2.39308,2.60588,2.66882,2.40686,2.1244,1.81145,1.4462,1.04463,0.624909,0.206001,0.624909,1.04463,1.4462,1.81145,2.1244,2.40686,2.66882,2.76279,2.45959,2.13539,1.78707,1.41162,1.00661,0.584606,0.1648,0.584606,1.00661,1.41162,1.78707,2.13539,2.45959,2.76279,2.88252,2.54232,2.17974,1.79546,1.39083,0.972317,0.544511,0.1236,0.544511,0.972317,1.39083,1.79546,2.17974,2.54232,2.88252,3.02299,2.64972,2.2512,1.83138,1.39961,0.956181,0.513878,0.0824002,0.513878,0.956181,1.39961,1.83138,2.2512,2.64972,3.02299,3.18494,2.77678,2.34469,1.89072,1.42721,0.956593,0.491093,0.0412001,0.491093,0.956593,1.42721,1.89072,2.34469,2.77678,3.18494,3.36223,2.91974,2.45552,1.96668,1.46996,0.968574,0.474975,0,0.474975,0.968574,1.46996,1.96668,2.45552,2.91974,3.36223
84,2.7,2.57017,2.36577,2.09341,1.76354,1.38986,0.988458,0.576802,0.988458,1.38986,1.76354,2.09341,2.36577,2.57017,2.7,2.6817,2.54703,2.33798,2.06135,1.7278,1.35126,0.948,0.535601,0.948,1.35126,1.7278,2.06135,2.33798,2.54703,2.6817,2.6637,2.52417,2.31041,2.02945,1.69217,1.31272,0.907557,0.494401,0.907557,1.31272,1.69217,2.02945,2.31041,2.52417,2.6637,2.646,2.50159,2.28308,1.99772,1.65666,1.27423,0.867129,0.453201,0.867128,1.27423,1.65666,1.99772,2.28308,2.50159,2.646,2.62861,2.47929,2.25598,1.96618,1.62126,1.23581,0.826715,0.412001,0.826715,1.23581,1.62126,1.96618,2.25598,2.47929,2.62861,2.61154,2.45728,2.22914,1.93483,1.58598,1.19744,0.786318,0.370801,0.786318,1.19744,1.58598,1.93483,2.22914,2.45728,2.61154,2.59479,2.43557,2.20255,1.90367,1.55083,1.15913,0.745938,0.329601,0.745938,1.15913,1.55083,1.90367,2.20255,2.43557,2.59479,2.57939,2.41417,2.17622,1.87272,1.51581,1.12089,0.705576,0.288401,0.705576,1.12089,1.51581,1.87272,2.17622,2.41417,2.57939,2.60588,2.39308,2.15017,1.84198,1.48093,1.08272,0.665233,0.247201,0.665233,1.08272,1.48093,1.84198,2.15017,2.39308,2.60588,2.66882,2.40686,2.1244,1.81145,1.4462,1.04463,0.624909,0.206001,0.624909,1.04463,1.4462,1.81145,2.1244,2.40686,2.66882,2.76279,2.45959,2.13539,1.78707,1.41162,1.00661,0.584606,0.1648,0.584606,1.00661,1.41162,1.78707,2.13539,2.45959,2.76279,2.88252,2.54232,2.17974,1.79546,1.39083,0.972317,0.544511,0.1236,0.544511,0.972317,1.39083,1.79546,2.17974,2.54232,2.88252,3.02299,2.64972,2.2512,1.83138,1.39961,0.956181,0.513878,0.0824002,0.513878,0.956181,1.39961,1.83138,2.2512,2.64972,3.02299,3.18494,2.77678,2.34469,1.89072,1.42721,0.956593,0.491093,0.0412001,0.491093,0.956593,1.42721,1.89072,2.34469,2.77678,3.18494,3.36223,2.91974,2.45552,1.96668,1.46996,0.968574,0.474975,0,0.474975,0.968574,1.46996,1.96668,2.45552,2.91974,3.36223
85,2.7,2.57017,2.36577,2.09341,1.76354,1.38986,0.988458,0.576802,0.988458,1.38986,1.76354,2.09341,2.36577,2.57017,2.7,2.6817,2.54703,2.33798,2.06135,1.7278,1.35126,0.948,0.535601,0.948,1.35126,1.7278,2.06135,2.33798,2.54703,2.6817,2.6637,2.52417,2.31041,2.02945,1.69217,1.31272,0.907557,0.494401,0.907557,1.31272,1.69217,2.02945,2.31041,2.52417,2.6637,2.646,2.50159,2.28308,1.99772,1.65666,1.27423,0.867129,0.453201,0.867128,1.27423,1.65666,1.99772,2.28308,2.50159,2.646,2.62861,2.47929,2.25598,1.96618,1.62126,1.23581,0.826715,0.412001,0.826715,1.23581,1.62126,1.96618,2.25598,2.47929,2.62861,2.61154,2.45728,2.22914,1.93483,1.58598,1.19744,0.786318,0.370801,0.786318,1.19744,1.58598,1.93483,2.22914,2.45728,2.61154,2.59479,2.43557,2.20255,1.90367,1.55083,1.15913,0.745938,0.329601,0.745938,1.15913,1.55083,1.90367,2.20255,2.43557,2.59479,2.57939,2.41417,2.17622,1.87272,1.51581,1.12089,0.705576,0.288401,0.705576,1.12089,1.51581,1.87272,2.17622,2.41417,2.57939,2.60588,2.39308,2.15017,1.84198,1.48093,1.08272,0.665233,0.247201,0.665233,1.08272,1.48093,1.84198,2.15017,2.39308,2.60588,2.66882,2.40686,2.1244,1.81145,1.4462,1.04463,0.624909,0.206001,0.624909,1.04463,1.4462,1.81145,2.1244,2.40686,2.66882,2.76279,2.45959,2.13539,1.78707,1.41162,1.00661,0.584606,0.1648,0.584606,1.00661,1.41162,1.78707,2.13539,2.45959,2.76279,2.88252,2.54232,2.17974,1.79546,1.39083,0.972317,0.544511,0.1236,0.544511,0.972317,1.39083,1.79546,2.17974,2.54232,2.88252,3.02299,2.64972,2.2512,1.83138,1.39961,0.956181,0.513878,0.0824002,0.513878,0.956181,1.39961,1.83138,2.2512,2.64972,3.02299,3.18494,2.77678,2.34469,1.89072,1.42721,0.956593,0.491093,0.0412001,0.491093,0.956593,1.42721,1.89072,2.34469,2.77678,3.18494,3.36223,2.91974,2.45552,1.96668,1.46996,0.968574,0.474975,0,0.474975,0.968574,1.46996,1.96668,2.45552,2.91974,3.36223
86,2.7,2.57017,2.36577,2.09341,1.76354,1.38986,0.988458,0.576802,0.988458,1.38986,1.76354,2.09341,2.36577,2.57017,2.7,2.6817,2.54703,2.33798,2.06135,1.7278,1.35126,0.948,0.535601,0.948,1.35126,1.7278,2.06135,2.33798,2.54703,2.6817,2.6637,2.52417,2.31041,2.02945,1.69217,1.31272,0.907557,0.494401,0.907557,1.31272,1.69217,2.02945,2.31041,2.52417,2.6637,2.646,2.50159,2.28308,1.99772,1.65666,1.27423,0.867129,0.453201,0.867128,1.27423,1.65666,1.99772,2.28308,2.50159,2.646,2.62861,2.47929,2.25598,1.96618,1.62126,1.23581,0.826715,0.412001,0.826715,1.23581,1.62126,1.96618,2.25598,2.47929,2.62861,2.61154,2.45728,2.22914,1.93483,1.58598,1.19744,0.786318,0.370801,0.786318,1.19744,1.58598,1.93483,2.22914,2.45728,2.61154,2.59479,2.43557,2.20255,1.90367,1.55083,1.15913,0.745938,0.329601,0.745938,1.15913,1.55083,1.90367,2.20255,2.43557,2.59479,2.57939,2.41417,2.17622,1.87272,1.51581,1.12089,0.705576,0.288401,0.705576,1.12089,1.51581,1.87272,2.17622,2.41417,2.57939,2.60588,2.39308,2.15017,1.84198,1.48093,1.08272,0.665233,0.247201,0.665233,1.08272,1.48093,1.84198,2.15017,2.39308,2.60588,2.66882,2.40686,2.1244,1.81145,1.4462,1.04463,0.624909,0.206001,0.624909,1.04463,1.4462,1.81145,2.1244,2.40686,2.66882,2.76279,2.45959,2.13539,1.78707,1.41162,1.00661,0.584606,0.1648,0.584606,1.00661,1.41162,1.78707,2.13539,2.45959,2.76279,2.88252,2.54232,2.17974,1.79546,1.39083,0.972317,0.544511,0.1236,0.544511,0.972317,1.39083,1.79546,2.17974,2.54232,2.88252,3.02299,2.64972,2.2512,1.83138,1.39961,0.956181,0.513878,0.0824002,0.513878,0.956181,1.39961,1.83138,2.2512,2.64972,3.02299,3.18494,2.77678,2.34469,1.89072,1.42721,0.956593,0.491093,0.0412001,0.491093,0.956593,1.42721,1.89072,2.34469,2.77678,3.18494,3.36223,2.91974,2.45552,1.96668,1.46996,0.968574,0.474975,0,0.474975,0.968574,1.46996,1.96668,2.45552,2.91974,3.36223
87,2.7,2.57017,2.36577,2.09341,1.76354,1.38986,0.988458,0.576802,0.988458,1.38986,1.76354,2.09341,2.36577,2.57017,2.7,2.6817,2.54703,2.33798,2.06135,1.7278,1.35126,0.948,0.535601,0.948,1.35126,1.7278,2.06135,2.33798,2.54703,2.6817,2.6637,2.52417,2.31041,2.02945,1.69217,1.31272,0.907557,0.494401,0.907557,1.31272,1.69217,2.02945,2.31041,2.52417,2.6637,2.646,2.50159,2.28308,1.99772,1.65666,1.27423,0.867129,0.453201,0.867128,1.27423,1.65666,1.99772,2.28308,2.50159,2.646,2.62861,2.47929,2.25598,1.96618,1.62126,1.23581,0.826715,0.412001,0.826715,1.23581,1.62126,1.96618,2.25598,2.47929,2.62861,2.61154,2.45728,2.22914,1.93483,1.58598,1.19744,0.786318,0.370801,0.786318,1.19744,1.58598,1.93483,2.22914,2.45728,2.61154,2.59479,2.43557,2.20255,1.90367,1.55083,1.15913,0.745938,0.329601,0.745938,1.15913,1.55083,1.90367,2.20255,2.43557,2.59479,2.57939,2.41417,2.17622,1.87272,1.51581,1.12089,0.705576,0.288401,0.705576,1.12089,1.51581,1.87272,2.17622,2.41417,2.57939,2.60588,2.39308,2.15017,1.84198,1.48093,1.08272,0.665233,0.247201,0.665233,1.08272,1.48093,1.84198,2.15017,2.39308,2.60588,2.66882,2.40686,2.1244,1.81145,1.4462,1.04463,0.624909,0.206001,0.624909,1.04463,1.4462,1.81145,2.1244,2.40686,2.66882,2.76279,2.45959,2.13539,1.78707,1.41162,1.00661,0.584606,0.1648,0.584606,1.00661,1.41162,1.78707,2.13539,2.45959,2.76279,2.88252,2.54232,2.17974,1.79546,1.39083,0.972317,0.544511,0.1236,0.544511,0.972317,1.39083,1.79546,2.17974,2.54232,2.88252,3.02299,2.64972,2.2512,1.83138,1.39961,0.956181,0.513878,0.0824002,0.513878,0.956181,1.39961,1.83138,2.2512,2.64972,3.02299,3.18494,2.77678,2.34469,1.89072,1.42721,0.956593,0.491093,0.0412001,0.491093,0.956593,1.42721,1.89072,2.34469,2.77678,3.18494,3.36223,2.91974,2.45552,1.96668,1.46996,0.968574,0.474975,0,0.474975,0.968574,1.46996,1.96668,2.45552,2.91974,3.36223
88,2.7,2.57017,2.36577,2.09341,1.76354,1.38986,0.988458,0.576802,0.988458,1.38986,1.76354,2.09341,2.36577,2.57017,2.7,2.6817,2.54703,2.33798,2.06135,1.7278,1.35126,0.948,0.535601,0.948,1.35126,1.7278,2.06135,2.33798,2.54703,2.6817,2.6637,2.52417,2.31041,2.02945,1.69217,1.31272,0.907557,0.494401,0.907557,1.31272,1.69217,2.02945,2.31041,2.52417,2.6637,2.646,2.50159,2.28308,1.99772,1.65666,1.27423,0.867129,0.453201,0.867128,1.27423,1.65666,1.99772,2.28308,2.50159,2.646,2.62861,2.47929,2.25598,1.96618,1.62126,1.23581,0.826715,0.412001,0.826715,1.23581,1.62126,1.96618,2.25598,2.47929,2.62861,2.61154,2.45728,2.22914,1.93483,1.58598,1.19744,0.786318,0.370801,0.786318,1.19744,1.58598,1.93483,2.22914,2.45728,2.61154,2.59479,2.43557,2.20255,1.90367,1.55083,1.15913,0.745938,0.329601,0.745938,1.15913,1.55083,1.90367,2.20255,2.43557,2.59479,2.57939,2.41417,2.17622,1.87272,1.51581,1.12089,0.705576,0.288401,0.705576,1.12089,1.51581,1.87272,2.17622,2.41417,2.57939,2.60588,2.39308,2.15017,1.84198,1.48093,1.08272,0.665233,0.247201,0.665233,1.08272,1.48093,1.84198,2.15017,2.39308,2.60588,2.66882,2.40686,2.1244,1.81145,1.4462,1.04463,0.624909,0.206001,0.624909,1.04463,1.4462,1.81145,2.1244,2.40686,2.66882,2.76279,2.45959,2.13539,1.78707,1.41162,1.00661,0.584606,0.1648,0.584606,1.00661,1.41162,1.78707,2.13539,2.45959,2.76279,2.88252,2.54232,2.17974,1.79546,1.39083,0.972317,0.544511,0.1236,0.544511,0.972317,1.39083,1.79546,2.17974,2.54232,2.88252,3.02299,2.64972,2.2512,1.83138,1.39961,0.956181,0.513878,0.0824002,0.513878,0.956181,1.39961,1.83138,2.2512,2.64972,3.02299,3.18494,2.77678,2.34469,1.89072,1.42721,0.956593,0.491093,0.0412001,0.491093,0.956593,1.42721,1.89072,2.34469,2.77678,3.18494,3.36223,2.91974,2.45552,1.96668,1.46996,0.968574,0.474975,0,0.474975,0.968574,1.46996,1.96668,2.45552,2.91974,3.36223
89,2.7,2.57017,2.36577,2.09341,1.76354,1.38986,0.988458,0.576802,0.988458,1.38986,1.76354,2.09341,2.36577,2.57017,2.7,2.6817,2.54703,2.33798,2.06135,1.7278,1.35126,0.948,0.535601,0.948,1.35126,1.7278,2.06135,2.33798,2.54703,2.6817,2.6637,2.52417,2.31041,2.02945,1.69217,1.31272,0.907557,0.494401,0.907557,1.31272,1.69217,2.02945,2.31041,2.52417,2.6637,2.646,2.50159,2.28308,1.99772,1.65666,1.27423,0.867129,0.453201,0.867128,1.27423,1.65666,1.99772,2.28308,2.50159,2.646,2.62861,2.47929,2.25598,1.96618,1.62126,1.23581,0.826715,0.412001,0.826715,1.23581,1.62126,1.96618,2.25598,2.47929,2.62861,2.61154,2.45728,2.22914,1.93483,1.58598,1.19744,0.786318,0.370801,0.786318,1.19744,1.58598,1.93483,2.22914,2.45728,2.61154,2.59479,2.43557,2.20255,1.90367,1.55083,1.15913,0.745938,0.329601,0.745938,1.15913,1.55083,1.90367,2.20255,2.43557,2.59479,2.57939,2.41417,2.17622,1.87272,1.51581,1.12089,0.705576,0.288401,0.705576,1.12089,1.51581,1.87272,2.17622,2.41417,2.57939,2.60588,2.39308,2.15017,1.84198,1.48093,1.08272,0.665233,0.247201,0.665233,1.08272,1.48093,1.84198,2.15017,2.39308,2.60588,2.66882,2.40686,2.1244,1.81145,1.4462,1.04463,0.624909,0.206001,0.624909,1.04463,1.4462,1.81145,2.1244,2.40686,2.66882,2.76279,2.45959,2.13539,1.78707,1.41162,1.00661,0.584606,0.1648,0.584606,1.00661,1.41162,1.78707,2.13539,2.45959,2.76279,2.88252,2.54232,2.17974,1.79546,1.39083,0.972317,0.544511,0.1236,0.544511,0.972317,1.39083,1.79546,2.17974,2.54232,2.88252,3.02299,2.64972,2.2512,1.83138,1.39961,0.956181,0.513878,0.0824002,0.513878,0.956181,1.39961,1.83138,2.2512,2.64972,3.02299,3.18494,2.77678,2.34469,1.89072,1.42721,0.956593,0.491093,0.0412001,0.491093,0.956593,1.42721,1.89072,2.34469,2.77678,3.18494,3.36223,2.91974,2.45552,1.96668,1.46996,0.968574,0.474975,0,0.474975,0.968574,1.46996,1.96668,2.45552,2.91974,3.36223
90,2.7,2.57017,2.36577,2.09341,1.76354,1.38986,0.988458,0.576802,0.988458,1.38986,1.76354,2.09341,2.36577,2.57017,2.7,2.6817,2.54703,2.33798,2.06135,1.7278,1.35126,0.948,0.535601,0.948,1.35126,1.7278,2.06135,2.33798,2.54703,2.6817,2.6637,2.52417,2.31041,2.02945,1.69217,1.31272,0.907557,0.494401,0.907557,1.31272,1.69217,2.02945,2.31041,2.52417,2.6637,2.646,2.50159,2.28308,1.99772,1.65666,1.27423,0.867129,0.453201,0.867128,1.27423,1.65666,1.99772,2.28308,2.50159,2.646,2.62861,2.47929,2.25598,1.96618,1.62126,1.23581,0.826715,0.412001,0.826715,1.23581,1.62126,1.96618,2.25598,2.47929,2.62861,2.61154,2.45728,2.22914,1.93483,1.58598,1.19744,0.786318,0.370801,0.786318,1.19744,1.58598,1.93483,2.22914,2.45728,2.61154,2.59479,2.43557,2.20255,1.90367,1.55083,1.15913,0.745938,0.329601,0.745938,1.15913,1.55083,1.90367,2.20255,2.43557,2.59479,2.57939,2.41417,2.17622,1.87272,1.51581,1.12089,0.705576,0.288401,0.705576,1.12089,1.51581,1.87272,2.17622,2.41417,2.57939,2.60588,2.39308,2.15017,1.84198,1.48093,1.08272,0.665233,0.247201,0.665233,1.08272,1.48093,1.84198,2.15017,2.39308,2.60588,2.66882,2.40686,2.1244,1.81145,1.4462,1.04463,0.624909,0.206001,0.624909,1.04463,1.4462,1.81145,2.1244,2.40686,2.66882,2.76279,2.45959,2.13539,1.78707,1.41162,1.00661,0.584606,0.1648,0.584606,1.00661,1.41162,1.78707,2.13539,2.45959,2.76279,2.88252,2.54232,2.17974,1.79546,1.39083,0.972317,0.544511,0.1236,0.544511,0.972317,1.39083,1.79546,2.17974,2.54232,2.88252,3.02299,2.64972,2.2512,1.83138,1.39961,0.956181,0.513878,0.0824002,0.513878,0.956181,1.39961,1.83138,2.2512,2.64972,3.02299,3.18494,2.77678,2.34469,1.89072,1.42721,0.956593,0.491093,0.0412001,0.491093,0.956593,1.42721,1.89072,2.34469,2.77678,3.18494,3.36223,2.91974,2.45552,1.96668,1.46996,0.968574,0.474975,0,0.474975,0.968574,1.46996,1.96668,2.45552,2.91974,3.36223
91,2.68837,2.55852,2.35411,2.08175,1.75189,1.37822,0.976851,0.577543,0.989149,1.3905,1.76412,2.09393,2.36623,2.57058,2.70036,2.67008,2.53539,2.32632,2.04969,1.71615,1.33963,0.936395,0.53629,0.939076,1.34167,1.71786,2.05119,2.32762,2.53655,2.67114,2.65209,2.51254,2.29877,2.0178,1.68053,1.30109,0.895954,0.495037,0.898011,1.30268,1.68186,2.019,2.29983,2.51347,2.65288,2.6344,2.48997,2.27144,1.98608,1.64502,1.26261,0.855527,0.453784,0.857291,1.26398,1.64623,1.98713,2.27232,2.49075,2.63512,2.61703,2.46767,2.24435,1.95455,1.60962,1.22418,0.815116,0.412531,0.816728,1.22548,1.61072,1.95545,2.2452,2.46845,2.61774,2.59996,2.44568,2.21752,1.9232,1.57435,1.18582,0.774721,0.371278,0.776181,1.18703,1.57533,1.9241,2.21836,2.44645,2.60067,2.58323,2.42398,2.19094,1.89205,1.5392,1.14752,0.734343,0.330024,0.735737,1.14865,1.54016,1.89295,2.19177,2.42475,2.58393,2.56839,2.40258,2.16462,1.8611,1.50419,1.10928,0.693983,0.288771,0.695338,1.11034,1.50514,1.862,2.16545,2.40335,2.56797,2.59545,2.3815,2.13857,1.83037,1.46932,1.07112,0.653641,0.247518,0.654958,1.07211,1.47027,1.83126,2.1394,2.38227,2.5939,2.65894,2.39641,2.11281,1.79985,1.43459,1.03302,0.61332,0.206265,0.614597,1.03402,1.43554,1.80074,2.11363,2.39493,2.65629,2.75346,2.44969,2.12492,1.77604,1.40002,0.995009,0.573019,0.165012,0.574257,0.995998,1.40096,1.7758,2.12351,2.4471,2.7497,2.87373,2.53297,2.16982,1.78498,1.38035,0.961281,0.533486,0.123759,0.533939,0.961151,1.37929,1.78364,2.16731,2.52928,2.86887,3.01475,2.64091,2.24183,1.82164,1.38968,0.945698,0.503407,0.0825061,0.502342,0.944462,1.38728,1.81901,2.23821,2.63612,3.00879,3.17667,2.76851,2.33585,1.88189,1.41782,0.947215,0.481442,0.0412531,0.478971,0.943768,1.41434,1.87724,2.33115,2.76263,3.17074,3.35449,2.91145,2.44723,1.9582,1.46111,0.959735,0.466149,0,0.461984,0.955205,1.45653,1.9532,2.44144,2.9056,3.34747
92,2.68837,2.55851,2.35411,2.08175,1.75189,1.37822,0.976848,0.577543,0.989149,1.3905,1.76412,2.09393,2.36623,2.57058,2.70036,2.67008,2.53539,2.32632,2.04969,1.71615,1.33963,0.936392,0.53629,0.939074,1.34166,1.71785,2.05119,2.32761,2.53655,2.67113,2.65209,2.51254,2.29876,2.01779,1.68053,1.30109,0.895951,0.495037,0.898009,1.30268,1.68186,2.019,2.29983,2.51347,2.65287,2.6344,2.48996,2.27144,1.98608,1.64501,1.26261,0.855524,0.453784,0.857289,1.26398,1.64623,1.98713,2.27231,2.49075,2.63512,2.61702,2.46767,2.24435,1.95454,1.60962,1.22418,0.815113,0.412531,0.816725,1.22547,1.61072,1.95545,2.2452,2.46845,2.61773,2.59996,2.44567,2.21751,1.9232,1.57435,1.18582,0.774718,0.371278,0.776178,1.18703,1.57533,1.9241,2.21836,2.44645,2.60067,2.58322,2.42397,2.19093,1.89205,1.5392,1.14751,0.73434,0.330025,0.735734,1.14865,1.54015,1.89295,2.19177,2.42474,2.58392,2.56839,2.40258,2.16461,1.8611,1.50419,1.10928,0.69398,0.288771,0.695335,1.11034,1.50514,1.862,2.16545,2.40335,2.56796,2.59545,2.3815,2.13857,1.83037,1.46932,1.07111,0.653638,0.247518,0.654955,1.07211,1.47026,1.83126,2.1394,2.38226,2.5939,2.65894,2.39641,2.1128,1.79985,1.43459,1.03302,0.613317,0.206265,0.614594,1.03401,1.43553,1.80074,2.11363,2.39493,2.65628,2.75346,2.44969,2.12492,1.77603,1.40001,0.995006,0.573016,0.165012,0.574255,0.995995,1.40095,1.7758,2.12351,2.4471,2.74969,2.87373,2.53297,2.16982,1.78498,1.38034,0.961278,0.533483,0.123759,0.533937,0.961148,1.37929,1.78364,2.1673,2.52928,2.86886,3.01475,2.64091,2.24183,1.82164,1.38968,0.945695,0.503404,0.0825061,0.502339,0.944459,1.38728,1.819,2.23821,2.63612,3.00878,3.17667,2.76851,2.33585,1.88189,1.41782,0.947213,0.481439,0.0412531,0.478968,0.943765,1.41433,1.87724,2.33115,2.76263,3.17073,3.35449,2.91144,2.44722,1.9582,1.4611,0.959733,0.466147,0,0.461981,0.955201,1.45653,1.9532,2.44143,2.9056,3.34746
93,2.56296,2.43357,2.23027,1.95965,1.63212,1.26235,0.869136,0.631445,1.03941,1.43719,1.80746,2.13428,2.40405,2.60642,2.73486,2.54406,2.40989,2.20201,1.9272,1.59609,1.22356,0.828616,0.589495,0.949196,1.31467,1.67217,1.99354,2.26124,2.46366,2.59321,2.52545,2.38648,2.17397,1.89491,1.56016,1.18482,0.788109,0.547556,0.873885,1.25067,1.61566,1.94311,2.21703,2.42532,2.56085,2.50714,2.36335,2.14616,1.8628,1.52435,1.14613,0.747618,0.505616,0.817618,1.20086,1.57078,1.9032,2.1819,2.39579,2.53647,2.48914,2.3405,2.1186,1.83088,1.48866,1.10751,0.707142,0.463676,0.767716,1.15547,1.52965,1.86643,2.15037,2.36881,2.51503,2.47146,2.31795,2.09128,1.79914,1.45309,1.06894,0.666683,0.421737,0.720751,1.11255,1.4901,1.83164,2.12005,2.34396,2.49469,2.4541,2.29569,2.06422,1.7676,1.41765,1.03044,0.626241,0.379797,0.67568,1.07076,1.45227,1.79752,2.09106,2.3194,2.47551,2.44553,2.27374,2.03742,1.73626,1.38234,0.992008,0.585817,0.337857,0.631686,1.02965,1.41466,1.76462,2.06233,2.29603,2.45736,2.47833,2.25625,2.01089,1.70513,1.34717,0.953644,0.545411,0.295917,0.588043,0.989157,1.3777,1.73193,2.03434,2.27343,2.46729,2.5471,2.27971,1.99127,1.67422,1.31214,0.915353,0.505026,0.253978,0.545449,0.949309,1.34149,1.69946,2.00728,2.27235,2.51719,2.64651,2.33835,2.0095,1.65682,1.27819,0.877139,0.465805,0.212038,0.502875,0.909538,1.30543,1.66773,2.00082,2.30983,2.59967,2.77135,2.42663,2.05989,1.67535,1.2711,0.853514,0.437294,0.170098,0.460663,0.869847,1.27422,1.66338,2.03308,2.38138,2.70958,2.91668,2.53927,2.1374,1.72101,1.28686,0.848286,0.418261,0.128158,0.418934,0.839808,1.26818,1.68909,2.09372,2.47738,2.84398,3.07789,2.67132,2.23594,1.78662,1.32289,0.857643,0.405833,0.0862187,0.383985,0.828699,1.28339,1.73729,2.17622,2.59677,2.99637,3.25749,2.8183,2.35198,1.86809,1.37212,0.877036,0.398247,0.044279,0.357231,0.830276,1.31592,1.80352,2.27594,2.73372,3.16217
94,2.68819,2.55833,2.35392,2.08156,1.7517,1.37804,0.976665,0.57754,0.989146,1.39049,1.76412,2.09393,2.36623,2.57057,2.70036,2.6699,2.53521,2.32614,2.0495,1.71597,1.33945,0.936209,0.536287,0.938943,1.34151,1.71769,2.05103,2.32745,2.53638,2.67097,2.65191,2.51236,2.29858,2.01761,1.68034,1.30091,0.895768,0.495034,0.897859,1.30252,1.68169,2.01883,2.29966,2.5133,2.65271,2.63422,2.48978,2.27125,1.98589,1.64483,1.26242,0.855341,0.453781,0.85713,1.26381,1.64606,1.98696,2.27215,2.49057,2.63494,2.61684,2.46749,2.24417,1.95436,1.60944,1.224,0.81493,0.412529,0.816566,1.22531,1.61055,1.95527,2.24502,2.46827,2.61756,2.59978,2.44549,2.21733,1.92301,1.57416,1.18563,0.774535,0.371276,0.776019,1.18686,1.57516,1.92392,2.21818,2.44627,2.60049,2.58304,2.42379,2.19075,1.89187,1.53902,1.14733,0.734157,0.330023,0.735566,1.14848,1.53998,1.89277,2.19159,2.42457,2.58375,2.56821,2.4024,2.16443,1.86092,1.50401,1.1091,0.693797,0.28877,0.695167,1.11017,1.50496,1.86182,2.16527,2.40317,2.56778,2.59528,2.38132,2.13839,1.83018,1.46913,1.07093,0.653456,0.247517,0.654787,1.07193,1.47009,1.83108,2.13922,2.38209,2.59371,2.65878,2.39624,2.11262,1.79967,1.43441,1.03284,0.613134,0.206264,0.614426,1.03384,1.43536,1.80056,2.11345,2.39473,2.65608,2.75331,2.44953,2.12476,1.77586,1.39983,0.994823,0.572833,0.165011,0.574086,0.995818,1.40078,1.77561,2.12331,2.44689,2.74948,2.8736,2.53282,2.16967,1.78482,1.38018,0.961105,0.53331,0.123759,0.533769,0.960962,1.3791,1.78344,2.1671,2.52906,2.86864,3.01462,2.64077,2.24168,1.82149,1.38952,0.945532,0.50324,0.0825057,0.502152,0.944263,1.38707,1.8188,2.238,2.6359,3.00855,3.17654,2.76838,2.33572,1.88176,1.41768,0.947067,0.481293,0.0412529,0.478772,0.94355,1.41412,1.87701,2.33092,2.7624,3.1705,3.35437,2.91132,2.4471,1.95807,1.46097,0.959596,0.466011,0,0.461776,0.954977,1.45631,1.95297,2.4412,2.90536,3.34722
95,2.68819,2.55833,2.35392,2.08156,1.7517,1.37804,0.976665,0.57754,0.989146,1.39049,1.76412,2.09393,2.36623,2.57057,2.70036,2.6699,2.53521,2.32614,2.0495,1.71597,1.33945,0.936209,0.536287,0.938943,1.34151,1.71769,2.05103,2.32745,2.53638,2.67097,2.65191,2.51236,2.29858,2.01761,1.68034,1.30091,0.895768,0.495034,0.897859,1.30252,1.68169,2.01883,2.29966,2.5133,2.65271,2.63422,2.48978,2.27125,1.98589,1.64483,1.26242,0.855341,0.453781,0.85713,1.26381,1.64606,1.98696,2.27215,2.49057,2.63494,2.61684,2.46749,2.24417,1.95436,1.60944,1.224,0.81493,0.412529,0.816566,1.22531,1.61055,1.95527,2.24502,2.46827,2.61756,2.59978,2.44549,2.21733,1.92301,1.57416,1.18563,0.774535,0.371276,0.776019,1.18686,1.57516,1.92392,2.21818,2.44627,2.60049,2.58304,2.42379,2.19075,1.89187,1.53902,1.14733,0.734157,0.330023,0.735566,1.14848,1.53998,1.89277,2.19159,2.42457,2.58375,2.56821,2.4024,2.16443,1.86092,1.50401,1.1091,0.693797,0.28877,0.695167,1.11017,1.50496,1.86182,2.16527,2.40317,2.56778,2.59528,2.38132,2.13839,1.83018,1.46913,1.07093,0.653455,0.247517,0.654787,1.07193,1.47009,1.83108,2.13922,2.38209,2.59371,2.65878,2.39624,2.11262,1.79967,1.43441,1.03284,0.613134,0.206264,0.614426,1.03384,1.43536,1.80056,2.11345,2.39473,2.65608,2.75331,2.44953,2.12476,1.77586,1.39983,0.994823,0.572833,0.165011,0.574086,0.995818,1.40078,1.77561,2.12331,2.44689,2.74948,2.8736,2.53282,2.16967,1.78482,1.38018,0.961105,0.533309,0.123759,0.533769,0.960962,1.3791,1.78344,2.1671,2.52906,2.86864,3.01462,2.64077,2.24168,1.82149,1.38952,0.945531,0.50324,0.0825057,0.502152,0.944263,1.38707,1.8188,2.238,2.6359,3.00855,3.17654,2.76838,2.33572,1.88176,1.41768,0.947067,0.481293,0.0412529,0.478772,0.94355,1.41412,1.87701,2.33092,2.7624,3.1705,3.35437,2.91132,2.4471,1.95807,1.46097,0.959597,0.466011,0,0.461776,0.954977,1.45631,1.95297,2.4412,2.90536,3.34722
96,2.68837,2.55851,2.3541,2.08174,1.75188,1.37822,0.976844,0.577529,0.989135,1.39048,1.76411,2.09392,2.36622,2.57057,2.70035,2.67008,2.53539,2.32632,2.04968,1.71615,1.33963,0.936389,0.536277,0.93906,1.34165,1.71784,2.05117,2.3276,2.53654,2.67112,2.65208,2.51254,2.29876,2.01779,1.68052,1.30109,0.895947,0.495025,0.897995,1.30267,1.68185,2.01899,2.29982,2.51346,2.65287,2.6344,2.48996,2.27143,1.98607,1.64501,1.2626,0.855521,0.453772,0.857275,1.26396,1.64622,1.98712,2.2723,2.49074,2.63511,2.61702,2.46767,2.24435,1.95454,1.60962,1.22418,0.815109,0.41252,0.816712,1.22546,1.61071,1.95544,2.24519,2.46844,2.61772,2.59996,2.44567,2.21751,1.92319,1.57434,1.18581,0.774714,0.371268,0.776164,1.18702,1.57532,1.92409,2.21834,2.44644,2.60066,2.58322,2.42397,2.19093,1.89204,1.5392,1.14751,0.734336,0.330016,0.735721,1.14864,1.54014,1.89294,2.19176,2.42473,2.58392,2.56838,2.40258,2.16461,1.8611,1.50419,1.10928,0.693976,0.288764,0.695321,1.11033,1.50513,1.86199,2.16544,2.40334,2.56795,2.59544,2.3815,2.13857,1.83036,1.46931,1.07111,0.653635,0.247512,0.654941,1.07209,1.47025,1.83125,2.13939,2.38225,2.59389,2.65894,2.3964,2.1128,1.79985,1.43459,1.03302,0.613313,0.20626,0.61458,1.034,1.43552,1.80073,2.11362,2.39492,2.65627,2.75346,2.44968,2.12492,1.77603,1.40001,0.995002,0.573013,0.165008,0.574241,0.995982,1.40094,1.77579,2.1235,2.44709,2.74968,2.87373,2.53297,2.16982,1.78498,1.38034,0.961276,0.53348,0.123756,0.533923,0.961134,1.37928,1.78362,2.16729,2.52927,2.86885,3.01475,2.64091,2.24183,1.82164,1.38967,0.945693,0.503401,0.0825041,0.502324,0.944444,1.38726,1.81899,2.2382,2.63611,3.00877,3.17667,2.76851,2.33585,1.88189,1.41782,0.947212,0.481438,0.041252,0.478952,0.943748,1.41432,1.87722,2.33113,2.76262,3.17072,3.35449,2.91145,2.44723,1.9582,1.46111,0.959733,0.466147,0,0.461964,0.955184,1.45651,1.95318,2.44142,2.90558,3.34745
97,2.58803,2.45795,2.25341,1.98103,1.65125,1.27779,0.879849,0.6062,1.01728,1.41805,1.79106,2.12026,2.39197,2.59577,2.72508,2.56834,2.43357,2.22453,1.94806,1.61482,1.23872,0.839153,0.5644,0.927201,1.30493,1.66982,1.99592,2.26731,2.47246,2.60386,2.54896,2.40946,2.19588,1.91526,1.5785,1.19971,0.798471,0.5226,0.861445,1.24814,1.61894,1.95055,2.22743,2.43776,2.57493,2.52988,2.38562,2.16746,1.88264,1.54229,1.16076,0.757804,0.4808,0.809809,1.20148,1.57625,1.91216,2.19406,2.4093,2.55162,2.51111,2.36207,2.13928,1.8502,1.5062,1.12186,0.717153,0.439,0.76244,1.1579,1.53618,1.87664,2.16281,2.38339,2.5302,2.49266,2.33882,2.11135,1.81795,1.47023,1.08302,0.676518,0.3972,0.717305,1.11597,1.49792,1.84209,2.13296,2.35785,2.51015,2.47453,2.31586,2.08367,1.78589,1.43438,1.04425,0.6359,0.3554,0.67346,1.07457,1.45981,1.80849,2.10336,2.33391,2.49092,2.46415,2.29321,2.05626,1.75404,1.39868,1.00554,0.595301,0.3136,0.630345,1.03432,1.42293,1.77508,2.07515,2.31031,2.47201,2.49558,2.27399,2.02912,1.7224,1.36311,0.966901,0.55472,0.2718,0.587597,0.994127,1.38618,1.74237,2.0472,2.28702,2.4842,2.56338,2.29615,2.00789,1.69098,1.32768,0.928337,0.514159,0.23,0.545343,0.954097,1.34958,1.7103,2.01954,2.28781,2.53856,2.66214,2.35386,2.02489,1.67209,1.29241,0.889851,0.47362,0.1882,0.503433,0.914813,1.3132,1.67845,2.01584,2.32992,2.62438,2.7866,2.44151,2.07437,1.68832,1.28368,0.863367,0.442374,0.1464,0.461544,0.875609,1.28452,1.67843,2.05191,2.40472,2.73597,2.93175,2.55375,2.15088,1.7331,1.298,0.856836,0.421062,0.1046,0.420719,0.849129,1.28122,1.70644,2.11516,2.50418,2.87289,3.09294,2.6856,2.24935,1.79802,1.33213,0.863687,0.406712,0.0628,0.389126,0.840505,1.29981,1.75713,2.20097,2.62464,3.02851,3.27378,2.83251,2.36512,1.87894,1.38055,0.881923,0.397291,0.021,0.364778,0.844173,1.33509,1.826,2.30413,2.76476,3.19767
98,2.68813,2.55827,2.35387,2.08151,1.75164,1.37798,0.976607,0.577544,0.98915,1.3905,1.76412,2.09393,2.36623,2.57058,2.70036,2.66984,2.53515,2.32608,2.04944,1.71591,1.33939,0.936152,0.536291,0.938905,1.34147,1.71765,2.05098,2.32741,2.53633,2.67091,2.65185,2.5123,2.29852,2.01755,1.68029,1.30085,0.895711,0.495037,0.897815,1.30247,1.68164,2.01878,2.29961,2.51325,2.65266,2.63416,2.48972,2.2712,1.98584,1.64477,1.26237,0.855284,0.453784,0.857083,1.26376,1.64601,1.98691,2.2721,2.49051,2.63488,2.61678,2.46743,2.24411,1.9543,1.60938,1.22394,0.814873,0.412531,0.81652,1.22526,1.6105,1.95522,2.24497,2.46822,2.6175,2.59972,2.44543,2.21727,1.92296,1.57411,1.18558,0.774478,0.371278,0.775973,1.18681,1.57511,1.92387,2.21812,2.44622,2.60044,2.58298,2.42373,2.19069,1.89181,1.53896,1.14727,0.7341,0.330025,0.735517,1.14843,1.53992,1.89272,2.19154,2.42451,2.58369,2.56816,2.40234,2.16438,1.86086,1.50395,1.10904,0.69374,0.288772,0.695118,1.11012,1.50491,1.86177,2.16522,2.40311,2.56772,2.59523,2.38126,2.13833,1.83013,1.46908,1.07087,0.653398,0.247519,0.654737,1.07188,1.47003,1.83103,2.13917,2.38203,2.59365,2.65874,2.39619,2.11257,1.79961,1.43435,1.03278,0.613077,0.206266,0.614377,1.03378,1.4353,1.80051,2.1134,2.39467,2.65602,2.75327,2.44948,2.12471,1.77581,1.39977,0.994766,0.572776,0.165012,0.574037,0.995765,1.40072,1.77556,2.12326,2.44683,2.74941,2.87355,2.53278,2.16962,1.78476,1.38013,0.961051,0.533255,0.123759,0.533719,0.960906,1.37905,1.78338,2.16704,2.529,2.86857,3.01458,2.64073,2.24164,1.82145,1.38947,0.94548,0.503188,0.0825062,0.502097,0.944205,1.38701,1.81874,2.23793,2.63583,3.00848,3.1765,2.76834,2.33567,1.88171,1.41763,0.947021,0.481247,0.0412531,0.478715,0.943487,1.41405,1.87695,2.33085,2.76233,3.17043,3.35433,2.91128,2.44706,1.95803,1.46092,0.959553,0.465967,0,0.461716,0.954911,1.45624,1.95291,2.44113,2.90529,3.34715
99,2.56291,2.43354,2.23028,1.95969,1.63218,1.26243,0.869225,0.631489,1.03947,1.43723,1.80749,2.13427,2.40401,2.60634,2.73474,2.54367,2.40957,2.20175,1.92702,1.59598,1.22352,0.828636,0.589533,0.949175,1.3147,1.6722,1.99352,2.26116,2.46353,2.59304,2.52473,2.38586,2.17345,1.89451,1.55988,1.18465,0.788061,0.547577,0.873909,1.25066,1.61558,1.94293,2.21676,2.42496,2.5604,2.5061,2.36243,2.14538,1.86218,1.52389,1.14585,0.747501,0.505621,0.817641,1.20078,1.57057,1.90284,2.18139,2.39516,2.53571,2.48777,2.33928,2.11755,1.83003,1.48803,1.1071,0.706956,0.463665,0.767691,1.15529,1.52929,1.86587,2.14961,2.36789,2.51396,2.46977,2.31643,2.08997,1.79807,1.45228,1.06841,0.666428,0.421709,0.720703,1.11226,1.48957,1.83087,2.11906,2.34274,2.49329,2.45208,2.29388,2.06265,1.76631,1.41667,1.02979,0.625917,0.379753,0.675561,1.07038,1.45158,1.79654,2.0898,2.31789,2.47381,2.44376,2.27163,2.03559,1.73475,1.38118,0.991229,0.585424,0.337797,0.631519,1.02914,1.4138,1.76342,2.06081,2.29424,2.45534,2.47694,2.25446,2.00881,1.7034,1.34584,0.952742,0.54495,0.295841,0.587829,0.988547,1.37669,1.73051,2.03259,2.27135,2.46562,2.54619,2.27835,1.98955,1.67228,1.31065,0.914329,0.504497,0.253885,0.545165,0.948576,1.3403,1.69782,2.00526,2.27069,2.51664,2.64616,2.33751,2.00823,1.65525,1.27699,0.875993,0.465366,0.211929,0.502521,0.908681,1.30407,1.6659,1.99925,2.30935,2.59969,2.77164,2.42637,2.05914,1.67475,1.27023,0.852912,0.437101,0.169973,0.460262,0.868867,1.27321,1.6626,2.03269,2.38149,2.7096,2.91764,2.53964,2.13777,1.72088,1.28677,0.847932,0.41818,0.128017,0.418463,0.839123,1.26756,1.68881,2.09391,2.47813,2.84471,3.07957,2.67236,2.23643,1.78699,1.32317,0.857814,0.405982,0.086061,0.383864,0.828655,1.28322,1.73753,2.17702,2.59759,2.99784,3.25931,2.82002,2.35301,1.86897,1.37279,0.877465,0.398508,0.044105,0.357264,0.830532,1.31619,1.80431,2.27737,2.73527,3.16441
100,2.68806,2.55821,2.3538,2.08144,1.75158,1.37791,0.976542,0.577561,0.989166,1.39051,1.76413,2.09394,2.36624,2.57059,2.70037,2.66977,2.53509,2.32602,2.04938,1.71585,1.33932,0.936087,0.536307,0.938873,1.34143,1.7176,2.05093,2.32736,2.53628,2.67086,2.65178,2.51223,2.29846,2.01749,1.68022,1.30078,0.895646,0.495052,0.897776,1.30243,1.68159,2.01873,2.29956,2.5132,2.6526,2.6341,2.48966,2.27113,1.98577,1.64471,1.2623,0.855219,0.453798,0.857041,1.26371,1.64596,1.98686,2.27205,2.49046,2.63483,2.61672,2.46737,2.24405,1.95424,1.60931,1.22388,0.814808,0.412544,0.816477,1.22521,1.61045,1.95517,2.24491,2.46816,2.61745,2.59966,2.44537,2.21721,1.92289,1.57404,1.18551,0.774413,0.371289,0.77593,1.18677,1.57506,1.92382,2.21807,2.44616,2.60038,2.58292,2.42367,2.19063,1.89174,1.53889,1.14721,0.734035,0.330035,0.735471,1.14839,1.53987,1.89266,2.19149,2.42446,2.58364,2.5681,2.40227,2.16431,1.8608,1.50388,1.10897,0.693675,0.288781,0.695072,1.11007,1.50486,1.86171,2.16516,2.40306,2.56766,2.59517,2.3812,2.13826,1.83006,1.46901,1.07081,0.653334,0.247526,0.654691,1.07183,1.46998,1.83098,2.13911,2.38198,2.59359,2.65868,2.39613,2.1125,1.79954,1.43428,1.03272,0.613012,0.206272,0.614331,1.03373,1.43525,1.80046,2.11335,2.39461,2.65595,2.75321,2.44943,2.12465,1.77574,1.39971,0.994701,0.572712,0.165017,0.573991,0.995715,1.40067,1.7755,2.1232,2.44677,2.74935,2.8735,2.53272,2.16956,1.7847,1.38007,0.960988,0.533193,0.123763,0.533673,0.960854,1.37899,1.78332,2.16698,2.52893,2.8685,3.01453,2.64068,2.24158,1.82139,1.38941,0.94542,0.503128,0.0825087,0.502046,0.94415,1.38695,1.81868,2.23787,2.63576,3.00841,3.17645,2.76829,2.33562,1.88166,1.41758,0.946966,0.481193,0.0412544,0.478661,0.943426,1.41399,1.87688,2.33079,2.76226,3.17036,3.35428,2.91123,2.44701,1.95798,1.46087,0.9595,0.465915,0,0.461659,0.954848,1.45618,1.95284,2.44106,2.90522,3.34707
101,2.68837,2.55851,2.35411,2.08175,1.75188,1.37822,0.976847,0.577542,0.989148,1.39049,1.76412,2.09393,2.36623,2.57057,2.70036,2.67008,2.53539,2.32632,2.04968,1.71615,1.33963,0.936392,0.536289,0.939073,1.34166,1.71785,2.05118,2.32761,2.53655,2.67113,2.65209,2.51254,2.29876,2.01779,1.68053,1.30109,0.895951,0.495036,0.898007,1.30268,1.68186,2.019,2.29983,2.51347,2.65287,2.6344,2.48996,2.27144,1.98608,1.64501,1.26261,0.855524,0.453783,0.857287,1.26398,1.64623,1.98713,2.27231,2.49074,2.63511,2.61702,2.46767,2.24435,1.95454,1.60962,1.22418,0.815113,0.41253,0.816724,1.22547,1.61072,1.95545,2.2452,2.46845,2.61773,2.59996,2.44567,2.21751,1.9232,1.57435,1.18582,0.774718,0.371277,0.776177,1.18703,1.57533,1.9241,2.21835,2.44645,2.60067,2.58322,2.42397,2.19093,1.89205,1.5392,1.14751,0.73434,0.330024,0.735733,1.14865,1.54015,1.89295,2.19177,2.42474,2.58392,2.56839,2.40258,2.16461,1.8611,1.50419,1.10928,0.693979,0.288771,0.695334,1.11034,1.50514,1.862,2.16545,2.40334,2.56796,2.59544,2.3815,2.13857,1.83037,1.46932,1.07111,0.653638,0.247518,0.654954,1.07211,1.47026,1.83126,2.1394,2.38226,2.5939,2.65894,2.39641,2.1128,1.79985,1.43459,1.03302,0.613317,0.206265,0.614593,1.03401,1.43553,1.80074,2.11363,2.39493,2.65628,2.75346,2.44969,2.12492,1.77603,1.40001,0.995005,0.573016,0.165012,0.574253,0.995994,1.40095,1.7758,2.12351,2.4471,2.74969,2.87373,2.53297,2.16982,1.78498,1.38034,0.961278,0.533483,0.123759,0.533936,0.961147,1.37929,1.78363,2.1673,2.52928,2.86886,3.01475,2.64091,2.24183,1.82164,1.38968,0.945695,0.503404,0.0825059,0.502337,0.944458,1.38728,1.819,2.23821,2.63612,3.00878,3.17667,2.76851,2.33585,1.88189,1.41782,0.947213,0.481439,0.041253,0.478967,0.943763,1.41433,1.87723,2.33114,2.76263,3.17073,3.35449,2.91144,2.44722,1.9582,1.4611,0.959733,0.466147,0,0.461979,0.9552,1.45653,1.9532,2.44143,2.90559,3.34746
102,2.68837,2.55851,2.35411,2.08175,1.75188,1.37822,0.976847,0.577542,0.989148,1.39049,1.76412,2.09393,2.36623,2.57057,2.70036,2.67008,2.53539,2.32632,2.04968,1.71615,1.33963,0.936392,0.536289,0.939073,1.34166,1.71785,2.05118,2.32761,2.53655,2.67113,2.65209,2.51254,2.29876,2.01779,1.68053,1.30109,0.895951,0.495036,0.898007,1.30268,1.68186,2.019,2.29983,2.51347,2.65287,2.6344,2.48996,2.27144,1.98608,1.64501,1.26261,0.855524,0.453783,0.857287,1.26398,1.64623,1.98713,2.27231,2.49074,2.63511,2.61702,2.46767,2.24435,1.95454,1.60962,1.22418,0.815113,0.41253,0.816724,1.22547,1.61072,1.95545,2.2452,2.46845,2.61773,2.59996,2.44567,2.21751,1.9232,1.57435,1.18582,0.774718,0.371277,0.776177,1.18703,1.57533,1.9241,2.21835,2.44645,2.60067,2.58322,2.42397,2.19093,1.89205,1.5392,1.14751,0.73434,0.330024,0.735733,1.14865,1.54015,1.89295,2.19177,2.42474,2.58392,2.56839,2.40258,2.16461,1.8611,1.50419,1.10928,0.693979,0.288771,0.695334,1.11034,1.50514,1.862,2.16545,2.40334,2.56796,2.59544,2.3815,2.13857,1.83037,1.46932,1.07111,0.653638,0.247518,0.654954,1.07211,1.47026,1.83126,2.1394,2.38226,2.5939,2.65894,2.39641,2.1128,1.79985,1.43459,1.03302,0.613317,0.206265,0.614593,1.03401,1.43553,1.80074,2.11363,2.39493,2.65628,2.75346,2.44969,2.12492,1.77603,1.40001,0.995005,0.573016,0.165012,0.574253,0.995994,1.40095,1.7758,2.12351,2.4471,2.74969,2.87373,2.53297,2.16982,1.78498,1.38034,0.961278,0.533483,0.123759,0.533936,0.961147,1.37929,1.78363,2.1673,2.52928,2.86886,3.01475,2.64091,2.24183,1.82164,1.38968,0.945695,0.503404,0.0825059,0.502337,0.944458,1.38728,1.819,2.23821,2.63612,3.00878,3.17667,2.76851,2.33585,1.88189,1.41782,0.947213,0.481439,0.041253,0.478967,0.943763,1.41433,1.87723,2.33114,2.76263,3.17073,3.35449,2.91144,2.44722,1.9582,1.4611,0.959733,0.466147,0,0.461979,0.9552,1.45653,1.9532,2.44143,2.90559,3.34746
103,2.68837,2.55851,2.3541,2.08174,1.75188,1.37822,0.976844,0.577528,0.989134,1.39048,1.76411,2.09392,2.36622,2.57057,2.70035,2.67008,2.53539,2.32632,2.04968,1.71615,1.33963,0.936389,0.536276,0.93906,1.34165,1.71784,2.05117,2.3276,2.53654,2.67112,2.65208,2.51254,2.29876,2.01779,1.68052,1.30109,0.895947,0.495024,0.897994,1.30267,1.68184,2.01899,2.29982,2.51346,2.65287,2.6344,2.48996,2.27143,1.98607,1.64501,1.2626,0.855521,0.453772,0.857274,1.26396,1.64622,1.98712,2.2723,2.49074,2.63511,2.61702,2.46767,2.24435,1.95454,1.60962,1.22418,0.815109,0.41252,0.816711,1.22546,1.61071,1.95544,2.24519,2.46844,2.61772,2.59996,2.44567,2.21751,1.92319,1.57434,1.18581,0.774714,0.371268,0.776164,1.18702,1.57532,1.92409,2.21834,2.44644,2.60066,2.58322,2.42397,2.19093,1.89204,1.5392,1.14751,0.734336,0.330016,0.73572,1.14864,1.54014,1.89293,2.19176,2.42473,2.58392,2.56838,2.40258,2.16461,1.8611,1.50419,1.10928,0.693976,0.288764,0.695321,1.11033,1.50513,1.86198,2.16544,2.40334,2.56795,2.59544,2.3815,2.13857,1.83036,1.46931,1.07111,0.653635,0.247512,0.65494,1.07209,1.47025,1.83125,2.13939,2.38225,2.59389,2.65894,2.3964,2.1128,1.79985,1.43459,1.03302,0.613313,0.20626,0.61458,1.034,1.43552,1.80073,2.11362,2.39492,2.65627,2.75346,2.44968,2.12492,1.77603,1.40001,0.995002,0.573013,0.165008,0.57424,0.995981,1.40094,1.77579,2.1235,2.44709,2.74968,2.87373,2.53297,2.16982,1.78498,1.38034,0.961276,0.53348,0.123756,0.533922,0.961134,1.37928,1.78362,2.16729,2.52926,2.86885,3.01475,2.64091,2.24183,1.82164,1.38967,0.945694,0.503402,0.0825039,0.502323,0.944443,1.38726,1.81899,2.2382,2.63611,3.00877,3.17667,2.76851,2.33585,1.88189,1.41782,0.947213,0.481438,0.041252,0.478951,0.943747,1.41432,1.87722,2.33113,2.76261,3.17072,3.35449,2.91145,2.44723,1.9582,1.46111,0.959734,0.466147,0,0.461963,0.955183,1.45651,1.95318,2.44142,2.90558,3.34745
104,2.68837,2.55851,2.3541,2.08174,1.75188,1.37822,0.976844,0.577528,0.989134,1.39048,1.76411,2.09392,2.36622,2.57057,2.70035,2.67008,2.53539,2.32632,2.04968,1.71615,1.33963,0.936389,0.536276,0.93906,1.34165,1.71784,2.05117,2.3276,2.53654,2.67112,2.65208,2.51254,2.29876,2.01779,1.68052,1.30109,0.895947,0.495024,0.897994,1.30267,1.68184,2.01899,2.29982,2.51346,2.65287,2.6344,2.48996,2.27143,1.98607,1.64501,1.2626,0.855521,0.453772,0.857274,1.26396,1.64622,1.98712,2.2723,2.49074,2.63511,2.61702,2.46767,2.24435,1.95454,1.60962,1.22418,0.815109,0.41252,0.816711,1.22546,1.61071,1.95544,2.24519,2.46844,2.61772,2.59996,2.44567,2.21751,1.92319,1.57434,1.18581,0.774714,0.371268,0.776164,1.18702,1.57532,1.92409,2.21834,2.44644,2.60066,2.58322,2.42397,2.19093,1.89204,1.5392,1.14751,0.734336,0.330016,0.73572,1.14864,1.54014,1.89293,2.19176,2.42473,2.58392,2.56838,2.40258,2.16461,1.8611,1.50419,1.10928,0.693976,0.288764,0.695321,1.11033,1.50513,1.86198,2.16544,2.40334,2.56795,2.59544,2.3815,2.13857,1.83036,1.46931,1.07111,0.653635,0.247512,0.65494,1.07209,1.47025,1.83125,2.13939,2.38225,2.59389,2.65894,2.3964,2.1128,1.79985,1.43459,1.03302,0.613313,0.20626,0.61458,1.034,1.43552,1.80073,2.11362,2.39492,2.65627,2.75346,2.44968,2.12492,1.77603,1.40001,0.995002,0.573013,0.165008,0.57424,0.995981,1.40094,1.77579,2.1235,2.44709,2.74968,2.87373,2.53297,2.16982,1.78498,1.38034,0.961276,0.53348,0.123756,0.533922,0.961134,1.37928,1.78362,2.16729,2.52926,2.86885,3.01475,2.64091,2.24183,1.82164,1.38967,0.945694,0.503402,0.0825039,0.502323,0.944443,1.38726,1.81899,2.2382,2.63611,3.00877,3.17667,2.76851,2.33585,1.88189,1.41782,0.947213,0.481438,0.041252,0.478951,0.943747,1.41432,1.87722,2.33113,2.76261,3.17072,3.35449,2.91145,2.44723,1.9582,1.46111,0.959734,0.466147,0,0.461963,0.955183,1.45651,1.95318,2.44142,2.90558,3.34745
105,2.68837,2.55851,2.3541,2.08174,1.75188,1.37822,0.976844,0.577528,0.989134,1.39048,1.76411,2.09392,2.36622,2.57057,2.70035,2.67008,2.53539,2.32632,2.04968,1.71615,1.33963,0.936389,0.536276,0.93906,1.34165,1.71784,2.05117,2.3276,2.53654,2.67112,2.65208,2.51254,2.29876,2.01779,1.68052,1.30109,0.895947,0.495024,0.897994,1.30267,1.68184,2.01899,2.29982,2.51346,2.65287,2.6344,2.48996,2.27143,1.98607,1.64501,1.2626,0.855521,0.453772,0.857274,1.26396,1.64622,1.98712,2.2723,2.49074,2.63511,2.61702,2.46767,2.24435,1.95454,1.60962,1.22418,0.815109,0.41252,0.816711,1.22546,1.61071,1.95544,2.24519,2.46844,2.61772,2.59996,2.44567,2.21751,1.92319,1.57434,1.18581,0.774714,0.371268,0.776164,1.18702,1.57532,1.92409,2.21834,2.44644,2.60066,2.58322,2.42397,2.19093,1.89204,1.5392,1.14751,0.734336,0.330016,0.73572,1.14864,1.54014,1.89293,2.19176,2.42473,2.58392,2.56838,2.40258,2.16461,1.8611,1.50419,1.10928,0.693976,0.288764,0.695321,1.11033,1.50513,1.86198,2.16544,2.40334,2.56795,2.59544,2.3815,2.13857,1.83036,1.46931,1.07111,0.653635,0.247512,0.65494,1.07209,1.47025,1.83125,2.13939,2.38225,2.59389,2.65894,2.3964,2.1128,1.79985,1.43459,1.03302,0.613313,0.20626,0.61458,1.034,1.43552,1.80073,2.11362,2.39492,2.65627,2.75346,2.44968,2.12492,1.77603,1.40001,0.995002,0.573013,0.165008,0.57424,0.995981,1.40094,1.77579,2.1235,2.44709,2.74968,2.87373,2.53297,2.16982,1.78498,1.38034,0.961276,0.53348,0.123756,0.533922,0.961134,1.37928,1.78362,2.16729,2.52926,2.86885,3.01475,2.64091,2.24183,1.82164,1.38967,0.945694,0.503402,0.0825039,0.502323,0.944443,1.38726,1.81899,2.2382,2.63611,3.00877,3.17667,2.76851,2.33585,1.88189,1.41782,0.947213,0.481438,0.041252,0.478951,0.943747,1.41432,1.87722,2.33113,2.76261,3.17072,3.35449,2.91145,2.44723,1.9582,1.46111,0.959734,0.466147,0,0.461963,0.955183,1.45651,1.95318,2.44142,2.90558,3.34745
106,2.56291,2.43355,2.23028,1.9597,1.63219,1.26244,0.869229,0.631483,1.03946,1.43723,1.80748,2.13427,2.404,2.60634,2.73474,2.54368,2.40957,2.20175,1.92702,1.59598,1.22352,0.82864,0.589528,0.94917,1.3147,1.67219,1.99351,2.26116,2.46353,2.59304,2.52474,2.38586,2.17345,1.89451,1.55988,1.18466,0.788064,0.547573,0.873904,1.25066,1.61558,1.94292,2.21676,2.42496,2.5604,2.5061,2.36243,2.14538,1.86218,1.5239,1.14585,0.747504,0.505618,0.817636,1.20078,1.57056,1.90284,2.18138,2.39515,2.53571,2.48778,2.33929,2.11755,1.83003,1.48803,1.1071,0.706959,0.463663,0.767686,1.15528,1.52929,1.86587,2.14961,2.36789,2.51396,2.46977,2.31643,2.08998,1.79807,1.45229,1.06841,0.666431,0.421708,0.720698,1.11226,1.48956,1.83086,2.11905,2.34274,2.49329,2.45208,2.29388,2.06265,1.76631,1.41667,1.02979,0.62592,0.379753,0.675556,1.07037,1.45158,1.79654,2.0898,2.31789,2.4738,2.44376,2.27163,2.03559,1.73475,1.38119,0.991232,0.585427,0.337798,0.631514,1.02913,1.41379,1.76342,2.06081,2.29424,2.45533,2.47694,2.25447,2.00881,1.70341,1.34585,0.952745,0.544953,0.295843,0.587824,0.988541,1.37668,1.73051,2.03258,2.27134,2.46561,2.54619,2.27835,1.98956,1.67228,1.31065,0.914332,0.5045,0.253888,0.54516,0.94857,1.3403,1.69782,2.00526,2.27068,2.51663,2.64617,2.33751,2.00824,1.65525,1.27699,0.875996,0.46537,0.211933,0.502516,0.908675,1.30407,1.66589,1.99924,2.30934,2.59968,2.77164,2.42638,2.05914,1.67475,1.27023,0.852916,0.437106,0.169978,0.460257,0.868861,1.27321,1.66259,2.03268,2.38148,2.70959,2.91765,2.53964,2.13778,1.72088,1.28678,0.847937,0.418185,0.128023,0.418458,0.839116,1.26755,1.6888,2.0939,2.47812,2.8447,3.07957,2.67236,2.23643,1.787,1.32318,0.85782,0.405989,0.086068,0.383857,0.828647,1.28321,1.73752,2.17701,2.59758,2.99783,3.25931,2.82002,2.35302,1.86898,1.3728,0.877472,0.398515,0.0441131,0.357257,0.830523,1.31618,1.8043,2.27736,2.73526,3.1644
107,2.68806,2.55821,2.3538,2.08144,1.75158,1.37791,0.976539,0.577547,0.989153,1.3905,1.76412,2.09393,2.36623,2.57058,2.70036,2.66977,2.53508,2.32601,2.04938,1.71584,1.33932,0.936084,0.536294,0.93886,1.34142,1.71759,2.05092,2.32735,2.53627,2.67085,2.65178,2.51223,2.29845,2.01748,1.68022,1.30078,0.895642,0.49504,0.897763,1.30242,1.68158,2.01872,2.29955,2.51319,2.6526,2.63409,2.48965,2.27113,1.98577,1.64471,1.2623,0.855216,0.453787,0.857028,1.2637,1.64595,1.98685,2.27204,2.49045,2.63482,2.61672,2.46736,2.24404,1.95423,1.60931,1.22387,0.814805,0.412534,0.816464,1.2252,1.61044,1.95516,2.2449,2.46816,2.61744,2.59965,2.44536,2.21721,1.92289,1.57404,1.18551,0.77441,0.37128,0.775917,1.18675,1.57505,1.92381,2.21806,2.44615,2.60037,2.58292,2.42366,2.19063,1.89174,1.53889,1.14721,0.734032,0.330027,0.735458,1.14837,1.53986,1.89265,2.19148,2.42445,2.58363,2.5681,2.40227,2.16431,1.86079,1.50388,1.10897,0.693672,0.288774,0.695059,1.11006,1.50485,1.8617,2.16515,2.40305,2.56765,2.59517,2.38119,2.13826,1.83006,1.46901,1.07081,0.65333,0.24752,0.654678,1.07182,1.46997,1.83096,2.1391,2.38197,2.59358,2.65868,2.39613,2.1125,1.79954,1.43428,1.03271,0.613009,0.206267,0.614318,1.03372,1.43524,1.80044,2.11334,2.3946,2.65594,2.75321,2.44942,2.12464,1.77574,1.39971,0.994698,0.572708,0.165013,0.573978,0.995702,1.40066,1.77549,2.12319,2.44676,2.74934,2.8735,2.53272,2.16956,1.7847,1.38007,0.960986,0.53319,0.12376,0.53366,0.96084,1.37898,1.78331,2.16696,2.52892,2.86849,3.01453,2.64068,2.24158,1.82139,1.38941,0.945418,0.503126,0.0825067,0.502032,0.944136,1.38694,1.81866,2.23786,2.63575,3.0084,3.17645,2.76829,2.33562,1.88166,1.41758,0.946966,0.481192,0.0412534,0.478646,0.94341,1.41398,1.87687,2.33077,2.76224,3.17035,3.35429,2.91123,2.44701,1.95798,1.46087,0.959501,0.465915,0,0.461643,0.954832,1.45616,1.95283,2.44105,2.90521,3.34706
108,2.68806,2.55821,2.3538,2.08144,1.75158,1.37791,0.976539,0.577547,0.989153,1.3905,1.76412,2.09393,2.36623,2.57058,2.70036,2.66977,2.53508,2.32601,2.04938,1.71584,1.33932,0.936084,0.536294,0.93886,1.34142,1.71759,2.05092,2.32735,2.53627,2.67085,2.65178,2.51223,2.29845,2.01748,1.68022,1.30078,0.895642,0.49504,0.897763,1.30242,1.68158,2.01872,2.29955,2.51319,2.6526,2.63409,2.48965,2.27113,1.98577,1.6447,1.2623,0.855216,0.453787,0.857028,1.2637,1.64595,1.98685,2.27204,2.49045,2.63482,2.61671,2.46736,2.24404,1.95423,1.60931,1.22387,0.814805,0.412534,0.816464,1.2252,1.61044,1.95516,2.2449,2.46816,2.61744,2.59965,2.44536,2.21721,1.92289,1.57404,1.18551,0.77441,0.37128,0.775917,1.18675,1.57505,1.92381,2.21806,2.44615,2.60037,2.58292,2.42366,2.19062,1.89174,1.53889,1.14721,0.734032,0.330027,0.735458,1.14837,1.53986,1.89265,2.19148,2.42445,2.58363,2.5681,2.40227,2.16431,1.86079,1.50388,1.10897,0.693672,0.288774,0.695059,1.11006,1.50485,1.8617,2.16515,2.40305,2.56765,2.59517,2.38119,2.13826,1.83006,1.46901,1.07081,0.65333,0.24752,0.654678,1.07182,1.46997,1.83096,2.1391,2.38197,2.59358,2.65868,2.39613,2.1125,1.79954,1.43428,1.03271,0.613009,0.206267,0.614318,1.03372,1.43524,1.80044,2.11334,2.3946,2.65594,2.75321,2.44942,2.12464,1.77574,1.39971,0.994698,0.572708,0.165013,0.573978,0.995702,1.40066,1.77549,2.12319,2.44676,2.74934,2.8735,2.53272,2.16956,1.7847,1.38007,0.960986,0.53319,0.12376,0.53366,0.96084,1.37898,1.78331,2.16696,2.52892,2.86849,3.01453,2.64068,2.24158,1.82139,1.38941,0.945418,0.503126,0.0825067,0.502032,0.944136,1.38694,1.81866,2.23786,2.63575,3.0084,3.17645,2.76829,2.33562,1.88166,1.41758,0.946966,0.481192,0.0412534,0.478646,0.94341,1.41398,1.87687,2.33077,2.76224,3.17035,3.35429,2.91123,2.44701,1.95798,1.46087,0.959501,0.465915,0,0.461643,0.954832,1.45616,1.95283,2.44105,2.90521,3.34706
109,2.68837,2.55851,2.3541,2.08174,1.75188,1.37822,0.976844,0.577528,0.989135,1.39048,1.76411,2.09392,2.36622,2.57057,2.70035,2.67008,2.53539,2.32632,2.04968,1.71615,1.33963,0.936388,0.536276,0.939059,1.34165,1.71784,2.05117,2.3276,2.53654,2.67112,2.65208,2.51253,2.29876,2.01779,1.68052,1.30109,0.895947,0.495024,0.897994,1.30266,1.68184,2.01899,2.29982,2.51346,2.65287,2.6344,2.48996,2.27143,1.98607,1.64501,1.2626,0.85552,0.453772,0.857274,1.26396,1.64622,1.98712,2.2723,2.49074,2.63511,2.61702,2.46767,2.24435,1.95454,1.60961,1.22418,0.815109,0.41252,0.81671,1.22546,1.6107,1.95544,2.24519,2.46844,2.61772,2.59996,2.44567,2.21751,1.92319,1.57434,1.18581,0.774714,0.371268,0.776163,1.18702,1.57532,1.92409,2.21834,2.44644,2.60066,2.58322,2.42397,2.19093,1.89204,1.5392,1.14751,0.734336,0.330016,0.735719,1.14864,1.54014,1.89293,2.19176,2.42473,2.58392,2.56838,2.40258,2.16461,1.8611,1.50419,1.10928,0.693976,0.288764,0.69532,1.11032,1.50513,1.86198,2.16544,2.40333,2.56795,2.59544,2.3815,2.13857,1.83036,1.46931,1.07111,0.653634,0.247512,0.65494,1.07209,1.47025,1.83125,2.13939,2.38225,2.59389,2.65894,2.3964,2.1128,1.79985,1.43458,1.03302,0.613313,0.20626,0.614579,1.034,1.43552,1.80072,2.11362,2.39492,2.65627,2.75346,2.44968,2.12492,1.77603,1.40001,0.995002,0.573012,0.165008,0.574239,0.99598,1.40094,1.77579,2.1235,2.44708,2.74968,2.87373,2.53297,2.16982,1.78498,1.38034,0.961275,0.533479,0.123756,0.533922,0.961133,1.37927,1.78362,2.16729,2.52926,2.86885,3.01475,2.64091,2.24183,1.82164,1.38967,0.945693,0.503401,0.0825039,0.502322,0.944443,1.38726,1.81899,2.2382,2.63611,3.00877,3.17667,2.76851,2.33585,1.88189,1.41782,0.947212,0.481438,0.041252,0.478951,0.943747,1.41432,1.87722,2.33113,2.76261,3.17072,3.35449,2.91145,2.44723,1.9582,1.46111,0.959733,0.466147,0,0.461963,0.955183,1.45651,1.95318,2.44141,2.90558,3.34745
110,2.72861,2.59934,2.3956,2.12395,1.79482,1.42187,1.02117,0.610135,0.871826,1.26911,1.64255,1.97231,2.2447,2.44925,2.57935,2.59992,2.46884,2.26436,1.99364,1.6683,1.30519,0.93072,0.568279,0.831094,1.22997,1.60601,1.93921,2.21565,2.42468,2.55946,2.56925,2.43276,2.22254,1.94636,1.61547,1.24597,0.861638,0.526422,0.790376,1.19089,1.56958,1.90627,2.18683,2.40037,2.53986,2.54514,2.40352,2.1884,1.90724,1.57176,1.19806,0.808295,0.484565,0.749672,1.15186,1.53326,1.87351,2.15824,2.37635,2.52057,2.5235,2.37682,2.15639,1.87099,1.53131,1.15381,0.760226,0.442709,0.708985,1.11289,1.49706,1.84093,2.1299,2.35261,2.50158,2.50264,2.35108,2.12637,1.83571,1.49234,1.11121,0.714447,0.400852,0.668316,1.07398,1.46099,1.80854,2.1018,2.32916,2.48292,2.48319,2.32635,2.0966,1.80196,1.45409,1.06969,0.670061,0.358996,0.627693,1.03513,1.42504,1.77635,2.07396,2.30601,2.46457,2.46407,2.30255,2.06762,1.76841,1.41654,1.02882,0.626322,0.317139,0.587088,0.996349,1.38922,1.74436,2.04638,2.28317,2.45455,2.47502,2.27907,2.03951,1.73508,1.37969,0.988554,0.583531,0.275282,0.546501,0.95764,1.35355,1.71258,2.01907,2.26433,2.48633,2.52813,2.27909,2.01167,1.70275,1.34298,0.948361,0.540759,0.233426,0.505935,0.919004,1.31802,1.68102,1.99824,2.28685,2.55447,2.61292,2.31984,2.00667,1.67076,1.30642,0.908502,0.498703,0.191569,0.465577,0.880446,1.28292,1.66255,2.01563,2.34492,2.65356,2.72373,2.39331,2.042,1.66946,1.27654,0.869221,0.456772,0.149713,0.435276,0.855024,1.27493,1.67977,2.06549,2.43291,2.77834,2.86041,2.49201,2.10446,1.69677,1.27256,0.841538,0.415173,0.107856,0.415085,0.848974,1.2897,1.72496,2.14238,2.5455,2.92381,3.01525,2.61227,2.18899,1.74675,1.28992,0.83228,0.382576,0.0659994,0.401278,0.856787,1.32483,1.79028,2.24122,2.67769,3.08533,3.18361,2.75163,2.29143,1.81492,1.32454,0.83532,0.357637,0.0241428,0.392393,0.875572,1.37368,1.87159,2.35734,2.82493,3.26591
111,2.56309,2.43372,2.23044,1.95983,1.6323,1.2625,0.869244,0.631241,1.03925,1.43706,1.80734,2.13415,2.40392,2.60627,2.73468,2.54385,2.40973,2.2019,1.92715,1.59608,1.22358,0.828653,0.589287,0.948963,1.31459,1.67215,1.99351,2.26118,2.46358,2.59311,2.5249,2.38602,2.17359,1.89464,1.55998,1.18471,0.788077,0.547333,0.873757,1.25059,1.61556,1.94295,2.21681,2.42504,2.56049,2.50625,2.36258,2.14552,1.8623,1.52399,1.1459,0.747515,0.505379,0.817525,1.20073,1.57057,1.90288,2.18145,2.39524,2.5358,2.48792,2.33942,2.11768,1.83015,1.48812,1.10715,0.706969,0.463425,0.767586,1.15525,1.5293,1.86592,2.14967,2.36799,2.51406,2.4699,2.31656,2.0901,1.79818,1.45237,1.06846,0.666439,0.421471,0.720621,1.11223,1.48957,1.83091,2.11913,2.34283,2.49338,2.45221,2.294,2.06277,1.76641,1.41675,1.02983,0.625927,0.379517,0.675478,1.07036,1.4516,1.79659,2.08987,2.31797,2.4739,2.44387,2.27175,2.0357,1.73485,1.38126,0.991274,0.585432,0.337564,0.631447,1.02911,1.41381,1.76346,2.06087,2.29432,2.45542,2.47703,2.25456,2.00891,1.70349,1.34592,0.952784,0.544957,0.29561,0.587767,0.988532,1.37671,1.73055,2.03265,2.27142,2.46571,2.54627,2.27843,1.98964,1.67236,1.31072,0.914368,0.504502,0.253656,0.545102,0.948558,1.34032,1.69785,2.00532,2.27076,2.51674,2.64623,2.33758,2.0083,1.65532,1.27704,0.876029,0.465358,0.211702,0.502456,0.90866,1.30408,1.66594,1.99931,2.30944,2.5998,2.7717,2.42644,2.05919,1.67479,1.27027,0.852923,0.43707,0.169748,0.460208,0.868843,1.27323,1.66265,2.03277,2.3816,2.70974,2.9177,2.53969,2.13781,1.72091,1.28679,0.847932,0.418138,0.127794,0.418407,0.83912,1.26758,1.68887,2.094,2.47825,2.84486,3.07962,2.67241,2.23646,1.78702,1.32318,0.857793,0.405919,0.0858402,0.38383,0.828674,1.28326,1.73761,2.17713,2.59772,2.99801,3.25937,2.82006,2.35305,1.86899,1.3728,0.877435,0.398436,0.0438863,0.35724,0.830562,1.31625,1.8044,2.2775,2.73542,3.16459
112,2.68802,2.55817,2.35376,2.0814,1.75154,1.37788,0.976503,0.577535,0.989141,1.39049,1.76411,2.09392,2.36623,2.57057,2.70036,2.66973,2.53505,2.32598,2.04934,1.71581,1.33928,0.936047,0.536282,0.938824,1.34138,1.71755,2.05089,2.32731,2.53623,2.67082,2.65174,2.51219,2.29842,2.01745,1.68018,1.30075,0.895606,0.49503,0.897724,1.30238,1.68154,2.01868,2.29951,2.51315,2.65256,2.63406,2.48962,2.27109,1.98573,1.64467,1.26226,0.855179,0.453777,0.856987,1.26366,1.64591,1.98681,2.272,2.49041,2.63478,2.61668,2.46733,2.24401,1.9542,1.60927,1.22384,0.814768,0.412525,0.816424,1.22515,1.6104,1.95512,2.24486,2.46812,2.6174,2.59962,2.44533,2.21717,1.92285,1.574,1.18547,0.774373,0.371272,0.775877,1.18671,1.57501,1.92376,2.21802,2.44611,2.60033,2.58288,2.42363,2.19059,1.8917,1.53886,1.14717,0.733995,0.33002,0.735416,1.14833,1.53982,1.89261,2.19143,2.42441,2.58359,2.56806,2.40224,2.16427,1.86076,1.50384,1.10893,0.693635,0.288767,0.695016,1.11002,1.5048,1.86166,2.16511,2.40301,2.56761,2.59514,2.38116,2.13823,1.83002,1.46897,1.07077,0.653294,0.247515,0.654636,1.07178,1.46993,1.83092,2.13906,2.38193,2.59353,2.65865,2.3961,2.11246,1.79951,1.43424,1.03268,0.612972,0.206262,0.614275,1.03368,1.4352,1.8004,2.11329,2.39456,2.65589,2.75318,2.44939,2.12461,1.77571,1.39967,0.994662,0.572672,0.16501,0.573936,0.995659,1.40062,1.77545,2.12314,2.44671,2.74929,2.87348,2.5327,2.16953,1.78467,1.38003,0.960952,0.533156,0.123757,0.533618,0.960794,1.37894,1.78326,2.16691,2.52887,2.86844,3.01451,2.64065,2.24155,1.82136,1.38938,0.945387,0.503094,0.082505,0.501985,0.944088,1.38689,1.81861,2.23781,2.6357,3.00834,3.17643,2.76827,2.3356,1.88164,1.41755,0.946939,0.481165,0.0412525,0.478597,0.943358,1.41393,1.87681,2.33072,2.76219,3.17029,3.35427,2.91121,2.44699,1.95796,1.46085,0.959477,0.46589,0,0.461592,0.954777,1.45611,1.95277,2.44099,2.90515,3.347
113,2.72861,2.59935,2.3956,2.12396,1.79483,1.42188,1.02117,0.610143,0.871824,1.2691,1.64255,1.97231,2.2447,2.44925,2.57935,2.59992,2.46884,2.26436,1.99365,1.6683,1.30519,0.930725,0.568285,0.831091,1.22997,1.60601,1.9392,2.21565,2.42467,2.55946,2.56925,2.43276,2.22254,1.94637,1.61547,1.24597,0.861644,0.526427,0.790373,1.19088,1.56958,1.90627,2.18683,2.40037,2.53986,2.54514,2.40352,2.18841,1.90724,1.57176,1.19806,0.808301,0.48457,0.74967,1.15185,1.53326,1.8735,2.15824,2.37635,2.52057,2.5235,2.37682,2.15639,1.87099,1.53131,1.15381,0.760232,0.442712,0.708982,1.11288,1.49706,1.84093,2.12989,2.35261,2.50158,2.50264,2.35108,2.12637,1.83571,1.49235,1.11122,0.714453,0.400854,0.668314,1.07397,1.46099,1.80854,2.1018,2.32916,2.48292,2.48319,2.32636,2.0966,1.80196,1.4541,1.06969,0.670068,0.358997,0.627691,1.03513,1.42504,1.77634,2.07396,2.30601,2.46457,2.46407,2.30256,2.06763,1.76842,1.41655,1.02883,0.626328,0.317139,0.587086,0.996347,1.38922,1.74435,2.04638,2.28317,2.45455,2.47503,2.27907,2.03951,1.73508,1.37969,0.988561,0.583537,0.275281,0.5465,0.957638,1.35355,1.71258,2.01907,2.26433,2.48633,2.52814,2.2791,2.01168,1.70276,1.34298,0.948369,0.540766,0.233424,0.505934,0.919002,1.31802,1.68102,1.99824,2.28685,2.55447,2.61293,2.31985,2.00668,1.67077,1.30642,0.90851,0.49871,0.191566,0.465575,0.880444,1.28292,1.66255,2.01563,2.34492,2.65356,2.72374,2.39332,2.04201,1.66947,1.27655,0.86923,0.456779,0.149708,0.435274,0.855021,1.27493,1.67977,2.06549,2.43291,2.77834,2.86042,2.49203,2.10447,1.69678,1.27257,0.841547,0.415181,0.107851,0.415082,0.84897,1.2897,1.72496,2.14238,2.5455,2.92381,3.01526,2.61228,2.18901,1.74676,1.28993,0.832291,0.382585,0.0659928,0.401274,0.856782,1.32483,1.79028,2.24121,2.67769,3.08532,3.18363,2.75164,2.29144,1.81493,1.32455,0.835332,0.357647,0.0241351,0.392388,0.875566,1.37367,1.87159,2.35734,2.82493,3.26591
114,2.68867,2.55882,2.35441,2.08205,1.75219,1.37852,0.977149,0.577506,0.989115,1.39046,1.76409,2.0939,2.36621,2.57055,2.70034,2.67038,2.53569,2.32663,2.04999,1.71645,1.33993,0.936693,0.536256,0.939258,1.34188,1.71809,2.05142,2.32785,2.53681,2.67139,2.65239,2.51284,2.29907,2.0181,1.68083,1.30139,0.896252,0.495006,0.898224,1.30291,1.68211,2.01925,2.30009,2.51373,2.65314,2.6347,2.49026,2.27174,1.98638,1.64532,1.26291,0.855825,0.453755,0.857519,1.26422,1.64648,1.98738,2.27257,2.49102,2.63539,2.61732,2.46797,2.24465,1.95485,1.60992,1.22448,0.815414,0.412505,0.816956,1.22572,1.61097,1.95572,2.24547,2.46872,2.61801,2.60026,2.44597,2.21782,1.9235,1.57465,1.18612,0.775019,0.371254,0.776409,1.18728,1.57558,1.92437,2.21863,2.44672,2.60094,2.58352,2.42427,2.19123,1.89235,1.5395,1.14782,0.734641,0.330004,0.73598,1.1489,1.54042,1.89322,2.19204,2.42502,2.5842,2.56867,2.40288,2.16492,1.8614,1.50449,1.10958,0.69428,0.288753,0.695581,1.11059,1.50541,1.86227,2.16572,2.40362,2.56825,2.59572,2.3818,2.13887,1.83067,1.46962,1.07141,0.653939,0.247503,0.655201,1.07237,1.47053,1.83153,2.13967,2.38254,2.5942,2.6592,2.39668,2.11311,1.80015,1.43489,1.03332,0.613617,0.206252,0.61484,1.03428,1.4358,1.80101,2.1139,2.39523,2.6566,2.7537,2.44994,2.12519,1.77632,1.40031,0.995307,0.573317,0.165002,0.5745,0.996258,1.40122,1.77608,2.12381,2.44741,2.75002,2.87396,2.53322,2.17008,1.78525,1.38062,0.961565,0.533769,0.123751,0.534183,0.961425,1.37957,1.78393,2.16761,2.52961,2.86921,3.01497,2.64114,2.24207,1.82188,1.38994,0.945969,0.503676,0.0825009,0.502612,0.94475,1.38759,1.81931,2.23854,2.63646,3.00914,3.17689,2.76873,2.33609,1.88213,1.41807,0.947459,0.481684,0.0412505,0.479255,0.944083,1.41465,1.87757,2.33148,2.76298,3.17109,3.35469,2.91166,2.44744,1.95842,1.46134,0.959966,0.466379,0,0.462281,0.955533,1.45686,1.95353,2.44178,2.90595,3.34783
115,2.56291,2.43355,2.23028,1.9597,1.63219,1.26244,0.869229,0.631482,1.03946,1.43723,1.80748,2.13426,2.404,2.60634,2.73474,2.54368,2.40957,2.20175,1.92702,1.59598,1.22352,0.82864,0.589527,0.949169,1.3147,1.67219,1.99351,2.26116,2.46353,2.59304,2.52474,2.38586,2.17345,1.89451,1.55988,1.18466,0.788065,0.547572,0.873904,1.25066,1.61558,1.94292,2.21676,2.42496,2.5604,2.5061,2.36243,2.14538,1.86218,1.5239,1.14585,0.747504,0.505617,0.817636,1.20078,1.57056,1.90284,2.18138,2.39515,2.53571,2.48778,2.33929,2.11756,1.83003,1.48803,1.1071,0.70696,0.463662,0.767686,1.15528,1.52929,1.86587,2.14961,2.36789,2.51396,2.46977,2.31643,2.08998,1.79808,1.45229,1.06841,0.666431,0.421707,0.720698,1.11226,1.48956,1.83086,2.11905,2.34274,2.49329,2.45208,2.29388,2.06265,1.76631,1.41667,1.02979,0.62592,0.379752,0.675556,1.07037,1.45158,1.79654,2.0898,2.31789,2.4738,2.44377,2.27163,2.03559,1.73475,1.38119,0.991233,0.585427,0.337797,0.631514,1.02913,1.41379,1.76342,2.06081,2.29424,2.45533,2.47694,2.25447,2.00881,1.70341,1.34585,0.952746,0.544954,0.295842,0.587824,0.988541,1.37668,1.73051,2.03258,2.27134,2.46561,2.54619,2.27835,1.98956,1.67228,1.31065,0.914332,0.5045,0.253887,0.54516,0.94857,1.3403,1.69782,2.00526,2.27068,2.51663,2.64617,2.33752,2.00824,1.65525,1.27699,0.875997,0.46537,0.211933,0.502516,0.908675,1.30407,1.66589,1.99924,2.30934,2.59968,2.77164,2.42638,2.05914,1.67475,1.27023,0.852916,0.437106,0.169978,0.460257,0.868861,1.27321,1.66259,2.03268,2.38148,2.70959,2.91765,2.53964,2.13778,1.72088,1.28678,0.847937,0.418185,0.128023,0.418457,0.839116,1.26755,1.6888,2.0939,2.47812,2.8447,3.07957,2.67236,2.23643,1.787,1.32318,0.85782,0.405989,0.0860678,0.383857,0.828647,1.28321,1.73752,2.17701,2.59758,2.99783,3.25931,2.82002,2.35302,1.86898,1.3728,0.877472,0.398515,0.0441128,0.357256,0.830522,1.31618,1.8043,2.27736,2.73526,3.1644
116,2.73725,2.60929,2.40767,2.13892,1.81334,1.44448,1.04822,0.641814,0.86826,1.25942,1.62725,1.9536,2.22325,2.42585,2.55484,2.58961,2.46086,2.25971,1.99354,1.67442,1.31959,0.958004,0.59981,0.827736,1.22064,1.59124,1.92117,2.19503,2.40222,2.53598,2.55606,2.42099,2.21397,1.94156,1.61585,1.25328,0.880115,0.557807,0.787227,1.1819,1.55533,1.88891,2.16703,2.37886,2.51743,2.53121,2.39098,2.17835,1.90063,1.56993,1.20244,0.822454,0.515803,0.746732,1.14323,1.51954,1.85683,2.13926,2.35578,2.49918,2.5093,2.36368,2.14633,1.86347,1.5283,1.15653,0.771796,0.473799,0.706252,1.10461,1.48387,1.82494,2.11174,2.33298,2.48124,2.48901,2.33872,2.11553,1.82861,1.48877,1.11309,0.724289,0.431796,0.66579,1.06606,1.44832,1.79323,2.08446,2.31048,2.46361,2.46935,2.31421,2.08657,1.79405,1.45044,1.07079,0.678704,0.389792,0.625344,1.02756,1.41289,1.76172,2.05744,2.28827,2.44631,2.45127,2.29036,2.05788,1.76111,1.41284,1.02968,0.634185,0.347788,0.584917,0.989138,1.3776,1.73041,2.03068,2.26637,2.43887,2.46129,2.26781,2.02946,1.72846,1.37538,0.988672,0.590501,0.305784,0.544508,0.950782,1.34246,1.69931,2.0042,2.25006,2.47276,2.51138,2.26688,2.00239,1.69601,1.33919,0.948831,0.547418,0.263781,0.50412,0.912501,1.30745,1.66844,1.98575,2.27464,2.54258,2.59391,2.30461,1.99607,1.6638,1.30315,0.909067,0.504837,0.221777,0.465579,0.874296,1.27451,1.65213,2.00508,2.33435,2.643,2.70356,2.37622,2.02853,1.65959,1.27194,0.869382,0.462278,0.179773,0.438385,0.852337,1.26836,1.67273,2.0565,2.42365,2.76883,2.83757,2.47223,2.08921,1.68531,1.26584,0.838673,0.42037,0.137769,0.420073,0.848078,1.28593,1.71933,2.13608,2.53726,2.9151,2.98992,2.59119,2.17168,1.73347,1.28061,0.827191,0.384774,0.0957657,0.408761,0.858742,1.32277,1.78584,2.23507,2.67024,3.07724,3.15566,2.72787,2.27134,1.79961,1.31283,0.828534,0.357671,0.053762,0.401731,0.878807,1.37276,1.86814,2.35139,2.81811,3.25659
117,2.68874,2.55889,2.35448,2.08212,1.75226,1.37859,0.977216,0.577503,0.989112,1.39046,1.76409,2.0939,2.36621,2.57055,2.70034,2.67045,2.53576,2.32669,2.05006,1.71652,1.34,0.936761,0.536253,0.939303,1.34193,1.71814,2.05148,2.32791,2.53687,2.67145,2.65246,2.51291,2.29913,2.01816,1.6809,1.30146,0.896319,0.495003,0.898276,1.30297,1.68217,2.01931,2.30015,2.51379,2.6532,2.63477,2.49033,2.27181,1.98645,1.64538,1.26298,0.855893,0.453753,0.857575,1.26428,1.64654,1.98744,2.27263,2.49108,2.63546,2.61739,2.46804,2.24472,1.95491,1.60999,1.22455,0.815481,0.412502,0.817012,1.22578,1.61103,1.95578,2.24553,2.46879,2.61807,2.60033,2.44604,2.21788,1.92357,1.57472,1.18619,0.775086,0.371252,0.776464,1.18734,1.57564,1.92443,2.21869,2.44678,2.60101,2.58359,2.42434,2.1913,1.89242,1.53957,1.14788,0.734708,0.330002,0.736039,1.14896,1.54048,1.89328,2.1921,2.42508,2.58426,2.56874,2.40295,2.16498,1.86147,1.50456,1.10965,0.694348,0.288752,0.69564,1.11065,1.50547,1.86233,2.16578,2.40368,2.56832,2.59578,2.38187,2.13894,1.83074,1.46969,1.07148,0.654006,0.247501,0.65526,1.07243,1.47059,1.83159,2.13973,2.3826,2.59427,2.65925,2.39674,2.11317,1.80022,1.43496,1.03339,0.613685,0.206251,0.614899,1.03434,1.43586,1.80107,2.11396,2.3953,2.65667,2.75375,2.45,2.12526,1.77638,1.40038,0.995374,0.573384,0.165001,0.574559,0.996321,1.40128,1.77615,2.12388,2.44749,2.7501,2.87401,2.53327,2.17014,1.78531,1.38068,0.96163,0.533834,0.123751,0.534242,0.961491,1.37963,1.784,2.16769,2.52968,2.86929,3.01501,2.64119,2.24213,1.82194,1.38999,0.94603,0.503737,0.0825005,0.502678,0.944819,1.38766,1.81938,2.23861,2.63654,3.00923,3.17694,2.76878,2.33614,1.88218,1.41812,0.947514,0.481739,0.0412502,0.479324,0.944158,1.41473,1.87765,2.33156,2.76307,3.17117,3.35474,2.91171,2.44749,1.95847,1.46139,0.960017,0.46643,0,0.462353,0.955611,1.45694,1.95361,2.44187,2.90603,3.34792
118,2.68837,2.55851,2.3541,2.08174,1.75188,1.37822,0.976845,0.577527,0.989134,1.39048,1.76411,2.09392,2.36622,2.57057,2.70035,2.67008,2.53539,2.32632,2.04968,1.71615,1.33963,0.936389,0.536275,0.93906,1.34165,1.71784,2.05117,2.3276,2.53654,2.67112,2.65209,2.51254,2.29876,2.01779,1.68052,1.30109,0.895948,0.495023,0.897994,1.30267,1.68184,2.01899,2.29982,2.51346,2.65287,2.6344,2.48996,2.27144,1.98608,1.64501,1.2626,0.855521,0.453771,0.857274,1.26396,1.64622,1.98712,2.2723,2.49074,2.63511,2.61702,2.46767,2.24435,1.95454,1.60962,1.22418,0.81511,0.412519,0.816711,1.22546,1.61071,1.95544,2.24519,2.46844,2.61772,2.59996,2.44567,2.21751,1.9232,1.57434,1.18581,0.774715,0.371267,0.776164,1.18702,1.57532,1.92409,2.21834,2.44644,2.60066,2.58322,2.42397,2.19093,1.89205,1.5392,1.14751,0.734337,0.330015,0.73572,1.14864,1.54014,1.89293,2.19176,2.42473,2.58392,2.56839,2.40258,2.16461,1.8611,1.50419,1.10928,0.693977,0.288764,0.695321,1.11033,1.50513,1.86198,2.16544,2.40334,2.56795,2.59544,2.3815,2.13857,1.83036,1.46931,1.07111,0.653635,0.247512,0.65494,1.07209,1.47025,1.83125,2.13939,2.38225,2.59389,2.65894,2.39641,2.1128,1.79985,1.43459,1.03302,0.613314,0.20626,0.61458,1.034,1.43552,1.80073,2.11362,2.39492,2.65627,2.75346,2.44969,2.12492,1.77603,1.40001,0.995003,0.573013,0.165008,0.57424,0.995981,1.40094,1.77579,2.1235,2.44709,2.74968,2.87373,2.53297,2.16982,1.78498,1.38034,0.961276,0.533481,0.123756,0.533922,0.961134,1.37928,1.78362,2.16729,2.52927,2.86885,3.01475,2.64091,2.24183,1.82164,1.38968,0.945694,0.503402,0.0825039,0.502323,0.944444,1.38726,1.81899,2.2382,2.63611,3.00877,3.17667,2.76851,2.33585,1.88189,1.41782,0.947213,0.481439,0.0412519,0.478951,0.943748,1.41432,1.87722,2.33113,2.76262,3.17072,3.35449,2.91145,2.44723,1.9582,1.46111,0.959734,0.466148,0,0.461963,0.955183,1.45651,1.95318,2.44142,2.90558,3.34745
119,2.72861,2.59934,2.3956,2.12395,1.79482,1.42187,1.02117,0.610136,0.871826,1.26911,1.64255,1.97231,2.2447,2.44925,2.57935,2.59992,2.46884,2.26436,1.99364,1.6683,1.30519,0.93072,0.568279,0.831094,1.22997,1.60601,1.93921,2.21565,2.42468,2.55946,2.56925,2.43276,2.22254,1.94636,1.61547,1.24597,0.861638,0.526422,0.790376,1.19089,1.56958,1.90627,2.18683,2.40037,2.53986,2.54514,2.40352,2.1884,1.90724,1.57176,1.19806,0.808295,0.484566,0.749672,1.15186,1.53326,1.87351,2.15824,2.37635,2.52057,2.5235,2.37682,2.15639,1.87099,1.53131,1.15381,0.760226,0.442709,0.708985,1.11289,1.49706,1.84093,2.1299,2.35261,2.50158,2.50264,2.35108,2.12637,1.83571,1.49234,1.11121,0.714447,0.400852,0.668316,1.07398,1.46099,1.80854,2.1018,2.32916,2.48292,2.48319,2.32635,2.0966,1.80196,1.45409,1.06969,0.670062,0.358996,0.627693,1.03513,1.42504,1.77635,2.07396,2.30601,2.46457,2.46407,2.30255,2.06762,1.76841,1.41654,1.02882,0.626322,0.317139,0.587087,0.996349,1.38922,1.74436,2.04638,2.28317,2.45455,2.47502,2.27907,2.03951,1.73508,1.37969,0.988554,0.583531,0.275282,0.546501,0.95764,1.35355,1.71258,2.01907,2.26433,2.48633,2.52813,2.27909,2.01167,1.70275,1.34298,0.948362,0.540759,0.233426,0.505935,0.919004,1.31802,1.68102,1.99824,2.28685,2.55447,2.61292,2.31984,2.00667,1.67076,1.30642,0.908502,0.498703,0.191569,0.465577,0.880446,1.28292,1.66255,2.01563,2.34492,2.65356,2.72373,2.39331,2.042,1.66946,1.27654,0.869222,0.456773,0.149712,0.435276,0.855024,1.27493,1.67977,2.06549,2.43291,2.77834,2.86041,2.49201,2.10446,1.69677,1.27256,0.841538,0.415174,0.107856,0.415085,0.848973,1.2897,1.72496,2.14238,2.5455,2.92381,3.01525,2.61227,2.18899,1.74675,1.28992,0.832281,0.382576,0.0659992,0.401278,0.856787,1.32483,1.79028,2.24122,2.67769,3.08533,3.18361,2.75163,2.29143,1.81492,1.32454,0.83532,0.357637,0.0241425,0.392393,0.875572,1.37367,1.87159,2.35734,2.82493,3.26591
120,2.73737,2.60943,2.40786,2.13915,1.81364,1.44485,1.04867,0.642342,0.868169,1.25922,1.62695,1.95323,2.22284,2.42541,2.55437,2.58943,2.46069,2.25961,1.99352,1.67452,1.31985,0.958454,0.600336,0.827649,1.22044,1.59095,1.92082,2.19463,2.4018,2.53554,2.5558,2.42075,2.21379,1.94146,1.61584,1.25339,0.880447,0.558329,0.787142,1.18172,1.55505,1.88858,2.16665,2.37846,2.51701,2.53094,2.39073,2.17816,1.90048,1.56987,1.2025,0.822698,0.516323,0.746651,1.14305,1.51927,1.85651,2.1389,2.35539,2.49878,2.50902,2.36345,2.14612,1.86334,1.52822,1.15656,0.771983,0.474316,0.706175,1.10444,1.48361,1.82463,2.11139,2.33261,2.48086,2.48875,2.33847,2.11531,1.82845,1.4887,1.1131,0.72445,0.43231,0.665716,1.06589,1.44807,1.79294,2.08413,2.31013,2.46325,2.46909,2.31398,2.08637,1.79391,1.45034,1.07078,0.678839,0.390304,0.625274,1.02741,1.41266,1.76144,2.05713,2.28794,2.44597,2.45102,2.29012,2.0577,1.76096,1.41276,1.02967,0.634293,0.348297,0.58485,0.988988,1.37738,1.73014,2.03039,2.26606,2.43858,2.46103,2.26759,2.02929,1.72831,1.37531,0.988644,0.590613,0.306291,0.544445,0.95064,1.34224,1.69906,2.00392,2.24979,2.4725,2.51107,2.26665,2.0022,1.69589,1.33909,0.94881,0.547503,0.264285,0.504061,0.912365,1.30725,1.6682,1.98551,2.27441,2.54236,2.59357,2.30432,1.99587,1.66368,1.30306,0.909052,0.504925,0.222278,0.465553,0.874168,1.27434,1.65193,2.00488,2.33416,2.64281,2.70321,2.3759,2.02828,1.65939,1.27183,0.869375,0.46237,0.180272,0.438418,0.852271,1.26822,1.67259,2.05633,2.42348,2.76865,2.83715,2.47188,2.08892,1.68509,1.26572,0.838612,0.420436,0.138266,0.420162,0.848069,1.28586,1.71922,2.13596,2.53711,2.91495,2.98946,2.59084,2.17136,1.73321,1.28045,0.827075,0.384784,0.0962593,0.408876,0.858759,1.32272,1.78575,2.23497,2.67011,3.07709,3.15516,2.72744,2.27099,1.79933,1.31262,0.828388,0.357654,0.054253,0.401871,0.878848,1.37273,1.86807,2.35128,2.81798,3.25643
121,2.72872,2.59946,2.39572,2.12407,1.79494,1.42199,1.02129,0.610259,0.871573,1.26883,1.64228,1.97204,2.24443,2.44898,2.57908,2.5998,2.46873,2.26427,1.99357,1.66826,1.3052,0.930841,0.5684,0.83084,1.22969,1.60573,1.93893,2.21537,2.4244,2.55918,2.56907,2.4326,2.22238,1.94623,1.61536,1.2459,0.861647,0.526542,0.79012,1.19061,1.5693,1.90599,2.18655,2.40009,2.53957,2.54493,2.40333,2.18822,1.90708,1.57163,1.19795,0.808247,0.484684,0.749416,1.15158,1.53298,1.87322,2.15795,2.37606,2.52027,2.52328,2.37661,2.15619,1.87081,1.53115,1.15368,0.760158,0.442825,0.708727,1.1126,1.49678,1.84064,2.1296,2.35231,2.50128,2.5024,2.35086,2.12616,1.8355,1.49217,1.11106,0.714359,0.400967,0.668077,1.07369,1.4607,1.80824,2.1015,2.32886,2.48261,2.48294,2.32611,2.09638,1.80175,1.45391,1.06953,0.669954,0.359109,0.627452,1.03484,1.42474,1.77604,2.07365,2.3057,2.46426,2.46382,2.30231,2.06738,1.7682,1.41634,1.02865,0.626195,0.317251,0.586846,0.99606,1.38893,1.74405,2.04607,2.28285,2.45425,2.47474,2.27882,2.03926,1.73486,1.37948,0.988378,0.583402,0.275392,0.546259,0.957348,1.35325,1.71227,2.01876,2.26402,2.48604,2.52781,2.27882,2.01142,1.70251,1.34277,0.948183,0.540629,0.233534,0.505691,0.91871,1.31771,1.6807,1.99794,2.28656,2.55419,2.61255,2.31952,2.00638,1.67052,1.3062,0.908303,0.498553,0.191676,0.46535,0.880149,1.28263,1.66225,2.01534,2.34464,2.65329,2.72336,2.39295,2.04169,1.66918,1.27629,0.86902,0.456621,0.149817,0.435066,0.854761,1.27466,1.6795,2.06521,2.43264,2.77808,2.86001,2.49163,2.10413,1.69646,1.27229,0.841298,0.415003,0.107959,0.41491,0.848726,1.28944,1.7247,2.14211,2.54524,2.92356,3.01483,2.61188,2.18861,1.74642,1.2896,0.832021,0.382369,0.0661007,0.401119,0.856572,1.3246,1.79004,2.24096,2.67744,3.08509,3.18317,2.75121,2.29102,1.81457,1.3242,0.83504,0.357411,0.0242424,0.39225,0.875372,1.37346,1.87136,2.3571,2.8247,3.26566
122,2.68864,2.55879,2.35438,2.08202,1.75216,1.3785,0.977122,0.577509,0.989117,1.39047,1.76409,2.09391,2.36621,2.57056,2.70035,2.67035,2.53567,2.3266,2.04996,1.71643,1.3399,0.936667,0.536259,0.939241,1.34186,1.71807,2.0514,2.32783,2.53679,2.67137,2.65236,2.51281,2.29904,2.01807,1.6808,1.30137,0.896225,0.495008,0.898204,1.30289,1.68209,2.01923,2.30007,2.5137,2.65311,2.63467,2.49024,2.27171,1.98635,1.64529,1.26288,0.855798,0.453757,0.857499,1.2642,1.64646,1.98736,2.27255,2.491,2.63537,2.6173,2.46795,2.24463,1.95482,1.60989,1.22446,0.815387,0.412507,0.816935,1.2257,1.61095,1.95569,2.24544,2.4687,2.61798,2.60024,2.44595,2.21779,1.92347,1.57462,1.18609,0.774992,0.371256,0.776388,1.18726,1.57556,1.92434,2.2186,2.4467,2.60092,2.5835,2.42425,2.19121,1.89232,1.53948,1.14779,0.734614,0.330005,0.735958,1.14888,1.5404,1.89319,2.19202,2.42499,2.58418,2.56865,2.40285,2.16489,1.86138,1.50446,1.10955,0.694254,0.288755,0.695559,1.11056,1.50538,1.86224,2.16569,2.40359,2.56823,2.59569,2.38177,2.13884,1.83064,1.46959,1.07139,0.653912,0.247504,0.655179,1.07235,1.47051,1.8315,2.13964,2.38251,2.59418,2.65917,2.39665,2.11308,1.80012,1.43486,1.0333,0.613591,0.206253,0.614818,1.03425,1.43577,1.80098,2.11388,2.3952,2.65657,2.75368,2.44992,2.12517,1.77629,1.40029,0.99528,0.57329,0.165003,0.574478,0.996235,1.4012,1.77606,2.12378,2.44738,2.74999,2.87394,2.53319,2.17006,1.78523,1.38059,0.96154,0.533744,0.123752,0.534161,0.9614,1.37954,1.7839,2.16759,2.52958,2.86918,3.01495,2.64112,2.24205,1.82186,1.38991,0.945945,0.503652,0.0825013,0.502588,0.944724,1.38756,1.81928,2.23851,2.63643,3.00911,3.17687,2.76871,2.33606,1.8821,1.41805,0.947437,0.481663,0.0412507,0.479229,0.944054,1.41462,1.87754,2.33145,2.76295,3.17106,3.35468,2.91165,2.44742,1.9584,1.46132,0.959945,0.466359,0,0.462254,0.955503,1.45683,1.9535,2.44175,2.90592,3.3478
123,2.56304,2.43364,2.23034,1.95971,1.63217,1.26238,0.869146,0.631338,1.03932,1.43711,1.8074,2.13423,2.40401,2.60639,2.73483,2.54413,2.40996,2.20207,1.92726,1.59613,1.22359,0.828625,0.589389,0.949104,1.31462,1.67215,1.99354,2.26125,2.46368,2.59324,2.52552,2.38655,2.17403,1.89497,1.56021,1.18485,0.788118,0.547451,0.873819,1.25064,1.61565,1.94312,2.21706,2.42535,2.56089,2.50721,2.36342,2.14622,1.86286,1.5244,1.14616,0.747626,0.505513,0.817567,1.20084,1.57077,1.90322,2.18193,2.39583,2.53651,2.48921,2.34057,2.11865,1.83093,1.4887,1.10753,0.70715,0.463575,0.767669,1.15545,1.52966,1.86644,2.15039,2.36885,2.51507,2.47152,2.31801,2.09133,1.79919,1.45313,1.06897,0.66669,0.421637,0.720714,1.11253,1.49011,1.83166,2.12008,2.34399,2.49473,2.45416,2.29575,2.06427,1.76764,1.41768,1.03047,0.626247,0.379698,0.675643,1.07075,1.45228,1.79753,2.09109,2.31943,2.47554,2.44558,2.27379,2.03747,1.7363,1.38237,0.99203,0.585822,0.33776,0.631653,1.02964,1.41466,1.76463,2.06235,2.29606,2.45739,2.47837,2.25629,2.01094,1.70517,1.3472,0.953664,0.545416,0.295822,0.588014,0.989147,1.37771,1.73194,2.03437,2.27345,2.46733,2.54714,2.27974,1.99131,1.67425,1.31217,0.915371,0.50503,0.253884,0.545419,0.949299,1.34149,1.69947,2.0073,2.27238,2.51723,2.64654,2.33839,2.00953,1.65685,1.27822,0.877156,0.465804,0.211946,0.502845,0.909526,1.30543,1.66774,2.00084,2.30987,2.59971,2.77138,2.42666,2.05991,1.67537,1.27112,0.853522,0.437284,0.170008,0.460637,0.869833,1.27423,1.6634,2.03311,2.38142,2.70963,2.91671,2.53929,2.13742,1.72102,1.28687,0.84829,0.418247,0.12807,0.418908,0.839803,1.26818,1.68911,2.09376,2.47742,2.84404,3.07792,2.67134,2.23596,1.78664,1.32289,0.857638,0.405811,0.0861313,0.383967,0.828702,1.2834,1.73731,2.17626,2.59682,2.99643,3.25752,2.81832,2.352,1.8681,1.37212,0.877028,0.398221,0.0441932,0.357217,0.830283,1.31594,1.80355,2.27599,2.73378,3.16224
124,2.72852,2.59925,2.39551,2.12386,1.79473,1.42178,1.02107,0.610043,0.87203,1.26933,1.64277,1.97253,2.24492,2.44947,2.57957,2.60002,2.46894,2.26444,1.99371,1.66833,1.30519,0.930627,0.568187,0.831298,1.23019,1.60623,1.93943,2.21588,2.4249,2.55968,2.5694,2.43289,2.22267,1.94647,1.61556,1.24603,0.861638,0.52633,0.790581,1.19111,1.56981,1.9065,2.18706,2.4006,2.54009,2.54531,2.40367,2.18855,1.90737,1.57187,1.19815,0.808341,0.484474,0.749879,1.15208,1.53349,1.87374,2.15848,2.37658,2.52081,2.52367,2.37699,2.15656,1.87114,1.53144,1.15392,0.760289,0.442618,0.709192,1.11311,1.4973,1.84116,2.13014,2.35285,2.50183,2.50284,2.35126,2.12654,1.83588,1.49249,1.11134,0.714526,0.400761,0.668522,1.0742,1.46122,1.80878,2.10204,2.32941,2.48317,2.48339,2.32655,2.09678,1.80213,1.45425,1.06982,0.670157,0.358905,0.627887,1.03536,1.42528,1.77659,2.07421,2.30626,2.46483,2.46428,2.30276,2.06782,1.76859,1.41671,1.02897,0.626433,0.317048,0.587283,0.996583,1.38947,1.7446,2.04663,2.28343,2.4548,2.47525,2.27928,2.03971,1.73526,1.37986,0.988706,0.583643,0.275192,0.546698,0.957876,1.35379,1.71283,2.01933,2.26457,2.48657,2.5284,2.27933,2.01188,1.70295,1.34315,0.948516,0.540873,0.233335,0.506133,0.919242,1.31827,1.68127,1.99849,2.28709,2.5547,2.61322,2.32011,2.00692,1.67097,1.3066,0.908674,0.498833,0.191479,0.46576,0.880686,1.28315,1.6628,2.01587,2.34515,2.65378,2.72405,2.39362,2.04227,1.6697,1.27676,0.869396,0.456904,0.149622,0.435445,0.855235,1.27515,1.67999,2.06572,2.43313,2.77855,2.86075,2.49234,2.10475,1.69703,1.2728,0.841745,0.415321,0.107766,0.415224,0.849172,1.28991,1.72517,2.1426,2.54571,2.92402,3.0156,2.61261,2.18932,1.74703,1.29019,0.832505,0.382756,0.0659091,0.401403,0.856957,1.32502,1.79048,2.24142,2.67789,3.08552,3.18399,2.75198,2.29177,1.81522,1.32482,0.835562,0.357833,0.0240526,0.392504,0.875728,1.37385,1.87178,2.35754,2.82513,3.26611
125,2.68836,2.55851,2.3541,2.08174,1.75188,1.37822,0.976841,0.57751,0.989118,1.39047,1.76409,2.09391,2.36621,2.57056,2.70035,2.67007,2.53539,2.32632,2.04968,1.71615,1.33962,0.936385,0.536259,0.939043,1.34163,1.71783,2.05116,2.32759,2.53653,2.67112,2.65208,2.51253,2.29876,2.01779,1.68052,1.30108,0.895944,0.495009,0.897978,1.30265,1.68183,2.01897,2.29981,2.51345,2.65286,2.63439,2.48996,2.27143,1.98607,1.64501,1.2626,0.855517,0.453758,0.857258,1.26395,1.6462,1.9871,2.27229,2.49073,2.6351,2.61702,2.46767,2.24435,1.95454,1.60961,1.22418,0.815106,0.412507,0.816695,1.22544,1.61069,1.95542,2.24517,2.46843,2.61772,2.59995,2.44567,2.21751,1.92319,1.57434,1.18581,0.774711,0.371256,0.776148,1.187,1.5753,1.92407,2.21833,2.44643,2.60065,2.58322,2.42397,2.19093,1.89204,1.5392,1.14751,0.734333,0.330006,0.735704,1.14862,1.54013,1.89292,2.19175,2.42472,2.58391,2.56838,2.40257,2.16461,1.8611,1.50418,1.10927,0.693973,0.288755,0.695304,1.11031,1.50511,1.86197,2.16542,2.40332,2.56794,2.59544,2.38149,2.13856,1.83036,1.46931,1.07111,0.653631,0.247504,0.654924,1.07208,1.47024,1.83123,2.13937,2.38224,2.59388,2.65894,2.3964,2.1128,1.79984,1.43458,1.03301,0.61331,0.206254,0.614563,1.03398,1.43551,1.80071,2.11361,2.3949,2.65626,2.75345,2.44968,2.12492,1.77603,1.40001,0.994999,0.573009,0.165003,0.574224,0.995965,1.40093,1.77577,2.12348,2.44707,2.74967,2.87373,2.53297,2.16982,1.78498,1.38034,0.961273,0.533477,0.123752,0.533906,0.961117,1.37926,1.78361,2.16727,2.52925,2.86884,3.01475,2.64091,2.24183,1.82164,1.38967,0.945692,0.503399,0.0825014,0.502305,0.944426,1.38725,1.81897,2.23818,2.63609,3.00876,3.17667,2.76851,2.33586,1.88189,1.41782,0.947213,0.481438,0.0412507,0.478932,0.943728,1.4143,1.8772,2.33111,2.7626,3.1707,3.35449,2.91145,2.44723,1.9582,1.46111,0.959735,0.466148,0,0.461943,0.955163,1.45649,1.95316,2.4414,2.90556,3.34743
126,2.68836,2.55851,2.3541,2.08174,1.75188,1.37822,0.976841,0.57751,0.989118,1.39047,1.76409,2.09391,2.36621,2.57056,2.70035,2.67007,2.53539,2.32632,2.04968,1.71615,1.33962,0.936385,0.536259,0.939043,1.34163,1.71783,2.05116,2.32759,2.53653,2.67112,2.65208,2.51253,2.29876,2.01779,1.68052,1.30108,0.895944,0.495009,0.897978,1.30265,1.68183,2.01897,2.29981,2.51345,2.65286,2.63439,2.48996,2.27143,1.98607,1.64501,1.2626,0.855517,0.453758,0.857258,1.26395,1.6462,1.9871,2.27229,2.49073,2.6351,2.61702,2.46767,2.24435,1.95454,1.60961,1.22418,0.815106,0.412507,0.816695,1.22544,1.61069,1.95542,2.24517,2.46843,2.61772,2.59995,2.44567,2.21751,1.92319,1.57434,1.18581,0.774711,0.371256,0.776148,1.187,1.5753,1.92407,2.21833,2.44643,2.60065,2.58322,2.42397,2.19093,1.89204,1.5392,1.14751,0.734333,0.330006,0.735704,1.14862,1.54013,1.89292,2.19175,2.42472,2.58391,2.56838,2.40257,2.16461,1.8611,1.50418,1.10927,0.693973,0.288755,0.695304,1.11031,1.50511,1.86197,2.16542,2.40332,2.56794,2.59544,2.38149,2.13856,1.83036,1.46931,1.07111,0.653631,0.247504,0.654924,1.07208,1.47024,1.83123,2.13937,2.38224,2.59388,2.65894,2.3964,2.1128,1.79984,1.43458,1.03301,0.61331,0.206254,0.614563,1.03398,1.43551,1.80071,2.11361,2.3949,2.65626,2.75345,2.44968,2.12492,1.77603,1.40001,0.994999,0.573009,0.165003,0.574224,0.995965,1.40093,1.77577,2.12348,2.44707,2.74967,2.87373,2.53297,2.16982,1.78498,1.38034,0.961273,0.533477,0.123752,0.533906,0.961117,1.37926,1.78361,2.16727,2.52925,2.86884,3.01475,2.64091,2.24183,1.82164,1.38967,0.945692,0.503399,0.0825014,0.502305,0.944426,1.38725,1.81897,2.23818,2.63609,3.00876,3.17667,2.76851,2.33586,1.88189,1.41782,0.947213,0.481438,0.0412507,0.478932,0.943728,1.4143,1.8772,2.33111,2.7626,3.1707,3.35449,2.91145,2.44723,1.9582,1.46111,0.959735,0.466148,0,0.461943,0.955163,1.45649,1.95316,2.4414,2.90556,3.34743
127,2.56292,2.43355,2.23029,1.9597,1.6322,1.26244,0.869234,0.631476,1.03945,1.43722,1.80748,2.13426,2.404,2.60634,2.73474,2.54368,2.40957,2.20176,1.92703,1.59599,1.22352,0.828644,0.589522,0.949165,1.31469,1.67219,1.99351,2.26115,2.46352,2.59303,2.52474,2.38587,2.17346,1.89452,1.55989,1.18466,0.788069,0.547568,0.873899,1.25066,1.61557,1.94292,2.21675,2.42495,2.56039,2.5061,2.36243,2.14539,1.86219,1.5239,1.14586,0.747509,0.505614,0.817631,1.20077,1.57056,1.90284,2.18138,2.39515,2.5357,2.48778,2.33929,2.11756,1.83004,1.48804,1.10711,0.706964,0.463661,0.767681,1.15528,1.52928,1.86586,2.1496,2.36789,2.51396,2.46977,2.31644,2.08998,1.79808,1.45229,1.06842,0.666435,0.421707,0.720693,1.11225,1.48956,1.83086,2.11905,2.34274,2.49329,2.45208,2.29388,2.06266,1.76632,1.41668,1.02979,0.625924,0.379753,0.675551,1.07037,1.45157,1.79653,2.08979,2.31788,2.4738,2.44377,2.27163,2.0356,1.73476,1.38119,0.991237,0.585431,0.3378,0.631509,1.02913,1.41379,1.76341,2.0608,2.29424,2.45533,2.47694,2.25447,2.00881,1.70341,1.34585,0.95275,0.544957,0.295846,0.587819,0.988535,1.37667,1.7305,2.03257,2.27134,2.46561,2.5462,2.27835,1.98956,1.67228,1.31065,0.914336,0.504504,0.253892,0.545154,0.948564,1.34029,1.69781,2.00525,2.27067,2.51662,2.64617,2.33752,2.00824,1.65526,1.27699,0.876,0.465374,0.211938,0.502511,0.908669,1.30406,1.66588,1.99923,2.30933,2.59967,2.77164,2.42638,2.05914,1.67476,1.27024,0.852921,0.437112,0.169985,0.460251,0.868854,1.2732,1.66258,2.03267,2.38147,2.70958,2.91765,2.53964,2.13778,1.72089,1.28678,0.847942,0.418191,0.128031,0.418452,0.839108,1.26754,1.68879,2.09389,2.47811,2.84468,3.07957,2.67236,2.23644,1.787,1.32319,0.857827,0.405997,0.0860773,0.38385,0.828637,1.2832,1.73751,2.17699,2.59756,2.99781,3.25932,2.82003,2.35303,1.86899,1.37281,0.87748,0.398525,0.0441236,0.357248,0.830511,1.31617,1.80429,2.27735,2.73524,3.16438
128,2.68806,2.5582,2.35379,2.08143,1.75157,1.37791,0.976535,0.577529,0.989136,1.39048,1.76411,2.09392,2.36622,2.57057,2.70035,2.66977,2.53508,2.32601,2.04937,1.71584,1.33932,0.93608,0.536277,0.938843,1.3414,1.71758,2.05091,2.32734,2.53626,2.67084,2.65178,2.51223,2.29845,2.01748,1.68021,1.30078,0.895638,0.495025,0.897746,1.3024,1.68157,2.01871,2.29954,2.51318,2.65259,2.63409,2.48965,2.27113,1.98577,1.6447,1.26229,0.855212,0.453773,0.857011,1.26368,1.64594,1.98684,2.27202,2.49044,2.63481,2.61671,2.46736,2.24404,1.95423,1.60931,1.22387,0.8148,0.412521,0.816448,1.22518,1.61043,1.95515,2.24489,2.46814,2.61743,2.59965,2.44536,2.2172,1.92289,1.57403,1.1855,0.774405,0.371269,0.7759,1.18674,1.57504,1.92379,2.21805,2.44614,2.60036,2.58291,2.42366,2.19062,1.89174,1.53889,1.1472,0.734027,0.330017,0.735441,1.14836,1.53985,1.89264,2.19146,2.42444,2.58362,2.56809,2.40227,2.1643,1.86079,1.50388,1.10897,0.693667,0.288765,0.695042,1.11005,1.50483,1.86169,2.16514,2.40304,2.56764,2.59517,2.38119,2.13826,1.83005,1.469,1.0708,0.653326,0.247513,0.654661,1.0718,1.46996,1.83095,2.13909,2.38196,2.59356,2.65868,2.39613,2.11249,1.79954,1.43428,1.03271,0.613005,0.206261,0.614301,1.0337,1.43522,1.80043,2.11332,2.39459,2.65593,2.75321,2.44942,2.12464,1.77574,1.3997,0.994694,0.572704,0.165008,0.573961,0.995686,1.40065,1.77547,2.12317,2.44674,2.74932,2.8735,2.53272,2.16956,1.7847,1.38006,0.960983,0.533187,0.123756,0.533643,0.960823,1.37896,1.78329,2.16695,2.52891,2.86848,3.01453,2.64068,2.24158,1.82139,1.38941,0.945416,0.503124,0.0825042,0.502013,0.944118,1.38692,1.81864,2.23784,2.63573,3.00838,3.17646,2.7683,2.33562,1.88166,1.41758,0.946966,0.481191,0.0412521,0.478626,0.943391,1.41396,1.87685,2.33076,2.76223,3.17033,3.35429,2.91123,2.44701,1.95799,1.46088,0.959502,0.465916,0,0.461623,0.954811,1.45614,1.95281,2.44103,2.90519,3.34704
129,2.68867,2.55882,2.35441,2.08205,1.75219,1.37852,0.977145,0.577491,0.9891,1.39045,1.76408,2.09389,2.3662,2.57055,2.70034,2.67038,2.53569,2.32662,2.04999,1.71645,1.33993,0.93669,0.536241,0.939243,1.34187,1.71808,2.05141,2.32784,2.5368,2.67139,2.65239,2.51284,2.29906,2.01809,1.68083,1.30139,0.896248,0.494992,0.898209,1.3029,1.6821,2.01924,2.30008,2.51372,2.65313,2.6347,2.49026,2.27174,1.98638,1.64531,1.26291,0.855821,0.453743,0.857504,1.26421,1.64647,1.98737,2.27256,2.49101,2.63538,2.61732,2.46797,2.24465,1.95484,1.60992,1.22448,0.81541,0.412493,0.816941,1.22571,1.61096,1.95571,2.24546,2.46871,2.618,2.60026,2.44597,2.21781,1.9235,1.57464,1.18611,0.775015,0.371244,0.776394,1.18726,1.57557,1.92436,2.21861,2.44671,2.60093,2.58352,2.42427,2.19123,1.89235,1.5395,1.14781,0.734637,0.329995,0.735965,1.14889,1.54041,1.8932,2.19203,2.425,2.58419,2.56867,2.40288,2.16491,1.8614,1.50449,1.10958,0.694276,0.288745,0.695566,1.11057,1.50539,1.86225,2.16571,2.40361,2.56824,2.59571,2.3818,2.13887,1.83066,1.46961,1.07141,0.653935,0.247496,0.655186,1.07236,1.47052,1.83151,2.13966,2.38252,2.59419,2.65919,2.39668,2.1131,1.80015,1.43489,1.03332,0.613613,0.206247,0.614825,1.03426,1.43578,1.80099,2.11389,2.39522,2.65659,2.7537,2.44994,2.12519,1.77632,1.40031,0.995303,0.573313,0.164997,0.574485,0.996243,1.40121,1.77607,2.12379,2.4474,2.75001,2.87396,2.53321,2.17008,1.78525,1.38061,0.961563,0.533766,0.123748,0.534167,0.96141,1.37955,1.78392,2.1676,2.52959,2.8692,3.01497,2.64114,2.24207,1.82188,1.38993,0.945967,0.503674,0.0824986,0.502596,0.944733,1.38757,1.8193,2.23852,2.63645,3.00913,3.17689,2.76873,2.33609,1.88213,1.41807,0.947459,0.481684,0.0412493,0.479238,0.944065,1.41464,1.87756,2.33147,2.76297,3.17108,3.3547,2.91167,2.44745,1.95842,1.46134,0.959967,0.46638,0,0.462263,0.955514,1.45685,1.95352,2.44177,2.90593,3.34782
130,2.68867,2.55882,2.35441,2.08205,1.75219,1.37852,0.977145,0.57749,0.9891,1.39045,1.76408,2.09389,2.3662,2.57055,2.70034,2.67038,2.53569,2.32662,2.04999,1.71645,1.33993,0.936689,0.536241,0.939243,1.34187,1.71808,2.05141,2.32784,2.5368,2.67139,2.65239,2.51284,2.29906,2.01809,1.68083,1.30139,0.896248,0.494992,0.898209,1.3029,1.6821,2.01924,2.30008,2.51372,2.65313,2.6347,2.49026,2.27174,1.98638,1.64531,1.26291,0.855821,0.453743,0.857504,1.26421,1.64647,1.98737,2.27256,2.49101,2.63538,2.61732,2.46797,2.24465,1.95484,1.60992,1.22448,0.81541,0.412493,0.816941,1.22571,1.61096,1.95571,2.24546,2.46871,2.618,2.60026,2.44597,2.21781,1.9235,1.57465,1.18611,0.775015,0.371244,0.776394,1.18726,1.57557,1.92436,2.21862,2.44671,2.60093,2.58352,2.42427,2.19123,1.89235,1.5395,1.14781,0.734637,0.329995,0.735965,1.14889,1.54041,1.8932,2.19203,2.42501,2.58419,2.56867,2.40288,2.16491,1.8614,1.50449,1.10958,0.694277,0.288745,0.695566,1.11057,1.50539,1.86225,2.16571,2.40361,2.56824,2.59571,2.3818,2.13887,1.83066,1.46961,1.07141,0.653935,0.247496,0.655186,1.07236,1.47052,1.83151,2.13966,2.38252,2.59419,2.65919,2.39668,2.1131,1.80015,1.43489,1.03332,0.613614,0.206247,0.614825,1.03426,1.43578,1.80099,2.11389,2.39522,2.65659,2.7537,2.44994,2.12519,1.77632,1.40031,0.995304,0.573313,0.164997,0.574485,0.996243,1.40121,1.77607,2.12379,2.4474,2.75001,2.87396,2.53321,2.17008,1.78525,1.38061,0.961563,0.533766,0.123748,0.534167,0.96141,1.37955,1.78392,2.1676,2.52959,2.86919,3.01497,2.64114,2.24207,1.82188,1.38993,0.945967,0.503674,0.0824986,0.502596,0.944733,1.38757,1.8193,2.23852,2.63645,3.00913,3.17689,2.76873,2.33609,1.88213,1.41807,0.947459,0.481684,0.0412493,0.479238,0.944065,1.41464,1.87756,2.33147,2.76297,3.17108,3.3547,2.91167,2.44745,1.95842,1.46134,0.959967,0.466379,0,0.462263,0.955514,1.45685,1.95352,2.44177,2.90593,3.34782
131,2.68836,2.55851,2.3541,2.08174,1.75188,1.37822,0.97684,0.57751,0.989118,1.39047,1.76409,2.09391,2.36621,2.57056,2.70035,2.67007,2.53539,2.32632,2.04968,1.71615,1.33962,0.936385,0.536259,0.939043,1.34163,1.71783,2.05116,2.32759,2.53653,2.67112,2.65208,2.51253,2.29876,2.01779,1.68052,1.30108,0.895944,0.495009,0.897978,1.30265,1.68183,2.01897,2.29981,2.51345,2.65286,2.63439,2.48996,2.27143,1.98607,1.64501,1.2626,0.855517,0.453758,0.857258,1.26395,1.6462,1.9871,2.27229,2.49073,2.6351,2.61702,2.46767,2.24435,1.95454,1.60961,1.22417,0.815106,0.412507,0.816695,1.22544,1.61069,1.95542,2.24517,2.46843,2.61771,2.59995,2.44567,2.21751,1.92319,1.57434,1.18581,0.774711,0.371256,0.776147,1.187,1.5753,1.92407,2.21833,2.44643,2.60065,2.58322,2.42397,2.19093,1.89204,1.5392,1.14751,0.734333,0.330006,0.735704,1.14862,1.54013,1.89292,2.19175,2.42472,2.58391,2.56838,2.40257,2.16461,1.8611,1.50418,1.10927,0.693972,0.288755,0.695304,1.11031,1.50511,1.86197,2.16542,2.40332,2.56794,2.59544,2.38149,2.13856,1.83036,1.46931,1.07111,0.653631,0.247504,0.654924,1.07208,1.47024,1.83123,2.13937,2.38224,2.59388,2.65894,2.3964,2.1128,1.79984,1.43458,1.03301,0.61331,0.206254,0.614563,1.03398,1.43551,1.80071,2.11361,2.3949,2.65626,2.75345,2.44968,2.12492,1.77603,1.40001,0.994999,0.573009,0.165003,0.574224,0.995965,1.40093,1.77577,2.12348,2.44707,2.74967,2.87373,2.53297,2.16982,1.78498,1.38034,0.961273,0.533477,0.123752,0.533906,0.961117,1.37926,1.78361,2.16727,2.52925,2.86884,3.01475,2.64091,2.24183,1.82164,1.38967,0.945692,0.503399,0.0825014,0.502305,0.944426,1.38725,1.81897,2.23818,2.63609,3.00876,3.17667,2.76851,2.33586,1.88189,1.41782,0.947213,0.481438,0.0412507,0.478932,0.943728,1.4143,1.8772,2.33111,2.7626,3.1707,3.35449,2.91145,2.44723,1.9582,1.46111,0.959735,0.466148,0,0.461943,0.955163,1.45649,1.95316,2.4414,2.90556,3.34743
132,2.7286,2.59934,2.39559,2.12395,1.79482,1.42187,1.02116,0.610133,0.871846,1.26913,1.64257,1.97233,2.24472,2.44927,2.57937,2.59993,2.46885,2.26437,1.99365,1.6683,1.30519,0.930715,0.568275,0.831114,1.22999,1.60603,1.93923,2.21567,2.4247,2.55948,2.56927,2.43278,2.22256,1.94638,1.61548,1.24598,0.861644,0.526418,0.790396,1.19091,1.5696,1.90629,2.18685,2.4004,2.53988,2.54516,2.40354,2.18842,1.90726,1.57178,1.19807,0.808306,0.48456,0.749693,1.15188,1.53329,1.87353,2.15827,2.37637,2.52059,2.52352,2.37684,2.15641,1.87101,1.53133,1.15383,0.760239,0.442702,0.709005,1.11291,1.49709,1.84095,2.12992,2.35263,2.50161,2.50266,2.3511,2.12639,1.83573,1.49237,1.11123,0.714462,0.400844,0.668335,1.074,1.46101,1.80856,2.10182,2.32919,2.48294,2.48321,2.32638,2.09662,1.80198,1.45412,1.06971,0.670078,0.358987,0.627712,1.03515,1.42506,1.77637,2.07398,2.30604,2.4646,2.46409,2.30258,2.06765,1.76844,1.41657,1.02884,0.626341,0.317129,0.587107,0.996372,1.38925,1.74438,2.04641,2.2832,2.45458,2.47505,2.2791,2.03954,1.73511,1.37971,0.988578,0.58355,0.275271,0.546521,0.957664,1.35357,1.7126,2.0191,2.26435,2.48636,2.52817,2.27913,2.0117,1.70278,1.343,0.948386,0.540778,0.233414,0.505955,0.919028,1.31804,1.68105,1.99827,2.28687,2.55449,2.61296,2.31988,2.00671,1.67079,1.30644,0.908529,0.498724,0.191556,0.465595,0.88047,1.28294,1.66258,2.01566,2.34494,2.65358,2.72378,2.39336,2.04204,1.6695,1.27657,0.869249,0.456794,0.149698,0.435292,0.855044,1.27495,1.6798,2.06552,2.43294,2.77836,2.86046,2.49206,2.10451,1.69681,1.2726,0.84157,0.415197,0.107841,0.415097,0.848992,1.28972,1.72498,2.1424,2.54552,2.92383,3.0153,2.61232,2.18904,1.7468,1.28996,0.832316,0.382605,0.0659829,0.401287,0.8568,1.32485,1.7903,2.24124,2.67771,3.08535,3.18367,2.75168,2.29148,1.81497,1.32458,0.835358,0.357668,0.0241252,0.392399,0.875583,1.37369,1.87161,2.35736,2.82495,3.26593
133,2.56306,2.43369,2.23042,1.95981,1.63228,1.26249,0.869246,0.631279,1.03929,1.43708,1.80736,2.13417,2.40393,2.60628,2.73469,2.54382,2.40971,2.20188,1.92713,1.59607,1.22357,0.828655,0.589326,0.948996,1.3146,1.67215,1.9935,2.26118,2.46357,2.5931,2.52487,2.38599,2.17357,1.89462,1.55997,1.18471,0.788079,0.547373,0.87378,1.2506,1.61556,1.94294,2.2168,2.42502,2.56047,2.50623,2.36255,2.1455,1.86228,1.52398,1.1459,0.747517,0.50542,0.817541,1.20074,1.57056,1.90287,2.18143,2.39522,2.53578,2.4879,2.3394,2.11766,1.83013,1.48811,1.10715,0.706971,0.463467,0.767599,1.15525,1.52929,1.8659,2.14966,2.36796,2.51404,2.46988,2.31654,2.09008,1.79817,1.45236,1.06846,0.666442,0.421514,0.72063,1.11223,1.48957,1.83089,2.11911,2.34281,2.49336,2.45219,2.29398,2.06275,1.7664,1.41674,1.02983,0.625929,0.379561,0.675487,1.07035,1.45159,1.79657,2.08985,2.31795,2.47388,2.44385,2.27173,2.03568,1.73483,1.38125,0.99127,0.585435,0.337609,0.631454,1.02911,1.4138,1.76345,2.06085,2.2943,2.4554,2.47701,2.25455,2.00889,1.70348,1.34591,0.952781,0.54496,0.295656,0.587772,0.988527,1.37669,1.73054,2.03263,2.2714,2.46568,2.54626,2.27842,1.98963,1.67235,1.31071,0.914365,0.504505,0.253703,0.545107,0.948554,1.34031,1.69784,2.0053,2.27074,2.51671,2.64622,2.33757,2.0083,1.65531,1.27703,0.876027,0.465365,0.21175,0.502462,0.908656,1.30407,1.66592,1.99929,2.30941,2.59977,2.77169,2.42643,2.05919,1.67479,1.27027,0.852927,0.437082,0.169797,0.460211,0.868839,1.27322,1.66263,2.03274,2.38157,2.7097,2.91769,2.53969,2.13781,1.72091,1.28679,0.847939,0.418153,0.127844,0.418411,0.839111,1.26757,1.68885,2.09397,2.47821,2.84481,3.07962,2.6724,2.23646,1.78702,1.32319,0.857806,0.40594,0.0858916,0.383827,0.828659,1.28324,1.73758,2.17709,2.59768,2.99796,3.25936,2.82006,2.35305,1.869,1.37281,0.87745,0.39846,0.0439388,0.357235,0.830543,1.31622,1.80437,2.27746,2.73538,3.16454
134,2.7286,2.59934,2.39559,2.12395,1.79482,1.42187,1.02116,0.610133,0.871846,1.26913,1.64257,1.97233,2.24472,2.44927,2.57937,2.59993,2.46885,2.26437,1.99365,1.6683,1.30519,0.930715,0.568275,0.831114,1.22999,1.60603,1.93923,2.21567,2.4247,2.55948,2.56927,2.43278,2.22256,1.94638,1.61548,1.24598,0.861644,0.526418,0.790396,1.19091,1.5696,1.90629,2.18685,2.4004,2.53988,2.54516,2.40354,2.18842,1.90726,1.57178,1.19807,0.808306,0.48456,0.749693,1.15188,1.53329,1.87353,2.15827,2.37637,2.52059,2.52352,2.37684,2.15641,1.87101,1.53133,1.15383,0.760239,0.442702,0.709005,1.11291,1.49709,1.84095,2.12992,2.35263,2.50161,2.50266,2.3511,2.12639,1.83573,1.49237,1.11123,0.714462,0.400844,0.668335,1.074,1.46101,1.80856,2.10182,2.32919,2.48295,2.48322,2.32638,2.09662,1.80198,1.45412,1.06971,0.670078,0.358987,0.627712,1.03515,1.42506,1.77637,2.07398,2.30604,2.4646,2.4641,2.30258,2.06765,1.76844,1.41657,1.02884,0.626341,0.317129,0.587107,0.996373,1.38925,1.74438,2.04641,2.2832,2.45458,2.47505,2.2791,2.03954,1.73511,1.37971,0.988578,0.58355,0.275271,0.546521,0.957664,1.35357,1.7126,2.0191,2.26435,2.48636,2.52817,2.27913,2.0117,1.70278,1.343,0.948386,0.540778,0.233414,0.505956,0.919029,1.31805,1.68105,1.99827,2.28687,2.55449,2.61296,2.31988,2.00671,1.67079,1.30644,0.908529,0.498724,0.191556,0.465595,0.880471,1.28294,1.66258,2.01566,2.34494,2.65358,2.72378,2.39336,2.04204,1.6695,1.27657,0.869249,0.456794,0.149698,0.435292,0.855044,1.27495,1.6798,2.06552,2.43294,2.77836,2.86046,2.49206,2.10451,1.69681,1.2726,0.84157,0.415197,0.107841,0.415097,0.848992,1.28972,1.72498,2.1424,2.54552,2.92383,3.0153,2.61232,2.18904,1.7468,1.28996,0.832316,0.382605,0.0659828,0.401287,0.856801,1.32485,1.7903,2.24124,2.67771,3.08535,3.18367,2.75168,2.29148,1.81497,1.32458,0.835358,0.357669,0.0241251,0.392399,0.875583,1.37369,1.87161,2.35736,2.82495,3.26593
135,2.7286,2.59934,2.39559,2.12395,1.79482,1.42187,1.02116,0.610133,0.871846,1.26913,1.64257,1.97233,2.24472,2.44927,2.57937,2.59993,2.46885,2.26437,1.99365,1.6683,1.30519,0.930715,0.568275,0.831114,1.22999,1.60603,1.93923,2.21567,2.4247,2.55948,2.56927,2.43278,2.22256,1.94638,1.61548,1.24598,0.861644,0.526418,0.790396,1.19091,1.5696,1.90629,2.18685,2.4004,2.53988,2.54516,2.40354,2.18842,1.90726,1.57178,1.19807,0.808306,0.48456,0.749693,1.15188,1.53329,1.87353,2.15827,2.37637,2.52059,2.52352,2.37684,2.15641,1.87101,1.53133,1.15383,0.760239,0.442702,0.709005,1.11291,1.49709,1.84095,2.12992,2.35263,2.50161,2.50266,2.3511,2.12639,1.83573,1.49237,1.11123,0.714462,0.400844,0.668335,1.074,1.46101,1.80856,2.10182,2.32919,2.48295,2.48321,2.32638,2.09662,1.80198,1.45412,1.06971,0.670078,0.358987,0.627712,1.03515,1.42506,1.77637,2.07398,2.30604,2.4646,2.46409,2.30258,2.06765,1.76844,1.41657,1.02884,0.626341,0.317129,0.587107,0.996373,1.38925,1.74438,2.04641,2.2832,2.45458,2.47505,2.2791,2.03954,1.73511,1.37971,0.988578,0.58355,0.275271,0.546521,0.957664,1.35357,1.7126,2.0191,2.26435,2.48636,2.52817,2.27913,2.0117,1.70278,1.343,0.948386,0.540778,0.233414,0.505955,0.919028,1.31805,1.68105,1.99827,2.28687,2.55449,2.61296,2.31988,2.00671,1.67079,1.30644,0.908529,0.498724,0.191556,0.465595,0.88047,1.28294,1.66258,2.01566,2.34494,2.65358,2.72378,2.39336,2.04204,1.6695,1.27657,0.869249,0.456794,0.149698,0.435292,0.855044,1.27495,1.6798,2.06552,2.43294,2.77836,2.86046,2.49206,2.10451,1.69681,1.2726,0.84157,0.415197,0.107841,0.415097,0.848992,1.28972,1.72498,2.1424,2.54552,2.92383,3.0153,2.61232,2.18904,1.7468,1.28996,0.832316,0.382605,0.0659828,0.401287,0.856801,1.32485,1.7903,2.24124,2.67771,3.08535,3.18367,2.75168,2.29148,1.81497,1.32458,0.835358,0.357669,0.0241251,0.392399,0.875583,1.37369,1.87161,2.35736,2.82495,3.26593
136,2.68867,2.55881,2.35441,2.08205,1.75218,1.37852,0.977141,0.577476,0.989086,1.39044,1.76407,2.09388,2.36619,2.57054,2.70033,2.67037,2.53569,2.32662,2.04998,1.71645,1.33993,0.936686,0.536228,0.93923,1.34185,1.71806,2.0514,2.32783,2.53679,2.67138,2.65238,2.51284,2.29906,2.01809,1.68082,1.30139,0.896245,0.49498,0.898195,1.30289,1.68208,2.01923,2.30007,2.51371,2.65312,2.63469,2.49026,2.27173,1.98638,1.64531,1.2629,0.855818,0.453731,0.857491,1.2642,1.64646,1.98736,2.27255,2.491,2.63537,2.61732,2.46797,2.24465,1.95484,1.60992,1.22448,0.815407,0.412483,0.816927,1.22569,1.61094,1.95569,2.24545,2.4687,2.61799,2.60025,2.44597,2.21781,1.92349,1.57464,1.18611,0.775011,0.371235,0.77638,1.18725,1.57556,1.92434,2.2186,2.4467,2.60093,2.58352,2.42427,2.19123,1.89234,1.5395,1.14781,0.734633,0.329986,0.735952,1.14887,1.54039,1.89319,2.19202,2.425,2.58418,2.56867,2.40287,2.16491,1.8614,1.50449,1.10957,0.694273,0.288738,0.695552,1.11056,1.50538,1.86224,2.1657,2.4036,2.56823,2.59571,2.38179,2.13886,1.83066,1.46961,1.07141,0.653932,0.24749,0.655172,1.07234,1.4705,1.8315,2.13965,2.38251,2.59418,2.65919,2.39667,2.1131,1.80015,1.43488,1.03332,0.61361,0.206242,0.614811,1.03425,1.43577,1.80098,2.11388,2.39521,2.65658,2.7537,2.44994,2.12519,1.77632,1.40031,0.995301,0.573309,0.164993,0.574471,0.99623,1.40119,1.77605,2.12378,2.44739,2.75,2.87396,2.53321,2.17008,1.78525,1.38061,0.96156,0.533763,0.123745,0.534154,0.961396,1.37954,1.7839,2.16759,2.52958,2.86918,3.01497,2.64114,2.24207,1.82188,1.38993,0.945965,0.503672,0.0824966,0.502581,0.944719,1.38755,1.81928,2.23851,2.63643,3.00912,3.17689,2.76873,2.33609,1.88213,1.41807,0.947459,0.481683,0.0412483,0.479222,0.944049,1.41462,1.87754,2.33145,2.76296,3.17106,3.3547,2.91167,2.44745,1.95842,1.46134,0.959968,0.46638,0,0.462246,0.955497,1.45683,1.9535,2.44175,2.90592,3.3478
137,2.68866,2.55881,2.35441,2.08205,1.75218,1.37852,0.977141,0.577474,0.989084,1.39044,1.76407,2.09388,2.36619,2.57054,2.70033,2.67037,2.53569,2.32662,2.04998,1.71645,1.33993,0.936686,0.536226,0.939228,1.34185,1.71806,2.0514,2.32783,2.53679,2.67138,2.65238,2.51283,2.29906,2.01809,1.68082,1.30139,0.896244,0.494978,0.898193,1.30288,1.68208,2.01923,2.30007,2.51371,2.65312,2.63469,2.49026,2.27173,1.98637,1.64531,1.2629,0.855817,0.45373,0.857489,1.2642,1.64645,1.98736,2.27255,2.491,2.63537,2.61732,2.46797,2.24465,1.95484,1.60992,1.22448,0.815406,0.412482,0.816926,1.22569,1.61094,1.95569,2.24545,2.4687,2.61799,2.60025,2.44597,2.21781,1.92349,1.57464,1.18611,0.775011,0.371233,0.776378,1.18725,1.57555,1.92434,2.2186,2.4467,2.60092,2.58351,2.42427,2.19123,1.89234,1.5395,1.14781,0.734633,0.329985,0.73595,1.14887,1.54039,1.89319,2.19202,2.42499,2.58418,2.56867,2.40287,2.16491,1.8614,1.50448,1.10957,0.694273,0.288737,0.69555,1.11056,1.50538,1.86224,2.16569,2.4036,2.56823,2.59571,2.38179,2.13886,1.83066,1.46961,1.07141,0.653931,0.247489,0.65517,1.07234,1.4705,1.8315,2.13964,2.38251,2.59418,2.65919,2.39667,2.1131,1.80014,1.43488,1.03332,0.61361,0.206241,0.614809,1.03425,1.43577,1.80098,2.11387,2.3952,2.65657,2.7537,2.44994,2.12519,1.77632,1.40031,0.9953,0.573309,0.164993,0.574469,0.996228,1.40119,1.77605,2.12378,2.44738,2.75,2.87396,2.53321,2.17008,1.78525,1.38061,0.96156,0.533763,0.123744,0.534152,0.961394,1.37954,1.7839,2.16759,2.52958,2.86918,3.01497,2.64114,2.24207,1.82188,1.38993,0.945965,0.503672,0.0824963,0.502579,0.944717,1.38755,1.81928,2.23851,2.63643,3.00911,3.17689,2.76873,2.33609,1.88213,1.41807,0.947459,0.481683,0.0412482,0.479219,0.944046,1.41462,1.87754,2.33145,2.76295,3.17106,3.3547,2.91167,2.44745,1.95842,1.46134,0.959968,0.46638,0,0.462244,0.955494,1.45683,1.9535,2.44175,2.90592,3.3478
138,2.68836,2.55851,2.3541,2.08174,1.75188,1.37821,0.976837,0.577494,0.989102,1.39045,1.76408,2.09389,2.3662,2.57055,2.70034,2.67007,2.53538,2.32631,2.04968,1.71614,1.33962,0.936381,0.536244,0.939028,1.34162,1.71781,2.05115,2.32758,2.53652,2.67111,2.65208,2.51253,2.29876,2.01779,1.68052,1.30108,0.89594,0.494994,0.897963,1.30264,1.68182,2.01896,2.2998,2.51344,2.65285,2.63439,2.48995,2.27143,1.98607,1.64501,1.2626,0.855513,0.453745,0.857243,1.26393,1.64619,1.98709,2.27228,2.49072,2.63509,2.61701,2.46766,2.24434,1.95454,1.60961,1.22417,0.815102,0.412495,0.816679,1.22543,1.61068,1.95541,2.24516,2.46842,2.61771,2.59995,2.44566,2.21751,1.92319,1.57434,1.18581,0.774707,0.371246,0.776132,1.18699,1.57529,1.92406,2.21832,2.44642,2.60064,2.58321,2.42396,2.19092,1.89204,1.53919,1.1475,0.734329,0.329996,0.735688,1.14861,1.54011,1.89291,2.19173,2.42471,2.5839,2.56838,2.40257,2.16461,1.86109,1.50418,1.10927,0.693969,0.288747,0.695289,1.1103,1.5051,1.86196,2.16541,2.40331,2.56793,2.59544,2.38149,2.13856,1.83036,1.46931,1.0711,0.653627,0.247497,0.654908,1.07206,1.47022,1.83122,2.13936,2.38223,2.59387,2.65893,2.3964,2.1128,1.79984,1.43458,1.03301,0.613306,0.206248,0.614548,1.03397,1.43549,1.8007,2.11359,2.39489,2.65625,2.75345,2.44968,2.12492,1.77603,1.4,0.994996,0.573005,0.164998,0.574208,0.99595,1.40091,1.77576,2.12347,2.44706,2.74965,2.87373,2.53297,2.16982,1.78498,1.38034,0.961271,0.533474,0.123749,0.53389,0.961101,1.37924,1.78359,2.16726,2.52924,2.86882,3.01475,2.64091,2.24183,1.82164,1.38967,0.94569,0.503397,0.0824991,0.502288,0.94441,1.38723,1.81896,2.23817,2.63608,3.00874,3.17668,2.76852,2.33586,1.8819,1.41782,0.947213,0.481437,0.0412495,0.478914,0.94371,1.41428,1.87718,2.3311,2.76258,3.17069,3.3545,2.91145,2.44723,1.95821,1.46111,0.959736,0.466148,0,0.461924,0.955144,1.45648,1.95315,2.44138,2.90555,3.34742
139,2.68836,2.55851,2.3541,2.08174,1.75188,1.37821,0.976837,0.577494,0.989102,1.39045,1.76408,2.09389,2.3662,2.57055,2.70034,2.67007,2.53538,2.32631,2.04968,1.71614,1.33962,0.936381,0.536244,0.939028,1.34162,1.71781,2.05115,2.32758,2.53652,2.67111,2.65208,2.51253,2.29876,2.01779,1.68052,1.30108,0.89594,0.494994,0.897963,1.30264,1.68182,2.01896,2.2998,2.51344,2.65285,2.63439,2.48995,2.27143,1.98607,1.64501,1.2626,0.855513,0.453745,0.857243,1.26393,1.64619,1.98709,2.27228,2.49072,2.63509,2.61701,2.46766,2.24434,1.95454,1.60961,1.22417,0.815102,0.412495,0.816679,1.22543,1.61068,1.95541,2.24516,2.46842,2.61771,2.59995,2.44566,2.21751,1.92319,1.57434,1.18581,0.774707,0.371246,0.776132,1.18699,1.57529,1.92406,2.21832,2.44642,2.60064,2.58321,2.42396,2.19092,1.89204,1.53919,1.1475,0.734329,0.329996,0.735688,1.14861,1.54011,1.89291,2.19173,2.42471,2.5839,2.56838,2.40257,2.16461,1.86109,1.50418,1.10927,0.693969,0.288747,0.695289,1.1103,1.5051,1.86196,2.16541,2.40331,2.56793,2.59544,2.38149,2.13856,1.83036,1.46931,1.0711,0.653627,0.247497,0.654908,1.07206,1.47022,1.83122,2.13936,2.38223,2.59387,2.65893,2.3964,2.1128,1.79984,1.43458,1.03301,0.613306,0.206248,0.614548,1.03397,1.43549,1.8007,2.11359,2.39489,2.65625,2.75345,2.44968,2.12492,1.77603,1.4,0.994996,0.573005,0.164998,0.574208,0.99595,1.40091,1.77576,2.12347,2.44706,2.74965,2.87373,2.53297,2.16982,1.78498,1.38034,0.961271,0.533474,0.123749,0.53389,0.961101,1.37924,1.78359,2.16726,2.52924,2.86882,3.01475,2.64091,2.24183,1.82164,1.38967,0.94569,0.503397,0.0824991,0.502288,0.94441,1.38723,1.81896,2.23817,2.63608,3.00874,3.17668,2.76852,2.33586,1.8819,1.41782,0.947213,0.481437,0.0412495,0.478914,0.94371,1.41428,1.87718,2.3311,2.76258,3.17069,3.3545,2.91145,2.44723,1.95821,1.46111,0.959736,0.466148,0,0.461924,0.955144,1.45648,1.95315,2.44138,2.90555,3.34742
140,2.72862,2.59936,2.39561,2.12397,1.79484,1.42189,1.02119,0.610162,0.871801,1.26908,1.64252,1.97228,2.24467,2.44922,2.57932,2.59991,2.46884,2.26436,1.99365,1.6683,1.3052,0.930742,0.568302,0.831069,1.22994,1.60598,1.93918,2.21562,2.42465,2.55943,2.56924,2.43275,2.22253,1.94636,1.61547,1.24598,0.861651,0.526443,0.79035,1.19086,1.56955,1.90624,2.1868,2.40035,2.53983,2.54513,2.40351,2.1884,1.90723,1.57176,1.19806,0.808305,0.484584,0.749647,1.15183,1.53323,1.87348,2.15821,2.37632,2.52054,2.52349,2.37681,2.15638,1.87099,1.53131,1.15381,0.760234,0.442725,0.70896,1.11286,1.49704,1.8409,2.12987,2.35258,2.50156,2.50263,2.35107,2.12636,1.8357,1.49234,1.11122,0.714454,0.400866,0.668294,1.07395,1.46096,1.80851,2.10177,2.32913,2.48289,2.48318,2.32635,2.09659,1.80196,1.45409,1.06969,0.670067,0.359007,0.62767,1.0351,1.42501,1.77632,2.07393,2.30599,2.46455,2.46406,2.30255,2.06762,1.76841,1.41654,1.02882,0.626327,0.317148,0.587065,0.996322,1.3892,1.74433,2.04635,2.28314,2.45453,2.47501,2.27906,2.0395,1.73508,1.37969,0.988556,0.583535,0.275288,0.546479,0.957613,1.35352,1.71255,2.01905,2.2643,2.48631,2.52812,2.27909,2.01167,1.70275,1.34298,0.948364,0.540763,0.233429,0.505913,0.918977,1.31799,1.68099,1.99822,2.28683,2.55445,2.61291,2.31984,2.00667,1.67076,1.30642,0.908504,0.498706,0.19157,0.465556,0.880419,1.28289,1.66253,2.01561,2.34489,2.65354,2.72373,2.39331,2.042,1.66946,1.27654,0.869224,0.456776,0.149711,0.435254,0.854997,1.27491,1.67975,2.06547,2.43289,2.77832,2.86041,2.49201,2.10446,1.69677,1.27256,0.84154,0.415177,0.107852,0.415063,0.848946,1.28967,1.72493,2.14236,2.54547,2.92379,3.01524,2.61227,2.18899,1.74675,1.28992,0.832284,0.38258,0.0659928,0.401255,0.856759,1.32481,1.79025,2.24119,2.67766,3.0853,3.18361,2.75163,2.29143,1.81492,1.32454,0.835324,0.357642,0.0241336,0.392369,0.875543,1.37365,1.87157,2.35732,2.82491,3.26588
141,2.68864,2.55878,2.35438,2.08202,1.75216,1.37849,0.977113,0.577476,0.989086,1.39044,1.76407,2.09388,2.36619,2.57054,2.70033,2.67035,2.53566,2.32659,2.04996,1.71642,1.3399,0.936658,0.536228,0.93921,1.34183,1.71804,2.05138,2.32781,2.53677,2.67135,2.65235,2.51281,2.29903,2.01806,1.6808,1.30136,0.896217,0.494979,0.898172,1.30286,1.68206,2.0192,2.30004,2.51368,2.65309,2.63467,2.49023,2.27171,1.98635,1.64528,1.26287,0.85579,0.453731,0.857467,1.26417,1.64643,1.98733,2.27252,2.49097,2.63535,2.61729,2.46794,2.24462,1.95481,1.60989,1.22445,0.815379,0.412483,0.816903,1.22567,1.61092,1.95567,2.24542,2.46868,2.61797,2.60023,2.44594,2.21778,1.92347,1.57461,1.18608,0.774983,0.371234,0.776356,1.18723,1.57553,1.92432,2.21858,2.44667,2.6009,2.58349,2.42424,2.1912,1.89232,1.53947,1.14778,0.734605,0.329986,0.735926,1.14885,1.54037,1.89316,2.19199,2.42497,2.58415,2.56864,2.40285,2.16488,1.86137,1.50446,1.10955,0.694245,0.288738,0.695527,1.11053,1.50535,1.86221,2.16567,2.40357,2.5682,2.59569,2.38177,2.13884,1.83063,1.46958,1.07138,0.653904,0.24749,0.655146,1.07232,1.47048,1.83147,2.13962,2.38249,2.59415,2.65917,2.39665,2.11307,1.80012,1.43486,1.03329,0.613582,0.206241,0.614786,1.03422,1.43575,1.80095,2.11385,2.39518,2.65654,2.75368,2.44992,2.12517,1.77629,1.40028,0.995273,0.573281,0.164993,0.574446,0.996203,1.40117,1.77603,2.12375,2.44736,2.74997,2.87394,2.53319,2.17006,1.78523,1.38059,0.961534,0.533737,0.123745,0.534128,0.961368,1.37951,1.78387,2.16756,2.52955,2.86915,3.01495,2.64112,2.24205,1.82186,1.38991,0.94594,0.503647,0.0824966,0.502552,0.944689,1.38752,1.81925,2.23848,2.6364,3.00908,3.17687,2.76871,2.33607,1.88211,1.41805,0.947437,0.481661,0.0412483,0.479192,0.944016,1.41459,1.87751,2.33142,2.76292,3.17103,3.35468,2.91165,2.44743,1.9584,1.46132,0.959947,0.466359,0,0.462215,0.955463,1.4568,1.95347,2.44172,2.90588,3.34777
142,2.7286,2.59934,2.3956,2.12395,1.79482,1.42187,1.02117,0.610142,0.871842,1.26912,1.64257,1.97233,2.24471,2.44927,2.57937,2.59993,2.46885,2.26438,1.99366,1.66831,1.3052,0.930722,0.568283,0.83111,1.22999,1.60603,1.93922,2.21567,2.42469,2.55948,2.56927,2.43278,2.22256,1.94638,1.61549,1.24599,0.86165,0.526424,0.790392,1.1909,1.5696,1.90629,2.18685,2.40039,2.53988,2.54516,2.40354,2.18843,1.90726,1.57178,1.19808,0.808313,0.484565,0.749689,1.15187,1.53328,1.87353,2.15826,2.37637,2.52059,2.52352,2.37684,2.15642,1.87102,1.53133,1.15383,0.760245,0.442706,0.709002,1.1129,1.49708,1.84095,2.12992,2.35263,2.50161,2.50267,2.35111,2.1264,1.83574,1.49237,1.11124,0.714468,0.400847,0.668333,1.07399,1.46101,1.80856,2.10182,2.32918,2.48294,2.48322,2.32639,2.09663,1.80199,1.45412,1.06971,0.670085,0.358988,0.62771,1.03515,1.42506,1.77637,2.07398,2.30604,2.4646,2.4641,2.30259,2.06766,1.76845,1.41657,1.02885,0.626347,0.317129,0.587105,0.996369,1.38925,1.74438,2.0464,2.2832,2.45458,2.47506,2.2791,2.03954,1.73511,1.37972,0.988585,0.583556,0.275271,0.546519,0.95766,1.35357,1.7126,2.0191,2.26435,2.48636,2.52817,2.27913,2.01171,1.70279,1.34301,0.948393,0.540785,0.233412,0.505953,0.919025,1.31804,1.68104,1.99827,2.28687,2.55449,2.61297,2.31989,2.00671,1.6708,1.30645,0.908537,0.498731,0.191553,0.465593,0.880467,1.28294,1.66257,2.01566,2.34494,2.65358,2.72379,2.39337,2.04205,1.66951,1.27658,0.869257,0.456801,0.149694,0.435289,0.85504,1.27495,1.67979,2.06551,2.43293,2.77836,2.86047,2.49207,2.10452,1.69682,1.27261,0.84158,0.415205,0.107835,0.415092,0.848987,1.28972,1.72497,2.1424,2.54552,2.92383,3.01531,2.61233,2.18906,1.74681,1.28997,0.832327,0.382614,0.0659762,0.401281,0.856795,1.32484,1.79029,2.24123,2.67771,3.08534,3.18368,2.7517,2.29149,1.81498,1.32459,0.83537,0.357678,0.0241173,0.392393,0.875576,1.37368,1.8716,2.35736,2.82495,3.26593
143,2.68866,2.55881,2.35441,2.08205,1.75218,1.37852,0.977141,0.577474,0.989084,1.39044,1.76407,2.09388,2.36619,2.57054,2.70033,2.67037,2.53569,2.32662,2.04998,1.71645,1.33993,0.936686,0.536226,0.939228,1.34185,1.71806,2.0514,2.32783,2.53679,2.67138,2.65238,2.51283,2.29906,2.01809,1.68082,1.30139,0.896244,0.494978,0.898193,1.30288,1.68208,2.01923,2.30007,2.51371,2.65312,2.63469,2.49026,2.27173,1.98637,1.64531,1.2629,0.855817,0.45373,0.857489,1.2642,1.64645,1.98736,2.27255,2.491,2.63537,2.61732,2.46797,2.24465,1.95484,1.60992,1.22448,0.815406,0.412482,0.816925,1.22569,1.61094,1.95569,2.24545,2.4687,2.61799,2.60025,2.44597,2.21781,1.92349,1.57464,1.18611,0.775011,0.371233,0.776378,1.18725,1.57555,1.92434,2.2186,2.4467,2.60092,2.58351,2.42427,2.19123,1.89234,1.5395,1.14781,0.734633,0.329985,0.73595,1.14887,1.54039,1.89319,2.19202,2.42499,2.58418,2.56867,2.40287,2.16491,1.8614,1.50448,1.10957,0.694273,0.288737,0.69555,1.11056,1.50538,1.86224,2.1657,2.4036,2.56823,2.59571,2.38179,2.13886,1.83066,1.46961,1.07141,0.653931,0.247489,0.65517,1.07234,1.4705,1.8315,2.13964,2.38251,2.59418,2.65919,2.39667,2.1131,1.80015,1.43488,1.03332,0.61361,0.206241,0.614809,1.03425,1.43577,1.80098,2.11388,2.3952,2.65657,2.7537,2.44994,2.12519,1.77632,1.40031,0.9953,0.573309,0.164993,0.574469,0.996228,1.40119,1.77605,2.12378,2.44739,2.75,2.87396,2.53321,2.17008,1.78525,1.38061,0.96156,0.533763,0.123744,0.534152,0.961394,1.37954,1.7839,2.16759,2.52958,2.86918,3.01497,2.64114,2.24207,1.82188,1.38993,0.945965,0.503672,0.0824963,0.502579,0.944717,1.38755,1.81928,2.23851,2.63643,3.00911,3.17689,2.76873,2.33609,1.88213,1.41807,0.947459,0.481683,0.0412482,0.479219,0.944046,1.41462,1.87754,2.33145,2.76295,3.17106,3.3547,2.91167,2.44745,1.95842,1.46134,0.959968,0.46638,0,0.462243,0.955494,1.45683,1.9535,2.44175,2.90592,3.3478
144,2.68836,2.55851,2.3541,2.08174,1.75188,1.37821,0.976836,0.577494,0.989103,1.39045,1.76408,2.09389,2.3662,2.57055,2.70034,2.67007,2.53538,2.32631,2.04968,1.71614,1.33962,0.936381,0.536244,0.939028,1.34162,1.71781,2.05115,2.32758,2.53652,2.67111,2.65208,2.51253,2.29875,2.01779,1.68052,1.30108,0.895939,0.494995,0.897962,1.30264,1.68182,2.01896,2.2998,2.51344,2.65285,2.63439,2.48995,2.27143,1.98607,1.645,1.2626,0.855513,0.453745,0.857242,1.26393,1.64619,1.98709,2.27228,2.49071,2.63509,2.61701,2.46766,2.24434,1.95453,1.60961,1.22417,0.815101,0.412495,0.816679,1.22543,1.61068,1.95541,2.24516,2.46842,2.61771,2.59995,2.44566,2.21751,1.92319,1.57434,1.18581,0.774706,0.371246,0.776132,1.18699,1.57529,1.92406,2.21832,2.44641,2.60064,2.58321,2.42396,2.19092,1.89204,1.53919,1.1475,0.734328,0.329996,0.735688,1.14861,1.54011,1.89291,2.19173,2.42471,2.5839,2.56838,2.40257,2.16461,1.86109,1.50418,1.10927,0.693968,0.288747,0.695288,1.11029,1.5051,1.86196,2.16541,2.40331,2.56793,2.59544,2.38149,2.13856,1.83036,1.46931,1.0711,0.653627,0.247497,0.654908,1.07206,1.47022,1.83122,2.13936,2.38223,2.59387,2.65893,2.3964,2.1128,1.79984,1.43458,1.03301,0.613305,0.206248,0.614547,1.03397,1.43549,1.8007,2.11359,2.39489,2.65624,2.75345,2.44968,2.12492,1.77603,1.4,0.994995,0.573004,0.164998,0.574207,0.99595,1.40091,1.77576,2.12347,2.44706,2.74965,2.87373,2.53297,2.16982,1.78498,1.38034,0.96127,0.533473,0.123749,0.53389,0.961101,1.37924,1.78359,2.16726,2.52923,2.86882,3.01475,2.64091,2.24183,1.82164,1.38967,0.94569,0.503396,0.0824991,0.502287,0.944409,1.38723,1.81895,2.23816,2.63607,3.00874,3.17668,2.76852,2.33586,1.8819,1.41782,0.947212,0.481437,0.0412495,0.478914,0.943709,1.41428,1.87718,2.3311,2.76258,3.17069,3.3545,2.91145,2.44723,1.95821,1.46111,0.959736,0.466148,0,0.461924,0.955143,1.45648,1.95314,2.44138,2.90555,3.34741
145,2.72861,2.59935,2.39561,2.12396,1.79483,1.42188,1.02118,0.610152,0.87182,1.2691,1.64254,1.9723,2.24469,2.44924,2.57935,2.59992,2.46884,2.26437,1.99365,1.66831,1.3052,0.930732,0.568293,0.831087,1.22996,1.606,1.9392,2.21564,2.42467,2.55945,2.56925,2.43276,2.22255,1.94637,1.61548,1.24598,0.861651,0.526434,0.790369,1.19088,1.56957,1.90626,2.18682,2.40037,2.53985,2.54514,2.40352,2.18841,1.90725,1.57177,1.19807,0.808308,0.484575,0.749666,1.15185,1.53326,1.8735,2.15824,2.37634,2.52056,2.5235,2.37683,2.1564,1.871,1.53132,1.15382,0.760239,0.442716,0.708979,1.11288,1.49706,1.84092,2.12989,2.3526,2.50158,2.50265,2.35109,2.12638,1.83572,1.49236,1.11123,0.71446,0.400857,0.668311,1.07397,1.46098,1.80853,2.10179,2.32916,2.48292,2.4832,2.32636,2.09661,1.80197,1.45411,1.0697,0.670075,0.358998,0.627688,1.03512,1.42503,1.77634,2.07395,2.30601,2.46457,2.46408,2.30257,2.06764,1.76843,1.41656,1.02883,0.626336,0.317139,0.587083,0.996343,1.38922,1.74435,2.04638,2.28317,2.45455,2.47504,2.27908,2.03952,1.73509,1.3797,0.98857,0.583545,0.27528,0.546497,0.957635,1.35354,1.71257,2.01907,2.26433,2.48633,2.52815,2.27911,2.01169,1.70277,1.34299,0.948377,0.540773,0.233421,0.505931,0.918999,1.31802,1.68102,1.99824,2.28685,2.55447,2.61294,2.31986,2.00669,1.67078,1.30643,0.908519,0.498718,0.191562,0.465572,0.880441,1.28291,1.66255,2.01563,2.34492,2.65356,2.72375,2.39334,2.04202,1.66948,1.27656,0.869239,0.456787,0.149703,0.43527,0.855017,1.27493,1.67977,2.06549,2.43291,2.77834,2.86043,2.49204,2.10449,1.69679,1.27258,0.841558,0.41519,0.107844,0.415076,0.848965,1.28969,1.72495,2.14238,2.54549,2.92381,3.01527,2.6123,2.18902,1.74678,1.28994,0.832303,0.382595,0.0659853,0.401267,0.856775,1.32482,1.79027,2.24121,2.67768,3.08532,3.18364,2.75166,2.29146,1.81495,1.32456,0.835345,0.357658,0.0241262,0.39238,0.875558,1.37366,1.87158,2.35733,2.82493,3.2659
146,2.72861,2.59935,2.39561,2.12396,1.79483,1.42188,1.02118,0.610153,0.87182,1.2691,1.64254,1.9723,2.24469,2.44924,2.57935,2.59992,2.46884,2.26437,1.99365,1.66831,1.3052,0.930732,0.568293,0.831087,1.22996,1.606,1.9392,2.21564,2.42467,2.55945,2.56925,2.43276,2.22255,1.94637,1.61548,1.24598,0.861651,0.526434,0.790369,1.19088,1.56957,1.90626,2.18682,2.40037,2.53985,2.54514,2.40352,2.18841,1.90725,1.57177,1.19807,0.808308,0.484575,0.749666,1.15185,1.53326,1.8735,2.15824,2.37634,2.52056,2.5235,2.37683,2.1564,1.871,1.53132,1.15382,0.760239,0.442716,0.708979,1.11288,1.49706,1.84092,2.12989,2.3526,2.50158,2.50265,2.35109,2.12638,1.83572,1.49236,1.11123,0.71446,0.400857,0.668311,1.07397,1.46098,1.80853,2.10179,2.32916,2.48292,2.4832,2.32636,2.09661,1.80197,1.45411,1.0697,0.670075,0.358998,0.627688,1.03512,1.42503,1.77634,2.07395,2.30601,2.46457,2.46408,2.30256,2.06764,1.76843,1.41656,1.02883,0.626336,0.317139,0.587083,0.996343,1.38922,1.74435,2.04638,2.28317,2.45455,2.47503,2.27908,2.03952,1.73509,1.3797,0.988569,0.583545,0.27528,0.546497,0.957634,1.35354,1.71257,2.01907,2.26432,2.48633,2.52814,2.27911,2.01169,1.70277,1.34299,0.948377,0.540773,0.233421,0.505931,0.918999,1.31802,1.68102,1.99824,2.28685,2.55447,2.61294,2.31986,2.00669,1.67078,1.30643,0.908519,0.498718,0.191562,0.465572,0.880441,1.28291,1.66255,2.01563,2.34492,2.65356,2.72375,2.39334,2.04202,1.66948,1.27656,0.869239,0.456787,0.149703,0.43527,0.855017,1.27493,1.67977,2.06549,2.43291,2.77834,2.86043,2.49204,2.10449,1.69679,1.27258,0.841558,0.41519,0.107844,0.415076,0.848965,1.28969,1.72495,2.14238,2.54549,2.92381,3.01527,2.6123,2.18902,1.74678,1.28994,0.832303,0.382595,0.0659852,0.401267,0.856775,1.32482,1.79027,2.24121,2.67768,3.08532,3.18364,2.75166,2.29146,1.81495,1.32456,0.835345,0.357658,0.0241262,0.39238,0.875558,1.37366,1.87158,2.35733,2.82493,3.2659
147,2.68836,2.55851,2.3541,2.08174,1.75188,1.37821,0.976837,0.577494,0.989102,1.39045,1.76408,2.09389,2.3662,2.57055,2.70034,2.67007,2.53538,2.32631,2.04968,1.71614,1.33962,0.936381,0.536244,0.939028,1.34162,1.71781,2.05115,2.32758,2.53652,2.67111,2.65208,2.51253,2.29876,2.01779,1.68052,1.30108,0.89594,0.494994,0.897963,1.30264,1.68182,2.01896,2.2998,2.51344,2.65285,2.63439,2.48995,2.27143,1.98607,1.64501,1.2626,0.855513,0.453745,0.857243,1.26393,1.64619,1.98709,2.27228,2.49072,2.63509,2.61701,2.46766,2.24434,1.95454,1.60961,1.22417,0.815102,0.412495,0.816679,1.22543,1.61068,1.95541,2.24516,2.46842,2.61771,2.59995,2.44566,2.21751,1.92319,1.57434,1.18581,0.774707,0.371246,0.776132,1.18699,1.57529,1.92406,2.21832,2.44642,2.60064,2.58321,2.42396,2.19092,1.89204,1.53919,1.1475,0.734329,0.329996,0.735688,1.14861,1.54011,1.89291,2.19173,2.42471,2.5839,2.56838,2.40257,2.16461,1.86109,1.50418,1.10927,0.693969,0.288747,0.695289,1.1103,1.5051,1.86196,2.16541,2.40331,2.56793,2.59544,2.38149,2.13856,1.83036,1.46931,1.0711,0.653627,0.247497,0.654908,1.07206,1.47022,1.83122,2.13936,2.38223,2.59387,2.65893,2.3964,2.1128,1.79984,1.43458,1.03301,0.613306,0.206248,0.614548,1.03397,1.43549,1.8007,2.11359,2.39489,2.65625,2.75345,2.44968,2.12492,1.77603,1.4,0.994996,0.573005,0.164998,0.574208,0.99595,1.40091,1.77576,2.12347,2.44706,2.74965,2.87373,2.53297,2.16982,1.78498,1.38034,0.961271,0.533474,0.123749,0.53389,0.961101,1.37924,1.78359,2.16726,2.52924,2.86882,3.01475,2.64091,2.24183,1.82164,1.38967,0.94569,0.503397,0.0824991,0.502288,0.94441,1.38723,1.81896,2.23817,2.63608,3.00874,3.17668,2.76852,2.33586,1.8819,1.41782,0.947213,0.481437,0.0412495,0.478914,0.94371,1.41428,1.87718,2.3311,2.76258,3.17069,3.3545,2.91145,2.44723,1.95821,1.46111,0.959736,0.466148,0,0.461924,0.955144,1.45648,1.95315,2.44138,2.90555,3.34742
148,2.72862,2.59936,2.39561,2.12397,1.79484,1.42189,1.02119,0.610162,0.871801,1.26908,1.64252,1.97228,2.24467,2.44922,2.57932,2.59991,2.46884,2.26436,1.99365,1.6683,1.3052,0.930741,0.568302,0.831069,1.22994,1.60598,1.93918,2.21562,2.42465,2.55943,2.56924,2.43275,2.22253,1.94636,1.61547,1.24598,0.861651,0.526443,0.79035,1.19086,1.56955,1.90624,2.1868,2.40035,2.53983,2.54513,2.40351,2.1884,1.90723,1.57176,1.19806,0.808305,0.484584,0.749647,1.15183,1.53323,1.87348,2.15822,2.37632,2.52054,2.52349,2.37681,2.15638,1.87099,1.53131,1.15381,0.760234,0.442725,0.70896,1.11286,1.49704,1.8409,2.12987,2.35258,2.50156,2.50263,2.35107,2.12636,1.8357,1.49234,1.11122,0.714454,0.400866,0.668294,1.07395,1.46096,1.80851,2.10177,2.32913,2.48289,2.48318,2.32635,2.09659,1.80196,1.45409,1.06969,0.670067,0.359007,0.62767,1.0351,1.42501,1.77632,2.07393,2.30599,2.46455,2.46406,2.30255,2.06762,1.76841,1.41654,1.02882,0.626327,0.317148,0.587065,0.996322,1.3892,1.74433,2.04635,2.28315,2.45453,2.47501,2.27906,2.0395,1.73508,1.37969,0.988556,0.583535,0.275288,0.546479,0.957613,1.35352,1.71255,2.01905,2.2643,2.48631,2.52812,2.27909,2.01167,1.70275,1.34298,0.948364,0.540763,0.233429,0.505913,0.918977,1.31799,1.68099,1.99822,2.28683,2.55445,2.61291,2.31984,2.00667,1.67076,1.30642,0.908504,0.498706,0.19157,0.465556,0.880419,1.28289,1.66253,2.01561,2.34489,2.65354,2.72373,2.39331,2.042,1.66946,1.27654,0.869224,0.456776,0.149711,0.435254,0.854997,1.27491,1.67975,2.06547,2.43289,2.77832,2.86041,2.49201,2.10446,1.69677,1.27256,0.84154,0.415177,0.107852,0.415063,0.848947,1.28967,1.72493,2.14236,2.54547,2.92379,3.01524,2.61227,2.18899,1.74675,1.28992,0.832284,0.38258,0.0659928,0.401255,0.856759,1.32481,1.79025,2.24119,2.67766,3.0853,3.18361,2.75163,2.29143,1.81492,1.32454,0.835324,0.357642,0.0241336,0.392369,0.875543,1.37365,1.87157,2.35732,2.82491,3.26588
149,2.72872,2.59943,2.39565,2.12397,1.79481,1.42184,1.02111,0.61007,0.871696,1.26899,1.64246,1.97226,2.24468,2.44928,2.57942,2.60015,2.46901,2.26448,1.9937,1.66832,1.30517,0.930738,0.568233,0.831033,1.22998,1.6061,1.93938,2.2159,2.42501,2.55986,2.56976,2.43319,2.22287,1.94659,1.61559,1.246,0.861617,0.526386,0.790384,1.19102,1.56984,1.90666,2.18735,2.40101,2.54059,2.54596,2.40424,2.18898,1.90767,1.57204,1.19818,0.80829,0.484539,0.74975,1.15211,1.5337,1.87412,2.15903,2.37728,2.52163,2.52465,2.37782,2.15722,1.87163,1.53175,1.15404,0.760273,0.442691,0.709132,1.11327,1.49768,1.84177,2.13094,2.35384,2.50298,2.5041,2.35238,2.12746,1.83655,1.49294,1.11155,0.714546,0.400844,0.668535,1.07448,1.46178,1.8096,2.10311,2.33069,2.48464,2.48498,2.32794,2.09795,1.80303,1.45487,1.07015,0.670214,0.358997,0.627981,1.03576,1.426,1.77763,2.07553,2.30784,2.46662,2.46619,2.30444,2.06922,1.76971,1.41748,1.02939,0.626527,0.31715,0.587445,0.997101,1.39036,1.74586,2.04822,2.2853,2.45634,2.4768,2.28125,2.04137,1.73659,1.3808,0.989247,0.583806,0.275303,0.546928,0.958514,1.35486,1.7143,2.02117,2.26612,2.48773,2.5288,2.28087,2.0138,1.70447,1.34426,0.949178,0.541105,0.233456,0.506431,0.920001,1.3195,1.68296,1.99996,2.28821,2.55538,2.613,2.32044,2.00809,1.6727,1.30787,0.909426,0.499101,0.191609,0.465977,0.881565,1.2843,1.66411,2.01689,2.34575,2.65389,2.72384,2.39331,2.04251,1.67036,1.27763,0.870269,0.457241,0.149762,0.435565,0.855587,1.27577,1.68035,2.06623,2.43316,2.77804,2.85982,2.49137,2.1044,1.69717,1.27327,0.841965,0.415513,0.107915,0.41511,0.849281,1.29016,1.72505,2.14254,2.5451,2.92282,3.01391,2.61159,2.1883,1.74663,1.28996,0.832427,0.382757,0.0660676,0.401178,0.856554,1.32449,1.78987,2.24077,2.67662,3.08362,3.18151,2.75023,2.29011,1.81426,1.32396,0.835172,0.35767,0.0242205,0.392165,0.875072,1.37294,1.87066,2.35626,2.82317,3.26405
150,2.68866,2.55881,2.3544,2.08204,1.75218,1.37852,0.977138,0.577463,0.989074,1.39043,1.76406,2.09387,2.36618,2.57053,2.70032,2.67037,2.53569,2.32662,2.04998,1.71645,1.33992,0.936683,0.536215,0.939217,1.34184,1.71805,2.05139,2.32783,2.53678,2.67137,2.65238,2.51283,2.29906,2.01809,1.68082,1.30138,0.896242,0.494968,0.898183,1.30287,1.68207,2.01922,2.30006,2.5137,2.65311,2.63469,2.49026,2.27173,1.98637,1.64531,1.2629,0.855815,0.453721,0.857478,1.26419,1.64644,1.98735,2.27254,2.49099,2.63537,2.61731,2.46796,2.24465,1.95484,1.60991,1.22447,0.815403,0.412473,0.816915,1.22568,1.61093,1.95568,2.24544,2.4687,2.61798,2.60025,2.44597,2.21781,1.92349,1.57464,1.18611,0.775008,0.371226,0.776368,1.18724,1.57554,1.92433,2.2186,2.44669,2.60092,2.58351,2.42426,2.19123,1.89234,1.5395,1.14781,0.73463,0.329979,0.735939,1.14886,1.54038,1.89318,2.19201,2.42499,2.58417,2.56866,2.40287,2.16491,1.8614,1.50448,1.10957,0.69427,0.288731,0.69554,1.11055,1.50537,1.86223,2.16569,2.40359,2.56822,2.59571,2.38179,2.13886,1.83066,1.46961,1.07141,0.653929,0.247484,0.655159,1.07233,1.47049,1.83149,2.13964,2.38251,2.59417,2.65919,2.39667,2.1131,1.80014,1.43488,1.03331,0.613607,0.206237,0.614799,1.03424,1.43576,1.80097,2.11387,2.3952,2.65657,2.7537,2.44994,2.12519,1.77631,1.40031,0.995298,0.573306,0.164989,0.574459,0.996218,1.40118,1.77604,2.12377,2.44738,2.74999,2.87396,2.53321,2.17008,1.78525,1.38061,0.961558,0.533761,0.123742,0.534141,0.961383,1.37953,1.78389,2.16758,2.52957,2.86917,3.01497,2.64114,2.24207,1.82188,1.38993,0.945964,0.50367,0.0824947,0.502567,0.944705,1.38754,1.81927,2.2385,2.63642,3.0091,3.1769,2.76873,2.33609,1.88213,1.41807,0.947459,0.481682,0.0412473,0.479207,0.944034,1.41461,1.87753,2.33144,2.76294,3.17105,3.3547,2.91167,2.44745,1.95843,1.46134,0.959969,0.46638,0,0.46223,0.955481,1.45681,1.95349,2.44174,2.90591,3.34779
151,2.72862,2.59936,2.39562,2.12397,1.79484,1.4219,1.02119,0.610168,0.871798,1.26907,1.64252,1.97228,2.24466,2.44922,2.57932,2.59991,2.46884,2.26436,1.99365,1.66831,1.3052,0.930746,0.568308,0.831066,1.22994,1.60598,1.93917,2.21562,2.42464,2.55943,2.56924,2.43275,2.22254,1.94636,1.61547,1.24598,0.861656,0.526448,0.790348,1.19085,1.56955,1.90624,2.1868,2.40034,2.53983,2.54513,2.40351,2.1884,1.90724,1.57176,1.19806,0.808309,0.484588,0.749645,1.15182,1.53323,1.87348,2.15821,2.37632,2.52054,2.52349,2.37681,2.15639,1.87099,1.53131,1.15382,0.760239,0.442728,0.708957,1.11285,1.49703,1.8409,2.12987,2.35258,2.50156,2.50263,2.35107,2.12636,1.83571,1.49235,1.11122,0.714458,0.400868,0.668292,1.07394,1.46096,1.80851,2.10177,2.32913,2.48289,2.48318,2.32635,2.0966,1.80196,1.4541,1.06969,0.670071,0.359008,0.627669,1.0351,1.42501,1.77632,2.07393,2.30598,2.46455,2.46406,2.30255,2.06762,1.76842,1.41655,1.02883,0.626331,0.317148,0.587064,0.996319,1.38919,1.74433,2.04635,2.28314,2.45453,2.47502,2.27907,2.03951,1.73508,1.37969,0.988561,0.58354,0.275288,0.546478,0.95761,1.35352,1.71255,2.01905,2.2643,2.48631,2.52813,2.27909,2.01167,1.70275,1.34298,0.948369,0.540768,0.233428,0.505912,0.918975,1.31799,1.68099,1.99821,2.28682,2.55445,2.61292,2.31984,2.00667,1.67076,1.30642,0.908509,0.498711,0.191568,0.465554,0.880417,1.28289,1.66252,2.01561,2.34489,2.65353,2.72373,2.39332,2.04201,1.66947,1.27655,0.869229,0.456781,0.149708,0.435252,0.854994,1.2749,1.67975,2.06547,2.43289,2.77832,2.86041,2.49202,2.10447,1.69678,1.27257,0.841547,0.415183,0.107848,0.41506,0.848943,1.28967,1.72493,2.14235,2.54547,2.92379,3.01525,2.61228,2.189,1.74676,1.28993,0.832291,0.382586,0.0659882,0.401252,0.856755,1.3248,1.79025,2.24119,2.67766,3.0853,3.18362,2.75164,2.29144,1.81493,1.32455,0.835332,0.357648,0.0241282,0.392365,0.875538,1.37364,1.87156,2.35731,2.82491,3.26588
152,2.6887,2.55884,2.35444,2.08208,1.75222,1.37855,0.977172,0.577461,0.989072,1.39042,1.76405,2.09387,2.36618,2.57053,2.70032,2.67041,2.53572,2.32665,2.05002,1.71648,1.33996,0.936717,0.536213,0.939239,1.34187,1.71808,2.05142,2.32785,2.53681,2.6714,2.65241,2.51287,2.29909,2.01812,1.68086,1.30142,0.896275,0.494966,0.898208,1.3029,1.6821,2.01925,2.30009,2.51373,2.65314,2.63473,2.49029,2.27177,1.98641,1.64534,1.26293,0.855849,0.453719,0.857506,1.26422,1.64647,1.98738,2.27257,2.49102,2.6354,2.61735,2.468,2.24468,1.95487,1.60995,1.22451,0.815437,0.412472,0.816942,1.22571,1.61096,1.95572,2.24547,2.46873,2.61802,2.60029,2.446,2.21784,1.92353,1.57467,1.18614,0.775042,0.371225,0.776395,1.18727,1.57557,1.92437,2.21863,2.44672,2.60095,2.58355,2.4243,2.19126,1.89238,1.53953,1.14784,0.734664,0.329977,0.735968,1.14889,1.54041,1.89321,2.19204,2.42502,2.58421,2.5687,2.4029,2.16494,1.86143,1.50452,1.10961,0.694304,0.28873,0.695569,1.11058,1.5054,1.86226,2.16572,2.40362,2.56826,2.59574,2.38183,2.1389,1.83069,1.46964,1.07144,0.653962,0.247483,0.655188,1.07236,1.47052,1.83152,2.13967,2.38254,2.59421,2.65922,2.3967,2.11313,1.80018,1.43492,1.03335,0.613641,0.206236,0.614828,1.03427,1.43579,1.801,2.1139,2.39523,2.6566,2.75373,2.44997,2.12522,1.77635,1.40034,0.995332,0.57334,0.164989,0.574488,0.996249,1.40121,1.77608,2.12381,2.44741,2.75003,2.87399,2.53324,2.17011,1.78528,1.38064,0.96159,0.533793,0.123742,0.53417,0.961416,1.37956,1.78393,2.16761,2.52961,2.86921,3.01499,2.64117,2.2421,1.82191,1.38996,0.945995,0.5037,0.0824944,0.502599,0.944739,1.38758,1.8193,2.23853,2.63646,3.00914,3.17692,2.76876,2.33611,1.88215,1.4181,0.947486,0.481709,0.0412472,0.479241,0.944071,1.41464,1.87756,2.33148,2.76298,3.17109,3.35473,2.9117,2.44748,1.95845,1.46137,0.959994,0.466406,0,0.462266,0.95552,1.45685,1.95353,2.44178,2.90595,3.34783
153,2.76242,2.63879,2.44421,2.18501,1.87119,1.51583,1.13427,0.743144,0.854726,1.22147,1.57379,1.88515,2.1455,2.34169,2.46699,2.55944,2.43906,2.25011,2.00078,1.70432,1.38158,1.04474,0.700621,0.815098,1.184,1.53963,1.85513,2.12019,2.32139,2.45183,2.51094,2.38265,2.18587,1.92758,1.62066,1.284,0.955216,0.658098,0.775484,1.14659,1.50558,1.82528,2.0951,2.30137,2.43696,2.48167,2.34761,2.14371,1.87896,1.56484,1.22017,0.878035,0.615574,0.735885,1.10923,1.47164,1.79561,2.07024,2.28162,2.4224,2.45857,2.319,2.10904,1.83842,1.51834,1.16727,0.816165,0.573051,0.696302,1.07193,1.43782,1.76612,2.04562,2.26216,2.40816,2.43942,2.29342,2.07815,1.8012,1.47574,1.11931,0.761132,0.530527,0.656736,1.03469,1.40412,1.73681,2.02125,2.243,2.39423,2.4209,2.27005,2.049,1.76684,1.43587,1.07413,0.710043,0.488004,0.617187,0.997509,1.37055,1.70771,1.99714,2.22413,2.38062,2.40494,2.24738,2.02136,1.7332,1.39747,1.03061,0.661719,0.44548,0.577656,0.9604,1.33712,1.67881,1.9733,2.20557,2.38212,2.41047,2.22682,1.994,1.70146,1.36019,0.988901,0.615122,0.402957,0.538144,0.923362,1.30382,1.65012,1.94973,2.19801,2.42336,2.45357,2.22151,1.96853,1.66993,1.32315,0.947612,0.569361,0.360433,0.499495,0.886398,1.27067,1.62165,1.93949,2.22976,2.49917,2.52944,2.25324,1.95765,1.63864,1.28784,0.90717,0.524948,0.31791,0.472722,0.853746,1.24512,1.61689,1.96708,2.29529,2.6044,2.6335,2.31647,1.98092,1.62512,1.25269,0.867608,0.480666,0.275387,0.456935,0.842055,1.24828,1.64502,2.02805,2.38958,2.73406,2.75965,2.40687,2.03288,1.64328,1.23962,0.831065,0.437665,0.232863,0.448501,0.846362,1.27387,1.6966,2.1121,2.50662,2.88339,2.90313,2.51869,2.1084,1.68452,1.24776,0.810654,0.394693,0.19034,0.444689,0.863011,1.3153,1.7673,2.21475,2.6426,3.04797,3.05952,2.64692,2.20334,1.74313,1.27304,0.804362,0.359595,0.147816,0.444553,0.888222,1.36937,1.85318,2.3319,2.79289,3.22381
154,2.68897,2.55912,2.35471,2.08235,1.75249,1.37882,0.977448,0.577462,0.989074,1.39043,1.76406,2.09387,2.36618,2.57053,2.70032,2.67068,2.536,2.32693,2.05029,1.71676,1.34023,0.936992,0.536215,0.939437,1.34209,1.71832,2.05166,2.32809,2.53706,2.67165,2.65269,2.51314,2.29937,2.0184,1.68113,1.30169,0.896551,0.494968,0.898432,1.30314,1.68235,2.0195,2.30034,2.51398,2.65339,2.635,2.49057,2.27204,1.98668,1.64562,1.26321,0.856124,0.453721,0.857743,1.26447,1.64673,1.98763,2.27282,2.49129,2.63566,2.61762,2.46827,2.24496,1.95515,1.61022,1.22478,0.815713,0.412473,0.81718,1.22596,1.61121,1.95598,2.24573,2.46899,2.61828,2.60056,2.44627,2.21812,1.9238,1.57495,1.18642,0.775318,0.371226,0.776636,1.18752,1.57583,1.92463,2.21889,2.44699,2.60121,2.58382,2.42457,2.19154,1.89265,1.5398,1.14812,0.734939,0.329979,0.736219,1.14914,1.54068,1.89348,2.19231,2.42528,2.58447,2.56896,2.40318,2.16522,1.8617,1.50479,1.10988,0.694579,0.288731,0.69582,1.11083,1.50566,1.86253,2.16598,2.40389,2.56854,2.59599,2.3821,2.13917,1.83097,1.46992,1.07171,0.654238,0.247484,0.65544,1.07263,1.47079,1.83179,2.13993,2.3828,2.5945,2.65945,2.39695,2.11341,1.80045,1.43519,1.03362,0.613916,0.206237,0.615079,1.03453,1.43606,1.80127,2.11416,2.39552,2.65691,2.75394,2.4502,2.12547,1.77661,1.40061,0.995607,0.573615,0.164989,0.574739,0.996514,1.40148,1.77636,2.1241,2.44772,2.75035,2.87419,2.53346,2.17034,1.78553,1.38089,0.961851,0.534054,0.123742,0.534421,0.961695,1.37984,1.78422,2.16792,2.52993,2.86955,3.01519,2.64137,2.24232,1.82213,1.3902,0.946242,0.503948,0.0824946,0.502878,0.945033,1.38788,1.81961,2.23885,2.6368,3.00949,3.17711,2.76895,2.33632,1.88236,1.41832,0.947705,0.481929,0.0412473,0.479534,0.944392,1.41496,1.8779,2.33181,2.76333,3.17144,3.3549,2.91189,2.44767,1.95864,1.46157,0.9602,0.466612,0,0.462573,0.955855,1.45719,1.95386,2.44213,2.9063,3.3482
155,2.72861,2.59935,2.39561,2.12396,1.79483,1.42188,1.02118,0.610149,0.87182,1.2691,1.64254,1.97231,2.24469,2.44924,2.57935,2.59992,2.46884,2.26437,1.99365,1.6683,1.3052,0.93073,0.56829,0.831088,1.22996,1.606,1.9392,2.21564,2.42467,2.55945,2.56925,2.43276,2.22254,1.94637,1.61548,1.24598,0.861648,0.526432,0.79037,1.19088,1.56957,1.90626,2.18682,2.40037,2.53986,2.54514,2.40352,2.18841,1.90724,1.57177,1.19807,0.808305,0.484574,0.749667,1.15185,1.53326,1.8735,2.15824,2.37634,2.52056,2.5235,2.37682,2.1564,1.871,1.53131,1.15382,0.760236,0.442715,0.708979,1.11288,1.49706,1.84092,2.12989,2.3526,2.50158,2.50264,2.35108,2.12637,1.83571,1.49235,1.11122,0.714457,0.400857,0.668312,1.07397,1.46098,1.80853,2.10179,2.32916,2.48292,2.48319,2.32636,2.09661,1.80197,1.4541,1.0697,0.670072,0.358998,0.627688,1.03512,1.42503,1.77634,2.07395,2.30601,2.46457,2.46407,2.30256,2.06763,1.76842,1.41655,1.02883,0.626332,0.31714,0.587083,0.996344,1.38922,1.74435,2.04638,2.28317,2.45455,2.47503,2.27908,2.03952,1.73509,1.3797,0.988565,0.583541,0.275281,0.546497,0.957635,1.35354,1.71257,2.01907,2.26432,2.48633,2.52814,2.2791,2.01168,1.70276,1.34299,0.948373,0.540769,0.233423,0.505931,0.918999,1.31802,1.68101,1.99824,2.28685,2.55447,2.61293,2.31985,2.00668,1.67077,1.30643,0.908514,0.498714,0.191564,0.465573,0.880441,1.28291,1.66255,2.01563,2.34492,2.65355,2.72375,2.39333,2.04202,1.66948,1.27655,0.869234,0.456783,0.149706,0.435271,0.855017,1.27493,1.67977,2.06549,2.43291,2.77834,2.86043,2.49203,2.10448,1.69679,1.27258,0.841553,0.415185,0.107847,0.415078,0.848966,1.28969,1.72495,2.14238,2.54549,2.92381,3.01527,2.61229,2.18901,1.74677,1.28994,0.832297,0.38259,0.0659888,0.401269,0.856777,1.32482,1.79027,2.24121,2.67768,3.08532,3.18363,2.75165,2.29145,1.81494,1.32456,0.835338,0.357653,0.0241304,0.392383,0.875561,1.37366,1.87159,2.35734,2.82493,3.2659
156,2.6887,2.55885,2.35444,2.08208,1.75222,1.37855,0.977177,0.57748,0.98909,1.39044,1.76407,2.09389,2.36619,2.57054,2.70033,2.67041,2.53572,2.32666,2.05002,1.71649,1.33996,0.936722,0.536231,0.939258,1.34189,1.7181,2.05143,2.32787,2.53682,2.67141,2.65242,2.51287,2.2991,2.01813,1.68086,1.30142,0.89628,0.494983,0.898227,1.30292,1.68212,2.01926,2.3001,2.51374,2.65315,2.63473,2.49029,2.27177,1.98641,1.64535,1.26294,0.855854,0.453734,0.857524,1.26423,1.64649,1.98739,2.27258,2.49104,2.63541,2.61735,2.468,2.24468,1.95488,1.60995,1.22451,0.815442,0.412486,0.816961,1.22573,1.61098,1.95573,2.24548,2.46874,2.61803,2.60029,2.446,2.21785,1.92353,1.57468,1.18615,0.775047,0.371237,0.776413,1.18729,1.57559,1.92438,2.21864,2.44674,2.60096,2.58355,2.4243,2.19126,1.89238,1.53953,1.14785,0.734669,0.329988,0.735987,1.14891,1.54043,1.89323,2.19206,2.42503,2.58422,2.5687,2.40291,2.16495,1.86143,1.50452,1.10961,0.694309,0.28874,0.695588,1.11059,1.50542,1.86228,2.16573,2.40363,2.56827,2.59574,2.38183,2.1389,1.8307,1.46965,1.07144,0.653967,0.247491,0.655207,1.07238,1.47054,1.83154,2.13968,2.38255,2.59422,2.65922,2.39671,2.11314,1.80018,1.43492,1.03335,0.613646,0.206243,0.614846,1.03428,1.43581,1.80102,2.11391,2.39525,2.65662,2.75373,2.44997,2.12522,1.77635,1.40034,0.995336,0.573345,0.164994,0.574507,0.996267,1.40123,1.77609,2.12382,2.44743,2.75004,2.87399,2.53324,2.17011,1.78528,1.38064,0.961594,0.533797,0.123746,0.534189,0.961435,1.37958,1.78394,2.16763,2.52962,2.86923,3.01499,2.64117,2.2421,1.82191,1.38996,0.945997,0.503704,0.0824971,0.50262,0.944759,1.3876,1.81932,2.23855,2.63648,3.00916,3.17692,2.76876,2.33611,1.88215,1.4181,0.947487,0.481711,0.0412486,0.479263,0.944093,1.41466,1.87759,2.3315,2.763,3.17111,3.35472,2.91169,2.44747,1.95845,1.46137,0.959994,0.466406,0,0.462289,0.955543,1.45688,1.95355,2.4418,2.90597,3.34785
157,2.6887,2.55885,2.35444,2.08208,1.75222,1.37855,0.977177,0.57748,0.98909,1.39044,1.76407,2.09389,2.36619,2.57054,2.70033,2.67041,2.53572,2.32666,2.05002,1.71649,1.33996,0.936722,0.536231,0.939258,1.34189,1.7181,2.05143,2.32787,2.53682,2.67141,2.65242,2.51287,2.2991,2.01813,1.68086,1.30142,0.89628,0.494983,0.898227,1.30292,1.68212,2.01926,2.3001,2.51374,2.65315,2.63473,2.49029,2.27177,1.98641,1.64535,1.26294,0.855854,0.453734,0.857524,1.26423,1.64649,1.98739,2.27258,2.49104,2.63541,2.61735,2.468,2.24468,1.95488,1.60995,1.22451,0.815442,0.412486,0.816961,1.22573,1.61098,1.95573,2.24548,2.46874,2.61803,2.60029,2.446,2.21785,1.92353,1.57468,1.18615,0.775047,0.371237,0.776413,1.18729,1.57559,1.92438,2.21864,2.44674,2.60096,2.58355,2.4243,2.19126,1.89238,1.53953,1.14785,0.734669,0.329988,0.735987,1.14891,1.54043,1.89323,2.19206,2.42503,2.58422,2.5687,2.40291,2.16495,1.86143,1.50452,1.10961,0.694309,0.28874,0.695588,1.11059,1.50542,1.86228,2.16573,2.40363,2.56827,2.59574,2.38183,2.1389,1.8307,1.46965,1.07144,0.653967,0.247491,0.655207,1.07238,1.47054,1.83154,2.13968,2.38255,2.59422,2.65922,2.39671,2.11314,1.80018,1.43492,1.03335,0.613646,0.206243,0.614846,1.03428,1.43581,1.80102,2.11391,2.39525,2.65662,2.75373,2.44997,2.12522,1.77635,1.40034,0.995336,0.573345,0.164994,0.574507,0.996267,1.40123,1.77609,2.12382,2.44743,2.75004,2.87399,2.53324,2.17011,1.78528,1.38064,0.961594,0.533797,0.123746,0.534189,0.961435,1.37958,1.78394,2.16763,2.52962,2.86923,3.01499,2.64117,2.2421,1.82191,1.38996,0.945997,0.503704,0.0824971,0.50262,0.944759,1.3876,1.81932,2.23855,2.63648,3.00916,3.17692,2.76876,2.33611,1.88215,1.4181,0.947487,0.481711,0.0412486,0.479263,0.944093,1.41466,1.87759,2.3315,2.763,3.17111,3.35472,2.91169,2.44747,1.95845,1.46137,0.959994,0.466406,0,0.462289,0.955543,1.45688,1.95355,2.4418,2.90597,3.34785
158,2.6886,2.55875,2.35434,2.08198,1.75212,1.37845,0.977075,0.577487,0.989096,1.39045,1.76408,2.09389,2.3662,2.57054,2.70033,2.67031,2.53562,2.32655,2.04992,1.71638,1.33986,0.93662,0.536238,0.939191,1.34181,1.71801,2.05135,2.32778,2.53673,2.67132,2.65231,2.51277,2.29899,2.01802,1.68076,1.30132,0.896178,0.494989,0.898149,1.30284,1.68203,2.01917,2.30001,2.51365,2.65306,2.63463,2.49019,2.27167,1.98631,1.64524,1.26284,0.855751,0.45374,0.857441,1.26414,1.6464,1.9873,2.27249,2.49094,2.63531,2.61725,2.4679,2.24458,1.95477,1.60985,1.22441,0.81534,0.41249,0.816878,1.22564,1.61089,1.95563,2.24539,2.46864,2.61793,2.60018,2.4459,2.21774,1.92343,1.57457,1.18604,0.774945,0.371241,0.77633,1.1872,1.5755,1.92428,2.21854,2.44664,2.60086,2.58344,2.4242,2.19116,1.89228,1.53943,1.14774,0.734566,0.329992,0.735898,1.14882,1.54034,1.89313,2.19196,2.42493,2.58412,2.5686,2.4028,2.16484,1.86133,1.50442,1.10951,0.694206,0.288743,0.695499,1.1105,1.50532,1.86218,2.16563,2.40353,2.56817,2.59565,2.38172,2.13879,1.83059,1.46954,1.07134,0.653865,0.247494,0.655118,1.07228,1.47044,1.83144,2.13958,2.38245,2.59411,2.65913,2.39661,2.11303,1.80007,1.43481,1.03325,0.613543,0.206245,0.614758,1.03419,1.43571,1.80092,2.11381,2.39514,2.65651,2.75364,2.44988,2.12513,1.77625,1.40024,0.995232,0.573242,0.164996,0.574418,0.996171,1.40113,1.77599,2.12372,2.44732,2.74993,2.87391,2.53316,2.17002,1.78519,1.38055,0.961495,0.533699,0.123747,0.5341,0.961335,1.37948,1.78384,2.16752,2.52951,2.86911,3.01492,2.64109,2.24202,1.82183,1.38988,0.945904,0.503611,0.0824981,0.502521,0.944655,1.38749,1.81921,2.23844,2.63636,3.00904,3.17685,2.76869,2.33604,1.88208,1.41801,0.947404,0.481628,0.041249,0.47916,0.94398,1.41455,1.87747,2.33138,2.76288,3.17099,3.35466,2.91162,2.4474,1.95838,1.46129,0.959916,0.466328,0,0.462181,0.955426,1.45676,1.95343,2.44168,2.90585,3.34773
159,2.6886,2.55875,2.35434,2.08198,1.75212,1.37845,0.977075,0.577486,0.989096,1.39045,1.76408,2.09389,2.3662,2.57054,2.70033,2.67031,2.53562,2.32655,2.04992,1.71638,1.33986,0.93662,0.536237,0.939191,1.34181,1.71801,2.05135,2.32778,2.53673,2.67132,2.65232,2.51277,2.29899,2.01802,1.68076,1.30132,0.896178,0.494988,0.898149,1.30284,1.68203,2.01917,2.30001,2.51365,2.65306,2.63463,2.49019,2.27167,1.98631,1.64524,1.26284,0.855751,0.453739,0.857441,1.26414,1.6464,1.9873,2.27249,2.49094,2.63531,2.61725,2.4679,2.24458,1.95477,1.60985,1.22441,0.81534,0.41249,0.816878,1.22564,1.61089,1.95564,2.24539,2.46865,2.61793,2.60019,2.4459,2.21774,1.92343,1.57458,1.18604,0.774945,0.371241,0.776331,1.1872,1.5755,1.92429,2.21855,2.44664,2.60087,2.58345,2.4242,2.19116,1.89228,1.53943,1.14774,0.734567,0.329992,0.735899,1.14882,1.54034,1.89313,2.19196,2.42494,2.58412,2.5686,2.40281,2.16484,1.86133,1.50442,1.10951,0.694207,0.288743,0.6955,1.11051,1.50532,1.86218,2.16564,2.40354,2.56817,2.59565,2.38173,2.1388,1.8306,1.46955,1.07134,0.653865,0.247494,0.655119,1.07229,1.47045,1.83144,2.13959,2.38246,2.59412,2.65914,2.39661,2.11303,1.80008,1.43482,1.03325,0.613544,0.206245,0.614758,1.03419,1.43572,1.80092,2.11382,2.39514,2.65651,2.75364,2.44988,2.12513,1.77625,1.40024,0.995234,0.573243,0.164996,0.574419,0.996174,1.40114,1.77599,2.12372,2.44732,2.74993,2.87391,2.53316,2.17002,1.78519,1.38055,0.961497,0.5337,0.123747,0.534101,0.961336,1.37948,1.78384,2.16752,2.52951,2.86911,3.01492,2.64109,2.24202,1.82183,1.38988,0.945905,0.503612,0.082498,0.502522,0.944656,1.38749,1.81921,2.23844,2.63636,3.00904,3.17684,2.76868,2.33604,1.88208,1.41801,0.947404,0.481628,0.041249,0.47916,0.94398,1.41455,1.87747,2.33138,2.76288,3.17099,3.35465,2.91162,2.4474,1.95837,1.46129,0.959916,0.466328,0,0.462181,0.955425,1.45676,1.95343,2.44168,2.90584,3.34772
160,2.72861,2.59935,2.39561,2.12396,1.79483,1.42188,1.02118,0.610149,0.871821,1.2691,1.64254,1.97231,2.24469,2.44924,2.57935,2.59992,2.46884,2.26437,1.99365,1.6683,1.3052,0.93073,0.56829,0.831089,1.22996,1.606,1.9392,2.21564,2.42467,2.55945,2.56925,2.43276,2.22254,1.94637,1.61548,1.24598,0.861648,0.526432,0.790371,1.19088,1.56957,1.90626,2.18682,2.40037,2.53986,2.54514,2.40352,2.18841,1.90724,1.57177,1.19807,0.808305,0.484573,0.749667,1.15185,1.53326,1.8735,2.15824,2.37634,2.52056,2.5235,2.37682,2.1564,1.871,1.53131,1.15382,0.760236,0.442715,0.70898,1.11288,1.49706,1.84092,2.12989,2.3526,2.50158,2.50264,2.35108,2.12637,1.83571,1.49235,1.11122,0.714457,0.400856,0.668312,1.07397,1.46098,1.80853,2.10179,2.32916,2.48292,2.48319,2.32636,2.09661,1.80197,1.4541,1.0697,0.670072,0.358998,0.627689,1.03512,1.42503,1.77634,2.07395,2.30601,2.46457,2.46407,2.30256,2.06763,1.76842,1.41655,1.02883,0.626333,0.317139,0.587084,0.996344,1.38922,1.74435,2.04638,2.28317,2.45455,2.47503,2.27908,2.03952,1.73509,1.3797,0.988566,0.583541,0.275281,0.546498,0.957635,1.35354,1.71257,2.01907,2.26432,2.48633,2.52814,2.2791,2.01168,1.70276,1.34299,0.948373,0.54077,0.233422,0.505932,0.919,1.31802,1.68102,1.99824,2.28685,2.55447,2.61293,2.31985,2.00668,1.67077,1.30643,0.908515,0.498714,0.191564,0.465573,0.880442,1.28291,1.66255,2.01563,2.34492,2.65356,2.72375,2.39333,2.04202,1.66948,1.27655,0.869234,0.456784,0.149706,0.435271,0.855018,1.27493,1.67977,2.06549,2.43291,2.77834,2.86043,2.49203,2.10448,1.69679,1.27258,0.841553,0.415186,0.107847,0.415078,0.848967,1.28969,1.72495,2.14238,2.5455,2.92381,3.01527,2.61229,2.18901,1.74677,1.28994,0.832298,0.382591,0.0659886,0.40127,0.856778,1.32482,1.79027,2.24121,2.67768,3.08532,3.18363,2.75165,2.29145,1.81494,1.32456,0.835339,0.357653,0.0241302,0.392383,0.875561,1.37367,1.87159,2.35734,2.82493,3.2659
161,2.7287,2.59944,2.3957,2.12405,1.79493,1.42198,1.02128,0.610249,0.871614,1.26888,1.64232,1.97208,2.24447,2.44902,2.57912,2.59983,2.46875,2.26429,1.99359,1.66828,1.3052,0.930829,0.568389,0.830881,1.22974,1.60578,1.93897,2.21542,2.42444,2.55922,2.56911,2.43263,2.22242,1.94626,1.61539,1.24592,0.861655,0.52653,0.790162,1.19065,1.56934,1.90603,2.18659,2.40013,2.53962,2.54497,2.40337,2.18826,1.90712,1.57166,1.19798,0.808266,0.48467,0.749458,1.15162,1.53303,1.87327,2.158,2.3761,2.52032,2.52333,2.37665,2.15623,1.87085,1.53119,1.15371,0.760181,0.44281,0.708769,1.11265,1.49682,1.84068,2.12965,2.35236,2.50134,2.50245,2.35091,2.1262,1.83555,1.49221,1.1111,0.714385,0.40095,0.668117,1.07374,1.46074,1.80829,2.10155,2.32891,2.48267,2.483,2.32617,2.09643,1.8018,1.45396,1.06957,0.669984,0.35909,0.627493,1.03489,1.42479,1.77609,2.0737,2.30575,2.46432,2.46387,2.30236,2.06744,1.76825,1.41639,1.02869,0.626229,0.31723,0.586887,0.996108,1.38898,1.7441,2.04612,2.28291,2.4543,2.47481,2.27887,2.03932,1.73491,1.37953,0.988422,0.583436,0.275371,0.5463,0.957397,1.3533,1.71232,2.01881,2.26408,2.48609,2.52788,2.27888,2.01148,1.70257,1.34282,0.948227,0.540663,0.233511,0.505733,0.918759,1.31777,1.68076,1.99799,2.28661,2.55424,2.61264,2.3196,2.00645,1.67057,1.30625,0.908352,0.498592,0.191651,0.465388,0.880199,1.28268,1.6623,2.01539,2.34469,2.65333,2.72345,2.39304,2.04176,1.66925,1.27635,0.869069,0.45666,0.149791,0.435099,0.854803,1.2747,1.67955,2.06526,2.43269,2.77813,2.86011,2.49172,2.10421,1.69654,1.27235,0.841357,0.415047,0.107931,0.414935,0.848764,1.28948,1.72474,2.14216,2.54528,2.92361,3.01492,2.61197,2.18871,1.7465,1.28968,0.832085,0.382421,0.0660715,0.401139,0.856602,1.32464,1.79008,2.241,2.67748,3.08513,3.18327,2.75131,2.29112,1.81466,1.32428,0.83511,0.357468,0.0242117,0.392266,0.875398,1.37349,1.8714,2.35714,2.82473,3.2657
162,2.7287,2.59944,2.3957,2.12405,1.79493,1.42198,1.02128,0.610249,0.871614,1.26888,1.64232,1.97208,2.24447,2.44902,2.57912,2.59983,2.46875,2.26429,1.99359,1.66828,1.3052,0.930829,0.56839,0.830881,1.22974,1.60578,1.93897,2.21542,2.42444,2.55922,2.56911,2.43263,2.22242,1.94626,1.61539,1.24592,0.861655,0.52653,0.790162,1.19065,1.56934,1.90603,2.18659,2.40013,2.53962,2.54497,2.40337,2.18826,1.90712,1.57166,1.19798,0.808266,0.48467,0.749458,1.15162,1.53302,1.87327,2.158,2.3761,2.52032,2.52333,2.37665,2.15623,1.87085,1.53119,1.15371,0.76018,0.44281,0.708769,1.11265,1.49682,1.84068,2.12965,2.35236,2.50134,2.50245,2.35091,2.1262,1.83555,1.49221,1.1111,0.714385,0.40095,0.668116,1.07374,1.46074,1.80829,2.10155,2.32891,2.48266,2.48299,2.32617,2.09643,1.8018,1.45396,1.06957,0.669984,0.35909,0.627492,1.03489,1.42479,1.77609,2.0737,2.30575,2.46432,2.46387,2.30236,2.06744,1.76825,1.41639,1.02869,0.626228,0.317231,0.586886,0.996107,1.38898,1.7441,2.04612,2.28291,2.4543,2.47481,2.27887,2.03932,1.73491,1.37953,0.988421,0.583436,0.275371,0.546299,0.957396,1.3533,1.71232,2.01881,2.26407,2.48609,2.52788,2.27888,2.01148,1.70257,1.34282,0.948227,0.540663,0.233511,0.505732,0.918759,1.31777,1.68076,1.99799,2.28661,2.55424,2.61264,2.31959,2.00645,1.67057,1.30625,0.908352,0.498591,0.191651,0.465388,0.880199,1.28268,1.6623,2.01539,2.34468,2.65333,2.72345,2.39303,2.04176,1.66925,1.27635,0.869069,0.45666,0.149791,0.435099,0.854803,1.2747,1.67955,2.06526,2.43269,2.77813,2.86011,2.49172,2.10421,1.69654,1.27235,0.841357,0.415047,0.107931,0.414935,0.848764,1.28948,1.72474,2.14216,2.54528,2.92361,3.01492,2.61197,2.1887,1.7465,1.28968,0.832085,0.382421,0.0660716,0.401139,0.856602,1.32464,1.79008,2.241,2.67748,3.08513,3.18327,2.75131,2.29112,1.81466,1.32428,0.83511,0.357468,0.0242118,0.392266,0.875397,1.37349,1.8714,2.35714,2.82473,3.2657
163,2.7287,2.59944,2.3957,2.12406,1.79493,1.42199,1.02128,0.610257,0.871611,1.26887,1.64231,1.97208,2.24446,2.44901,2.57912,2.59983,2.46875,2.26429,1.99359,1.66828,1.30521,0.930834,0.568396,0.830878,1.22973,1.60577,1.93897,2.21541,2.42444,2.55922,2.56911,2.43263,2.22242,1.94626,1.61539,1.24593,0.86166,0.526535,0.790159,1.19065,1.56934,1.90603,2.18659,2.40013,2.53962,2.54497,2.40337,2.18827,1.90712,1.57166,1.19798,0.808271,0.484674,0.749455,1.15162,1.53302,1.87326,2.158,2.3761,2.52032,2.52333,2.37666,2.15623,1.87085,1.53119,1.15372,0.760186,0.442813,0.708766,1.11264,1.49682,1.84068,2.12965,2.35236,2.50133,2.50245,2.35091,2.12621,1.83555,1.49221,1.11111,0.71439,0.400952,0.668114,1.07373,1.46074,1.80829,2.10155,2.32891,2.48266,2.483,2.32617,2.09644,1.8018,1.45396,1.06958,0.669989,0.359092,0.62749,1.03489,1.42479,1.77609,2.0737,2.30575,2.46432,2.46387,2.30237,2.06744,1.76826,1.41639,1.02869,0.626234,0.317231,0.586884,0.996104,1.38897,1.7441,2.04612,2.28291,2.4543,2.47481,2.27888,2.03932,1.73492,1.37954,0.988428,0.583442,0.27537,0.546298,0.957394,1.3533,1.71232,2.01881,2.26407,2.48609,2.52789,2.27889,2.01149,1.70257,1.34282,0.948233,0.540669,0.233509,0.505731,0.918757,1.31776,1.68076,1.99799,2.28661,2.55424,2.61264,2.3196,2.00645,1.67058,1.30626,0.908358,0.498598,0.191648,0.465386,0.880197,1.28267,1.6623,2.01539,2.34468,2.65333,2.72346,2.39304,2.04177,1.66925,1.27636,0.869076,0.456666,0.149787,0.435096,0.8548,1.2747,1.67955,2.06526,2.43269,2.77812,2.86012,2.49173,2.10422,1.69655,1.27236,0.841365,0.415053,0.107927,0.414931,0.84876,1.28948,1.72474,2.14215,2.54528,2.9236,3.01493,2.61198,2.18872,1.74651,1.28969,0.832094,0.382429,0.0660658,0.401135,0.856597,1.32463,1.79007,2.241,2.67748,3.08512,3.18328,2.75133,2.29113,1.81467,1.3243,0.83512,0.357477,0.024205,0.39226,0.875392,1.37348,1.87139,2.35713,2.82473,3.2657
164,2.72232,2.59293,2.38903,2.11722,1.78792,1.4148,1.01393,0.60275,0.899287,1.29848,1.67198,2.00177,2.27415,2.47867,2.60871,2.6161,2.48395,2.278,2.00538,1.67752,1.30992,0.925968,0.561045,0.858614,1.25946,1.63562,1.96889,2.24537,2.4544,2.58915,2.58961,2.4522,2.24073,1.9632,1.63033,1.25756,0.866464,0.519341,0.817954,1.22049,1.59936,1.93617,2.21682,2.43041,2.5699,2.56759,2.42507,2.20861,1.92652,1.58933,1.21282,0.817504,0.477637,0.77731,1.18158,1.56321,1.90364,2.18851,2.4067,2.55095,2.54695,2.39936,2.17862,1.89153,1.55049,1.17045,0.771818,0.435933,0.736681,1.14273,1.52719,1.87128,2.16043,2.38327,2.53232,2.52754,2.37506,2.14891,1.85782,1.51235,1.12906,0.727854,0.394229,0.696068,1.10393,1.49128,1.83912,2.1326,2.36013,2.51399,2.50845,2.35128,2.12054,1.82431,1.4754,1.08879,0.684828,0.352524,0.655473,1.0652,1.4555,1.80715,2.10503,2.33729,2.49599,2.48969,2.32781,2.09244,1.79173,1.4386,1.04859,0.642102,0.31082,0.614895,1.02654,1.41986,1.77538,2.07772,2.31476,2.48465,2.50492,2.30465,2.06461,1.75953,1.40193,1.00892,0.600184,0.269116,0.574336,0.987947,1.38436,1.74382,2.05069,2.29456,2.51512,2.56097,2.30716,2.03706,1.72755,1.36593,0.969608,0.558286,0.227412,0.533798,0.949427,1.349,1.71249,2.02845,2.31574,2.58198,2.64804,2.35225,2.03574,1.69641,1.33023,0.930376,0.516554,0.185708,0.49328,0.910984,1.31379,1.69258,2.04447,2.3725,2.6798,2.76087,2.42827,2.07358,1.69806,1.30272,0.891226,0.47527,0.144003,0.459852,0.882343,1.30293,1.70672,2.09298,2.4592,2.80334,2.89794,2.52897,2.13855,1.72726,1.30058,0.866984,0.43597,0.102299,0.436372,0.874777,1.31625,1.75052,2.16854,2.57051,2.94757,3.05481,2.64955,2.22555,1.77944,1.32142,0.85984,0.405489,0.0605951,0.420977,0.880606,1.34832,1.81447,2.26606,2.70143,3.10794,3.22521,2.7909,2.32992,1.84994,1.35786,0.86509,0.382243,0.0188909,0.410519,0.897225,1.39571,1.89443,2.38089,2.84742,3.2889
165,2.70148,2.52956,2.28605,1.97962,1.62248,1.22967,0.651105,0.757213,1.15946,1.54558,1.89415,2.18942,2.41978,2.57733,2.65821,2.55073,2.38126,2.14209,1.84272,1.49634,1.122,0.753639,0.710575,1.10599,1.48679,1.83146,2.12419,2.35331,2.5108,2.59266,2.4768,2.30678,2.06844,1.77045,1.42629,1.05355,0.68915,0.663945,1.05257,1.42811,1.76895,2.05923,2.28718,2.44464,2.5275,2.40752,2.23735,2.00001,1.70395,1.36299,0.994209,0.630639,0.617322,0.999195,1.36955,1.70665,1.99455,2.22139,2.37887,2.46276,2.33965,2.16997,1.93342,1.63982,1.30219,0.937717,0.577417,0.570707,0.945876,1.31112,1.64456,1.93017,2.15596,2.31351,2.39843,2.27344,2.10317,1.86796,1.5765,1.24253,0.882709,0.52666,0.5241,0.892612,1.25282,1.58269,1.86609,2.0909,2.24856,2.34756,2.20774,2.03767,1.80292,1.51408,1.18338,0.828532,0.477386,0.477502,0.839407,1.19466,1.52106,1.80234,2.02623,2.19737,2.35733,2.18456,1.97255,1.73901,1.45189,1.12484,0.774665,0.428915,0.430914,0.786266,1.13665,1.45967,1.73891,1.98215,2.2072,2.42448,2.22291,1.96264,1.68672,1.39023,1.06681,0.721344,0.381188,0.389667,0.733192,1.07984,1.40927,1.71688,2.0051,2.27815,2.53881,2.30669,2.00218,1.687,1.35729,1.01548,0.668332,0.333816,0.360324,0.701545,1.05749,1.40946,1.74806,2.07494,2.38965,2.68857,2.42782,2.08669,1.73199,1.36574,0.996429,0.629218,0.286749,0.337893,0.692447,1.06895,1.44631,1.82109,2.18187,2.5345,2.867,2.57912,2.20095,1.80735,1.40644,1.00359,0.607019,0.241084,0.319898,0.698511,1.10226,1.51334,1.92164,2.31882,2.70595,3.06778,2.75392,2.33835,1.90709,1.4688,1.02874,0.598795,0.200246,0.304945,0.714611,1.1525,1.5991,2.04391,2.47698,2.89779,3.29226,2.94615,2.49319,2.02588,1.54709,1.06775,0.599319,0.163099,0.292051,0.737859,1.21388,1.69919,2.1827,2.65394,3.10449,3.53108,3.15044,2.66548,2.15847,1.63723,1.11727,0.606247,0.129055,0.280489,0.766405,1.28347,1.8098,2.33347,2.84334,3.3283,3.77838
166,2.59792,2.43721,2.20552,1.9109,1.56494,1.18212,0.778878,0.597142,1.19655,1.57952,1.92574,2.22071,2.45281,2.61394,2.7,2.51584,2.35691,2.1285,1.83874,1.49926,1.12451,0.73086,0.738578,1.13165,1.50637,1.84598,2.13606,2.36485,2.52417,2.60981,2.43419,2.27699,2.05179,1.7668,1.4337,1.06695,0.682846,0.689642,1.07337,1.44018,1.77348,2.05876,2.28435,2.44198,2.5273,2.35298,2.19747,1.9754,1.69508,1.36826,1.00943,0.634839,0.640991,1.01535,1.37422,1.70123,1.98192,2.20441,2.36038,2.44537,2.27223,2.11835,1.89933,1.62359,1.30296,0.951975,0.586838,0.59246,0.957399,1.30843,1.62933,1.90544,2.12489,2.27924,2.36391,2.19196,2.03965,1.82361,1.55235,1.23781,0.894573,0.538843,0.543936,0.899508,1.24286,1.55768,1.82931,2.04579,2.19857,2.31106,2.15268,1.9614,1.74825,1.48138,1.17281,0.837233,0.490856,0.495496,0.841712,1.17745,1.48629,1.75355,1.96714,2.15797,2.3407,2.19003,1.94617,1.68838,1.41068,1.10798,0.779958,0.442876,0.447065,0.784021,1.1122,1.41518,1.69342,1.95137,2.19507,2.42927,2.28522,1.99746,1.69691,1.38323,1.05975,0.727703,0.395706,0.40036,0.732195,1.06496,1.38838,1.70239,2.00298,2.2905,2.5658,2.42508,2.09575,1.75496,1.40785,1.05396,0.701921,0.356726,0.363019,0.707983,1.06063,1.41421,1.76153,2.10186,2.43102,2.74214,2.59703,2.22898,1.85173,1.46433,1.07842,0.695701,0.32446,0.332724,0.703703,1.08612,1.47197,1.85931,2.23602,2.60395,2.95041,2.79391,2.38989,1.97371,1.54721,1.1213,0.702489,0.297166,0.306737,0.711814,1.13028,1.5566,1.98255,2.39812,2.80207,3.18325,3.00924,2.57184,2.115,1.64689,1.17853,0.718174,0.272807,0.283929,0.729049,1.18903,1.65782,2.12535,2.58154,3.01889,3.43394,3.24353,2.76897,2.27041,1.75873,1.24652,0.74053,0.250633,0.263521,0.753163,1.25877,1.77132,2.28248,2.78036,3.25419,3.69655,3.48958,2.97626,2.43689,1.88263,1.32219,0.767644,0.230001,0.244832,0.782216,1.33637,1.8963,2.44996,2.98953,3.50208,3.97626
167,2.47608,2.30903,2.07673,1.78751,1.45288,1.08689,0.612123,0.88756,1.26331,1.61538,1.92876,2.19056,2.39079,2.52289,2.58411,2.34745,2.18688,1.9633,1.685,1.36363,1.01318,0.651696,0.830206,1.19023,1.52843,1.83,2.08217,2.27499,2.40193,2.46015,2.23055,2.07617,1.861,1.59333,1.28469,0.948851,0.603304,0.772869,1.11723,1.44166,1.73154,1.97419,2.15971,2.28154,2.33678,2.11422,1.96607,1.7593,1.50218,1.20609,0.884889,0.555633,0.715551,1.04433,1.3551,1.63341,1.86666,2.04496,2.16174,2.21402,1.99859,1.85648,1.65801,1.41134,1.12777,0.821149,0.508216,0.658252,0.97152,1.26875,1.53563,1.7596,1.93078,2.04255,2.14103,1.92037,1.74756,1.55714,1.32079,1.04968,0.757489,0.460886,0.600975,0.89882,1.18264,1.43822,1.65303,1.83552,2.00537,2.17456,1.94862,1.72233,1.48611,1.23661,0.971758,0.693888,0.413641,0.545031,0.82746,1.10319,1.36439,1.61015,1.84471,2.07234,2.29372,2.05442,1.78109,1.50349,1.21817,0.930128,0.642564,0.366399,0.507982,0.794545,1.08511,1.37561,1.65868,1.93856,2.20964,2.46902,2.213,1.90047,1.57858,1.25647,0.934404,0.619396,0.321104,0.486765,0.797406,1.11744,1.44301,1.76724,2.08515,2.39754,2.69377,2.41175,2.05691,1.69535,1.32862,0.966989,0.613631,0.280149,0.474399,0.82223,1.18202,1.54756,1.91155,2.2732,2.62184,2.95135,2.6372,2.24219,1.83741,1.42598,1.01664,0.619039,0.241957,0.46837,0.860055,1.26522,1.67585,2.08494,2.48782,2.87397,3.2348,2.88203,2.44895,1.9984,1.53871,1.07949,0.631677,0.205661,0.46588,0.907124,1.36233,1.82206,2.27704,2.72192,3.14623,3.54062,3.14595,2.67079,2.17282,1.66243,1.15134,0.649537,0.170565,0.465914,0.960871,1.46948,1.9811,2.48518,2.97123,3.43202,3.85923,3.42085,2.9023,2.35607,1.79574,1.22984,0.670926,0.136515,0.467633,1.01915,1.5834,2.14871,2.70308,3.23494,3.73341,4.18841,3.70258,3.14422,2.5512,1.93604,1.31229,0.6949,0.103167,0.471211,1.08022,1.70196,2.32205,2.92663,3.50419,4.04249,4.531
168,2.48294,2.32377,2.102,1.82553,1.50538,1.15498,0.669596,0.791283,1.14637,1.48377,1.78518,2.03741,2.23078,2.35891,2.41907,2.28411,2.13368,1.92358,1.66242,1.36263,1.04247,0.733698,0.733893,1.07332,1.397,1.68679,1.92956,2.11568,2.23877,2.29603,2.1612,2.01607,1.81332,1.56141,1.27215,0.962553,0.678027,0.676632,1.00035,1.31042,1.58871,1.82214,2.00111,2.11923,2.1736,2.04311,1.90373,1.70883,1.46667,1.18893,0.891999,0.622358,0.619563,0.927484,1.22406,1.49098,1.71519,1.88711,2.00029,2.05181,1.92711,1.79353,1.60617,1.374,1.10804,0.82436,0.567321,0.562516,0.854719,1.13792,1.39362,1.60873,1.77368,1.89348,2.0077,1.84544,1.68437,1.50514,1.28253,1.02841,0.75839,0.514823,0.512273,0.782069,1.05203,1.29665,1.51206,1.70754,1.89179,2.07139,1.86897,1.65253,1.42853,1.19411,0.9496,0.69322,0.463825,0.49133,0.735071,0.999748,1.26058,1.50933,1.7516,1.98559,2.21139,1.97034,1.70532,1.4379,1.16656,0.893969,0.629911,0.413815,0.48651,0.73581,1.01786,1.30474,1.58836,1.87122,2.14243,2.41035,2.12083,1.81852,1.50587,1.19371,0.884992,0.589873,0.364433,0.489955,0.763318,1.07582,1.39751,1.72076,2.03885,2.35114,2.64998,2.31282,1.96855,1.61354,1.25725,0.904628,0.569808,0.315465,0.498263,0.806518,1.15752,1.52044,1.88393,2.24212,2.5912,2.92133,2.53083,2.14657,1.74808,1.34399,0.945749,0.563016,0.267,0.506637,0.858559,1.25592,1.66344,2.07077,2.46992,2.85477,3.21622,2.77055,2.34532,1.90085,1.44858,0.999342,0.56523,0.218943,0.515055,0.917103,1.3647,1.82132,2.27503,2.71553,3.13503,3.52745,3.02759,2.55848,2.06641,1.56572,1.0619,0.5738,0.173849,0.523524,0.980211,1.48062,1.98966,2.49141,2.97559,3.43236,3.85242,3.29377,2.78213,2.24608,1.69127,1.13203,0.587503,0.131059,0.53205,1.04635,1.60305,2.16482,2.71553,3.24371,3.73872,4.19082,3.57103,3.01915,2.43173,1.82252,1.20813,0.604892,0.0901705,0.540642,1.11439,1.72876,2.34451,2.94658,3.51966,4.05208,4.53346
169,2.34179,2.20093,1.99675,1.73621,1.42948,1.09051,0.738061,0.648778,1.15554,1.49664,1.80486,2.06734,2.27376,2.41698,2.49334,2.22355,2.08841,1.89217,1.64181,1.34742,1.02274,0.686256,0.721325,1.05978,1.38498,1.68005,1.93181,2.12996,2.26714,2.33979,2.10591,1.97641,1.78802,1.54771,1.26552,0.955036,0.634459,0.662289,0.986608,1.29813,1.58125,1.82323,2.01362,2.14527,2.21463,1.98888,1.86496,1.68431,1.45392,1.18381,0.887405,0.58267,0.605821,0.914906,1.21253,1.48368,1.71578,1.89864,2.02493,2.09084,1.87579,1.7541,1.58108,1.36048,1.10231,0.819853,0.530889,0.550183,0.843734,1.1274,1.38681,1.60925,1.78447,1.90526,2.01693,1.86101,1.67625,1.48082,1.26741,1.02102,0.752388,0.479118,0.494915,0.772872,1.04278,1.29046,1.50519,1.70031,1.88328,2.06024,1.94237,1.7076,1.46474,1.21287,0.953604,0.688586,0.427397,0.443419,0.709103,0.976433,1.23534,1.48773,1.72984,1.96289,2.18818,2.09274,1.8128,1.52844,1.23726,0.94763,0.659533,0.384601,0.406867,0.686608,0.974114,1.26442,1.55368,1.83729,2.11497,2.38314,2.28755,1.97091,1.64182,1.31133,0.981323,0.657562,0.351249,0.380212,0.691318,1.01394,1.34186,1.67252,1.99913,2.31444,2.62128,2.51886,2.16168,1.79113,1.41381,1.03934,0.672463,0.323397,0.359594,0.712105,1.07828,1.45238,1.82726,2.19516,2.55151,2.892,2.77359,2.37719,1.96237,1.53792,1.113,0.696749,0.298793,0.342486,0.744246,1.16016,1.58333,2.00526,2.41733,2.81232,3.18686,3.04854,2.61046,2.14948,1.67516,1.19821,0.727898,0.276502,0.328122,0.783201,1.25292,1.72855,2.20033,2.65851,3.0936,3.49839,3.33567,2.85559,2.34735,1.8231,1.29146,0.763782,0.255736,0.315638,0.826954,1.35326,1.88373,2.40715,2.91258,3.38963,3.82863,3.63003,3.11143,2.55732,1.97928,1.38988,0.802667,0.235856,0.304394,0.874752,1.46055,2.04781,2.62338,3.17471,3.69331,4.16762,3.93845,3.37613,2.77226,2.13933,1.49155,0.84456,0.21667,0.293892,0.925818,1.57237,2.21838,2.84886,3.44996,4.00926,4.51577
170,2.18537,2.0981,1.95244,1.75277,1.50656,1.22395,0.919251,0.676412,0.866017,1.17511,1.46549,1.7236,1.9382,2.10091,2.20615,2.07524,1.99158,1.8515,1.65943,1.42285,1.15185,0.860559,0.575636,0.804974,1.10122,1.3799,1.62815,1.8348,1.99144,2.09276,1.96577,1.88566,1.75107,1.56649,1.33941,1.0799,0.801909,0.53092,0.746027,1.02887,1.29577,1.53397,1.73276,1.88356,1.98086,1.8797,1.78038,1.6512,1.47399,1.25627,1.00809,0.743305,0.486205,0.687768,0.957019,1.21215,1.44061,1.63149,1.77636,1.87937,1.9073,1.73997,1.56729,1.38196,1.17344,0.93646,0.684753,0.441598,0.629791,0.885471,1.12899,1.3477,1.54017,1.7167,1.88409,2.02436,1.80671,1.58581,1.35663,1.11883,0.873929,0.628102,0.397093,0.578006,0.826649,1.07323,1.31423,1.54527,1.76966,1.98741,2.20124,1.94542,1.67932,1.41035,1.13565,0.863534,0.596015,0.352588,0.550743,0.816579,1.08918,1.36297,1.63259,1.89965,2.15578,2.42215,2.12644,1.82415,1.51159,1.19786,0.886826,0.584294,0.309096,0.539049,0.838314,1.14702,1.46066,1.77252,2.07603,2.37342,2.67321,2.34322,1.99937,1.64531,1.28613,0.929946,0.584773,0.267331,0.53644,0.879204,1.23245,1.58957,1.94334,2.2899,2.62247,2.94648,2.58136,2.19762,1.79889,1.39235,0.986481,0.591898,0.226381,0.539213,0.931231,1.33369,1.73867,2.13785,2.52604,2.89495,3.23502,2.83745,2.41245,1.96684,1.51,1.05161,0.60383,0.18602,0.546012,0.991311,1.44663,1.90263,2.34968,2.77836,3.18384,3.53966,3.10662,2.6384,2.14456,1.63545,1.12336,0.619024,0.146737,0.555662,1.05702,1.56776,2.0769,2.57337,3.04668,3.48709,3.85264,3.38253,2.87144,2.33073,1.76919,1.19952,0.636228,0.107587,0.567263,1.12638,1.69418,2.25774,2.80443,3.32261,3.80178,4.17313,3.66883,3.11534,2.5237,1.90655,1.27802,0.655587,0.068946,0.579943,1.19943,1.82672,2.44628,3.04363,3.60577,4.12128,4.50008,3.95821,3.3607,2.72007,2.04807,1.36054,0.676041,0.0303388,0.594285,1.27488,1.96212,2.63854,3.28799,3.89628,4.45123
171,2.34578,2.30422,2.20132,2.03882,1.82178,1.55832,1.25917,0.93704,0.620257,0.947351,1.26784,1.56411,1.82359,2.03574,2.19268,2.21674,2.17696,2.07769,1.92097,1.71173,1.45828,1.17146,0.864846,0.574314,0.88688,1.19442,1.47957,1.72988,1.93487,2.08664,2.10815,2.06991,1.97405,1.82263,1.62063,1.37629,1.10048,0.806513,0.536634,0.826446,1.12113,1.39529,1.63656,1.8345,1.98119,2.00369,1.96401,1.87152,1.72518,1.53033,1.29518,1.03041,0.749189,0.499933,0.766052,1.04798,1.31127,1.54365,1.73466,1.87637,1.99066,1.87904,1.76967,1.62853,1.44064,1.21445,0.960572,0.692233,0.463596,0.705703,0.974985,1.22756,1.45118,1.6354,1.77221,2.07241,1.90178,1.72765,1.54616,1.35154,1.13402,0.891104,0.635396,0.427414,0.645402,0.902154,1.14416,1.36456,1.56638,1.75505,2.22832,2.01252,1.78821,1.55824,1.32202,1.07771,0.827768,0.578677,0.391354,0.603148,0.857304,1.11164,1.35943,1.60229,1.8367,2.43375,2.17965,1.91745,1.64351,1.36707,1.08641,0.808022,0.537353,0.355327,0.588517,0.863544,1.14524,1.42797,1.70972,1.982,2.67719,2.39207,2.08945,1.77748,1.45646,1.1368,0.818936,0.513456,0.319301,0.588697,0.898782,1.21841,1.54125,1.8606,2.17626,2.94988,2.63343,2.29337,1.94144,1.57784,1.21128,0.849984,0.500392,0.283366,0.597902,0.95049,1.31438,1.68072,2.04518,2.39933,3.24381,2.89609,2.5213,2.12722,1.71829,1.30296,0.892547,0.493656,0.247444,0.612283,1.01435,1.42651,1.84102,2.2496,2.64387,3.55196,3.17532,2.76633,2.32877,1.87218,1.40686,0.943566,0.49158,0.211522,0.630423,1.08528,1.55008,2.0143,2.46807,2.90355,3.87483,3.47025,3.02255,2.54082,2.03601,1.51964,1.0004,0.492731,0.175601,0.651141,1.16175,1.68194,2.19847,2.70005,3.17601,4.20743,3.77109,3.28643,2.76332,2.20971,1.63797,1.06092,0.495948,0.139681,0.673485,1.24251,1.81901,2.38895,2.93954,3.45907,4.54726,4.08339,3.56179,2.99249,2.38712,1.76011,1.12625,0.501036,0.103762,0.69724,1.32538,1.95962,2.58437,3.18419,3.7461
172,2.44121,2.40023,2.29477,2.12653,1.90069,1.62564,1.31256,0.974729,0.622643,0.893591,1.23063,1.54298,1.81701,2.04158,2.20835,2.27863,2.24021,2.13926,1.97789,1.7612,1.49811,1.2004,0.88396,0.585697,0.833764,1.15705,1.45751,1.72163,1.93836,2.09936,2.16304,2.12607,2.0289,1.873,1.66377,1.41,1.12311,0.818403,0.544708,0.773969,1.08358,1.37226,1.62661,1.83562,1.99094,2.04947,2.01449,1.92077,1.77026,1.56875,1.32436,1.04885,0.75686,0.503719,0.71421,1.01024,1.28727,1.53198,1.73339,1.88312,2.01889,1.9171,1.81366,1.66889,1.47464,1.23984,0.975633,0.696625,0.46273,0.654489,0.937035,1.20256,1.43777,1.63169,1.77592,2.09014,1.92301,1.75258,1.57445,1.38142,1.1557,0.902962,0.637052,0.421742,0.594812,0.863986,1.11815,1.34431,1.54931,1.73971,2.23201,2.01899,1.79752,1.56824,1.33094,1.08493,0.832418,0.577715,0.380753,0.550909,0.811759,1.07315,1.32751,1.5733,1.8092,2.43231,2.17812,1.91367,1.64229,1.3626,1.08271,0.802007,0.529152,0.339764,0.534427,0.812958,1.09914,1.38579,1.67006,1.94875,2.67175,2.38148,2.0817,1.76585,1.44739,1.12496,0.807922,0.501693,0.298775,0.532783,0.843575,1.16542,1.49168,1.81586,2.13271,2.94145,2.6201,2.28287,1.92765,1.56306,1.19786,0.835283,0.486879,0.257787,0.539782,0.892199,1.25757,1.62676,1.99237,2.35119,3.23327,2.88322,2.50917,2.11239,1.70173,1.2889,0.878264,0.480862,0.216798,0.551698,0.951967,1.36578,1.78204,2.19233,2.5915,3.542,3.16586,2.75352,2.31376,1.85749,1.39368,0.930457,0.480429,0.17581,0.56718,1.01993,1.48577,1.95214,2.40935,2.84788,3.86926,3.46045,3.00986,2.52868,2.0252,1.50797,0.989129,0.483831,0.134821,0.585113,1.09362,1.61398,2.13245,2.63799,3.12006,4.20195,3.76448,3.27996,2.75506,2.20057,1.62842,1.054,0.489838,0.093833,0.604621,1.17103,1.74749,2.31926,2.87381,3.3995,4.54861,4.08083,3.55654,2.98589,2.38199,1.75626,1.12245,0.498975,0.052845,0.625067,1.2506,1.886,2.51331,3.11787,3.68673
173,2.5789,2.46319,2.27879,2.03136,1.73007,1.38713,1.01704,0.642217,0.909051,1.2756,1.61659,1.91516,2.15924,2.33984,2.4515,2.38418,2.27549,2.1006,1.86588,1.58047,1.25768,0.91593,0.594277,0.844763,1.19407,1.51988,1.80552,2.03907,2.21159,2.31763,2.2478,2.14434,1.97724,1.75255,1.47933,1.1703,0.84272,0.552828,0.780509,1.11267,1.42341,1.69626,1.9194,2.08393,2.1844,2.11413,2.01606,1.8571,1.64251,1.38176,1.08727,0.775389,0.511379,0.716292,1.0314,1.32722,1.58741,1.80026,1.95689,2.05184,1.9982,1.88959,1.73822,1.53379,1.28552,1.00563,0.710064,0.469931,0.652117,0.950276,1.23131,1.47899,1.68167,1.83049,1.95818,1.99837,1.81784,1.62959,1.42603,1.19013,0.924712,0.645647,0.428482,0.587988,0.869314,1.13571,1.37567,1.59398,1.79778,1.99362,2.10005,1.86388,1.62095,1.37,1.11228,0.847335,0.581826,0.387034,0.546562,0.819062,1.09426,1.36142,1.62389,1.87688,2.1208,2.26998,1.98972,1.70097,1.40563,1.11072,0.815461,0.529938,0.345586,0.534874,0.825673,1.12767,1.43039,1.73395,2.02887,2.31992,2.4914,2.17093,1.83626,1.49827,1.15816,0.823364,0.501394,0.304137,0.538269,0.864401,1.20526,1.55073,1.89406,2.234,2.56244,2.74963,2.38887,2.01186,1.62383,1.23813,0.854535,0.486915,0.262689,0.550179,0.921261,1.30858,1.70017,2.09054,2.47292,2.83863,3.03276,2.63462,2.21282,1.77634,1.33812,0.902639,0.481968,0.221242,0.567769,0.991163,1.42966,1.87217,2.3104,2.7358,3.13971,3.33976,2.90028,2.4321,1.94542,1.45299,0.960936,0.482986,0.179794,0.58861,1.06857,1.56335,2.05966,2.54612,3.01552,3.45799,3.6599,3.1791,2.66469,2.12878,1.57828,1.02636,0.488477,0.138347,0.611669,1.15113,1.70609,2.25858,2.7971,3.31063,3.78887,3.98831,3.47128,2.91155,2.32049,1.7106,1.09822,0.496999,0.0968998,0.636302,1.23896,1.85451,2.46444,3.05572,3.6162,4.13482,4.33217,3.77236,3.16317,2.51767,1.8503,1.17446,0.508984,0.0554531,0.662499,1.3291,2.00645,2.67589,3.32064,3.92718,4.4835
174,2.51375,2.38322,2.1919,1.94628,1.65589,1.33279,0.990791,0.779397,0.936327,1.25039,1.54259,1.79351,1.99191,2.1332,2.2108,2.25272,2.13324,1.95708,1.73182,1.46959,1.19059,0.910756,0.637524,0.868603,1.16812,1.44784,1.68862,1.87906,2.01463,2.08867,2.11405,1.99801,1.82747,1.60892,1.35418,1.08057,0.830729,0.613257,0.801167,1.08602,1.3534,1.58416,1.76676,1.89669,1.96722,1.98747,1.8765,1.71207,1.50168,1.25671,0.992989,0.751631,0.597576,0.734182,1.00411,1.25929,1.48018,1.65505,1.77941,1.84799,1.86565,1.75906,1.60157,1.3997,1.16506,0.913008,0.680596,0.581904,0.667277,0.922408,1.16554,1.3767,1.54395,1.69006,1.83175,1.81865,1.66032,1.49347,1.30067,1.07644,0.836325,0.615007,0.566241,0.62143,0.85127,1.08839,1.31215,1.52286,1.72588,1.92233,1.8788,1.66322,1.44302,1.21744,0.989256,0.761627,0.55247,0.55059,0.627322,0.852893,1.10319,1.35657,1.60464,1.85101,2.08801,2.00894,1.74938,1.48153,1.21369,0.948247,0.694843,0.491872,0.53495,0.658975,0.901614,1.18024,1.4668,1.75303,2.03541,2.31192,2.18947,1.88509,1.57749,1.26374,0.954034,0.662572,0.432769,0.519323,0.705536,0.976768,1.2913,1.61703,1.941,2.26279,2.57234,2.40619,2.06204,1.70898,1.34815,0.993419,0.653571,0.37744,0.503712,0.75558,1.06654,1.42584,1.7938,2.15939,2.51824,2.85978,2.64926,2.26447,1.8663,1.45803,1.05177,0.660339,0.331155,0.488117,0.805778,1.16582,1.57339,1.98798,2.3962,2.79283,3.16675,2.91098,2.48622,2.04264,1.58378,1.1243,0.678178,0.293118,0.472543,0.856151,1.27094,1.73022,2.19338,2.64665,3.08188,3.48689,3.18629,2.7254,2.23261,1.72162,1.20695,0.703616,0.259744,0.45699,0.906722,1.38018,1.89339,2.40876,2.90867,3.38429,3.82306,3.47794,2.97329,2.43188,1.8709,1.29686,0.734208,0.230471,0.441464,0.95752,1.49269,2.0617,2.63026,3.17654,3.69234,4.16447,3.77299,3.2303,2.6436,2.02517,1.39512,0.770628,0.204927,0.425967,1.00858,1.60784,2.2344,2.85515,3.45087,4.00872,4.51472
175,2.59464,2.47585,2.29374,2.05416,1.76619,1.44164,1.09432,0.792869,0.884996,1.20818,1.51462,1.78254,1.99837,2.15735,2.25161,2.32589,2.21778,2.05044,1.83081,1.56993,1.28575,1,0.710081,0.820432,1.12756,1.42056,1.67739,1.88436,2.03677,2.12672,2.18326,2.07864,1.9169,1.70398,1.4506,1.17335,0.905704,0.68098,0.755916,1.04709,1.32677,1.57266,1.77087,1.91681,2.00248,2.05285,1.95315,1.79735,1.59257,1.34936,1.08265,0.822978,0.651882,0.691985,0.966784,1.23329,1.46836,1.65795,1.79749,1.87894,1.92735,1.83187,1.68294,1.48661,1.25374,0.998862,0.750343,0.622785,0.62847,0.886652,1.14013,1.36454,1.54565,1.69618,1.83837,1.89588,1.73532,1.57105,1.38372,1.16141,0.918496,0.682346,0.593692,0.598677,0.818505,1.06139,1.29362,1.51006,1.71761,1.91762,1.96522,1.74872,1.52865,1.30227,1.07108,0.840285,0.617129,0.564601,0.61501,0.820645,1.07292,1.33074,1.5843,1.83484,2.07929,2.10732,1.84536,1.57471,1.30502,1.03504,0.774422,0.55378,0.535514,0.652265,0.86729,1.14566,1.43577,1.72671,2.01553,2.29763,2.29783,1.99235,1.68153,1.36315,1.04892,0.747769,0.492951,0.506431,0.689822,0.937227,1.25192,1.58085,1.91044,2.23848,2.55651,2.52544,2.18022,1.82394,1.45921,1.09806,0.748931,0.445687,0.477351,0.727479,1.02089,1.38,1.75273,2.12457,2.49149,2.84303,2.78006,2.39464,1.99347,1.58109,1.16783,0.766668,0.411073,0.448277,0.76525,1.11277,1.52072,1.94151,2.3576,2.76397,3.14959,3.05373,2.6285,2.18293,1.71989,1.25313,0.796459,0.384504,0.419208,0.80315,1.21046,1.67049,2.14144,2.60384,3.0511,3.46978,3.3409,2.88111,2.38682,1.87123,1.34976,0.83502,0.363648,0.390145,0.841197,1.31172,1.82644,2.35016,2.86204,3.35159,3.80634,3.64545,3.14257,2.60004,2.0352,1.45434,0.880114,0.347488,0.361089,0.879412,1.41638,1.9865,2.56599,3.12624,3.65802,4.14819,3.95319,3.41342,2.82658,2.20439,1.56714,0.930175,0.335613,0.332042,0.917819,1.52267,2.15097,2.78502,3.39611,3.97236,4.49886
176,2.76912,2.65856,2.48206,2.24502,1.95625,1.62744,1.27251,0.896865,0.799805,1.09743,1.4081,1.68557,1.91787,2.08934,2.19466,2.44392,2.34856,2.19241,1.98297,1.73242,1.45904,1.16681,0.866539,0.742876,1.01947,1.31468,1.58021,1.80255,1.96669,2.06698,2.27747,2.18484,2.03265,1.82798,1.58216,1.31363,1.06113,0.826342,0.688394,0.941637,1.22151,1.47528,1.68774,1.84462,1.93995,2.13549,2.04593,1.89976,1.70248,1.46508,1.20543,0.959448,0.786146,0.639868,0.863946,1.12861,1.37077,1.57346,1.72319,1.81359,2.00091,1.9155,1.77565,1.58643,1.35911,1.10995,0.872451,0.74595,0.652295,0.786407,1.03601,1.26669,1.45975,1.62116,1.77317,1.94582,1.80352,1.65568,1.47516,1.258,1.02039,0.793952,0.705755,0.67903,0.748671,0.972517,1.20706,1.43307,1.64867,1.85577,1.99801,1.79425,1.58671,1.37469,1.15957,0.934295,0.719975,0.66556,0.70582,0.78534,1.00634,1.25819,1.51509,1.77198,2.01927,2.11927,1.87038,1.61282,1.35279,1.09534,0.851275,0.648955,0.625366,0.732672,0.858743,1.09437,1.37336,1.66477,1.95712,2.24482,2.3021,2.00669,1.70065,1.39389,1.09122,0.805176,0.579819,0.585172,0.759592,0.952591,1.21203,1.52791,1.85697,2.18653,2.50716,2.52174,2.18483,1.83462,1.48017,1.12759,0.793327,0.518665,0.544978,0.786589,1.04695,1.34665,1.70371,2.0746,2.44274,2.79759,2.76897,2.3943,1.99815,1.595,1.18961,0.803429,0.475498,0.504786,0.813673,1.14159,1.49285,1.8961,2.31033,2.7187,3.1085,3.03877,2.62641,2.18391,1.73104,1.27131,0.829263,0.444022,0.464594,0.840855,1.23654,1.64624,2.09805,2.55889,3.00848,3.43349,3.32882,2.87384,2.38793,1.88217,1.36874,0.866826,0.421308,0.424403,0.868148,1.33184,1.80657,2.30721,2.81611,3.30736,3.76774,3.62863,3.13525,2.60535,2.04388,1.47613,0.913883,0.405165,0.384214,0.895568,1.42752,1.96878,2.52231,3.07909,3.61655,4.11477,3.94308,3.40907,2.82875,2.21939,1.58944,0.966252,0.394336,0.344025,0.923134,1.52364,2.13171,2.74085,3.34971,3.93017,4.46419
177,2.009,1.92399,1.79453,1.62821,1.43683,1.24153,1.04067,0.933302,0.741751,0.930557,1.14384,1.33758,1.49555,1.6116,1.67925,1.88298,1.79819,1.67037,1.50582,1.31602,1.12179,0.962202,0.814775,0.700021,0.8654,1.06799,1.25416,1.40689,1.519,1.58465,1.77323,1.69063,1.56528,1.40462,1.21907,1.0282,0.88375,0.791298,0.709404,0.800421,0.992452,1.17119,1.3188,1.43822,1.55,1.6799,1.58994,1.46778,1.31153,1.13197,0.946303,0.805714,0.767826,0.741966,0.770562,0.938174,1.11983,1.29539,1.4627,1.62532,1.67374,1.52695,1.37746,1.22339,1.04961,0.870363,0.733802,0.74436,0.774607,0.821528,0.9758,1.17027,1.37278,1.57433,1.77184,1.74041,1.5501,1.35465,1.1596,0.970043,0.798339,0.66755,0.720901,0.807336,0.909935,1.06541,1.2807,1.51043,1.74167,1.96994,1.86509,1.63213,1.39429,1.15824,0.929957,0.730659,0.604636,0.69745,0.840164,0.998852,1.18203,1.42447,1.684,1.94459,2.19956,2.02526,1.75489,1.47935,1.2006,0.930106,0.687472,0.544047,0.674008,0.873103,1.08806,1.31613,1.58859,1.88109,2.17136,2.4544,2.21324,1.90819,1.59259,1.27031,0.954974,0.667944,0.485184,0.650575,0.906167,1.17759,1.46031,1.76529,2.09315,2.4152,2.72549,2.42334,2.08145,1.72716,1.36021,0.997815,0.662896,0.430195,0.627153,0.939373,1.26748,1.60507,1.95071,2.3151,2.67049,3.00999,2.64736,2.27351,1.87647,1.46525,1.05484,0.669581,0.383362,0.603744,0.972739,1.35777,1.75047,2.14214,2.54403,2.93475,3.30265,2.88635,2.47715,2.03649,1.58211,1.12265,0.683781,0.34395,0.58035,1.00629,1.44851,1.89656,2.33946,2.77862,3.20456,3.60025,3.13402,2.68776,2.20916,1.70541,1.1968,0.703833,0.309022,0.556974,1.04005,1.53976,2.04342,2.53813,3.01773,3.47869,3.9055,3.38921,2.91063,2.38669,1.839,1.27649,0.731515,0.278927,0.533617,1.07406,1.63158,2.19111,2.73779,3.2597,3.75789,4.2126,3.65063,3.13568,2.57404,1.97473,1.36231,0.761195,0.25287,0.510285,1.10836,1.72404,2.33972,2.93849,3.5056,4.03893,4.5253
178,1.98128,1.91289,1.80112,1.65333,1.48081,1.30489,1.12842,1.00245,0.776021,0.83173,1.01766,1.20307,1.36063,1.48056,1.55364,1.85663,1.78783,1.67675,1.53016,1.35834,1.18133,1.03934,0.913301,0.795087,0.777714,0.948291,1.12462,1.27623,1.39256,1.46957,1.74762,1.6795,1.57077,1.4268,1.25846,1.08394,0.950295,0.877669,0.814202,0.766073,0.88233,1.04906,1.20342,1.34733,1.48189,1.67416,1.57896,1.47287,1.33251,1.16817,0.998641,0.866104,0.842037,0.833369,0.840037,0.901263,1.06169,1.23832,1.41732,1.59106,1.69101,1.54268,1.39269,1.24304,1.0838,0.919632,0.790555,0.806407,0.852594,0.914188,0.993291,1.15516,1.35177,1.55741,1.76087,1.7768,1.5844,1.38848,1.19347,1.0079,0.844987,0.720826,0.770777,0.871886,0.988545,1.12108,1.2904,1.51043,1.743,1.97421,1.90683,1.67507,1.43953,1.20336,0.975373,0.777877,0.654694,0.73515,0.891251,1.06313,1.24948,1.44997,1.69637,1.95532,2.21331,2.07285,1.80576,1.53152,1.25169,0.981053,0.738311,0.59133,0.699523,0.910698,1.13797,1.37834,1.62754,1.89853,2.18808,2.47189,2.26477,1.9636,1.64954,1.32642,1.01054,0.72382,0.530123,0.663899,0.93024,1.2131,1.5077,1.80807,2.11231,2.43273,2.74459,2.47548,2.13973,1.78743,1.42264,1.05998,0.724037,0.479055,0.628276,0.949888,1.28854,1.63761,1.98933,2.33577,2.68585,3.02704,2.69944,2.33458,1.94106,1.53329,1.12297,0.73608,0.438808,0.592656,0.969658,1.36434,1.76812,2.17137,2.56465,2.94589,3.31595,2.93945,2.53886,2.10606,1.65373,1.19548,0.757033,0.405105,0.557038,0.989569,1.44055,1.89929,2.35426,2.79446,3.21158,3.60922,3.18696,2.7516,2.28239,1.78205,1.27565,0.784937,0.379362,0.521424,1.00964,1.51722,2.0312,2.53805,3.02525,3.48177,3.90816,3.44313,2.97582,2.46215,1.92132,1.36377,0.818836,0.357607,0.485814,1.02991,1.5944,2.16391,2.72282,3.25708,3.75455,4.20947,3.70315,3.20408,2.65264,2.06309,1.45587,0.856538,0.338561,0.450207,1.05039,1.67218,2.29752,2.90864,3.48998,4.02837,4.51391
179,1.88929,1.82286,1.71305,1.56454,1.3873,1.1963,1.02563,0.93177,0.729236,0.81863,1.01578,1.20648,1.36939,1.49364,1.57493,1.7842,1.7189,1.61044,1.46499,1.29159,1.10393,0.934557,0.832386,0.741289,0.762116,0.947625,1.13007,1.28771,1.40792,1.5069,1.69955,1.62232,1.51618,1.37468,1.20534,1.02288,0.85686,0.790369,0.753379,0.73943,0.889831,1.06628,1.23594,1.39417,1.54691,1.70223,1.56831,1.43099,1.28838,1.12455,0.947758,0.786665,0.748351,0.765511,0.797388,0.912221,1.09454,1.28701,1.47617,1.66649,1.77611,1.59832,1.41595,1.23135,1.04869,0.876396,0.72144,0.706334,0.777689,0.864033,0.986456,1.18451,1.40124,1.61987,1.83958,1.90425,1.6866,1.46312,1.23842,1.01762,0.814348,0.658932,0.664317,0.789919,0.930865,1.08825,1.30893,1.55426,1.80275,2.04957,2.0676,1.8161,1.55598,1.29064,1.02873,0.785037,0.598705,0.622299,0.802208,0.997906,1.20748,1.45302,1.72926,2.00853,2.28328,2.25975,1.97506,1.67813,1.37028,1.06667,0.779836,0.549318,0.580282,0.814563,1.06518,1.32853,1.60928,1.92047,2.23122,2.53464,2.47297,2.15391,1.8214,1.4717,1.1251,0.790896,0.513514,0.538264,0.826994,1.13272,1.45005,1.77391,2.12114,2.46617,2.79853,2.70012,2.35242,1.97996,1.59033,1.19652,0.814603,0.487888,0.496247,0.83951,1.20055,1.57211,1.9457,2.32857,2.70936,3.07077,2.9409,2.56253,2.14895,1.72003,1.27828,0.848241,0.469034,0.454229,0.852125,1.26871,1.69474,2.11984,2.541,2.95796,3.34847,3.19181,2.77863,2.33211,1.85668,1.36887,0.888056,0.455455,0.412212,0.864854,1.33725,1.81803,2.29482,2.75847,3.21097,3.634,3.44878,3.0078,2.52,2.00144,1.46462,0.931628,0.447109,0.370194,0.877717,1.40622,1.94202,2.47069,2.97918,3.46862,3.92095,3.71442,3.23795,2.71583,2.15132,1.5676,0.982107,0.442356,0.328177,0.890736,1.47568,2.06681,2.64754,3.20296,3.72807,4.21364,3.98615,3.47854,2.91389,2.30793,1.67266,1.03469,0.43905,0.286159,0.903942,1.5457,2.19248,2.82543,3.42809,3.99125,4.50727
180,1.79324,1.72107,1.60767,1.45775,1.28085,1.09162,0.92648,0.887985,0.679318,0.827742,1.02328,1.20545,1.35736,1.47341,1.54539,1.69748,1.62685,1.51537,1.36868,1.19591,1.01085,0.8465,0.763768,0.695082,0.769588,0.955749,1.13128,1.27831,1.40013,1.51083,1.63779,1.53729,1.42857,1.2855,1.11751,0.937947,0.77713,0.729814,0.713653,0.74478,0.908427,1.08569,1.25645,1.42089,1.57785,1.66422,1.51485,1.3611,1.20579,1.04267,0.869058,0.713471,0.695861,0.732279,0.784373,0.939464,1.12957,1.32501,1.52199,1.71145,1.75653,1.56536,1.37002,1.17337,0.980088,0.802671,0.653362,0.661909,0.750964,0.855025,1.01377,1.22616,1.4479,1.67331,1.89345,1.8895,1.6668,1.43358,1.19804,0.967118,0.75383,0.595411,0.627958,0.769718,0.926663,1.11219,1.35119,1.60363,1.85773,2.10405,2.05797,1.80169,1.53092,1.25753,0.987043,0.733283,0.539292,0.594008,0.788548,0.998538,1.22366,1.49474,1.77885,2.0631,2.33667,2.24985,1.9613,1.65378,1.34137,1.02918,0.733038,0.495226,0.56006,0.807464,1.07068,1.34534,1.64874,1.96857,2.28401,2.5855,2.46161,2.13981,1.79556,1.44283,1.08698,0.745324,0.460654,0.526113,0.826478,1.14312,1.4699,1.81078,2.167,2.5159,2.84558,2.6859,2.33058,1.95185,1.5561,1.15592,0.767533,0.434193,0.492169,0.845605,1.21589,1.59502,1.97835,2.37248,2.75511,3.11293,2.91754,2.53463,2.11796,1.67913,1.23256,0.796093,0.413301,0.458226,0.864861,1.28904,1.72077,2.14981,2.58304,2.99896,3.38588,3.16282,2.74578,2.29056,1.81099,1.31702,0.830761,0.396327,0.424286,0.884265,1.36261,1.8472,2.32528,2.79664,3.24866,3.66545,3.41074,2.96363,2.47276,1.94619,1.40781,0.870577,0.383586,0.390348,0.903845,1.43667,1.97439,2.50227,3.01376,3.50082,3.94712,3.66972,3.18683,2.65738,2.09096,1.5012,0.913125,0.374019,0.356414,0.923628,1.51129,2.10242,2.68026,3.23332,3.75685,4.23335,3.92961,3.41727,2.84872,2.23673,1.60003,0.95993,0.365471,0.322485,0.943654,1.58653,2.23137,2.8593,3.45507,4.01397,4.52189
181,1.86176,1.79468,1.68789,1.54844,1.38779,1.22745,1.08486,1.01923,0.806128,0.81604,0.979898,1.1467,1.28993,1.39984,1.46601,1.7528,1.68512,1.57909,1.44036,1.28091,1.11961,1.00231,0.90994,0.826254,0.771636,0.91544,1.07429,1.21334,1.32752,1.43065,1.65477,1.58801,1.48322,1.34696,1.18949,1.03057,0.919787,0.878138,0.846434,0.829687,0.889947,1.04058,1.19751,1.35264,1.50212,1.62224,1.50854,1.39382,1.26031,1.10637,0.951058,0.840426,0.846338,0.866675,0.901953,0.958304,1.10471,1.2804,1.46146,1.64352,1.66656,1.5061,1.34325,1.18234,1.02799,0.87707,0.769112,0.81454,0.886983,0.974421,1.07769,1.22237,1.41759,1.62411,1.8308,1.76227,1.5632,1.36045,1.15786,0.96558,0.806834,0.702458,0.782745,0.907367,1.04711,1.20128,1.3711,1.58778,1.82006,2.05219,1.89809,1.66599,1.42238,1.17961,0.947589,0.747416,0.639289,0.750953,0.927835,1.12005,1.32532,1.54013,1.7779,2.0359,2.29337,2.06427,1.79717,1.51639,1.23276,0.958037,0.715821,0.578548,0.719164,0.9484,1.19327,1.44982,1.71298,1.98079,2.26594,2.54921,2.25136,1.95184,1.63334,1.30797,0.989844,0.701879,0.519294,0.687379,0.969072,1.26679,1.57486,1.88652,2.1948,2.50701,2.81546,2.45658,2.12271,1.76732,1.39991,1.03702,0.70175,0.468755,0.655599,0.989868,1.34066,1.70046,2.06081,2.41329,2.75489,3.08892,2.67215,2.30641,1.91463,1.50573,1.0954,0.71089,0.426574,0.623823,1.01081,1.41492,1.8267,2.2359,2.63266,3.00823,3.36747,2.8988,2.5025,2.06974,1.62016,1.16332,0.728029,0.39228,0.592053,1.03191,1.48962,1.95364,2.41186,2.85297,3.26695,3.65194,3.13593,2.70211,2.23728,1.73915,1.23642,0.751832,0.362497,0.560291,1.0532,1.56481,2.08134,2.58874,3.07427,3.52686,3.93893,3.37775,2.91549,2.4067,1.8696,1.31723,0.780682,0.336886,0.528536,1.07471,1.64057,2.20989,2.76662,3.29659,3.78776,4.23,3.62547,3.13036,2.58605,2.00161,1.40193,0.812036,0.315839,0.496791,1.09648,1.71698,2.33937,2.94556,3.52,4.04967,4.52386
182,1.9503,1.89432,1.79441,1.65624,1.4905,1.31431,1.15327,1.01659,0.835611,0.784967,0.951854,1.13433,1.29715,1.42583,1.50967,1.83307,1.77721,1.67814,1.54176,1.37714,1.20186,1.05119,0.942841,0.840631,0.752016,0.886948,1.06045,1.2167,1.34068,1.43747,1.72924,1.67304,1.57525,1.44147,1.2812,1.10881,0.958026,0.893512,0.845681,0.811623,0.848333,1.00507,1.16804,1.3258,1.47631,1.70283,1.59223,1.47976,1.34902,1.19287,1.02509,0.877693,0.844183,0.850764,0.871498,0.910077,1.05068,1.22885,1.41461,1.59915,1.75908,1.59679,1.4338,1.26976,1.1095,0.946949,0.803877,0.794856,0.855883,0.931523,1.02353,1.15811,1.35493,1.56567,1.77897,1.86655,1.66785,1.4606,1.25317,1.05169,0.872448,0.734811,0.745528,0.861043,0.991716,1.13774,1.29984,1.51759,1.75413,1.99378,2.02032,1.78398,1.53656,1.28652,1.04326,0.823346,0.668998,0.696202,0.866249,1.0521,1.25232,1.46406,1.70217,1.96802,2.2352,2.20318,1.93289,1.6466,1.35685,1.07044,0.804195,0.607532,0.646876,0.871506,1.11268,1.3673,1.63083,1.902,2.19697,2.49233,2.40702,2.10696,1.78138,1.45189,1.12049,0.807095,0.561326,0.597551,0.876823,1.17351,1.48274,1.79823,2.11315,2.43734,2.76076,2.6315,2.29828,1.93739,1.56364,1.18648,0.825462,0.528509,0.548227,0.882207,1.2346,1.59868,1.96633,2.32914,2.68537,3.0371,2.87055,2.50099,2.1073,1.68712,1.26438,0.85367,0.504716,0.498904,0.887669,1.29598,1.71517,2.13518,2.54599,2.93896,3.32047,3.11657,2.72018,2.28548,1.82505,1.35239,0.891126,0.489403,0.449583,0.89322,1.35771,1.83227,2.30484,2.76377,3.19852,3.60852,3.37715,2.94501,2.47381,1.9697,1.45045,0.93671,0.478691,0.400262,0.898877,1.41982,1.95005,2.47538,2.98251,3.4597,3.89956,3.63966,3.18055,2.66807,2.1216,1.55136,0.985241,0.473283,0.350944,0.904656,1.48238,2.06859,2.64688,3.20228,3.7219,4.19502,3.91184,3.41708,2.87035,2.27829,1.66033,1.04127,0.472512,0.301628,0.910582,1.54545,2.18797,2.8194,3.42313,3.98513,4.49372
183,1.76591,1.71607,1.63083,1.51629,1.3834,1.25364,1.15078,1.11873,0.955275,0.873519,0.863108,0.987387,1.1123,1.21439,1.30662,1.66468,1.61351,1.52713,1.41227,1.27851,1.14659,1.06082,1.00721,0.961455,0.928775,0.913265,0.971046,1.09757,1.23206,1.3658,1.59215,1.52181,1.43521,1.32056,1.18866,1.056,0.970893,0.964572,0.967676,0.984176,1.01682,1.0671,1.1879,1.33984,1.5005,1.59865,1.47798,1.3562,1.23695,1.10647,0.975605,0.889091,0.921934,0.973941,1.03974,1.12069,1.21691,1.33463,1.50178,1.68295,1.66228,1.50123,1.33753,1.17583,1.02938,0.900751,0.814502,0.879297,0.980256,1.09548,1.2249,1.36721,1.52013,1.69576,1.89581,1.77155,1.57523,1.37101,1.17005,0.981432,0.82955,0.745319,0.836659,0.986628,1.15142,1.32949,1.51806,1.71352,1.91198,2.12945,1.91249,1.68149,1.44112,1.20089,0.971082,0.777478,0.680134,0.794022,0.993062,1.20758,1.43449,1.66949,1.90762,2.14367,2.37712,2.07569,1.81563,1.53815,1.25908,0.987035,0.749997,0.61768,0.751385,0.999568,1.26398,1.53995,1.82156,2.10246,2.37635,2.63716,2.25588,1.96838,1.65559,1.33731,1.02292,0.739883,0.559021,0.708747,1.00616,1.32067,1.64591,1.9743,2.29809,2.60986,2.90275,2.45626,2.13405,1.78986,1.4285,1.07111,0.742154,0.512659,0.66611,1.01284,1.37767,1.75242,2.12779,2.49456,2.84424,3.16917,2.66506,2.31274,1.93384,1.53345,1.13118,0.75538,0.474518,0.623473,1.01963,1.43502,1.85955,2.28207,2.69192,3.07951,3.43644,2.88241,2.50326,2.08522,1.64705,1.20112,0.774629,0.443943,0.580836,1.02654,1.49278,1.96736,2.43721,2.89021,3.31572,3.70458,3.10797,2.69826,2.24742,1.76752,1.27511,0.802443,0.42006,0.538199,1.03361,1.55101,2.07591,2.59328,3.0895,3.5529,3.97362,3.33976,2.90237,2.41432,1.89502,1.35832,0.834871,0.400775,0.495562,1.04084,1.60976,2.1853,2.75034,3.28983,3.79108,4.24357,3.57544,3.11044,2.58882,2.02685,1.44258,0.87267,0.385038,0.452925,1.04829,1.66911,2.29561,2.90849,3.49125,4.03029,4.51444
184,1.76228,1.70701,1.61708,1.49928,1.36587,1.24069,1.13582,1.11579,0.933823,0.850212,0.876569,1.00361,1.12616,1.2224,1.30833,1.65848,1.60229,1.51145,1.39297,1.25862,1.13004,1.05248,0.995226,0.946607,0.91178,0.89476,0.976284,1.10426,1.23561,1.36484,1.57631,1.50962,1.41848,1.3007,1.16658,1.03795,0.969165,0.959293,0.959443,0.973513,1.00417,1.05862,1.18789,1.33903,1.49785,1.56618,1.44978,1.3332,1.21632,1.08386,0.956146,0.886398,0.923361,0.972337,1.03543,1.11391,1.20784,1.33147,1.49957,1.67888,1.61996,1.46024,1.30148,1.14711,1.00608,0.880751,0.8106,0.887431,0.985296,1.09754,1.22402,1.36338,1.51333,1.6931,1.89066,1.71705,1.52495,1.32547,1.12904,0.94813,0.80984,0.740334,0.851502,0.998327,1.15988,1.33453,1.51948,1.71115,1.90803,2.12503,1.85069,1.62305,1.38695,1.15094,0.92962,0.748829,0.674287,0.815576,1.01144,1.22246,1.44548,1.67619,1.90968,2.14086,2.37239,2.00677,1.7489,1.47547,1.19853,0.93608,0.711216,0.611267,0.779651,1.02464,1.28532,1.55691,1.83354,2.10897,2.37703,2.63194,2.18193,1.89398,1.58419,1.26849,0.961996,0.692809,0.550203,0.743728,1.03795,1.34849,1.66888,1.9916,2.30906,2.61404,2.89982,2.37568,2.05215,1.71029,1.35431,1.00382,0.686917,0.494571,0.707809,1.05138,1.41201,1.78142,2.15041,2.51,2.85191,3.1687,2.57754,2.22524,1.8462,1.45072,1.05582,0.690295,0.447698,0.671892,1.06495,1.47593,1.89461,2.31003,2.71183,3.09068,3.43842,2.79077,2.40814,1.99224,1.55445,1.11521,0.70428,0.408296,0.635979,1.07868,1.54029,2.0085,2.47053,2.91459,3.33037,3.70901,3.00956,2.59817,2.14593,1.66898,1.18335,0.722852,0.37459,0.60007,1.0926,1.60515,2.12318,2.63197,3.11835,3.57103,3.98047,3.237,2.79475,2.30635,1.78771,1.25724,0.745742,0.347357,0.564167,1.10673,1.67059,2.23872,2.79442,3.32315,3.81267,4.25284,3.46634,2.99763,2.47264,1.91323,1.33516,0.775404,0.322193,0.52827,1.12113,1.73669,2.3552,2.95795,3.52904,4.05533,4.52611
185,1.71925,1.66603,1.57762,1.46049,1.32439,1.1901,1.09205,1.09647,0.922086,0.853697,0.858085,0.986259,1.11125,1.21959,1.3189,1.6233,1.56978,1.48122,1.36371,1.22772,1.09196,1.00379,0.962267,0.929219,0.909462,0.906669,0.982457,1.11579,1.25444,1.39402,1.57409,1.48451,1.39385,1.27721,1.14207,1.00756,0.917362,0.920982,0.936396,0.965379,1.01026,1.07532,1.21013,1.3703,1.53501,1.59839,1.46298,1.32796,1.19666,1.06327,0.930543,0.839563,0.879696,0.943621,1.02146,1.11417,1.22143,1.35624,1.53239,1.72004,1.67867,1.50658,1.32924,1.15498,0.99321,0.85884,0.768794,0.838411,0.9509,1.07773,1.21843,1.37126,1.53362,1.7251,1.93227,1.79821,1.58844,1.37693,1.16369,0.960615,0.792997,0.70234,0.797125,0.958239,1.13421,1.32307,1.52164,1.72599,1.93587,2.16371,1.94593,1.70621,1.45797,1.20487,0.962331,0.751399,0.63897,0.75584,0.965647,1.19092,1.42814,1.67262,1.91906,2.16206,2.40704,2.11577,1.84514,1.56195,1.27125,0.986631,0.731337,0.578247,0.714555,0.973132,1.24788,1.53368,1.82423,2.11289,2.39314,2.66005,2.30326,2.00282,1.68439,1.35446,1.02739,0.726496,0.525611,0.673271,0.980706,1.30514,1.63973,1.97653,2.3075,2.62506,2.92221,2.5017,2.17483,1.81846,1.44984,1.07987,0.734292,0.48298,0.631986,0.988381,1.36272,1.74635,2.12958,2.50296,2.85783,3.18645,2.71511,2.35527,1.96677,1.55546,1.14281,0.751209,0.44985,0.590702,0.996174,1.42067,1.8536,2.28343,2.69931,3.0915,3.45154,2.9312,2.54725,2.12081,1.67313,1.21437,0.774182,0.422233,0.549418,1.0041,1.47905,1.96154,2.43816,2.89659,3.3261,3.71749,3.1604,2.74301,2.28464,1.7938,1.29157,0.802479,0.399507,0.508135,1.01219,1.53791,2.07024,2.59381,3.09487,3.56165,3.98432,3.39197,2.94792,2.45208,1.9226,1.37315,0.837944,0.382613,0.466852,1.02047,1.59732,2.1798,2.75048,3.29418,3.7982,4.25205,3.63133,3.15382,2.62734,2.05242,1.46095,0.874177,0.367938,0.42557,1.02898,1.65737,2.2903,2.90822,3.49458,4.03577,4.52069
186,1.68862,1.63698,1.55048,1.43488,1.30156,1.16895,1.07594,1.10073,0.930151,0.873682,0.859831,0.97642,1.10255,1.21822,1.32655,1.59792,1.54532,1.45806,1.3428,1.209,1.07569,0.987726,0.957473,0.935854,0.92733,0.935214,0.999497,1.1312,1.27355,1.41599,1.56853,1.4721,1.37411,1.25941,1.12707,0.993673,0.903313,0.915484,0.941598,0.981128,1.03605,1.10712,1.23801,1.39812,1.56627,1.60951,1.46763,1.32508,1.18394,1.05075,0.919304,0.828521,0.873495,0.94739,1.03509,1.13721,1.25313,1.38865,1.56597,1.75401,1.69682,1.51824,1.33586,1.15569,0.987327,0.849289,0.759369,0.831506,0.953234,1.08924,1.23872,1.39965,1.56912,1.75951,1.96874,1.82124,1.61111,1.39392,1.17447,0.965817,0.789363,0.694491,0.789517,0.959138,1.1436,1.34062,1.54671,1.75768,1.97006,2.19858,1.97274,1.73318,1.47917,1.2209,0.972033,0.754016,0.632652,0.747529,0.965108,1.19818,1.44294,1.69437,1.94694,2.19504,2.43996,2.14604,1.87495,1.58721,1.29096,1.00083,0.739771,0.572749,0.70554,0.971155,1.25303,1.54573,1.84267,2.13696,2.4219,2.69155,2.33548,2.0311,1.71223,1.37716,1.04479,0.738881,0.524641,0.663552,0.977289,1.30816,1.64904,1.99166,2.32776,2.64958,2.95003,2.5341,2.20553,1.84807,1.47537,1.10068,0.748989,0.485733,0.621563,0.983522,1.36362,1.75291,2.1414,2.51941,2.87813,3.20971,2.74613,2.38716,1.99523,1.58313,1.16593,0.766663,0.45498,0.579575,0.989872,1.41946,1.85742,2.29195,2.71195,3.10756,3.47022,2.96263,2.57714,2.15107,1.69996,1.23725,0.79283,0.430253,0.537586,0.996357,1.47572,1.96262,2.44337,2.90543,3.33792,3.73159,3.18968,2.7734,2.31341,1.82202,1.31633,0.823156,0.410914,0.495598,1.003,1.53246,2.06859,2.59572,3.09989,3.56924,3.99384,3.4186,2.97615,2.48154,1.94988,1.39792,0.859037,0.394533,0.45361,1.00983,1.58976,2.17542,2.74909,3.2954,3.80154,4.25698,3.65755,3.17991,2.65518,2.08071,1.48755,0.896968,0.382509,0.411623,1.01689,1.64769,2.2832,2.90354,3.492,4.03487,4.52103
187,1.65109,1.59486,1.50652,1.393,1.26489,1.14516,1.06782,1.11461,0.939307,0.892576,0.876477,0.980483,1.10044,1.21507,1.3263,1.56204,1.50507,1.41624,1.30168,1.17331,1.05128,0.988788,0.965585,0.951883,0.951664,0.967753,1.025,1.15001,1.28951,1.43233,1.5266,1.43014,1.33409,1.21995,1.09186,0.96954,0.909782,0.931722,0.964515,1.01093,1.07247,1.14947,1.27055,1.42667,1.59137,1.55794,1.419,1.27896,1.14348,1.01692,0.895644,0.833272,0.897861,0.977212,1.07038,1.17754,1.29767,1.43047,1.6014,1.78514,1.63769,1.46257,1.28391,1.10966,0.951023,0.826318,0.762962,0.864002,0.989981,1.13005,1.28298,1.44641,1.6172,1.79939,2.00067,1.75266,1.5442,1.33099,1.11856,0.918445,0.761105,0.697642,0.830146,1.00283,1.18996,1.38885,1.59572,1.8062,2.01565,2.2324,1.89452,1.65501,1.40741,1.15631,0.91784,0.718411,0.635826,0.796292,1.01577,1.25013,1.49518,1.74565,1.99591,2.24034,2.47562,2.05589,1.78622,1.50365,1.21479,0.935099,0.692425,0.57672,0.762442,1.02881,1.31061,1.60201,1.89624,2.18639,2.46581,2.7283,2.23281,1.93407,1.61641,1.29014,0.968862,0.681739,0.519254,0.728595,1.04197,1.37141,1.70939,2.04756,2.37767,2.69211,2.98397,2.42019,2.09411,1.7408,1.37618,1.01292,0.680771,0.469429,0.694753,1.05527,1.43259,1.81739,2.19964,2.5698,2.91927,3.24045,2.62175,2.26257,1.87793,1.47042,1.06413,0.68855,0.427772,0.660915,1.06872,1.49419,1.92605,2.35256,2.76283,3.14731,3.49775,2.82528,2.44248,2.01925,1.57648,1.12678,0.701725,0.391995,0.627084,1.08236,1.55627,2.03546,2.50636,2.9568,3.37627,3.7559,3.04109,2.62508,2.16995,1.68496,1.19257,0.721684,0.360494,0.59326,1.09621,1.6189,2.14568,2.66113,3.15176,3.60617,4.0149,3.25817,2.81713,2.32397,1.80273,1.26486,0.74483,0.334368,0.559444,1.11031,1.68215,2.25679,2.81692,3.34775,3.83705,4.27477,3.48304,3.01017,2.48675,1.92153,1.33863,0.773692,0.311014,0.525639,1.12471,1.74611,2.36889,2.9738,3.54482,4.06892,4.53553
188,1.49056,1.4455,1.37222,1.27335,1.15994,1.04813,0.983669,1.10717,0.95826,0.961463,0.979344,1.01354,1.08291,1.20469,1.33912,1.4684,1.37957,1.29231,1.19334,1.07957,0.967616,0.899255,0.922308,0.957575,1.00523,1.0668,1.1427,1.23229,1.35318,1.50355,1.50761,1.37912,1.24832,1.12137,1.0059,0.894255,0.823761,0.877666,0.956929,1.04914,1.15456,1.2723,1.40056,1.53682,1.69804,1.58946,1.42495,1.25885,1.09418,0.944425,0.82583,0.754965,0.833024,0.956325,1.09322,1.24265,1.40239,1.56942,1.74023,1.91289,1.70241,1.51059,1.30956,1.10895,0.918861,0.76479,0.690467,0.788382,0.95577,1.13748,1.33109,1.53299,1.73892,1.94434,2.14462,1.84279,1.62018,1.3883,1.1511,0.923525,0.727896,0.628995,0.743741,0.955269,1.18195,1.41993,1.66415,1.90908,2.14917,2.37901,2.00132,1.75014,1.48636,1.21258,0.946436,0.709231,0.570825,0.6991,0.954831,1.22665,1.5092,1.79592,2.07997,2.35476,2.61414,2.17251,1.89674,1.59847,1.29139,0.985476,0.705906,0.521403,0.654459,0.954464,1.27162,1.59896,1.92835,2.25161,2.56114,2.85005,2.35526,2.05485,1.72409,1.38084,1.03544,0.713042,0.482444,0.609819,0.954179,1.31689,1.68926,2.06149,2.42406,2.76834,3.08674,2.55154,2.21863,1.86169,1.47878,1.09233,0.730112,0.451918,0.565179,0.95399,1.36249,1.78014,2.1954,2.59736,2.97641,3.32424,2.75018,2.39662,2.00297,1.58662,1.16057,0.752135,0.427531,0.52054,0.953913,1.40848,1.87169,2.33014,2.77156,3.18536,3.56256,2.96003,2.57578,2.15409,1.69877,1.23251,0.779567,0.406769,0.475901,0.953969,1.45492,1.96397,2.46578,2.94672,3.39524,3.80174,3.17176,2.76575,2.30684,1.81965,1.31125,0.813081,0.393356,0.431263,0.954182,1.50188,2.05706,2.60239,3.12287,3.60607,4.04177,3.38769,2.95663,2.46991,1.94234,1.39119,0.85027,0.381593,0.386626,0.954586,1.54943,2.15105,2.74004,3.30008,3.81788,4.28269,3.61204,3.15121,2.63462,2.06936,1.47843,0.890502,0.373608,0.34199,0.955222,1.59767,2.24605,2.87881,3.47838,4.0307,4.52449
189,1.67618,1.61827,1.53008,1.41984,1.30239,1.20566,1.12359,1.16435,0.974124,0.918073,0.892203,0.984753,1.0916,1.19449,1.29656,1.57927,1.51896,1.42927,1.31783,1.1977,1.09663,1.05249,1.01825,0.994024,0.983862,0.990659,1.02979,1.14083,1.26916,1.40211,1.50363,1.43213,1.3417,1.22897,1.10838,1.00443,0.981396,0.992124,1.014,1.04985,1.10128,1.16872,1.26726,1.40932,1.56245,1.49625,1.37722,1.26086,1.1483,1.02817,0.9237,0.910323,0.966005,1.03406,1.11606,1.21227,1.32184,1.44302,1.59001,1.75975,1.54406,1.38711,1.23002,1.08171,0.953399,0.849372,0.839266,0.939895,1.05421,1.18251,1.32367,1.47552,1.63514,1.79906,1.98194,1.63305,1.44229,1.24841,1.05945,0.891853,0.779668,0.76823,0.913795,1.07447,1.24923,1.43552,1.6298,1.82795,2.02557,2.21999,1.75234,1.53065,1.29896,1.07121,0.86429,0.713002,0.700504,0.887705,1.09485,1.31625,1.54786,1.78471,2.02149,2.25285,2.47352,1.89479,1.641,1.37465,1.10818,0.859124,0.665799,0.63662,0.861627,1.11536,1.3836,1.66073,1.94031,2.21581,2.48091,2.72971,2.05651,1.76973,1.46913,1.16311,0.872696,0.633543,0.575577,0.835564,1.13602,1.45133,1.77419,2.09665,2.41093,2.7098,2.98669,2.23017,1.91215,1.57625,1.23127,0.89803,0.613755,0.516464,0.809516,1.15686,1.51947,1.88829,2.25377,2.60691,2.93954,3.24447,2.41222,2.06838,1.69303,1.31082,0.932962,0.602319,0.459318,0.783487,1.17789,1.58807,2.00308,2.41174,2.80379,3.17017,3.50307,2.60885,2.22938,1.82395,1.39849,0.97801,0.599653,0.404316,0.757481,1.19916,1.65721,2.11864,2.57062,3.00161,3.4017,3.76249,2.80708,2.40139,1.95767,1.49398,1.02901,0.603618,0.355646,0.7315,1.22069,1.72693,2.23505,2.73045,3.20041,3.63416,4.02276,3.01679,2.57673,2.10066,1.59305,1.0838,0.610536,0.31244,0.705551,1.24254,1.79733,2.35237,2.89132,3.40025,3.86759,4.28389,3.22742,2.76191,2.24469,1.70078,1.14598,0.624739,0.272501,0.679639,1.26475,1.86849,2.4707,3.05328,3.60115,4.10201,4.54589
190,1.62936,1.56879,1.47933,1.36859,1.24985,1.15346,1.08223,1.13984,0.956393,0.912337,0.894779,0.987213,1.09664,1.20583,1.31463,1.53875,1.47716,1.38614,1.27345,1.15304,1.05201,1.01457,0.991288,0.978365,0.97945,0.997036,1.04578,1.16169,1.29364,1.42962,1.47552,1.39459,1.30284,1.19008,1.06924,0.965865,0.946911,0.967943,1.00042,1.04677,1.10821,1.18481,1.29176,1.43903,1.59541,1.48491,1.35797,1.23258,1.11314,0.992756,0.888919,0.879268,0.944607,1.02256,1.11432,1.21977,1.33771,1.46611,1.62082,1.79402,1.54314,1.37917,1.21362,1.05484,0.921324,0.817917,0.81164,0.921282,1.04481,1.18213,1.33175,1.49118,1.65721,1.82704,2.0146,1.63981,1.44218,1.24023,1.04416,0.868454,0.75116,0.744029,0.897968,1.06717,1.25021,1.44419,1.64525,1.84902,2.05094,2.25038,1.76338,1.53371,1.2944,1.06039,0.847558,0.689427,0.679014,0.874668,1.08965,1.31861,1.55714,1.79996,2.04156,2.27643,2.49924,1.90755,1.6463,1.37378,1.10102,0.846239,0.645813,0.617403,0.851384,1.11228,1.38736,1.67063,1.95537,2.23487,2.50271,2.75292,2.06589,1.77735,1.4697,1.1573,0.861666,0.616437,0.558276,0.828117,1.13508,1.45649,1.78472,2.11153,2.429,2.72981,3.00738,2.24009,1.91897,1.57746,1.22736,0.888089,0.598135,0.500796,0.804871,1.15806,1.52606,1.89946,2.26848,2.62398,2.95776,3.26262,2.42307,2.07264,1.69512,1.30707,0.924221,0.587919,0.445913,0.781648,1.18126,1.59612,2.01492,2.42629,2.81987,3.18659,3.51868,2.6155,2.23305,1.82263,1.39181,0.967033,0.584466,0.391656,0.758454,1.20471,1.66672,2.13117,2.58501,3.0167,3.41632,3.77555,2.81266,2.40205,1.95545,1.48662,1.01757,0.588031,0.343987,0.735293,1.22844,1.73795,2.24827,2.7447,3.21451,3.64698,4.03327,3.01789,2.57601,2.09459,1.58327,1.06981,0.594658,0.299678,0.712172,1.25252,1.80987,2.36631,2.90543,3.41335,3.8786,4.29182,3.22403,2.75683,2.23603,1.68963,1.13145,0.607026,0.259465,0.6891,1.277,1.88258,2.48538,3.06726,3.61325,4.11118,4.55124
191,1.65584,1.60012,1.5171,1.41458,1.30958,1.22764,1.15234,1.19306,1.01777,0.969139,0.938371,0.981936,1.07969,1.18172,1.28483,1.55908,1.50123,1.41573,1.31057,1.20176,1.11992,1.08604,1.05791,1.03997,1.03591,1.04832,1.0786,1.16021,1.27912,1.40901,1.48055,1.41465,1.32767,1.22193,1.11132,1.02497,1.01975,1.03536,1.06225,1.1029,1.15863,1.22962,1.31505,1.43714,1.58318,1.46307,1.35281,1.24784,1.14144,1.0302,0.942372,0.953469,1.01283,1.08462,1.17012,1.26933,1.38117,1.50372,1.63434,1.78994,1.50393,1.35451,1.20736,1.06957,0.955444,0.866856,0.887204,0.9903,1.10709,1.2376,1.38046,1.5333,1.69306,1.8562,2.02003,1.58245,1.39762,1.21232,1.03642,0.888273,0.79652,0.820953,0.967787,1.12969,1.30537,1.49205,1.68603,1.8831,2.0788,2.26858,1.6913,1.47478,1.25488,1.03956,0.849303,0.729721,0.75472,0.945289,1.15241,1.37345,1.60415,1.83942,2.07388,2.30217,2.51908,1.82239,1.57558,1.3197,1.06595,0.834072,0.671579,0.68933,0.922809,1.17529,1.44188,1.7168,1.9935,2.26544,2.52634,2.77035,1.97313,1.6926,1.40233,1.11054,0.836439,0.629905,0.626844,0.900349,1.19833,1.51071,1.83005,2.14834,2.45782,2.75133,3.0224,2.13483,1.82614,1.49869,1.16851,0.853295,0.600427,0.56756,0.877912,1.22157,1.57998,1.94397,2.30398,2.65107,2.97718,3.27525,2.30748,1.97019,1.60889,1.23718,0.880912,0.581393,0.509982,0.855502,1.24502,1.64974,2.0586,2.46048,2.84522,3.20392,3.52892,2.48936,2.12188,1.72511,1.31597,0.914884,0.569424,0.453641,0.833123,1.26874,1.72005,2.17403,2.6179,3.04032,3.43156,3.78341,2.67911,2.28245,1.8502,1.39966,0.955764,0.563156,0.39948,0.810782,1.29275,1.79099,2.29032,2.7763,3.23641,3.66014,4.03875,2.87544,2.4473,1.98181,1.4931,1.00447,0.564657,0.347213,0.788485,1.3171,1.86263,2.40755,2.93573,3.43354,3.88967,4.29494,3.07788,2.6181,2.11904,1.58752,1.0558,0.568262,0.300352,0.766243,1.34187,1.93507,2.52581,3.09627,3.63173,4.12019,4.55199
192,1.56541,1.51221,1.43714,1.34976,1.27128,1.21586,1.16107,1.22811,1.07216,1.04671,1.03801,1.04776,1.09535,1.18823,1.29312,1.47153,1.41505,1.33659,1.24545,1.16179,1.12249,1.10719,1.09901,1.1017,1.118,1.14953,1.19687,1.25957,1.34267,1.45978,1.39194,1.33026,1.24963,1.15678,1.06892,1.02918,1.05332,1.08646,1.13135,1.18954,1.26145,1.3465,1.44325,1.54953,1.66491,1.36727,1.26596,1.17157,1.07711,0.987591,0.94303,0.999445,1.07394,1.16112,1.26136,1.3738,1.49669,1.62758,1.76347,1.90093,1.3937,1.25494,1.12002,1.00326,0.912746,0.865653,0.945578,1.06145,1.19104,1.33348,1.48662,1.64749,1.81259,1.97812,2.14008,1.45813,1.28349,1.11225,0.957038,0.842779,0.794098,0.891714,1.04899,1.22112,1.40595,1.59996,1.79893,1.99831,2.19351,2.37994,1.5477,1.34266,1.13569,0.942714,0.787513,0.726757,0.837854,1.03656,1.25138,1.47878,1.71385,1.95105,2.1848,2.40967,2.62053,1.66075,1.42352,1.18057,0.950094,0.754017,0.662731,0.784,1.02418,1.28184,1.55203,1.82834,2.10391,2.37207,2.62662,2.86186,1.7878,1.52135,1.24557,0.975885,0.738735,0.603319,0.73015,1.01184,1.31253,1.62574,1.94349,2.25755,2.56017,2.84438,3.10395,1.92738,1.63267,1.32283,1.01483,0.734827,0.554645,0.676308,0.99956,1.34347,1.69996,2.05935,2.41201,2.74915,3.06299,3.34682,2.08098,1.75368,1.4081,1.06208,0.743949,0.517215,0.622473,0.987341,1.37472,1.77475,2.17599,2.56737,2.93902,3.28246,3.59047,2.23923,1.88466,1.50557,1.12047,0.759281,0.487351,0.568647,0.975196,1.40631,1.85018,2.29347,2.72365,3.12984,3.50281,3.83491,2.40884,2.02074,1.60924,1.18591,0.779456,0.464383,0.514832,0.963139,1.43829,1.92632,2.41187,2.88094,3.32164,3.72408,4.08017,2.58047,2.16684,1.7191,1.25571,0.809564,0.445497,0.46103,0.951188,1.47073,2.00325,2.53125,3.03927,3.51445,3.94627,4.32623,2.75826,2.31628,1.83214,1.33103,0.841217,0.432314,0.407865,0.939364,1.5037,2.08108,2.65171,3.19871,3.70831,4.1694,4.57311
193,1.60141,1.54127,1.46099,1.37269,1.29808,1.22883,1.22202,1.09734,1.04567,1.00907,0.990491,1.01409,1.09711,1.19137,1.29053,1.50119,1.43798,1.35427,1.26117,1.18191,1.14565,1.11704,1.09603,1.08655,1.09148,1.1126,1.15061,1.21293,1.31912,1.43857,1.41684,1.35115,1.26464,1.16938,1.08555,1.06251,1.07402,1.09476,1.12758,1.17417,1.23513,1.31005,1.39763,1.499,1.62751,1.36078,1.27296,1.1848,1.08765,1.00155,0.979414,1.03101,1.09354,1.16876,1.25718,1.35812,1.47007,1.59075,1.71733,1.84775,1.36549,1.2364,1.11523,1.01311,0.925492,0.899273,0.987994,1.09236,1.21012,1.34052,1.48162,1.6307,1.78455,1.93956,2.09184,1.40931,1.24501,1.08642,0.949219,0.854605,0.825898,0.94498,1.09123,1.25168,1.42424,1.60565,1.792,1.97908,2.16252,2.33794,1.48535,1.28847,1.09337,0.915139,0.788014,0.757723,0.901967,1.09017,1.29346,1.50837,1.73026,1.954,2.17436,2.38625,2.58475,1.58414,1.35613,1.12507,0.908563,0.740242,0.693321,0.858953,1.08918,1.33548,1.59295,1.8555,2.11674,2.37044,2.61075,2.83229,1.70266,1.43989,1.17412,0.919079,0.709358,0.631404,0.815939,1.08827,1.37778,1.67803,1.98143,2.28027,2.56734,2.83606,3.08058,1.83413,1.53979,1.2381,0.944408,0.693238,0.572466,0.772925,1.08745,1.42039,1.76367,2.10809,2.44464,2.7651,3.06219,3.32962,1.97439,1.65274,1.31429,0.982147,0.685798,0.520427,0.729911,1.08673,1.46335,1.84992,2.23555,2.60989,2.96375,3.28918,3.57942,2.12728,1.77117,1.39842,1.02667,0.689508,0.476701,0.686898,1.08614,1.50672,1.93685,2.36386,2.77608,3.16333,3.51703,3.83,2.28553,1.8993,1.49003,1.07826,0.699363,0.438595,0.643884,1.08569,1.55055,2.02453,2.49311,2.94325,3.36388,3.74576,4.08136,2.4514,2.03244,1.5906,1.13878,0.713411,0.408252,0.60087,1.08542,1.59491,2.11304,2.62335,3.11146,3.56542,3.9754,4.3335,2.61845,2.17467,1.69359,1.20137,0.733898,0.381128,0.557856,1.08535,1.63988,2.20248,2.75466,3.28076,3.76799,4.20596,4.58644
194,1.36212,1.3073,1.234,1.15446,1.09096,1.06303,1.12965,1.02346,1.01823,1.02659,1.05012,1.08942,1.14411,1.21506,1.31802,1.27653,1.21918,1.14419,1.06143,0.994194,0.984619,0.999048,1.02233,1.05711,1.10491,1.1662,1.24051,1.32654,1.42227,1.52498,1.2168,1.14098,1.06427,0.980077,0.910487,0.906251,0.958493,1.02125,1.09614,1.18353,1.28272,1.39216,1.50961,1.63234,1.75711,1.21431,1.09885,0.992411,0.905527,0.83472,0.827928,0.917937,1.02021,1.13534,1.26249,1.39973,1.5444,1.69334,1.84309,1.9899,1.24845,1.09923,0.957832,0.838564,0.764764,0.755374,0.877381,1.01923,1.17473,1.3418,1.51726,1.69728,1.87777,2.05454,2.22336,1.31418,1.13149,0.954722,0.800452,0.698711,0.687822,0.836826,1.01831,1.21433,1.42152,1.63536,1.85084,2.06293,2.26672,2.45751,1.40187,1.18786,0.97715,0.784909,0.644131,0.624766,0.79627,1.01745,1.25417,1.50168,1.75406,2.00512,2.24886,2.47966,2.69237,1.5075,1.26426,1.0183,0.789437,0.608197,0.564551,0.755715,1.01667,1.29428,1.58232,1.87343,2.16016,2.43557,2.69337,2.92793,1.62646,1.35377,1.07353,0.807354,0.585649,0.505982,0.715159,1.01599,1.3347,1.66351,1.9935,2.31601,2.62312,2.90787,3.16422,1.75437,1.453,1.14129,0.835683,0.574617,0.450529,0.674604,1.0154,1.37547,1.74529,2.11435,2.47271,2.81153,3.12319,3.40125,1.89369,1.56235,1.21514,0.872813,0.571367,0.403593,0.634048,1.01494,1.41662,1.82773,2.23604,2.63031,3.00083,3.33934,3.63901,2.03789,1.6801,1.29932,0.919462,0.574316,0.36453,0.593493,1.01462,1.45823,1.9109,2.35862,2.78887,3.19106,3.55635,3.87753,2.19276,1.80203,1.38613,0.968201,0.585768,0.329042,0.552937,1.01447,1.50036,1.99488,2.48216,2.94843,3.38224,3.77422,4.1168,2.3501,1.92968,1.48358,1.0273,0.600092,0.300188,0.512382,1.01453,1.54309,2.07977,2.60675,3.10904,3.57441,3.99297,4.35683,2.51105,2.06448,1.58204,1.08768,0.620294,0.274989,0.471827,1.01483,1.58651,2.16565,2.73245,3.27075,3.76759,4.21261,4.59762
195,1.84041,1.7954,1.72739,1.64738,1.55377,1.44906,1.33993,1.31073,1.13553,1.05247,0.988703,0.993386,1.06285,1.13531,1.21057,1.69973,1.65032,1.57658,1.49109,1.41329,1.34748,1.28012,1.21716,1.16404,1.1253,1.10436,1.10345,1.13074,1.21687,1.32054,1.59075,1.53837,1.46149,1.3722,1.28802,1.24596,1.2203,1.20107,1.19265,1.19836,1.22039,1.25978,1.31645,1.3893,1.49828,1.49879,1.4438,1.36471,1.27205,1.18506,1.14451,1.16049,1.18501,1.22136,1.27167,1.33683,1.41666,1.51,1.61485,1.72843,1.45602,1.36359,1.27775,1.18318,1.09415,1.04909,1.10069,1.16896,1.2502,1.34526,1.45372,1.57412,1.70422,1.84112,1.9814,1.46923,1.33478,1.20924,1.10238,1.01185,0.964554,1.04089,1.15294,1.27917,1.41915,1.57108,1.73221,1.89916,2.06816,2.23511,1.52731,1.35724,1.18965,1.04023,0.935618,0.886522,0.981104,1.13694,1.30828,1.49337,1.68897,1.89097,2.09486,2.29598,2.48959,1.61584,1.41062,1.20609,1.015,0.869211,0.813159,0.921322,1.12097,1.33757,1.56797,1.80742,2.05044,2.29136,2.52461,2.74485,1.72643,1.49087,1.24864,1.01824,0.827537,0.744424,0.86155,1.10503,1.36705,1.64298,1.92649,2.21068,2.4887,2.7541,3.00092,1.85769,1.58823,1.30979,1.03895,0.806255,0.678485,0.801789,1.08913,1.39675,1.71845,2.04624,2.37173,2.68691,2.98445,3.2578,2.00478,1.70039,1.38752,1.07641,0.799928,0.624405,0.742039,1.07328,1.42669,1.79443,2.16672,2.53366,2.88605,3.21571,3.51553,2.1595,1.82949,1.47724,1.12595,0.804857,0.583293,0.682304,1.05747,1.45692,1.87098,2.28801,2.69651,3.08614,3.4479,3.7741,2.32798,1.9639,1.57723,1.18526,0.818922,0.550489,0.622586,1.04172,1.48746,1.94817,2.41016,2.86035,3.28725,3.68104,4.03353,2.5027,2.10873,1.68372,1.25129,0.842805,0.524096,0.563598,1.02605,1.51839,2.02607,2.53326,3.02524,3.4894,3.91516,4.29384,2.68611,2.2572,1.80165,1.32815,0.870557,0.506212,0.506949,1.01046,1.54975,2.10478,2.65739,3.19125,3.69264,4.15028,4.55503
196,1.56956,1.51748,1.44184,1.35403,1.27138,1.21336,1.15718,1.20152,1.06424,1.03638,1.02518,1.03246,1.08605,1.1815,1.28717,1.47716,1.4218,1.34394,1.25223,1.16502,1.11924,1.1025,1.09248,1.09307,1.10713,1.1364,1.18157,1.2423,1.3291,1.44791,1.40101,1.33848,1.2585,1.16561,1.07536,1.02641,1.04782,1.07914,1.12201,1.17812,1.24801,1.3312,1.42634,1.53133,1.64915,1.37964,1.27733,1.18193,1.0875,0.995782,0.94335,0.993147,1.06582,1.15107,1.24938,1.36005,1.4814,1.61104,1.74604,1.883,1.41061,1.27081,1.13468,1.01514,0.92263,0.868041,0.93848,1.05252,1.18026,1.32095,1.47256,1.6322,1.79642,1.96146,2.12333,1.47708,1.30158,1.12993,0.972189,0.853751,0.79862,0.883819,1.03926,1.2096,1.39284,1.58557,1.78364,1.98252,2.17763,2.36439,1.56931,1.36356,1.15555,0.961051,0.8011,0.733401,0.829165,1.02602,1.23911,1.46509,1.69913,1.93576,2.16938,2.39458,2.60618,1.68413,1.44646,1.20314,0.970739,0.772472,0.670875,0.774518,1.01281,1.26881,1.53774,1.81329,2.08862,2.35704,2.61232,2.84873,1.81282,1.54688,1.27055,0.99972,0.759631,0.614581,0.719879,0.999649,1.29872,1.61085,1.9281,2.24226,2.54554,2.83089,3.09205,1.95341,1.65998,1.34989,1.04098,0.75839,0.570424,0.665251,0.98653,1.32889,1.68445,2.04362,2.39673,2.73491,3.05032,3.33616,2.10898,1.78224,1.43714,1.09057,0.769893,0.535308,0.610634,0.973466,1.35933,1.75862,2.15991,2.55209,2.9252,3.27062,3.58107,2.26818,1.91488,1.53663,1.15115,0.787791,0.50828,0.556032,0.960464,1.3901,1.8334,2.27705,2.7084,3.11643,3.49183,3.8268,2.43903,2.05261,1.64209,1.21872,0.810426,0.488986,0.502339,0.947538,1.42124,1.90889,2.39509,2.8657,3.30867,3.71395,4.07334,2.61159,2.20012,1.75344,1.29022,0.84304,0.472355,0.450409,0.934701,1.45282,1.98516,2.51413,3.02406,3.50193,3.93702,4.32071,2.79039,2.35075,1.86809,1.36752,0.876497,0.462555,0.399102,0.921972,1.48491,2.06231,2.63424,3.18355,3.69625,4.16106,4.56892
197,1.91014,1.86796,1.80281,1.71568,1.61169,1.49706,1.37868,1.34792,1.15804,1.06807,0.998229,0.999199,1.05526,1.1168,1.18237,1.73864,1.69106,1.62323,1.54921,1.48036,1.40465,1.32785,1.256,1.19458,1.14815,1.12017,1.11288,1.12885,1.20097,1.29558,1.61611,1.56428,1.49244,1.41253,1.34918,1.31227,1.27703,1.24855,1.23125,1.22849,1.2425,1.2744,1.32415,1.39069,1.48181,1.51573,1.46093,1.38503,1.30198,1.23305,1.21995,1.2262,1.24113,1.26804,1.3091,1.36528,1.43649,1.52168,1.61893,1.72553,1.43684,1.37045,1.29238,1.20637,1.13383,1.12768,1.17538,1.23374,1.30498,1.39002,1.48852,1.59918,1.71989,1.84791,1.97989,1.41372,1.30459,1.20782,1.12037,1.0457,1.03583,1.12455,1.22638,1.34209,1.47127,1.61227,1.76252,1.91884,2.07765,2.235,1.44422,1.29444,1.15366,1.041,0.964636,0.951947,1.07373,1.21908,1.37938,1.5529,1.73657,1.92654,2.11856,2.30818,2.49087,1.5065,1.32206,1.1427,0.985085,0.888331,0.874126,1.02291,1.21182,1.41687,1.63493,1.86147,2.0913,2.31908,2.53952,2.74753,1.59766,1.3774,1.15943,0.963199,0.82285,0.801061,0.972093,1.20461,1.45459,1.71742,1.98702,2.25685,2.52045,2.77171,3.00497,1.70713,1.45525,1.20047,0.961721,0.777687,0.732561,0.921275,1.19747,1.49257,1.8004,2.11327,2.42322,2.7227,3.00477,3.26323,1.83192,1.55001,1.25803,0.978709,0.750232,0.666213,0.870459,1.1904,1.53085,1.88394,2.24028,2.59048,2.92587,3.23873,3.52232,1.97584,1.65544,1.32667,1.00652,0.734768,0.603269,0.819646,1.18341,1.56945,1.96809,2.36812,2.75868,3.13,3.47361,3.78224,2.12542,1.7765,1.41085,1.04975,0.730384,0.551423,0.768834,1.17652,1.60844,2.05292,2.49685,2.92787,3.33514,3.70943,4.04301,2.28528,1.90343,1.50272,1.10005,0.736705,0.508937,0.718026,1.16975,1.64787,2.13852,2.62655,3.09811,3.54132,3.94622,4.30465,2.4509,2.04168,1.60059,1.15714,0.747917,0.471119,0.667221,1.16311,1.6878,2.22496,2.7573,3.26947,3.74857,4.184,4.56714
198,1.87609,1.83493,1.77422,1.69349,1.59657,1.48947,1.37886,1.34945,1.17357,1.09073,1.02736,1.00422,1.05678,1.12182,1.1937,1.71516,1.66892,1.60325,1.53026,1.46567,1.39689,1.32729,1.26269,1.20834,1.1686,1.14672,1.14479,1.16367,1.22455,1.31792,1.59805,1.5476,1.47745,1.39845,1.33552,1.30436,1.27573,1.25395,1.24322,1.24672,1.26648,1.30344,1.35744,1.42731,1.51356,1.50201,1.44838,1.37413,1.29198,1.22291,1.21188,1.22417,1.24524,1.27824,1.32512,1.38668,1.46265,1.55187,1.65232,1.76123,1.43068,1.36049,1.28389,1.19867,1.12716,1.11947,1.17261,1.23657,1.31339,1.40382,1.50734,1.62247,1.747,1.87806,2.01228,1.41745,1.3037,1.20154,1.1148,1.04092,1.0292,1.12105,1.22792,1.34871,1.48285,1.6285,1.78294,1.94285,2.10456,2.26408,1.45235,1.29957,1.15583,1.0374,0.961618,0.946909,1.06949,1.21932,1.38421,1.56226,1.75022,1.94409,2.13948,2.33185,2.51664,1.51826,1.33135,1.14933,0.98917,0.886966,0.870664,1.01794,1.21077,1.41991,1.64206,1.87254,2.10598,2.33691,2.55996,2.76998,1.61184,1.38956,1.16925,0.970551,0.824792,0.79871,0.966388,1.20227,1.45583,1.72232,1.9955,2.26865,2.53519,2.78892,3.02411,1.72307,1.47004,1.21338,0.972438,0.783416,0.730867,0.914837,1.19383,1.49201,1.80307,2.11916,2.43215,2.73435,3.01874,3.27907,1.84924,1.5665,1.27307,0.991843,0.758692,0.66606,0.86329,1.18545,1.52848,1.88438,2.24359,2.59654,2.93443,3.24947,3.53484,1.99231,1.67235,1.34371,1.02172,0.74634,0.605748,0.811745,1.17716,1.56527,1.9663,2.36884,2.76187,3.13549,3.48112,3.79146,2.14243,1.79385,1.42783,1.0657,0.744131,0.556039,0.760205,1.16895,1.60245,2.0489,2.49499,2.92819,3.33754,3.71371,4.04893,2.30116,1.92145,1.5209,1.11767,0.751162,0.515656,0.708669,1.16086,1.64005,2.13226,2.62211,3.09558,3.54064,3.94728,4.30726,2.46683,2.05899,1.61862,1.17507,0.764875,0.481427,0.657139,1.1529,1.67816,2.21647,2.75029,3.26407,3.74482,4.18183,4.56645
199,1.78243,1.74078,1.67911,1.60964,1.52966,1.44068,1.34889,1.33141,1.18136,1.11642,1.06964,1.04379,1.0747,1.14652,1.22953,1.65021,1.60393,1.53718,1.46115,1.39888,1.34713,1.29529,1.24873,1.21222,1.18963,1.18373,1.19615,1.22742,1.28109,1.37551,1.54784,1.49765,1.42728,1.34641,1.27819,1.25364,1.2417,1.23697,1.2432,1.26309,1.29821,1.34904,1.41508,1.4949,1.58621,1.45979,1.40673,1.33316,1.25051,1.17684,1.16021,1.18812,1.22524,1.27431,1.33682,1.41311,1.50248,1.6034,1.71358,1.83013,1.42219,1.33096,1.24987,1.165,1.08904,1.06809,1.13453,1.21354,1.30555,1.41085,1.52848,1.65653,1.79241,1.933,2.07477,1.43385,1.30459,1.18476,1.08664,1.00886,0.984727,1.08095,1.20186,1.33694,1.4852,1.64435,1.81123,1.98215,2.15318,2.32016,1.48497,1.32119,1.16115,1.02309,0.933924,0.908087,1.02737,1.19022,1.3685,1.55992,1.76077,1.9666,2.17266,2.37414,2.56631,1.56677,1.3691,1.17215,0.993095,0.866103,0.836336,0.973798,1.17861,1.40025,1.63503,1.87778,2.12272,2.36398,2.59593,2.81324,1.66783,1.43905,1.20721,0.988187,0.819799,0.768331,0.920229,1.16706,1.43222,1.71058,1.99544,2.27961,2.55614,2.81856,3.06096,1.78929,1.52731,1.26003,1.00258,0.791541,0.704399,0.866666,1.15555,1.46443,1.78663,2.1138,2.43734,2.74919,3.04206,3.3095,1.92482,1.63126,1.32565,1.03135,0.776707,0.643606,0.813109,1.1441,1.49692,1.86322,2.23292,2.59596,2.94317,3.26646,3.55887,2.06676,1.7456,1.40799,1.07259,0.77399,0.594749,0.75956,1.13272,1.52972,1.94042,2.35287,2.75552,3.13811,3.49178,3.80907,2.22317,1.86879,1.49606,1.12134,0.780872,0.55502,0.706021,1.12141,1.5629,2.0183,2.47371,2.91608,3.33406,3.71806,4.06013,2.38169,2.00292,1.5932,1.17908,0.794268,0.523582,0.652491,1.11021,1.59649,2.09694,2.59554,3.07771,3.53105,3.9453,4.31204,2.554,2.13987,1.69446,1.24112,0.815655,0.495679,0.598975,1.09911,1.63058,2.17643,2.71843,3.24045,3.72913,4.17353,4.56483
200,1.84451,1.80519,1.74773,1.6713,1.58079,1.48203,1.38135,1.3676,1.19891,1.12792,1.07596,1.04574,1.07377,1.13651,1.21053,1.68666,1.64137,1.57945,1.51693,1.46048,1.39904,1.33819,1.28332,1.2392,1.20967,1.19747,1.20422,1.2304,1.2763,1.36093,1.5713,1.52149,1.45464,1.38544,1.34031,1.31609,1.29503,1.28164,1.27964,1.2917,1.3194,1.36325,1.42276,1.49652,1.58221,1.47568,1.4221,1.35253,1.2784,1.227,1.23318,1.25187,1.28,1.32023,1.37404,1.44179,1.52286,1.6158,1.7184,1.82777,1.40098,1.33569,1.26313,1.18609,1.13087,1.15031,1.20871,1.27841,1.36099,1.45671,1.56468,1.68311,1.80955,1.94101,2.07405,1.37806,1.27307,1.18287,1.10297,1.04471,1.06749,1.16555,1.27687,1.40193,1.53975,1.6881,1.84402,2.00403,2.16438,2.32106,1.40261,1.25913,1.1258,1.02644,0.96599,0.984849,1.12239,1.27539,1.4431,1.62319,1.81211,2.00564,2.1993,2.38854,2.56884,1.45857,1.27896,1.10856,0.967831,0.892429,0.908335,1.07924,1.27397,1.48449,1.70708,1.93674,2.16801,2.39538,2.61352,2.81738,1.53861,1.3275,1.11996,0.935696,0.822539,0.837231,1.03608,1.27264,1.52616,1.79145,2.06205,2.33118,2.59231,2.83933,3.0667,1.6379,1.39394,1.14972,0.927205,0.770502,0.769783,0.99292,1.27139,1.56812,1.87637,2.1881,2.49521,2.79012,3.06602,3.31683,1.75274,1.47566,1.19642,0.933729,0.733669,0.704526,0.949761,1.27024,1.61042,1.96188,2.31494,2.66013,2.98887,3.29359,3.56776,1.88125,1.5736,1.25657,0.955819,0.711953,0.642941,0.906603,1.2692,1.65311,2.04806,2.44264,2.82601,3.18857,3.52206,3.81952,2.01692,1.67974,1.32711,0.985641,0.698601,0.582358,0.863444,1.2683,1.69623,2.13497,2.57126,2.99289,3.38927,3.75148,4.0721,2.16593,1.79252,1.40377,1.02251,0.691854,0.531745,0.820286,1.26756,1.73985,2.22269,2.70089,3.16083,3.59101,3.98183,4.32552,2.31634,1.91647,1.49335,1.07049,0.695923,0.485489,0.777128,1.26701,1.78405,2.31132,2.83159,3.32989,3.79381,4.21316,4.57979
201,1.74766,1.71162,1.6587,1.59838,1.52682,1.44739,1.36596,1.35127,1.2201,1.16565,1.12859,1.11135,1.11515,1.15419,1.23068,1.61478,1.57364,1.51444,1.4501,1.40147,1.35816,1.3155,1.27854,1.25165,1.23833,1.24096,1.26088,1.29833,1.35252,1.42168,1.51098,1.46597,1.40218,1.33317,1.28021,1.26897,1.26505,1.2687,1.28333,1.31127,1.35374,1.41094,1.48213,1.56572,1.65931,1.42308,1.37472,1.3081,1.23475,1.17719,1.17985,1.21459,1.25889,1.31513,1.38449,1.46696,1.56158,1.6666,1.77962,1.89765,1.37866,1.29593,1.22415,1.14783,1.08726,1.09079,1.16414,1.24911,1.34708,1.45802,1.58066,1.71284,1.85178,1.99427,2.13671,1.38304,1.2633,1.15379,1.06925,1.0059,1.00528,1.11368,1.23937,1.3792,1.53189,1.69487,1.86475,2.03769,2.20968,2.37653,1.4263,1.26958,1.12263,1.00149,0.930636,0.927097,1.06323,1.22966,1.41149,1.60614,1.80965,2.01735,2.22439,2.42588,2.6171,1.49616,1.30844,1.1236,0.962669,0.859251,0.854347,1.01279,1.22001,1.444,1.68081,1.92503,2.17071,2.41189,2.6429,2.85845,1.59178,1.36944,1.14893,0.950249,0.804433,0.785302,0.962342,1.2104,1.47673,1.75594,2.04108,2.32486,2.60025,2.86078,3.1006,1.70259,1.44935,1.19402,0.954648,0.76718,0.720451,0.911901,1.20086,1.50973,1.83158,2.15785,2.47986,2.7895,3.07952,3.34356,1.82378,1.54482,1.25439,0.975781,0.746191,0.657911,0.861463,1.19138,1.54303,1.90778,2.2754,2.63575,2.97968,3.29917,3.58734,1.96052,1.64778,1.32341,1.00599,0.734671,0.601516,0.81103,1.18198,1.57666,1.98463,2.3938,2.79261,3.17083,3.51973,3.83196,2.10506,1.76281,1.40249,1.04652,0.732778,0.553482,0.760603,1.17268,1.61069,2.06218,2.51312,2.95047,3.363,3.74125,4.07742,2.25662,1.88375,1.49203,1.09668,0.74046,0.515387,0.710182,1.16349,1.64518,2.14052,2.63343,3.10941,3.55621,3.96372,4.32373,2.41281,2.01537,1.58604,1.15245,0.751976,0.481709,0.659768,1.15443,1.68019,2.21975,2.75483,3.26947,3.7505,4.18719,4.5709
202,1.65833,1.61697,1.56346,1.506,1.43837,1.36589,1.31119,1.22857,1.17387,1.13393,1.11156,1.10846,1.12521,1.16733,1.24512,1.53013,1.48332,1.42428,1.36812,1.33107,1.29447,1.26091,1.23492,1.22022,1.21959,1.23473,1.26631,1.31402,1.3766,1.45187,1.42867,1.37825,1.31508,1.2534,1.22388,1.22307,1.22766,1.24132,1.26674,1.30557,1.35836,1.42474,1.5035,1.59266,1.68955,1.34249,1.28877,1.22214,1.15638,1.12175,1.15169,1.19442,1.24778,1.31346,1.39189,1.48248,1.58378,1.69366,1.80943,1.92793,1.28422,1.20881,1.13983,1.07076,1.03242,1.08034,1.16117,1.25432,1.36038,1.4786,1.60715,1.74347,1.88453,2.02693,2.16701,1.28024,1.16406,1.06491,0.993585,0.952088,1.00903,1.12793,1.26093,1.40753,1.56571,1.73239,1.90386,2.07616,2.24519,2.40681,1.30905,1.15867,1.02147,0.922185,0.877512,0.937747,1.09469,1.26763,1.45494,1.65329,1.85825,2.06498,2.26857,2.46423,2.64734,1.36623,1.18125,1.00832,0.867857,0.808785,0.866507,1.06146,1.27443,1.50265,1.74136,1.98479,2.22688,2.4618,2.68407,2.88862,1.44281,1.22719,1.0178,0.838066,0.743155,0.798622,1.02823,1.28134,1.55067,1.82998,2.11204,2.3896,2.65588,2.90473,3.13065,1.53742,1.29002,1.04498,0.826101,0.688812,0.733811,0.994998,1.28839,1.59907,1.91921,2.24008,2.55319,2.85084,3.12623,3.37345,1.64374,1.36349,1.08338,0.829491,0.649512,0.672145,0.961777,1.29558,1.64787,2.0091,2.36895,2.7177,3.04673,3.3486,3.61702,1.76227,1.45257,1.13699,0.841889,0.620011,0.613053,0.928561,1.30295,1.69714,2.09973,2.49873,2.88317,3.24356,3.57185,3.86138,1.88718,1.54935,1.19889,0.863408,0.598083,0.555413,0.895353,1.31052,1.74695,2.19117,2.62947,3.04965,3.44137,3.796,4.10653,2.02518,1.65252,1.2655,0.894562,0.587398,0.499899,0.862153,1.31833,1.79735,2.28349,2.76125,3.2172,3.64019,4.02106,4.35247,2.16442,1.76169,1.34184,0.928911,0.579567,0.447204,0.828964,1.32642,1.84845,2.3768,2.89413,3.38586,3.84004,4.24704,4.5992
203,1.64295,1.60611,1.55997,1.50496,1.43995,1.37018,1.30116,1.30795,1.18598,1.14829,1.12786,1.12637,1.14434,1.18121,1.23761,1.50881,1.46758,1.41458,1.36677,1.33422,1.29991,1.26865,1.24489,1.2323,1.23358,1.25037,1.28331,1.33205,1.39532,1.47096,1.40446,1.3589,1.30076,1.24768,1.22859,1.22965,1.23613,1.25163,1.27879,1.3192,1.37335,1.44083,1.52042,1.61013,1.70728,1.31533,1.26647,1.20576,1.14848,1.12504,1.15942,1.20362,1.25843,1.32548,1.40516,1.49683,1.59898,1.70948,1.82564,1.9443,1.2515,1.18459,1.12104,1.06076,1.03323,1.08922,1.17111,1.26531,1.37238,1.49152,1.62085,1.75779,1.89927,2.0419,2.18203,1.23684,1.1295,1.04343,0.981178,0.9506,1.01905,1.13861,1.27227,1.41952,1.57829,1.74545,1.91729,2.08981,2.25892,2.42048,1.25933,1.11654,0.990245,0.907107,0.874798,0.948915,1.1061,1.27932,1.46692,1.66552,1.87069,2.07754,2.28114,2.47672,2.65967,1.30966,1.13439,0.971284,0.847114,0.803685,0.878819,1.0736,1.28647,1.51461,1.75326,1.9966,2.23857,2.4733,2.69533,2.8996,1.38025,1.17205,0.973518,0.811094,0.736193,0.809027,1.04111,1.29373,1.56264,1.84156,2.12325,2.40043,2.66632,2.91477,3.1403,1.46535,1.22855,0.994195,0.792984,0.677099,0.743988,1.00862,1.30113,1.61103,1.93047,2.25068,2.56316,2.86022,3.13505,3.38177,1.57038,1.29868,1.02973,0.789587,0.630378,0.681511,0.976137,1.30869,1.65985,2.02006,2.37896,2.72682,3.05505,3.35621,3.62402,1.68232,1.38068,1.07629,0.79677,0.596206,0.620973,0.94366,1.31642,1.70914,2.11038,2.50814,2.89146,3.25083,3.57825,3.86705,1.80279,1.47019,1.13187,0.813595,0.572625,0.563435,0.911192,1.32436,1.75897,2.20153,2.63831,3.05711,3.4476,3.80119,4.11088,1.93227,1.57217,1.19783,0.839492,0.554491,0.506897,0.878733,1.33255,1.80942,2.29358,2.76952,3.22383,3.64539,4.02505,4.3555,2.06979,1.67511,1.26638,0.871256,0.544718,0.45219,0.846285,1.34103,1.86057,2.38662,2.90185,3.39168,3.84421,4.24984,4.60092
204,1.59816,1.56171,1.51743,1.46429,1.40226,1.33651,1.28278,1.21511,1.16897,1.1375,1.12319,1.12741,1.15049,1.19163,1.24903,1.46607,1.42471,1.37399,1.333,1.30332,1.27282,1.24616,1.22757,1.22046,1.22725,1.24932,1.28707,1.33995,1.40652,1.48448,1.36169,1.31606,1.26152,1.21462,1.20448,1.20914,1.21989,1.2401,1.27215,1.31734,1.37594,1.44732,1.53008,1.6221,1.72061,1.27302,1.22432,1.16518,1.11441,1.10574,1.14548,1.19363,1.25271,1.32406,1.40781,1.50309,1.60821,1.72091,1.83839,1.95743,1.20599,1.14241,1.0806,1.0269,1.01339,1.08183,1.16737,1.2654,1.3762,1.49869,1.6308,1.76978,1.91247,2.05542,2.19495,1.18343,1.08216,1.00398,0.947122,0.930688,1.01821,1.14112,1.2782,1.42861,1.59002,1.75912,1.93205,2.10479,2.27321,2.43319,1.20171,1.06345,0.946127,0.874388,0.855287,0.954609,1.11489,1.29111,1.48132,1.68185,1.88809,2.09509,2.29791,2.49179,2.67216,1.24416,1.07356,0.916908,0.809436,0.785065,0.891034,1.08866,1.30415,1.53436,1.77421,2.01776,2.25892,2.49186,2.71116,2.91186,1.30855,1.10533,0.91372,0.765757,0.718097,0.82749,1.06244,1.31734,1.58776,1.86716,2.14819,2.42359,2.68667,2.93136,3.15232,1.38909,1.15239,0.927118,0.74124,0.654284,0.76398,1.03624,1.33069,1.64157,1.96076,2.27943,2.58915,2.88236,3.1524,3.39353,1.48495,1.21854,0.95704,0.728713,0.60206,0.70125,1.01005,1.34423,1.69585,2.05508,2.41154,2.75565,3.07898,3.3743,3.63551,1.58876,1.29238,0.995542,0.729751,0.560544,0.64207,0.983883,1.35799,1.75066,2.15017,2.54457,2.92311,3.27654,3.59706,3.87825,1.70472,1.3738,1.04217,0.740473,0.526663,0.584218,0.957736,1.37201,1.80606,2.24611,2.6786,3.09161,3.47508,3.82072,4.12177,1.82309,1.46696,1.10027,0.755442,0.503763,0.528878,0.931616,1.38633,1.86212,2.343,2.81369,3.26117,3.67463,4.04528,4.36607,1.95442,1.56509,1.16289,0.780825,0.484845,0.473874,0.905528,1.40101,1.91896,2.44091,2.94991,3.43184,3.8752,4.27075,4.61115
205,1.64247,1.6123,1.56955,1.51293,1.44698,1.37694,1.30526,1.24612,1.19506,1.15871,1.13967,1.13945,1.15848,1.19608,1.2505,1.49554,1.45998,1.41647,1.38295,1.34918,1.3142,1.28275,1.25917,1.24699,1.24874,1.26596,1.29916,1.34792,1.41089,1.48585,1.38299,1.34286,1.29434,1.25736,1.25147,1.25147,1.25726,1.2723,1.29911,1.33912,1.39274,1.45947,1.53803,1.6264,1.72188,1.28786,1.24443,1.193,1.15078,1.15385,1.18876,1.23177,1.28551,1.35146,1.42988,1.52005,1.62043,1.72885,1.84263,1.95861,1.20772,1.15813,1.10384,1.05842,1.05766,1.12606,1.20629,1.29882,1.40405,1.52106,1.64793,1.78206,1.92041,2.05961,2.19605,1.17305,1.08657,1.02297,0.975069,0.971074,1.06338,1.18082,1.31222,1.45691,1.6127,1.77643,1.94442,2.11274,2.27735,2.43421,1.17433,1.05248,0.952021,0.898046,0.89173,1.00072,1.15536,1.32575,1.51006,1.70482,1.90558,2.10754,2.30587,2.49589,2.67311,1.20639,1.04947,0.913874,0.826311,0.817493,0.938087,1.12991,1.3394,1.56355,1.7975,2.03545,2.27146,2.49983,2.71523,2.91275,1.26089,1.07153,0.898251,0.772133,0.74912,0.87548,1.10447,1.3532,1.61741,1.89076,2.16607,2.43623,2.69466,2.9354,3.15316,1.33456,1.11248,0.903401,0.736709,0.683308,0.812904,1.07905,1.36717,1.67169,1.98468,2.2975,2.60189,2.89039,3.15643,3.39433,1.41885,1.16577,0.92081,0.718567,0.621362,0.750366,1.05364,1.38134,1.72644,2.07932,2.42981,2.76849,3.08704,3.37832,3.63627,1.51739,1.23253,0.953158,0.710988,0.572621,0.688348,1.02826,1.39573,1.78172,2.17474,2.56306,2.93608,3.28466,3.60109,3.87899,1.62622,1.3115,0.996301,0.711485,0.534782,0.630099,1.0029,1.41039,1.83759,2.27102,2.69731,3.10469,3.48326,3.82475,4.12249,1.74193,1.39297,1.04321,0.725532,0.502082,0.572285,0.977574,1.42535,1.89414,2.36824,2.83262,3.27439,3.68287,4.04933,4.36678,1.86336,1.48788,1.10271,0.741752,0.479704,0.517834,0.952279,1.44067,1.95146,2.4665,2.96907,3.4452,3.88352,4.27482,4.61185
206,1.3238,1.28813,1.24076,1.19456,1.16577,1.13724,1.11111,1.12551,1.08278,1.08694,1.10589,1.14031,1.18995,1.25364,1.32934,1.22215,1.18394,1.13275,1.083,1.06179,1.06723,1.07745,1.09602,1.12562,1.16787,1.22333,1.29165,1.37168,1.46154,1.55869,1.13358,1.09305,1.04022,0.987915,0.963076,0.997257,1.0438,1.10036,1.16864,1.24913,1.34124,1.44357,1.55407,1.67013,1.78872,1.07967,1.01177,0.95715,0.903183,0.875862,0.927314,1.01014,1.10475,1.21184,1.33074,1.45967,1.59613,1.73715,1.87943,2.01943,1.07257,0.968269,0.880478,0.825968,0.797067,0.85741,0.97649,1.10921,1.25526,1.41274,1.57865,1.74936,1.92097,2.08947,2.25084,1.09806,0.959478,0.837189,0.753712,0.724768,0.787552,0.942836,1.11375,1.29891,1.49518,1.69823,1.90329,2.10554,2.30027,2.48296,1.14989,0.980376,0.822596,0.698945,0.656841,0.71797,0.909184,1.11836,1.34283,1.57808,1.81845,2.05798,2.29091,2.51185,2.71582,1.22133,1.02044,0.828419,0.668461,0.591338,0.653381,0.875532,1.12307,1.38705,1.66151,1.93937,2.21347,2.47711,2.72423,2.94942,1.30548,1.07784,0.85175,0.654987,0.53849,0.591796,0.841882,1.12789,1.4316,1.74551,2.06104,2.3698,2.66417,2.93744,3.18376,1.40848,1.14747,0.888181,0.655969,0.497825,0.531893,0.808233,1.13284,1.47654,1.83015,2.18352,2.52702,2.85213,3.15149,3.41886,1.51917,1.23013,0.937075,0.666816,0.468975,0.475781,0.774586,1.13794,1.52191,1.9155,2.30687,2.68518,3.04101,3.3664,3.65473,1.63753,1.31828,0.993462,0.685884,0.448671,0.420035,0.740941,1.14321,1.56778,2.00161,2.43117,2.84433,3.23084,3.58219,3.89137,1.76334,1.41958,1.06034,0.714809,0.436834,0.367151,0.707299,1.14868,1.61421,2.08859,2.55647,3.00451,3.42167,3.79887,4.12879,1.89842,1.52178,1.12968,0.748868,0.430108,0.31806,0.673659,1.1544,1.66129,2.17652,2.68285,3.16578,3.61351,4.01645,4.36698,2.03437,1.63365,1.20807,0.789324,0.430509,0.273986,0.640023,1.16041,1.70913,2.2655,2.81039,3.32818,3.80638,4.23495,4.60596
207,1.57609,1.54264,1.49727,1.45018,1.39422,1.33352,1.2734,1.26053,1.17486,1.14461,1.13087,1.13519,1.15805,1.19884,1.25592,1.45146,1.41312,1.36309,1.31567,1.28828,1.26239,1.23946,1.2238,1.21895,1.22747,1.25087,1.28968,1.34346,1.4109,1.48984,1.35111,1.30952,1.25544,1.20349,1.18247,1.19129,1.20552,1.22864,1.2632,1.31064,1.37133,1.44474,1.52953,1.62367,1.72445,1.26436,1.21975,1.16325,1.10786,1.08231,1.12023,1.17158,1.23353,1.30763,1.39415,1.49229,1.60043,1.71631,1.83715,1.95977,1.21415,1.13995,1.08085,1.02295,0.994154,1.04919,1.13764,1.2385,1.35227,1.47804,1.61379,1.75678,1.90381,2.05138,2.1958,1.21018,1.09955,1.00538,0.945789,0.914464,0.978199,1.1037,1.24353,1.39713,1.56234,1.73588,1.91383,2.09207,2.26638,2.43256,1.23831,1.09292,0.963507,0.873737,0.841358,0.907248,1.06977,1.24864,1.44224,1.6471,1.85859,2.07163,2.28113,2.48217,2.67007,1.29353,1.11608,0.950553,0.819303,0.772839,0.836348,1.03583,1.25384,1.48764,1.73236,1.98198,2.23021,2.47102,2.69878,2.90834,1.36782,1.15814,0.957512,0.789461,0.706774,0.770461,1.0019,1.25915,1.53336,1.81817,2.1061,2.38964,2.66178,2.91623,3.14739,1.45542,1.21818,0.982474,0.776233,0.653373,0.707348,0.967968,1.26458,1.57943,1.90458,2.23101,2.54994,2.85344,3.13454,3.38721,1.5607,1.28927,1.01956,0.777726,0.611995,0.646538,0.93404,1.27014,1.62591,1.99167,2.35677,2.71118,3.04604,3.35373,3.62782,1.67443,1.37405,1.06962,0.788798,0.582414,0.588926,0.900114,1.27587,1.67286,2.0795,2.48345,2.8734,3.2396,3.57382,3.86924,1.79511,1.4649,1.12765,0.807723,0.561343,0.532341,0.866191,1.28179,1.72033,2.16814,2.61111,3.03666,3.43416,3.79482,4.11146,1.92456,1.56782,1.19528,0.837064,0.548543,0.477929,0.832272,1.28793,1.7684,2.25769,2.73983,3.20099,3.62976,4.01676,4.35448,2.06213,1.67168,1.26589,0.871065,0.541047,0.426877,0.798357,1.29433,1.81717,2.34824,2.86968,3.36647,3.8264,4.23963,4.59832
208,1.60426,1.57166,1.52803,1.47162,1.40704,1.33949,1.27376,1.21647,1.17026,1.13903,1.12511,1.12974,1.1531,1.19431,1.25146,1.46337,1.42528,1.38184,1.34977,1.3174,1.2848,1.25659,1.23689,1.22896,1.23508,1.25651,1.29355,1.34556,1.41103,1.4876,1.35461,1.31191,1.2637,1.23001,1.22782,1.23011,1.23889,1.2574,1.28788,1.3315,1.38844,1.45799,1.53871,1.62845,1.72442,1.26251,1.21669,1.16448,1.12629,1.13833,1.17543,1.22121,1.27802,1.34705,1.42834,1.52092,1.62309,1.73258,1.84659,1.96193,1.18231,1.13281,1.07783,1.03598,1.04892,1.12076,1.20354,1.29875,1.4065,1.52562,1.65399,1.78889,1.92719,2.06548,2.20014,1.14568,1.06012,0.998763,0.954636,0.964277,1.0661,1.18588,1.31961,1.46625,1.62339,1.78771,1.95542,2.12258,2.28514,2.43908,1.14339,1.02293,0.92753,0.880299,0.887153,1.01145,1.16825,1.34061,1.52633,1.72169,1.9221,2.12274,2.31878,2.50558,2.67873,1.17171,1.01678,0.885054,0.810954,0.815442,0.956809,1.15065,1.36178,1.58679,1.82057,2.05724,2.29086,2.51581,2.72683,2.91913,1.22009,1.03264,0.864609,0.75128,0.747237,0.902184,1.13307,1.38313,1.64766,1.92008,2.19315,2.45985,2.71371,2.9489,3.16027,1.28805,1.06804,0.863397,0.711997,0.683953,0.847574,1.11552,1.40469,1.709,2.02028,2.32991,2.62974,2.9125,3.1718,3.40216,1.36608,1.11465,0.875505,0.684877,0.622187,0.792983,1.09801,1.4265,1.77086,2.12124,2.46756,2.80058,3.11222,3.39557,3.6448,1.45867,1.17583,0.901343,0.670953,0.567386,0.738413,1.08054,1.44858,1.8333,2.22302,2.60617,2.97241,3.31289,3.6202,3.88821,1.55994,1.24694,0.936575,0.668543,0.519789,0.683869,1.06312,1.47099,1.89639,2.3257,2.74579,3.14526,3.51454,3.84571,4.13238,1.67059,1.32375,0.979477,0.670999,0.484958,0.629355,1.04576,1.49377,1.96023,2.42936,2.88649,3.31919,3.71719,4.07211,4.37732,1.78373,1.40818,1.02822,0.683331,0.453249,0.574925,1.02848,1.51699,2.02489,2.53409,3.02834,3.49423,3.92085,4.29941,4.62303
209,1.54948,1.51605,1.4756,1.42527,1.36706,1.30604,1.23966,1.19601,1.15601,1.1306,1.12201,1.13136,1.15877,1.2033,1.26301,1.41817,1.3792,1.3354,1.30341,1.2771,1.25075,1.22885,1.2154,1.21354,1.22541,1.25216,1.29395,1.35008,1.41898,1.49826,1.31387,1.27202,1.22307,1.18697,1.18722,1.19547,1.21031,1.23488,1.2713,1.3206,1.38283,1.45717,1.54209,1.63536,1.73418,1.22505,1.17969,1.12861,1.08837,1.09742,1.1402,1.19179,1.25446,1.3293,1.41619,1.51405,1.62105,1.7348,1.85247,1.97079,1.15349,1.09839,1.04458,1.00167,1.00784,1.08494,1.17327,1.27415,1.38757,1.51223,1.64586,1.78562,1.92827,2.07032,2.20811,1.12514,1.03396,0.96786,0.922885,0.926573,1.02969,1.15477,1.29396,1.44613,1.60875,1.77832,1.95093,2.12251,2.28894,2.44615,1.13034,1.00436,0.902146,0.849493,0.851678,0.974456,1.13629,1.31391,1.50503,1.70579,1.91145,2.11702,2.31756,2.50835,2.68492,1.16397,1.00364,0.866725,0.781817,0.78269,0.919236,1.11784,1.33402,1.5643,1.80341,2.04532,2.28392,2.51345,2.72857,2.92442,1.21852,1.02596,0.85154,0.728946,0.71708,0.864033,1.0994,1.3543,1.62397,1.90167,2.17997,2.45169,2.7102,2.9496,3.16467,1.29078,1.06592,0.856159,0.694377,0.653903,0.80885,1.08099,1.37479,1.68411,2.00061,2.31546,2.62036,2.90786,3.17148,3.40567,1.37259,1.11665,0.871773,0.67345,0.594654,0.753691,1.06261,1.39551,1.74476,2.1003,2.45185,2.78997,3.10644,3.39422,3.64743,1.46668,1.17975,0.900614,0.663601,0.544306,0.698559,1.04427,1.41651,1.80598,2.20082,2.5892,2.96058,3.30597,3.61782,3.88995,1.57124,1.25457,0.939806,0.662399,0.502766,0.643459,1.02598,1.43781,1.86786,2.30224,2.72756,3.13222,3.50648,3.84231,4.13324,1.68232,1.33215,0.98374,0.67043,0.469128,0.589209,1.00773,1.45948,1.93047,2.40464,2.86701,3.30494,3.70799,4.06769,4.3773,1.79826,1.41998,1.03614,0.683947,0.441821,0.537692,0.989548,1.48158,1.99392,2.50811,3.00761,3.47877,3.91053,4.29397,4.62212
210,1.53274,1.49872,1.45791,1.40577,1.34686,1.28624,1.22561,1.17986,1.14269,1.12048,1.11517,1.1277,1.15796,1.20481,1.26616,1.39947,1.36105,1.31995,1.29267,1.26579,1.23981,1.21911,1.20747,1.20782,1.22205,1.25108,1.29492,1.35266,1.42259,1.50223,1.29528,1.25228,1.20695,1.17973,1.18478,1.19338,1.20922,1.2352,1.2732,1.32403,1.38754,1.46277,1.54805,1.64108,1.73896,1.20631,1.16049,1.11093,1.08086,1.10382,1.14696,1.19936,1.26306,1.33887,1.42645,1.52457,1.6313,1.74417,1.86029,1.97639,1.12772,1.07897,1.02648,0.99355,1.02294,1.10053,1.18952,1.29105,1.40484,1.52936,1.66223,1.80054,1.94104,2.08024,2.2145,1.0902,1.00625,0.95046,0.914845,0.942136,1.05412,1.17972,1.31921,1.47115,1.63278,1.80055,1.97053,2.13869,2.30096,2.45332,1.08572,0.967626,0.879998,0.842214,0.867562,1.0077,1.16996,1.34754,1.53783,1.73677,1.93958,2.14132,2.33715,2.52245,2.69285,1.11008,0.958074,0.83156,0.773379,0.798444,0.961288,1.16023,1.37607,1.60493,1.84137,2.07936,2.31292,2.53644,2.74473,2.93311,1.15386,0.968749,0.808027,0.711705,0.732922,0.914882,1.15055,1.40482,1.67249,1.94665,2.21995,2.4854,2.73659,2.96783,3.17409,1.21411,0.997454,0.799477,0.665399,0.67042,0.868481,1.14092,1.43383,1.74056,2.05265,2.36141,2.65879,2.93764,3.19175,3.4158,1.28752,1.03833,0.809144,0.635178,0.611463,0.822087,1.13136,1.46314,1.80921,2.15944,2.50378,2.83312,3.1396,3.41651,3.65825,1.37348,1.09264,0.827321,0.615203,0.553772,0.7757,1.12186,1.49278,1.87849,2.2671,2.64712,3.00844,3.3425,3.64211,3.90143,1.46389,1.15467,0.851886,0.604526,0.502349,0.729322,1.11245,1.5228,1.94849,2.37569,2.79149,3.18479,3.54636,3.86858,4.14536,1.56918,1.22681,0.890286,0.601533,0.458226,0.682956,1.10315,1.55328,2.01929,2.4853,2.93695,3.36221,3.7512,4.09591,4.39003,1.6754,1.30166,0.930257,0.604482,0.420983,0.636602,1.09396,1.58428,2.09099,2.596,3.08355,3.54072,3.95704,4.32412,4.63544
211,1.68396,1.65382,1.60616,1.54453,1.47355,1.3985,1.29377,1.25786,1.20205,1.1611,1.13765,1.13326,1.14838,1.18237,1.23352,1.52431,1.49258,1.45558,1.42252,1.38347,1.34314,1.30632,1.27736,1.25983,1.25632,1.26842,1.29672,1.34084,1.39949,1.47049,1.40638,1.37003,1.32746,1.3007,1.29346,1.28779,1.28778,1.29694,1.31782,1.35192,1.39971,1.46081,1.53399,1.61732,1.70816,1.3099,1.26898,1.22348,1.1911,1.20353,1.23245,1.26926,1.31663,1.37606,1.44791,1.53156,1.62556,1.72787,1.83589,1.94654,1.22576,1.1818,1.13266,1.0969,1.1137,1.17711,1.25075,1.33641,1.43455,1.54435,1.66399,1.79102,1.92251,2.05522,2.18564,1.16899,1.10266,1.05158,1.01285,1.0264,1.12179,1.23226,1.35632,1.49334,1.64126,1.79706,1.95721,2.11793,2.27533,2.42547,1.15838,1.05199,0.977091,0.936105,0.94695,1.06649,1.21378,1.37637,1.55246,1.73869,1.93081,2.12419,2.31418,2.49625,2.66606,1.17613,1.03602,0.920468,0.864114,0.873128,1.01119,1.19533,1.39656,1.61193,1.8367,2.06529,2.29198,2.51127,2.71799,2.9074,1.21711,1.04379,0.892959,0.798036,0.804764,0.955916,1.17689,1.41693,1.6718,1.93532,2.20056,2.46065,2.70924,2.94057,3.14951,1.27413,1.07002,0.883781,0.750796,0.740025,0.900659,1.15848,1.43749,1.73212,2.03463,2.33666,2.63023,2.90813,3.16402,3.39239,1.35196,1.11476,0.893391,0.720537,0.677321,0.845425,1.1401,1.45828,1.79294,2.13468,2.47366,2.80076,3.10796,3.38834,3.63605,1.43829,1.16989,0.912829,0.702592,0.618424,0.790217,1.12176,1.47932,1.85432,2.23554,2.61161,2.9723,3.30876,3.61355,3.8805,1.53215,1.23306,0.941543,0.69543,0.570796,0.73504,1.10346,1.50067,1.91634,2.33729,2.75059,3.14488,3.51055,3.83966,4.12574,1.63968,1.31077,0.983322,0.695168,0.530316,0.679899,1.0852,1.52236,1.97907,2.44002,2.89066,3.31855,3.71337,4.06669,4.37178,1.75171,1.38941,1.02831,0.703363,0.49738,0.626179,1.067,1.54446,2.04261,2.5438,3.03187,3.49335,3.91724,4.29465,4.6186
212,1.59335,1.56951,1.53155,1.48035,1.42026,1.35633,1.29383,1.25262,1.19243,1.16133,1.14687,1.15045,1.17241,1.21204,1.26759,1.44522,1.41645,1.3835,1.3577,1.32893,1.29916,1.27298,1.25454,1.24723,1.2534,1.27444,1.31077,1.36186,1.42635,1.50203,1.33085,1.29842,1.26112,1.2358,1.23767,1.24199,1.25213,1.27142,1.30223,1.34584,1.40253,1.4717,1.552,1.64138,1.73718,1.236,1.20025,1.15876,1.13014,1.14652,1.18484,1.23129,1.28838,1.35746,1.43867,1.53116,1.6333,1.74287,1.85715,1.97303,1.15203,1.11356,1.06908,1.03738,1.05546,1.1277,1.21046,1.30545,1.41295,1.53194,1.66039,1.7956,1.93449,2.07369,2.20961,1.1089,1.03551,0.988655,0.954436,0.969587,1.07057,1.18964,1.32262,1.46872,1.62569,1.79024,1.95864,2.1269,2.291,2.44693,1.10359,0.995341,0.914391,0.878473,0.891458,1.01347,1.16884,1.33992,1.52481,1.71994,1.92078,2.12246,2.32013,2.50913,2.685,1.12549,0.983956,0.864369,0.806938,0.818809,0.956381,1.14805,1.35736,1.58125,1.81477,2.05205,2.28711,2.51422,2.72808,2.92383,1.17017,0.995788,0.841738,0.74471,0.749792,0.899319,1.12728,1.37497,1.63809,1.91021,2.1841,2.45262,2.70919,2.94787,3.16343,1.22926,1.02484,0.835356,0.701555,0.686198,0.842283,1.10652,1.39276,1.69536,2.00634,2.317,2.61906,2.90508,3.16853,3.4038,1.30744,1.07039,0.848445,0.672774,0.623457,0.785279,1.08579,1.41076,1.75312,2.1032,2.45079,2.78645,3.10191,3.39007,3.64496,1.39594,1.1284,0.871098,0.65795,0.568219,0.728311,1.06509,1.429,1.81145,2.20088,2.58554,2.95485,3.29972,3.6125,3.88691,1.4903,1.19269,0.900512,0.654224,0.521513,0.671386,1.04442,1.44753,1.8704,2.29946,2.72133,3.1243,3.49853,3.83585,4.12965,1.59792,1.27154,0.945128,0.655488,0.486028,0.617024,1.02378,1.46639,1.93006,2.39901,2.8582,3.29485,3.69836,4.06011,4.37318,1.71048,1.35132,0.991727,0.666727,0.454641,0.564139,1.00319,1.48565,1.99053,2.49963,2.99624,3.46654,3.89925,4.2853,4.61751
213,1.60368,1.57946,1.54134,1.48968,1.42882,1.36382,1.29997,1.25297,1.19529,1.16239,1.14615,1.14802,1.16841,1.20667,1.2611,1.45684,1.42776,1.39319,1.36598,1.3364,1.30555,1.27805,1.25811,1.24916,1.25368,1.2731,1.3079,1.35764,1.42099,1.49579,1.34373,1.31056,1.27202,1.24423,1.24407,1.2473,1.25613,1.27396,1.30324,1.34532,1.40055,1.4684,1.54756,1.63603,1.73117,1.24964,1.21353,1.17023,1.13901,1.15184,1.18906,1.23422,1.2899,1.35754,1.43735,1.52855,1.62956,1.73821,1.85181,1.96727,1.16688,1.12769,1.08131,1.04693,1.05971,1.13083,1.21232,1.30594,1.41209,1.52981,1.65713,1.79142,1.92961,2.06836,2.20409,1.12693,1.05187,1.0018,0.964845,0.974612,1.07263,1.19042,1.32208,1.46691,1.62273,1.78634,1.95401,2.1218,2.28569,2.44166,1.12317,1.01316,0.928552,0.889888,0.897461,1.01444,1.16854,1.33834,1.52204,1.71617,1.91623,2.11739,2.31481,2.50383,2.67998,1.14775,1.0045,0.882706,0.819459,0.825949,0.956278,1.14667,1.35473,1.57752,1.81016,2.04684,2.28159,2.50868,2.7228,2.91907,1.19425,1.01816,0.861875,0.758854,0.75798,0.898142,1.12482,1.37128,1.63337,1.90476,2.17823,2.44665,2.70343,2.94262,3.15894,1.25627,1.05026,0.857294,0.71902,0.694121,0.840037,1.10298,1.388,1.68965,2.00003,2.31045,2.61264,2.89911,3.16331,3.39958,1.33519,1.09652,0.872365,0.692337,0.632811,0.781968,1.08116,1.40493,1.74642,2.09603,2.44357,2.77958,3.09573,3.38488,3.64102,1.42576,1.1567,0.89726,0.679364,0.579794,0.72394,1.05936,1.42208,1.80373,2.19284,2.57765,2.94753,3.29333,3.60736,3.88325,1.52093,1.22433,0.929116,0.678076,0.534323,0.667601,1.03758,1.43951,1.86165,2.29053,2.71276,3.11653,3.49194,3.83074,4.12628,1.63176,1.3041,0.975717,0.680745,0.502022,0.613771,1.01584,1.45725,1.92027,2.3892,2.84895,3.28663,3.69158,4.05506,4.37011,1.74522,1.38596,1.02348,0.69529,0.4734,0.560225,0.994133,1.47536,1.97967,2.48892,2.98631,3.45788,3.89227,4.28031,4.61475
214,1.6719,1.65083,1.61162,1.55741,1.49246,1.42188,1.35112,1.28433,1.22972,1.18775,1.16246,1.15571,1.16821,1.19963,1.24853,1.51309,1.48816,1.45603,1.42715,1.39332,1.35686,1.32256,1.29492,1.27773,1.27382,1.28502,1.31216,1.35508,1.41272,1.48312,1.39373,1.36509,1.3284,1.29924,1.29428,1.29186,1.29401,1.30442,1.32591,1.36022,1.40807,1.46922,1.54263,1.62652,1.71842,1.29623,1.26385,1.22245,1.18927,1.19535,1.22688,1.26546,1.31399,1.37429,1.44699,1.53163,1.62692,1.7309,1.84107,1.95444,1.21046,1.17523,1.13041,1.09465,1.098,1.16193,1.23691,1.32362,1.42289,1.53414,1.65575,1.7853,1.91992,2.05639,2.19121,1.16704,1.09642,1.04849,1.00978,1.01073,1.09701,1.20836,1.33334,1.47173,1.62173,1.78047,1.94441,2.10974,2.27251,2.42874,1.16262,1.05645,0.973527,0.932331,0.930964,1.03212,1.17982,1.34316,1.52084,1.7098,1.90584,2.10429,2.30037,2.48945,2.66704,1.1873,1.04797,0.927897,0.860785,0.856848,0.967267,1.15128,1.35307,1.57025,1.79838,2.03191,2.26498,2.49187,2.70723,2.90613,1.23506,1.06279,0.907943,0.800958,0.788574,0.902461,1.12275,1.36311,1.61999,1.88754,2.15874,2.42653,2.68425,2.92588,3.14602,1.29902,1.0974,0.906351,0.763451,0.722486,0.837704,1.09422,1.37328,1.67012,1.97732,2.28639,2.58899,2.87757,3.14541,3.38671,1.38109,1.14646,0.923597,0.739551,0.6605,0.774863,1.0657,1.3836,1.72067,2.0678,2.4149,2.75241,3.07184,3.36586,3.62822,1.4748,1.21014,0.952223,0.729788,0.611217,0.71515,1.03719,1.39411,1.77171,2.15905,2.54436,2.91685,3.26712,3.58722,3.87056,1.57363,1.28246,0.989753,0.733136,0.573583,0.657541,1.00868,1.40483,1.82331,2.25113,2.67483,3.08234,3.46341,3.80953,4.11372,1.68876,1.36641,1.04018,0.741623,0.540943,0.602274,0.980186,1.41579,1.87553,2.34415,2.80638,3.24894,3.66077,4.0328,4.35772,1.8065,1.45314,1.09339,0.761213,0.520149,0.547416,0.951703,1.42706,1.92847,2.43819,2.93909,3.4167,3.8592,4.25703,4.60255
215,1.6437,1.61757,1.57498,1.5194,1.4553,1.38777,1.3221,1.27065,1.21544,1.18214,1.16571,1.1675,1.18779,1.22583,1.27985,1.47008,1.45205,1.43194,1.40419,1.37119,1.33751,1.30773,1.28596,1.27551,1.27872,1.29693,1.33053,1.37902,1.44098,1.51423,1.33855,1.31639,1.29416,1.28915,1.28715,1.28726,1.29338,1.3088,1.33583,1.3757,1.42869,1.49422,1.57096,1.65687,1.74931,1.23082,1.20478,1.17912,1.1743,1.20318,1.23701,1.27905,1.33176,1.3964,1.47311,1.56103,1.6586,1.76364,1.8735,1.98511,1.13852,1.10894,1.08042,1.07204,1.11929,1.18676,1.26474,1.35484,1.45727,1.57098,1.69399,1.8237,1.9571,2.09091,2.22163,1.06249,1.02344,0.992338,0.981227,1.03548,1.13652,1.25046,1.37806,1.51846,1.66937,1.82762,1.98956,2.15136,2.30911,2.4589,1.02729,0.952569,0.911666,0.898329,0.951777,1.08629,1.2362,1.40144,1.58,1.76831,1.96196,2.15623,2.34646,2.52813,2.69693,1.02322,0.913544,0.836626,0.821757,0.873934,1.03607,1.22197,1.425,1.64194,1.86786,2.09706,2.32375,2.54243,2.74798,2.93571,1.04399,0.900598,0.78795,0.751085,0.801177,0.985854,1.20777,1.44875,1.70432,1.96807,2.23298,2.49216,2.73929,2.96868,3.17526,1.08418,0.908357,0.75896,0.682968,0.73158,0.935651,1.19361,1.47274,1.76718,2.06901,2.36977,2.6615,2.93708,3.19024,3.41559,1.1387,0.931271,0.750542,0.635295,0.667663,0.885461,1.1795,1.49699,1.8306,2.17072,2.50748,2.83182,3.13582,3.41269,3.6567,1.20899,0.969628,0.753608,0.599886,0.604267,0.835286,1.16544,1.52155,1.89463,2.2733,2.64619,3.00316,3.33554,3.63603,3.89859,1.28832,1.01978,0.764753,0.576745,0.545675,0.785129,1.15145,1.54645,1.95935,2.37681,2.78595,3.17557,3.53627,3.86027,4.14127,1.37887,1.07817,0.791809,0.561479,0.489134,0.734993,1.13753,1.57175,2.02485,2.48134,2.92682,3.34907,3.73802,4.08543,4.38474,1.47372,1.14381,0.821553,0.555207,0.443767,0.684883,1.12369,1.59754,2.09122,2.58697,3.06887,3.52372,3.94082,4.31151,4.62899
216,1.53602,1.51427,1.47741,1.42887,1.37304,1.31486,1.21502,1.21128,1.17449,1.15205,1.146,1.15735,1.18612,1.23132,1.291,1.38371,1.36035,1.33778,1.3171,1.29234,1.26792,1.24818,1.23695,1.23719,1.25089,1.27904,1.32172,1.37815,1.44673,1.52508,1.26625,1.23865,1.2118,1.2055,1.21171,1.22098,1.23699,1.26273,1.30015,1.35014,1.41264,1.48675,1.57089,1.66286,1.75986,1.16795,1.1377,1.10636,1.09755,1.13114,1.17404,1.22583,1.28863,1.36338,1.44984,1.54682,1.65247,1.76438,1.87974,1.99535,1.08181,1.04879,1.01424,1.00267,1.05065,1.12711,1.21469,1.31467,1.42692,1.55002,1.68164,1.81891,1.95864,2.09738,2.23155,1.0206,0.968351,0.932054,0.917842,0.970239,1.08018,1.20357,1.34086,1.4908,1.65072,1.81713,1.98613,2.1537,2.31581,2.46848,0.995913,0.907812,0.8567,0.840302,0.890405,1.03326,1.19249,1.36723,1.55505,1.75199,1.95334,2.15415,2.34958,2.53504,2.70616,1.00346,0.880876,0.792018,0.767526,0.817122,0.98634,1.18145,1.39378,1.61971,1.85389,2.09032,2.32302,2.54633,2.75509,2.94457,1.0319,0.876266,0.752351,0.699737,0.748828,0.93943,1.17045,1.42056,1.68483,1.95646,2.22813,2.49278,2.74397,2.97598,3.18374,1.08145,0.893076,0.730973,0.640888,0.683127,0.892528,1.15949,1.44758,1.75047,2.05978,2.36682,2.66347,2.94253,3.19772,3.42367,1.14177,0.921736,0.724606,0.59699,0.621654,0.845636,1.14859,1.47489,1.81667,2.16389,2.50644,2.83513,3.14202,3.42032,3.66436,1.21252,0.962012,0.732658,0.565777,0.561582,0.798754,1.13775,1.50253,1.88352,2.26889,2.64705,3.00781,3.34248,3.6438,3.90582,1.29828,1.01708,0.750871,0.547729,0.50506,0.751885,1.12699,1.53055,1.95109,2.37483,2.78872,3.18155,3.54394,3.86817,4.14804,1.3874,1.0743,0.777086,0.533943,0.452513,0.705032,1.11632,1.55901,2.01947,2.48181,2.93151,3.35638,3.7464,4.09343,4.39103,1.48631,1.14382,0.810442,0.531093,0.40923,0.658198,1.10576,1.58798,2.08875,2.58991,3.07548,3.53234,3.94989,4.3196,4.63478
217,1.57752,1.55187,1.51092,1.45823,1.39827,1.33605,1.23094,1.22485,1.18455,1.15885,1.14981,1.15849,1.18492,1.2281,1.28609,1.41502,1.39468,1.37439,1.3497,1.3209,1.29246,1.26879,1.25372,1.25025,1.26041,1.28524,1.32486,1.37852,1.44465,1.52087,1.29209,1.26749,1.24391,1.24131,1.24358,1.24887,1.26092,1.2827,1.31622,1.3624,1.42123,1.49189,1.57284,1.66192,1.75635,1.19089,1.1615,1.13523,1.1331,1.16632,1.20529,1.25308,1.31182,1.38247,1.46483,1.55781,1.65961,1.76791,1.87994,1.99253,1.10255,1.07044,1.04103,1.03521,1.08912,1.1617,1.24527,1.34109,1.44904,1.56777,1.69503,1.82807,1.96375,2.09872,2.22943,1.03116,0.987977,0.956583,0.948289,1.01199,1.11812,1.23749,1.37052,1.51596,1.67124,1.83294,1.9973,2.1604,2.31828,2.46706,0.998372,0.920643,0.878831,0.868419,0.934936,1.07453,1.22976,1.40014,1.58328,1.77529,1.97158,2.16734,2.35787,2.53865,2.70542,0.995892,0.883343,0.806862,0.795902,0.859711,1.03096,1.22207,1.42997,1.65102,1.87998,2.111,2.33824,2.55621,2.75984,2.94452,1.01673,0.870821,0.75815,0.727041,0.789433,0.987381,1.21443,1.46003,1.71924,1.98536,2.25124,2.51002,2.75543,2.98186,3.18437,1.05611,0.877485,0.729749,0.661258,0.724305,0.943809,1.20685,1.49037,1.78799,2.09149,2.39238,2.68274,2.95557,3.20473,3.42498,1.10893,0.898699,0.718811,0.611991,0.660792,0.900242,1.19934,1.52101,1.85733,2.19843,2.53445,2.85644,3.15665,3.42846,3.66634,1.17669,0.93507,0.719534,0.57486,0.6017,0.85668,1.19191,1.552,1.92733,2.30627,2.67752,3.03115,3.35869,3.65306,3.90846,1.25281,0.981271,0.727419,0.54618,0.542786,0.813124,1.18457,1.5834,1.99807,2.41506,2.82165,3.20691,3.56171,3.87854,4.15135,1.34007,1.03678,0.750854,0.530665,0.488273,0.769575,1.17735,1.61526,2.06964,2.52489,2.96689,3.38376,3.76575,4.10491,4.39499,1.43107,1.09816,0.77646,0.519781,0.438201,0.726036,1.17026,1.94767,2.29213,2.63585,3.11331,3.56174,3.9708,4.33218,4.63939
218,1.72923,1.69424,1.64218,1.57676,1.50267,1.42521,1.29594,1.28147,1.22473,1.18306,1.15899,1.15394,1.16829,1.20132,1.25123,1.54884,1.5318,1.50434,1.46715,1.42448,1.38107,1.34163,1.31038,1.29076,1.28526,1.29535,1.32156,1.36346,1.41972,1.48814,1.40607,1.38516,1.36677,1.35768,1.34634,1.33694,1.3335,1.3394,1.35706,1.38787,1.43228,1.48984,1.55935,1.63885,1.72576,1.29412,1.26815,1.24535,1.24838,1.26825,1.29281,1.32541,1.36855,1.42363,1.49094,1.5698,1.65882,1.75599,1.85875,1.96409,1.19865,1.16957,1.14222,1.14234,1.19023,1.24869,1.31734,1.39785,1.49052,1.59449,1.70796,1.82854,1.95341,2.07942,2.20315,1.11469,1.08236,1.05173,1.04866,1.11227,1.20456,1.30931,1.42731,1.55776,1.69857,1.84679,1.99903,2.15164,2.30088,2.44296,1.05928,1.00297,0.970481,0.964336,1.03439,1.16044,1.30132,1.45695,1.62537,1.80323,1.98636,2.17033,2.35071,2.52316,2.68352,1.0406,0.94676,0.895409,0.88661,0.956587,1.11632,1.29337,1.48679,1.69341,1.90851,2.1267,2.34249,2.55065,2.74627,2.92483,1.04996,0.921321,0.831011,0.813952,0.882997,1.0722,1.28548,1.51686,1.76191,2.01448,2.26787,2.51555,2.75149,2.97024,3.16692,1.07816,0.917457,0.792249,0.746893,0.813218,1.02808,1.27764,1.5472,1.83093,2.12119,2.40992,2.68955,2.95326,3.19507,3.40978,1.12712,0.933099,0.768308,0.684667,0.748372,0.983973,1.26986,1.57783,1.90053,2.2287,2.55291,2.86453,3.15598,3.42077,3.65341,1.18699,0.960821,0.761294,0.638867,0.685787,0.939867,1.26217,1.60879,1.97077,2.33709,2.69689,3.04053,3.35968,3.64737,3.89782,1.25597,0.998129,0.767558,0.606583,0.626364,0.895766,1.25456,1.64015,2.04173,2.44642,2.84194,3.21759,3.56438,3.87487,4.14302,1.33876,1.0506,0.779265,0.582667,0.567918,0.851673,1.24706,1.67196,2.1135,2.55679,2.98809,3.39575,3.77011,4.10328,4.389,1.42733,1.10717,0.804802,0.567455,0.513297,0.807587,1.23969,2.00428,2.18616,2.66827,3.13543,3.57505,3.97687,4.3326,4.63575
219,1.65065,1.62377,1.58043,1.52411,1.45925,1.39095,1.32446,1.25832,1.21607,1.18184,1.16443,1.16522,1.18449,1.22151,1.27454,1.47682,1.45999,1.44067,1.41201,1.37807,1.3434,1.31258,1.28971,1.27811,1.28011,1.29709,1.32943,1.37665,1.43738,1.50942,1.3446,1.32364,1.3043,1.30007,1.29695,1.29586,1.30071,1.31478,1.34039,1.3788,1.43029,1.4943,1.56953,1.65398,1.74501,1.23649,1.21285,1.18846,1.18832,1.21589,1.24831,1.28886,1.33997,1.40294,1.47792,1.56408,1.65987,1.76317,1.87133,1.98132,1.14387,1.11702,1.09041,1.08513,1.13492,1.20078,1.27704,1.36529,1.46579,1.57751,1.6985,1.82617,1.95758,2.08947,2.21838,1.06597,1.03228,1.00268,0.994933,1.05402,1.15325,1.26524,1.39076,1.52897,1.67763,1.83359,1.99325,2.15281,2.30841,2.45618,1.02731,0.95787,0.922095,0.912912,0.973215,1.10572,1.25347,1.41639,1.59252,1.77831,1.9694,2.16113,2.34888,2.52817,2.69474,1.01853,0.914537,0.84907,0.838052,0.89593,1.0582,1.24173,1.44221,1.65646,1.87961,2.10599,2.32988,2.54583,2.74877,2.93406,1.03603,0.898766,0.795437,0.767216,0.823419,1.01069,1.23003,1.46823,1.72086,1.98157,2.24339,2.49952,2.74368,2.97023,3.17416,1.07032,0.900946,0.76436,0.7,0.75633,0.963193,1.21837,1.4945,1.78575,2.08427,2.38168,2.6701,2.94246,3.19255,3.41504,1.12343,0.923056,0.750285,0.648582,0.69217,0.915702,1.20676,1.52103,1.85121,2.18776,2.52091,2.84167,3.1422,3.41577,3.65671,1.19022,0.958134,0.749675,0.610312,0.630836,0.868223,1.19522,1.54788,1.91729,2.29213,2.66114,3.01427,3.34293,3.63988,3.89917,1.26233,1.00124,0.758996,0.581038,0.571774,0.820758,1.18374,1.57508,1.98407,2.39743,2.80242,3.18794,3.54467,3.86491,4.14241,1.35166,1.05887,0.780889,0.566457,0.515537,0.773311,1.17234,1.60271,2.05164,2.50377,2.94483,3.36272,3.74744,4.09085,4.38645,1.44187,1.11937,0.808472,0.556085,0.466667,0.725884,1.16104,1.93083,2.42009,2.61122,3.08842,3.53865,3.95126,4.31772,4.63128
220,1.57551,1.55289,1.51495,1.46508,1.40764,1.34758,1.28994,1.22161,1.20002,1.17482,1.16594,1.17447,1.2005,1.24313,1.3005,1.4078,1.39371,1.37906,1.35662,1.32981,1.30303,1.28067,1.26657,1.26378,1.27433,1.2993,1.33887,1.39232,1.45815,1.53406,1.27879,1.26077,1.24625,1.24833,1.25203,1.25849,1.27141,1.29384,1.3278,1.37425,1.43323,1.50394,1.58487,1.6739,1.76832,1.17224,1.15178,1.13241,1.14021,1.17431,1.21394,1.26218,1.32123,1.3921,1.47464,1.56776,1.66971,1.77817,1.89041,2.00331,1.08006,1.05684,1.03481,1.03891,1.09666,1.1694,1.25298,1.34877,1.45672,1.57551,1.70294,1.83622,1.97226,2.1077,2.23903,1.00317,0.972215,0.947339,0.949165,1.01909,1.12486,1.24381,1.37647,1.52168,1.67693,1.8388,2.00352,2.16716,2.32579,2.47549,0.963617,0.897249,0.868123,0.868031,0.941598,1.08032,1.23467,1.40434,1.58703,1.77892,1.9754,2.17164,2.36291,2.54469,2.71269,0.952724,0.85278,0.794845,0.792811,0.864399,1.03579,1.22558,1.43242,1.65281,1.88155,2.11278,2.34062,2.55953,2.76443,2.95066,0.968531,0.834963,0.738491,0.721069,0.793871,0.991264,1.21653,1.46073,1.71906,1.98488,2.251,2.5105,2.75706,2.98501,3.18939,0.999762,0.834169,0.706189,0.655642,0.726894,0.946743,1.20753,1.4893,1.78583,2.08896,2.39011,2.68133,2.95551,3.20646,3.42889,1.04984,0.853914,0.687678,0.599401,0.662552,0.902229,1.1986,1.51816,1.8532,2.19385,2.53018,2.85315,3.15492,3.42879,3.66917,1.11307,0.885718,0.683213,0.558633,0.602363,0.857722,1.18974,1.54737,1.92122,2.29964,2.67126,3.026,3.35531,3.65201,3.91022,1.18184,0.923569,0.692133,0.527731,0.543504,0.813225,1.18096,1.57697,1.98998,2.4064,2.8134,3.19992,3.5567,3.87612,4.15204,1.26529,0.977837,0.707024,0.50807,0.487056,0.768739,1.17229,1.60703,2.05956,2.51421,2.95668,3.37494,3.75911,4.10114,4.39465,1.3535,1.03487,0.73307,0.494293,0.434496,0.724266,1.31373,1.93763,2.28006,2.62316,3.10115,3.55112,3.96257,4.32707,4.63803
221,0.622899,0.597245,0.572792,0.551298,0.53449,0.523868,0.520475,0.640658,0.536205,0.553981,0.576549,0.602177,0.62909,0.655615,0.680275,0.601515,0.571629,0.54324,0.518357,0.498974,0.486837,0.483162,0.488393,0.502102,0.523082,0.549588,0.579613,0.611133,0.642259,0.671337,0.580612,0.54642,0.513989,0.485597,0.463531,0.449813,0.44586,0.452175,0.468225,0.492569,0.523162,0.557701,0.593896,0.629644,0.663121,0.560217,0.521645,0.485065,0.453036,0.428168,0.412798,0.408572,0.416058,0.434598,0.462476,0.497311,0.536478,0.577412,0.617795,0.65564,0.540358,0.497336,0.456495,0.420694,0.392896,0.375793,0.371298,0.380054,0.401247,0.432841,0.472078,0.515983,0.561712,0.606733,0.648908,0.521063,0.473522,0.428308,0.388593,0.357724,0.338799,0.33404,0.344175,0.3682,0.403705,0.447507,0.496258,0.546829,0.596482,0.642938,0.502361,0.45024,0.400539,0.356758,0.322664,0.301817,0.296801,0.308437,0.335493,0.375114,0.423646,0.477346,0.532795,0.587062,0.637739,0.484285,0.427524,0.373223,0.325217,0.287731,0.26485,0.259583,0.272859,0.303162,0.347119,0.400547,0.459289,0.519642,0.578493,0.633322,0.466865,0.405415,0.3464,0.294002,0.252941,0.227899,0.222388,0.237462,0.271252,0.319776,0.378265,0.442133,0.507402,0.570794,0.629696,0.450135,0.383953,0.320116,0.263151,0.218314,0.190967,0.185222,0.202272,0.239813,0.293145,0.356857,0.425923,0.496104,0.563981,0.626867,0.434129,0.363182,0.294416,0.232705,0.183871,0.154057,0.148087,0.16732,0.208903,0.267294,0.336384,0.410705,0.48578,0.558072,0.624842,0.41888,0.343149,0.269356,0.202712,0.149642,0.117173,0.11099,0.132641,0.178586,0.242296,0.316907,0.396523,0.476456,0.55308,0.623623,0.404424,0.3239,0.244991,0.173227,0.115657,0.0803184,0.073937,0.09828,0.148938,0.21823,0.298493,0.383423,0.468159,0.549016,0.623214,0.390796,0.305488,0.221386,0.144311,0.0819577,0.0435007,0.0369368,0.06429,0.120046,0.195182,0.281208,0.371448,0.460913,0.545891,0.623616,0.37803,0.287963,0.198608,0.116037,0.048591,0.00672683,0.15,0.330737,0.242007,0.173244,0.265118,0.360641,0.45474,0.543713,0.624826
222,0.619055,0.591226,0.564523,0.540816,0.521979,0.509684,0.505138,0.646437,0.52056,0.539211,0.563244,0.590808,0.619999,0.64902,0.676283,0.599202,0.567208,0.536575,0.509423,0.487903,0.473949,0.468969,0.473555,0.487343,0.509097,0.536974,0.568839,0.60253,0.636036,0.6676,0.579839,0.543613,0.508949,0.478233,0.453915,0.438228,0.432809,0.438333,0.454342,0.47936,0.511233,0.547515,0.585775,0.623789,0.659631,0.560991,0.520469,0.481673,0.447266,0.420025,0.402522,0.396656,0.4032,0.421579,0.450035,0.48606,0.526875,0.569768,0.612301,0.65239,0.542686,0.497808,0.454776,0.416543,0.386244,0.366832,0.360512,0.368167,0.38908,0.421159,0.4615,0.506959,0.554541,0.601595,0.645891,0.524951,0.47566,0.428288,0.386088,0.352585,0.331161,0.324379,0.333247,0.356874,0.392775,0.437598,0.48781,0.540125,0.591692,0.640147,0.507815,0.454061,0.402245,0.355931,0.319062,0.295511,0.288257,0.298455,0.324995,0.364929,0.414403,0.46947,0.526555,0.582615,0.635168,0.491308,0.433047,0.376685,0.326101,0.285693,0.259886,0.252149,0.263808,0.293481,0.337674,0.391967,0.451985,0.513862,0.574384,0.630963,0.47546,0.412655,0.351648,0.296636,0.252499,0.224288,0.216056,0.229325,0.262378,0.311066,0.370348,0.435398,0.502078,0.567016,0.627542,0.460302,0.392927,0.327182,0.267575,0.219501,0.188723,0.17998,0.195033,0.231735,0.28517,0.349604,0.419757,0.491234,0.560529,0.62491,0.445867,0.373906,0.303334,0.238965,0.18673,0.153195,0.143925,0.188232,0.201611,0.260052,0.329796,0.405107,0.481358,0.554938,0.623074,0.432185,0.355635,0.28016,0.210857,0.154218,0.117712,0.16244,0.208958,0.172074,0.235791,0.31099,0.391495,0.47248,0.550258,0.622037,0.419289,0.338162,0.257716,0.183311,0.122005,0.136827,0.153711,0.229983,0.170476,0.212467,0.293252,0.378966,0.464625,0.546499,0.621801,0.40721,0.321535,0.236067,0.156394,0.117413,0.128732,0.145016,0.251358,0.224178,0.217444,0.276649,0.367564,0.457817,0.543672,0.622367,0.39598,0.305801,0.21528,0.130183,0.085953,inf,inf,0.327695,inf,0.250817,0.261253,0.35733,0.452077,0.541783,0.623733
223,0.612171,0.586937,0.563369,0.543217,0.528151,0.519553,0.518293,0.636926,0.537821,0.556932,0.580334,0.606283,0.633036,0.658979,0.68271,0.589589,0.560205,0.532853,0.509538,0.492193,0.482431,0.481262,0.48889,0.504662,0.527206,0.554696,0.585118,0.616487,0.646989,0.675057,0.567464,0.533847,0.502599,0.476003,0.456282,0.445309,0.444259,0.453348,0.471775,0.497912,0.529632,0.56463,0.600672,0.635742,0.668114,0.545822,0.507889,0.472631,0.442627,0.420423,0.408189,0.407288,0.417945,0.439188,0.469088,0.505182,0.544856,0.58562,0.625258,0.661894,0.524693,0.48236,0.442974,0.409426,0.384622,0.37107,0.370351,0.382699,0.40693,0.440773,0.481389,0.525835,0.571361,0.615556,0.656408,0.504104,0.457292,0.413654,0.376418,0.348886,0.333952,0.333452,0.347626,0.375037,0.413011,0.458297,0.507605,0.557923,0.606657,0.651665,0.484088,0.432718,0.384704,0.343626,0.313223,0.296836,0.296598,0.312749,0.343544,0.385849,0.435953,0.490206,0.545336,0.598577,0.647674,0.464678,0.408677,0.356158,0.311072,0.277642,0.259721,0.259794,0.278091,0.312497,0.359339,0.414408,0.473678,0.533629,0.591333,0.644441,0.445906,0.385206,0.328053,0.278785,0.242154,0.222609,0.223047,0.243681,0.281943,0.333537,0.393713,0.458063,0.522828,0.584941,0.641974,0.427809,0.362348,0.300433,0.246795,0.206774,0.185498,0.186366,0.209553,0.251938,0.308506,0.373924,0.443402,0.512961,0.579415,0.640276,0.410423,0.340149,0.273343,0.215141,0.171515,0.148391,0.149761,0.175746,0.222543,0.284312,0.355096,0.429734,0.504052,0.574767,0.639351,0.393785,0.318656,0.246836,0.183864,0.136398,0.111286,0.113244,0.142307,0.193829,0.261025,0.337287,0.417101,0.496124,0.571008,0.6392,0.377934,0.297921,0.22097,0.153013,0.101446,0.074186,0.0768323,0.109291,0.165874,0.238722,0.320557,0.40554,0.4892,0.568145,0.639824,0.362909,0.277997,0.195808,0.122646,0.0666857,0.0370902,0.0405443,0.0767649,0.138769,0.217484,0.304965,0.39509,0.483298,0.566187,0.641222,0.348749,0.258942,0.171419,0.0928282,0.0321533,0,0.204405,0.344808,0.212611,0.197397,0.29057,0.385786,0.478435,0.565136,0.64339
224,0.624748,0.598602,0.573515,0.551266,0.533627,0.52216,0.517986,0.642874,0.532658,0.550262,0.572915,0.598869,0.626315,0.653538,0.679017,0.603913,0.573544,0.544501,0.518815,0.498524,0.485444,0.480882,0.485376,0.498575,0.519316,0.545861,0.576183,0.608219,0.640038,0.669938,0.58356,0.548896,0.515796,0.486554,0.463501,0.448739,0.443787,0.449258,0.46471,0.488749,0.519338,0.554148,0.590847,0.627285,0.661588,0.563714,0.524688,0.487426,0.454501,0.428566,0.412045,0.406701,0.413233,0.431085,0.458595,0.493387,0.532802,0.574231,0.615303,0.653982,0.544402,0.500948,0.459417,0.422676,0.39373,0.375364,0.369627,0.377313,0.397727,0.428892,0.468049,0.512186,0.558404,0.604117,0.647133,0.525652,0.477707,0.4318,0.391103,0.359003,0.338698,0.332566,0.341509,0.364664,0.399681,0.443371,0.492341,0.543398,0.593748,0.641054,0.507493,0.455,0.404609,0.359807,0.324399,0.302049,0.295518,0.305836,0.331929,0.371008,0.419402,0.473311,0.529248,0.584218,0.635756,0.489954,0.432863,0.377879,0.328818,0.289934,0.265419,0.258487,0.270312,0.299561,0.342925,0.396194,0.455141,0.515985,0.575548,0.631251,0.473068,0.411333,0.351651,0.298169,0.255623,0.22881,0.221474,0.234958,0.267601,0.315488,0.373803,0.437876,0.503643,0.567757,0.627546,0.456865,0.390451,0.325969,0.267897,0.22149,0.192227,0.184483,0.199796,0.236101,0.288757,0.352287,0.421562,0.492253,0.560864,0.624649,0.441378,0.37026,0.300881,0.238046,0.187559,0.155672,0.147517,0.164857,0.205117,0.262802,0.331707,0.406248,0.481845,0.554884,0.622565,0.42664,0.350804,0.276439,0.208664,0.153858,0.119152,0.110579,0.130174,0.174714,0.237696,0.312129,0.391978,0.472448,0.549831,0.6213,0.412684,0.33213,0.2527,0.179806,0.120424,0.0826727,0.0736757,0.0957907,0.144969,0.213521,0.293619,0.3788,0.464088,0.545719,0.620856,0.399544,0.314287,0.229725,0.151536,0.0872976,0.0462413,0.0368132,0.181758,0.175967,0.190364,0.276244,0.366757,0.456792,0.542558,0.621233,0.387252,0.297326,0.207583,0.123926,0.0545311,0.00986817,0.18,0.328138,0.267809,0.168318,0.260075,0.355894,0.45058,0.540355,0.622431
225,0.615288,0.587088,0.560105,0.536237,0.517381,0.505222,0.500968,0.646638,0.517343,0.536576,0.561204,0.589342,0.619063,0.648557,0.676227,0.595409,0.563076,0.5322,0.504931,0.483443,0.469686,0.465067,0.47015,0.484529,0.506915,0.535419,0.56787,0.602085,0.636042,0.667977,0.576012,0.539479,0.504609,0.473819,0.449586,0.434161,0.429175,0.435273,0.451943,0.477646,0.510178,0.547055,0.58583,0.624267,0.660442,0.557123,0.516325,0.477359,0.442921,0.415821,0.398647,0.393295,0.400495,0.419609,0.448804,0.48552,0.526937,0.57033,0.613256,0.653637,0.538769,0.493644,0.450477,0.412258,0.382156,0.363147,0.357427,0.365828,0.387554,0.420429,0.461489,0.507554,0.555616,0.60303,0.647574,0.520977,0.471468,0.423996,0.381853,0.348606,0.327662,0.321573,0.331285,0.355809,0.392564,0.438131,0.488948,0.541722,0.59361,0.642264,0.503776,0.449831,0.397949,0.351735,0.315182,0.292193,0.285734,0.296883,0.32441,0.365256,0.415497,0.471163,0.528678,0.585017,0.637718,0.487196,0.42877,0.372374,0.321934,0.281903,0.256744,0.249914,0.26264,0.293397,0.338559,0.393639,0.454242,0.516517,0.57727,0.633944,0.471267,0.408323,0.347312,0.292485,0.248786,0.221317,0.214114,0.22858,0.262816,0.312531,0.372613,0.438231,0.505268,0.570386,0.63095,0.456021,0.38853,0.322809,0.263427,0.215854,0.185917,0.178338,0.194728,0.232721,0.287236,0.352478,0.423173,0.494962,0.564382,0.628741,0.44149,0.369435,0.298913,0.234806,0.183135,0.150546,0.14259,0.161118,0.203172,0.262744,0.333294,0.409114,0.485626,0.559271,0.627323,0.427706,0.351081,0.27568,0.206673,0.150659,0.115212,0.106875,0.127788,0.174241,0.239131,0.315127,0.396099,0.477287,0.555067,0.626698,0.414701,0.333517,0.253166,0.179088,0.118466,0.0799197,0.0711997,0.154785,0.206008,0.216481,0.298041,0.384171,0.46997,0.551779,0.626867,0.402507,0.31679,0.231435,0.152116,0.0866016,0.0446789,0.155571,inf,0.298565,0.194882,0.282102,0.373373,0.463697,0.549416,0.62783,0.391156,0.300949,0.210556,0.125834,0.0551222,0.0695007,0.3,inf,0.392019,0.23443,0.267379,0.363743,0.458486,0.547985,0.629585
226,0.636184,0.612097,0.588807,0.567982,0.551282,0.540178,0.53574,0.639628,0.548125,0.563909,0.584474,0.608206,0.63341,0.658456,0.681885,0.614521,0.586115,0.558793,0.534468,0.51506,0.502282,0.497386,0.500929,0.512652,0.531534,0.555994,0.584149,0.614046,0.643833,0.671861,0.593335,0.56054,0.529084,0.501142,0.478917,0.464397,0.45904,0.463481,0.477385,0.499525,0.528036,0.56074,0.595412,0.629971,0.662588,0.572653,0.535398,0.499704,0.46802,0.442862,0.426525,0.420702,0.426118,0.442347,0.467915,0.500639,0.538016,0.577539,0.616897,0.65408,0.5525,0.510719,0.470679,0.435123,0.406904,0.388666,0.382373,0.388852,0.40756,0.43674,0.473845,0.51602,0.560463,0.604634,0.646354,0.532904,0.486531,0.442039,0.402472,0.371055,0.350824,0.344055,0.351692,0.373053,0.406041,0.4477,0.494794,0.544219,0.593208,0.639425,0.513894,0.46287,0.413816,0.370092,0.335328,0.312998,0.305749,0.314654,0.338856,0.375862,0.422251,0.474383,0.528841,0.582643,0.633303,0.4955,0.43977,0.386045,0.338012,0.299735,0.275193,0.267456,0.277751,0.305005,0.346252,0.397552,0.454832,0.514363,0.57296,0.628003,0.477752,0.417267,0.358764,0.306262,0.264296,0.237411,0.229179,0.241002,0.271539,0.317266,0.373659,0.436188,0.500822,0.564181,0.623534,0.460682,0.395402,0.332016,0.274879,0.229028,0.199655,0.190918,0.204429,0.238506,0.288963,0.350629,0.418501,0.48825,0.556326,0.619905,0.444322,0.374217,0.305847,0.243903,0.193957,0.161929,0.152678,0.168057,0.205957,0.26141,0.328525,0.401818,0.47668,0.549414,0.617124,0.428706,0.353755,0.280308,0.213379,0.159109,0.124238,0.114462,0.131916,0.173956,0.234679,0.307414,0.38619,0.466144,0.543461,0.615195,0.413867,0.334063,0.255452,0.183361,0.124516,0.0865883,0.0762732,0.0960452,0.142571,0.208851,0.287363,0.371664,0.456672,0.538482,0.614124,0.399838,0.315188,0.231341,0.153908,0.0902193,0.0489878,0.0381171,0.160488,0.111885,0.184011,0.268442,0.35829,0.448291,0.53449,0.613912,0.386653,0.297181,0.208037,0.125087,0.0562641,0.0114458,0.1,0.2253,0.381991,0.160253,0.250725,0.346113,0.441028,0.531493,0.61456
227,0.627375,0.60084,0.575202,0.552258,0.533814,0.521491,0.516487,0.644977,0.529906,0.547209,0.569813,0.595959,0.623812,0.651619,0.677816,0.607054,0.576297,0.54668,0.520245,0.499068,0.485028,0.47952,0.483184,0.495753,0.516121,0.542568,0.573055,0.605488,0.637891,0.668522,0.587213,0.55217,0.518475,0.488431,0.464409,0.448578,0.44256,0.447084,0.461809,0.485403,0.515849,0.5508,0.587888,0.624916,0.659965,0.56788,0.528486,0.490612,0.456836,0.429847,0.412144,0.405607,0.41107,0.428095,0.455089,0.489695,0.529233,0.571048,0.612719,0.652161,0.54908,0.505274,0.463119,0.425479,0.395393,0.375726,0.368661,0.37515,0.394635,0.425217,0.464151,0.508395,0.555,0.601324,0.645122,0.530839,0.482566,0.436027,0.394386,0.361058,0.339329,0.331725,0.339337,0.36146,0.395827,0.439261,0.488329,0.539778,0.590754,0.638864,0.513187,0.460394,0.409369,0.363582,0.326858,0.302953,0.294799,0.303644,0.328599,0.366967,0.415077,0.469079,0.525418,0.581033,0.633398,0.496153,0.438795,0.383182,0.333098,0.292809,0.266601,0.257884,0.268087,0.296091,0.338686,0.39165,0.450691,0.511952,0.57218,0.628734,0.479766,0.417805,0.357505,0.302968,0.25893,0.230279,0.220982,0.232685,0.263978,0.311042,0.369038,0.433213,0.499414,0.564217,0.624883,0.464057,0.397464,0.332383,0.27323,0.225243,0.193989,0.184096,0.19746,0.232308,0.284097,0.3473,0.416691,0.487837,0.557162,0.621852,0.449057,0.377813,0.307863,0.243929,0.191776,0.157738,0.147227,0.16244,0.201139,0.257918,0.326499,0.401174,0.477253,0.551033,0.619647,0.434797,0.358896,0.283996,0.215113,0.15856,0.121531,0.110378,0.127657,0.170534,0.232583,0.306702,0.38671,0.46769,0.545844,0.618273,0.42131,0.340759,0.260839,0.186839,0.125632,0.0853769,0.0735545,0.0931505,0.140569,0.208172,0.287976,0.373347,0.459178,0.541608,0.617732,0.408627,0.323448,0.238453,0.159171,0.0930377,0.0492859,0.0967597,0.178969,0.231331,0.184776,0.270393,0.361131,0.451741,0.538336,0.618026,0.39678,0.307011,0.216902,0.13218,0.060831,0.013271,0.18,0.325173,0.32292,0.162491,0.254023,0.350107,0.445404,0.536037,0.619154
228,0.62616,0.600042,0.574912,0.552548,0.534725,0.523019,0.518573,0.643309,0.532722,0.55013,0.572655,0.598554,0.626016,0.653319,0.678931,0.605378,0.575036,0.545945,0.520131,0.499637,0.486292,0.48143,0.485621,0.498551,0.519083,0.545495,0.575768,0.607832,0.639748,0.669803,0.585073,0.550438,0.517285,0.487903,0.464628,0.449576,0.444295,0.449437,0.464597,0.488415,0.518869,0.553636,0.590378,0.626931,0.661412,0.56527,0.526275,0.488957,0.455883,0.429709,0.412872,0.40717,0.413344,0.430884,0.458161,0.492818,0.532199,0.573685,0.614894,0.653773,0.545995,0.502577,0.460989,0.424091,0.394888,0.376182,0.370056,0.377355,0.397436,0.428359,0.467383,0.511496,0.557789,0.60366,0.6469,0.527277,0.479374,0.43341,0.392549,0.360176,0.339506,0.332954,0.341482,0.364284,0.399051,0.442612,0.49157,0.542721,0.593251,0.640806,0.509144,0.4567,0.406253,0.361283,0.325588,0.302848,0.295866,0.305739,0.33146,0.370282,0.418553,0.472465,0.528516,0.58369,0.635502,0.491625,0.43459,0.379555,0.330322,0.291137,0.266208,0.258794,0.270145,0.299001,0.342105,0.395259,0.454226,0.515207,0.574998,0.630999,0.474752,0.413082,0.353355,0.299699,0.256842,0.229591,0.22174,0.234718,0.266952,0.314576,0.372787,0.4369,0.502826,0.567194,0.627306,0.458554,0.392216,0.327696,0.269452,0.222724,0.192999,0.184707,0.199482,0.235362,0.287756,0.351195,0.420532,0.491406,0.560296,0.624429,0.443065,0.372033,0.302626,0.239622,0.188808,0.156437,0.147697,0.164468,0.204287,0.261715,0.330547,0.405171,0.480977,0.554321,0.622376,0.428317,0.352579,0.278196,0.210258,0.155121,0.11991,0.110716,0.129709,0.173795,0.236527,0.310906,0.390864,0.471569,0.549283,0.62115,0.414342,0.333898,0.254462,0.181415,0.1217,0.0834236,0.0737685,0.095247,0.14396,0.212273,0.292339,0.377656,0.463208,0.545195,0.620753,0.401174,0.31604,0.231486,0.153155,0.0885867,0.0469863,0.0968603,0.181133,0.17487,0.189042,0.274917,0.365594,0.455919,0.542067,0.621187,0.388845,0.299054,0.209333,0.125549,0.055831,0.0106081,0.24,0.327431,0.326624,0.166929,0.258709,0.354721,0.449726,0.539907,0.622451
229,0.619341,0.594674,0.571433,0.551333,0.536028,0.526909,0.524888,0.636551,0.542481,0.560591,0.583066,0.608208,0.634295,0.659721,0.683077,0.596643,0.567767,0.540672,0.517327,0.499647,0.489254,0.487211,0.493806,0.508487,0.529982,0.556537,0.586182,0.616951,0.647027,0.67483,0.574404,0.541237,0.510179,0.483471,0.463317,0.451601,0.449557,0.457502,0.474754,0.499796,0.530577,0.564835,0.600348,0.635089,0.667313,0.552648,0.51511,0.479976,0.44978,0.427044,0.41395,0.411929,0.421327,0.441308,0.470069,0.505226,0.544205,0.584517,0.62393,0.660538,0.531404,0.489415,0.450089,0.416271,0.390835,0.376301,0.37433,0.385296,0.408177,0.440839,0.480526,0.524329,0.56949,0.61357,0.654517,0.510702,0.464182,0.420545,0.382962,0.354696,0.338655,0.336763,0.349426,0.375394,0.412149,0.456523,0.505249,0.555296,0.60403,0.649262,0.490571,0.439446,0.391375,0.349874,0.318638,0.301012,0.299233,0.313736,0.342997,0.384048,0.433265,0.487005,0.541967,0.595329,0.644781,0.471043,0.415242,0.362613,0.317033,0.282668,0.263372,0.261745,0.278249,0.311026,0.356587,0.410802,0.46964,0.529532,0.587486,0.641083,0.452151,0.39161,0.334296,0.284466,0.246801,0.225736,0.224304,0.242991,0.279528,0.329822,0.389189,0.453197,0.518022,0.580517,0.638176,0.433931,0.368589,0.306467,0.252205,0.211049,0.188105,0.186918,0.207993,0.248558,0.303816,0.36848,0.437718,0.507464,0.574438,0.636063,0.416417,0.346226,0.279171,0.220287,0.175429,0.150479,0.149595,0.173291,0.218176,0.278634,0.348735,0.423246,0.497885,0.569262,0.634751,0.399646,0.324566,0.25246,0.188753,0.139961,0.11286,0.112345,0.13893,0.188451,0.254349,0.330013,0.409825,0.489311,0.565002,0.63424,0.383656,0.303659,0.226389,0.157652,0.10467,0.0752473,0.0751816,0.10496,0.159459,0.231038,0.312376,0.397494,0.481765,0.561666,0.634533,0.368484,0.283558,0.201022,0.127042,0.0695836,0.0376439,0.13812,0.171444,0.131289,0.208785,0.295887,0.386294,0.475269,0.559264,0.635627,0.35417,0.264319,0.176424,0.0969863,0.0347393,0.200051,inf,inf,0.40404,0.187677,0.280607,0.376263,0.46984,0.5578,0.637523
230,0.616681,0.590857,0.566429,0.545175,0.528828,0.518868,0.516294,0.639623,0.533852,0.552494,0.575816,0.602059,0.629434,0.656267,0.68109,0.594787,0.564783,0.536498,0.511964,0.493181,0.481873,0.479198,0.485518,0.500311,0.522289,0.549645,0.580345,0.612351,0.64378,0.672994,0.573353,0.539092,0.506843,0.478912,0.457592,0.44488,0.442122,0.44972,0.467027,0.492504,0.524043,0.55931,0.596009,0.63205,0.665628,0.552406,0.51381,0.477488,0.446034,0.422066,0.40789,0.40507,0.414047,0.434026,0.463176,0.499049,0.538992,0.580441,0.621098,0.659005,0.531972,0.488968,0.448459,0.413348,0.38661,0.370905,0.368043,0.378513,0.401336,0.434344,0.474707,0.51943,0.565677,0.610947,0.653135,0.512081,0.464595,0.419785,0.380874,0.351233,0.333923,0.331045,0.343135,0.368991,0.406052,0.451064,0.500665,0.551748,0.601615,0.648031,0.492763,0.440726,0.391496,0.348635,0.315945,0.296946,0.294079,0.307931,0.337028,0.378348,0.428166,0.482739,0.538685,0.593124,0.643701,0.474048,0.417397,0.363627,0.316656,0.280756,0.259975,0.25715,0.272923,0.305488,0.351285,0.406067,0.465695,0.526518,0.58549,0.640153,0.455969,0.394646,0.336218,0.284967,0.245681,0.223011,0.220263,0.238139,0.27442,0.32492,0.38482,0.449574,0.515277,0.578731,0.637395,0.438559,0.372513,0.30931,0.253601,0.210734,0.186053,0.183425,0.203609,0.243878,0.299316,0.364483,0.434422,0.50499,0.572862,0.635432,0.421854,0.351044,0.28295,0.222597,0.175935,0.149104,0.146644,0.169368,0.213924,0.274541,0.345114,0.42028,0.495684,0.567896,0.634267,0.405888,0.330283,0.25719,0.191999,0.141306,0.112165,0.109928,0.135462,0.184627,0.250669,0.326774,0.407192,0.487384,0.563845,0.633903,0.390698,0.310281,0.232087,0.161858,0.106873,0.0752382,0.0732897,0.101942,0.156068,0.227778,0.309525,0.395199,0.480113,0.560718,0.63434,0.376319,0.291089,0.207703,0.132234,0.0726703,0.138326,0.136744,0.26887,0.228335,0.205954,0.293431,0.384341,0.473892,0.558523,0.635578,0.362789,0.27276,0.184106,0.103194,0.0387377,0.301431,inf,inf,0.401532,0.185285,0.278555,0.374655,0.46874,0.557266,0.637614
231,0.602658,0.573641,0.546224,0.522371,0.504026,0.492871,0.490053,0.645707,0.510069,0.531184,0.557549,0.587195,0.618148,0.648585,0.676917,0.582436,0.549364,0.518162,0.491052,0.470261,0.457736,0.454809,0.461897,0.478398,0.502838,0.533183,0.567177,0.602599,0.637424,0.669909,0.562679,0.525481,0.490389,0.459902,0.436558,0.422605,0.419586,0.427963,0.446995,0.474927,0.509398,0.547844,0.587788,0.627008,0.663611,0.543412,0.502018,0.46293,0.42894,0.402925,0.387478,0.384386,0.394161,0.415888,0.447489,0.486237,0.529235,0.573747,0.617356,0.658034,0.524663,0.479007,0.435813,0.398183,0.36937,0.352356,0.349212,0.360504,0.385109,0.420567,0.463742,0.511388,0.560504,0.608489,0.653189,0.506461,0.456477,0.409068,0.367654,0.335903,0.317239,0.314067,0.327013,0.354692,0.394207,0.441961,0.494343,0.548089,0.600425,0.649083,0.488834,0.434465,0.382729,0.337379,0.302535,0.282128,0.278956,0.293706,0.32468,0.368458,0.420943,0.47814,0.536532,0.593181,0.645727,0.471814,0.413006,0.356831,0.307385,0.269278,0.247024,0.243884,0.260611,0.295116,0.343376,0.400741,0.462823,0.525859,0.586774,0.643124,0.455431,0.39214,0.331417,0.277706,0.23615,0.211929,0.208856,0.227755,0.266054,0.319022,0.381408,0.448431,0.516099,0.581217,0.641282,0.43972,0.371908,0.30653,0.248379,0.203167,0.176843,0.173879,0.195174,0.237553,0.295462,0.363003,0.435006,0.507278,0.576524,0.640203,0.424712,0.352354,0.282221,0.219446,0.170352,0.141768,0.138962,0.162908,0.209679,0.272764,0.345582,0.422589,0.499418,0.572706,0.639889,0.410442,0.333525,0.258543,0.190957,0.137733,0.106706,0.104117,0.131009,0.18251,0.251007,0.329207,0.411221,0.492543,0.569771,0.640342,0.396945,0.315469,0.235556,0.162969,0.105341,0.14666,0.219356,0.249535,0.231133,0.230272,0.313938,0.400938,0.486673,0.567728,0.64156,0.384254,0.298237,0.213325,0.135548,0.0732163,0.261634,inf,inf,0.430644,0.210644,0.299834,0.391777,0.481824,0.56658,0.64354,0.372403,0.281882,0.19192,0.10877,0.0414086,0.301631,inf,inf,inf,0.267214,0.286957,0.383772,0.478012,0.566331,0.64628
232,0.61416,0.591085,0.569801,0.551939,0.53902,0.532248,0.631855,0.539301,0.552588,0.571047,0.593188,0.617374,0.64198,0.665516,0.686694,0.58981,0.562625,0.537671,0.516834,0.501882,0.494224,0.494671,0.503266,0.519279,0.541346,0.567718,0.596494,0.625818,0.653999,0.679585,0.565884,0.534498,0.505763,0.481839,0.464771,0.456201,0.457065,0.467388,0.486277,0.512113,0.542852,0.576318,0.61041,0.643239,0.673198,0.542407,0.506728,0.474095,0.446965,0.427691,0.418178,0.419509,0.431683,0.453613,0.483385,0.518632,0.556881,0.595785,0.633258,0.667543,0.519406,0.479342,0.442689,0.412224,0.390643,0.380156,0.382011,0.39617,0.421318,0.455202,0.495099,0.538221,0.58197,0.624073,0.662632,0.496912,0.45237,0.411569,0.37763,0.353633,0.342135,0.344576,0.36087,0.389429,0.427609,0.472297,0.520374,0.568994,0.615701,0.658472,0.474955,0.425844,0.380763,0.3432,0.316666,0.304115,0.307212,0.325808,0.357986,0.400655,0.450272,0.50338,0.556885,0.60816,0.655069,0.453568,0.399799,0.350301,0.308953,0.279745,0.266095,0.26993,0.291012,0.327033,0.37439,0.429074,0.487278,0.545668,0.601465,0.652432,0.432786,0.374273,0.320215,0.27491,0.242879,0.228077,0.232739,0.256515,0.296622,0.348871,0.408752,0.472106,0.535371,0.595629,0.650563,0.412645,0.349306,0.290545,0.241096,0.206074,0.19006,0.195653,0.222355,0.266809,0.324158,0.38936,0.457903,0.526016,0.590664,0.649468,0.393183,0.324943,0.261332,0.207539,0.169339,0.152044,0.158688,0.188575,0.237657,0.300316,0.37095,0.444707,0.517628,0.586583,0.649146,0.374439,0.301231,0.232624,0.174275,0.132687,0.11403,0.121863,0.155229,0.209236,0.277413,0.353579,0.432556,0.510227,0.583392,0.6496,0.356455,0.278222,0.204474,0.141342,0.0961288,0.0760176,0.0852004,0.122375,0.181625,0.255524,0.337301,0.421485,0.503833,0.5811,0.650828,0.339272,0.255971,0.176941,0.108786,0.0596827,0.0380075,0.16873,0.270085,0.154911,0.234724,0.322172,0.411529,0.498463,0.579711,0.652828,0.322934,0.234535,0.150091,0.0766622,0.0233685,0.18,0.312486,0.358442,0.189189,0.215093,0.308246,0.402719,0.494131,0.579229,0.655597
233,0.615322,0.592866,0.57222,0.554981,0.542624,0.53631,0.630405,0.543798,0.557017,0.575221,0.596941,0.620571,0.64452,0.667332,0.687751,0.590457,0.563899,0.539611,0.519443,0.505117,0.497988,0.498814,0.507601,0.523602,0.545462,0.571454,0.599711,0.62841,0.655896,0.68075,0.566007,0.535253,0.507212,0.484008,0.467633,0.459667,0.460986,0.471569,0.490505,0.51618,0.54658,0.579561,0.61306,0.645224,0.674475,0.541998,0.506955,0.475043,0.448684,0.430174,0.421347,0.423214,0.435719,0.457753,0.487412,0.522358,0.560156,0.598497,0.635332,0.668935,0.518457,0.47903,0.443125,0.413484,0.392744,0.38303,0.385506,0.40007,0.425382,0.459198,0.498831,0.541534,0.58475,0.626241,0.664141,0.495414,0.451507,0.411481,0.378421,0.355345,0.344714,0.347867,0.364644,0.393425,0.431583,0.476042,0.523731,0.571846,0.617967,0.6601,0.472899,0.424418,0.380136,0.34351,0.317982,0.306399,0.310308,0.329466,0.361926,0.404614,0.454037,0.506787,0.559812,0.610526,0.65682,0.450946,0.397797,0.34912,0.308769,0.280659,0.268087,0.272838,0.294566,0.330928,0.378345,0.432866,0.490738,0.548676,0.603934,0.654306,0.429589,0.371682,0.318466,0.274216,0.243382,0.229778,0.235469,0.259978,0.300482,0.35283,0.412577,0.475625,0.538461,0.598204,0.652563,0.408865,0.346112,0.288209,0.239877,0.206157,0.191472,0.198216,0.225739,0.270646,0.328129,0.393224,0.461485,0.529193,0.593347,0.651594,0.388811,0.321133,0.258391,0.205777,0.168992,0.153168,0.161096,0.191896,0.241483,0.304307,0.374858,0.448356,0.520893,0.589375,0.651401,0.369468,0.29679,0.229059,0.171948,0.131896,0.114869,0.124129,0.1585,0.213062,0.281432,0.357535,0.436274,0.513583,0.586296,0.651984,0.350878,0.273136,0.200263,0.138428,0.09488,0.0765737,0.0873398,0.125614,0.185462,0.259576,0.341309,0.425275,0.507282,0.584116,0.653342,0.333084,0.250225,0.172061,0.105259,0.0579588,0.113284,0.27576,0.243308,0.158769,0.238815,0.326235,0.415392,0.502005,0.582841,0.655472,0.316129,0.228117,0.14452,0.0724937,0.0211495,0.225,inf,0.361667,0.133078,0.219228,0.312367,0.406657,0.497767,0.582472,0.658371
234,0.60909,0.584224,0.561128,0.54154,0.527104,0.519165,0.518543,0.635997,0.539105,0.558546,0.582138,0.608143,0.634832,0.660613,0.684103,0.585937,0.556991,0.530209,0.507583,0.491018,0.48208,0.48172,0.490078,0.50645,0.529434,0.557196,0.587728,0.619066,0.649417,0.677239,0.56321,0.530099,0.499521,0.473745,0.454965,0.444995,0.444938,0.454928,0.4741,0.500791,0.532862,0.568022,0.604059,0.638983,0.6711,0.540936,0.503574,0.469086,0.44004,0.418947,0.407911,0.408202,0.419945,0.442086,0.472655,0.509178,0.54906,0.589839,0.629331,0.665697,0.519141,0.477443,0.438927,0.40648,0.38297,0.370827,0.371517,0.385148,0.410439,0.445066,0.486186,0.53088,0.576435,0.62048,0.66104,0.497854,0.451735,0.409068,0.373081,0.347038,0.333743,0.334889,0.35056,0.379196,0.41807,0.463931,0.513521,0.563875,0.612446,0.657137,0.477105,0.426483,0.379539,0.339862,0.311157,0.296659,0.298327,0.316204,0.348399,0.391718,0.44246,0.497021,0.552187,0.605246,0.653995,0.456926,0.401722,0.350369,0.306842,0.275333,0.259575,0.261839,0.282108,0.318094,0.366061,0.421824,0.48142,0.541399,0.598896,0.651619,0.437351,0.377489,0.321595,0.274046,0.239574,0.222492,0.225434,0.248307,0.288333,0.341158,0.402075,0.466758,0.531534,0.593409,0.650015,0.418416,0.353825,0.293255,0.2415,0.203891,0.185409,0.189127,0.214838,0.259174,0.317071,0.383264,0.453073,0.522618,0.588797,0.649185,0.400155,0.330775,0.265394,0.209236,0.168292,0.148326,0.15293,0.181747,0.230682,0.293866,0.365449,0.440404,0.514674,0.585069,0.649131,0.382608,0.308384,0.238058,0.177292,0.132794,0.111244,0.116864,0.149086,0.20293,0.271615,0.348683,0.428789,0.507722,0.582236,0.649853,0.365813,0.286705,0.211304,0.145709,0.0974113,0.074162,0.155949,0.191917,0.176,0.250392,0.333025,0.418262,0.501782,0.580302,0.651349,0.349811,0.265789,0.185191,0.114538,0.062165,0.262081,inf,0.385315,0.224982,0.230277,0.318529,0.408859,0.496868,0.579273,0.653616,0.334641,0.245694,0.159787,0.0838389,0.102081,inf,inf,inf,0.274977,0.211351,0.305252,0.40061,0.492997,0.57915,0.656652
235,0.624028,0.599214,0.575577,0.554836,0.538678,0.528559,0.525484,0.638664,0.541249,0.558767,0.580933,0.606054,0.632391,0.658299,0.682326,0.601728,0.572694,0.545162,0.521103,0.502468,0.49095,0.48772,0.493194,0.506942,0.527779,0.553994,0.583621,0.614668,0.645277,0.673816,0.579879,0.546547,0.515016,0.487526,0.466314,0.453344,0.449975,0.45667,0.472889,0.497211,0.527627,0.561876,0.597702,0.633031,0.66606,0.558504,0.5208,0.485162,0.454118,0.430221,0.415742,0.412252,0.420269,0.439116,0.467098,0.501873,0.540858,0.581526,0.621586,0.659072,0.537632,0.495481,0.455626,0.420896,0.394198,0.378143,0.374554,0.384003,0.405651,0.43748,0.476775,0.520607,0.566171,0.610964,0.652864,0.517289,0.470619,0.426433,0.38788,0.35825,0.340548,0.336883,0.34789,0.372527,0.408401,0.45238,0.501166,0.551671,0.601186,0.647448,0.497504,0.446247,0.397615,0.355091,0.322389,0.302959,0.299244,0.311947,0.33978,0.37991,0.428737,0.482577,0.538056,0.592272,0.642833,0.478309,0.4224,0.369204,0.322554,0.286624,0.265374,0.261641,0.276196,0.307451,0.352057,0.405898,0.464884,0.525359,0.584243,0.639029,0.459735,0.399115,0.341238,0.290297,0.250968,0.227796,0.224078,0.240662,0.275588,0.324902,0.38392,0.448131,0.513611,0.577115,0.636044,0.441814,0.376432,0.313756,0.258351,0.215436,0.190226,0.186562,0.205375,0.244243,0.298507,0.362859,0.432363,0.502841,0.570905,0.633882,0.424581,0.354393,0.286805,0.226753,0.180046,0.152663,0.149099,0.17037,0.213477,0.27294,0.342776,0.417626,0.493077,0.565627,0.632549,0.408069,0.333042,0.260433,0.195545,0.144818,0.11511,0.111699,0.135688,0.18336,0.248276,0.323734,0.403963,0.484347,0.561294,0.632046,0.392315,0.312429,0.234694,0.164774,0.109778,0.0775695,0.134373,0.16138,0.213969,0.224594,0.305796,0.391417,0.476674,0.557916,0.632375,0.377354,0.292601,0.209649,0.134498,0.0749565,0.100042,0.217134,inf,0.305394,0.201979,0.289027,0.38003,0.470081,0.555501,0.633536,0.363224,0.273613,0.185362,0.104779,0.0403905,0.242532,inf,inf,0.397735,0.240522,0.273493,0.369843,0.464587,0.554056,0.635525
236,0.609887,0.586587,0.565195,0.547358,0.534606,0.52814,0.528641,0.632053,0.549989,0.569028,0.59173,0.616436,0.641506,0.665441,0.686952,0.585391,0.558042,0.533051,0.512324,0.497636,0.490391,0.491375,0.50059,0.517258,0.539973,0.566949,0.596264,0.626049,0.654607,0.680489,0.561301,0.52981,0.501112,0.477387,0.460688,0.452645,0.454165,0.46522,0.484859,0.511411,0.542796,0.576816,0.61136,0.644541,0.674754,0.537642,0.501917,0.469396,0.442557,0.423762,0.414902,0.417017,0.430043,0.452821,0.483379,0.519312,0.558125,0.597468,0.635261,0.669757,0.51444,0.474388,0.437923,0.407845,0.386861,0.377161,0.37994,0.395079,0.42118,0.45592,0.496538,0.54023,0.5844,0.626786,0.665505,0.491725,0.447252,0.406715,0.373263,0.349988,0.339422,0.34294,0.360353,0.389972,0.429078,0.474519,0.523166,0.572183,0.619131,0.662007,0.469526,0.420541,0.3758,0.338827,0.313147,0.301688,0.306028,0.325892,0.359242,0.402904,0.453301,0.506973,0.560843,0.612311,0.659269,0.447877,0.394287,0.345204,0.304553,0.276342,0.263956,0.269215,0.291726,0.329035,0.37745,0.432933,0.491687,0.550405,0.606341,0.657295,0.426811,0.368527,0.31496,0.27046,0.239578,0.226229,0.232516,0.257892,0.299406,0.352772,0.413465,0.477346,0.540894,0.601233,0.656089,0.406365,0.343302,0.285105,0.236573,0.202861,0.188507,0.195944,0.224431,0.270411,0.328932,0.394949,0.463988,0.532332,0.596998,0.655654,0.386576,0.318654,0.255677,0.202915,0.166198,0.150791,0.159521,0.191392,0.242118,0.305994,0.377436,0.451648,0.524741,0.593645,0.655989,0.367484,0.294632,0.226724,0.169519,0.129597,0.11308,0.123269,0.158829,0.214597,0.284028,0.360981,0.440363,0.51814,0.591182,0.657095,0.34913,0.271284,0.198296,0.136421,0.0930682,0.0753776,0.0872166,0.126808,0.18793,0.263104,0.345637,0.430166,0.512547,0.589613,0.65897,0.331556,0.248667,0.170451,0.103663,0.0566256,0.0976836,0.291398,0.275405,0.162205,0.243299,0.331456,0.421088,0.507975,0.588942,0.661609,0.314806,0.226838,0.143253,0.0712966,0.140285,inf,inf,0.36471,0.197518,0.22469,0.318492,0.413159,0.504438,0.589171,0.665009
237,0.580238,0.552827,0.527819,0.507119,0.49251,0.485408,0.486603,0.635742,0.513037,0.536033,0.563266,0.592814,0.622825,0.651629,0.677805,0.558294,0.527029,0.498556,0.475042,0.458545,0.450707,0.452433,0.463681,0.483465,0.510086,0.541452,0.575379,0.60979,0.642841,0.672975,0.536758,0.501555,0.469506,0.443069,0.424602,0.416008,0.418326,0.43147,0.454246,0.484651,0.520279,0.558663,0.597505,0.634788,0.668829,0.515657,0.476429,0.44069,0.411209,0.390683,0.381311,0.384289,0.39947,0.425414,0.45977,0.499785,0.542701,0.585994,0.627485,0.665374,0.495016,0.451678,0.412131,0.379475,0.356791,0.346618,0.350329,0.367706,0.397007,0.435486,0.480013,0.527526,0.575282,0.620947,0.662618,0.474866,0.427333,0.383852,0.347882,0.322929,0.311928,0.316458,0.336203,0.369065,0.411847,0.461007,0.513175,0.565393,0.615187,0.660564,0.455237,0.403426,0.355881,0.316447,0.289102,0.277242,0.282687,0.304993,0.341637,0.388903,0.442811,0.49968,0.556348,0.610216,0.659216,0.436161,0.379991,0.328251,0.285189,0.255315,0.242561,0.24903,0.274114,0.314773,0.366709,0.425474,0.487078,0.54817,0.606045,0.658577,0.417672,0.357069,0.300997,0.25413,0.221573,0.207885,0.215503,0.243606,0.288532,0.345323,0.409044,0.475401,0.540879,0.602684,0.658649,0.399805,0.334699,0.274157,0.223296,0.187884,0.173215,0.182127,0.213518,0.262978,0.324807,0.393567,0.464682,0.534492,0.600139,0.65943,0.382599,0.312928,0.247776,0.192719,0.154256,0.188552,0.198926,0.183906,0.238181,0.305226,0.379095,0.454953,0.529027,0.598416,0.660919,0.366091,0.291803,0.221906,0.162435,0.170699,0.203897,0.315929,0.304838,0.21422,0.286649,0.365676,0.446243,0.524497,0.597519,0.663114,0.350321,0.271377,0.196601,0.132486,0.187227,inf,inf,0.376389,0.19118,0.269144,0.353357,0.438581,0.520916,0.597449,0.666011,0.33533,0.251706,0.171926,0.102924,0.353857,inf,inf,inf,0.219155,0.252786,0.342186,0.431991,0.518292,0.598208,0.669604,0.32116,0.232848,0.147951,0.173809,inf,inf,inf,inf,0.248247,0.237647,0.332207,0.426494,0.516633,0.599793,0.673888
238,0.577567,0.55153,0.528083,0.509047,0.49609,0.49048,0.630951,0.503084,0.520296,0.543055,0.569603,0.598095,0.626762,0.65402,0.678531,0.554539,0.524685,0.497863,0.47616,0.461502,0.455362,0.45847,0.470641,0.490816,0.517297,0.548048,0.580965,0.614065,0.645592,0.674069,0.531901,0.498139,0.467834,0.443357,0.426927,0.420252,0.424164,0.43841,0.461711,0.49207,0.527145,0.564562,0.602121,0.637896,0.670288,0.509679,0.471917,0.438011,0.410645,0.392365,0.385149,0.389945,0.406413,0.433016,0.467415,0.506934,0.548919,0.590953,0.63095,0.667194,0.487899,0.446045,0.408416,0.378036,0.35782,0.350055,0.355825,0.374677,0.404769,0.443374,0.487455,0.534069,0.580584,0.624765,0.664793,0.466591,0.420551,0.37907,0.345541,0.323292,0.314971,0.321814,0.343231,0.377013,0.419996,0.468753,0.520045,0.571036,0.619353,0.663088,0.445786,0.395467,0.35,0.313174,0.288785,0.279898,0.287927,0.312108,0.349794,0.397329,0.450869,0.506881,0.562332,0.614727,0.662083,0.425516,0.370826,0.321234,0.28095,0.254301,0.244838,0.254182,0.281345,0.323165,0.375427,0.43385,0.494609,0.554491,0.610895,0.66178,0.405816,0.346668,0.292804,0.248889,0.219843,0.209793,0.220597,0.250988,0.297184,0.354347,0.417742,0.483262,0.547532,0.607866,0.662178,0.386723,0.323032,0.264747,0.217012,0.185416,0.174764,0.187198,0.221087,0.271913,0.334148,0.402592,0.47287,0.541471,0.605645,0.663278,0.368275,0.299963,0.237105,0.185345,0.151024,0.139755,0.214012,0.2517,0.247423,0.314894,0.388445,0.463462,0.536324,0.604237,0.665077,0.350513,0.27751,0.209925,0.153918,0.176675,0.28477,inf,0.342895,0.22379,0.296648,0.375349,0.455067,0.532105,0.603646,0.667572,0.333477,0.255725,0.18326,0.122767,0.262375,inf,inf,0.43475,0.261096,0.279479,0.363348,0.447711,0.528823,0.603872,0.670759,0.317213,0.234666,0.157171,0.0919371,0.288134,inf,inf,inf,0.359432,0.263455,0.352486,0.441416,0.526488,0.604916,0.674632,0.301764,0.214392,0.131727,0.121479,inf,inf,inf,inf,inf,0.248645,0.342805,0.436203,0.525106,0.606775,0.679185
239,0.588157,0.565747,0.545919,0.530269,0.520192,0.516681,0.622815,0.53034,0.546392,0.56698,0.590525,0.615385,0.639991,0.662947,0.683078,0.562271,0.536037,0.512939,0.494823,0.483316,0.479574,0.484061,0.496448,0.515684,0.540196,0.568141,0.597629,0.626878,0.654313,0.678614,0.536743,0.506587,0.480109,0.459432,0.446443,0.442484,0.448076,0.462798,0.48538,0.513967,0.546431,0.58062,0.614536,0.64643,0.674848,0.511598,0.477418,0.447444,0.424102,0.409574,0.405414,0.412206,0.429413,0.455513,0.488334,0.525433,0.564389,0.602989,0.639314,0.671785,0.486862,0.448554,0.414959,0.388841,0.372709,0.368365,0.376462,0.396321,0.426123,0.463338,0.505187,0.54897,0.592259,0.632977,0.669432,0.462565,0.42002,0.382674,0.353655,0.33585,0.331341,0.340858,0.363552,0.397251,0.439026,0.485735,0.534395,0.582368,0.627431,0.66779,0.438737,0.391846,0.350608,0.318554,0.298995,0.294345,0.305414,0.331141,0.368945,0.415447,0.46712,0.520697,0.573338,0.622687,0.666864,0.415409,0.364061,0.318785,0.283548,0.262147,0.257379,0.270147,0.299127,0.341255,0.392651,0.449386,0.507906,0.565188,0.618755,0.666655,0.392618,0.336702,0.287231,0.248649,0.225307,0.220449,0.235082,0.267554,0.314237,0.370694,0.432577,0.496056,0.557936,0.615641,0.667163,0.370401,0.309806,0.255977,0.213872,0.188474,0.18356,0.200246,0.236474,0.287952,0.349632,0.416738,0.485175,0.551599,0.613353,0.668387,0.348797,0.283416,0.225057,0.179233,0.151651,0.146718,0.165671,0.205945,0.262467,0.329527,0.401914,0.475293,0.546192,0.611895,0.670326,0.327849,0.257578,0.19451,0.144753,0.114839,0.10993,0.131396,0.176032,0.237855,0.310439,0.388151,0.466437,0.541728,0.611269,0.672975,0.307602,0.232343,0.164381,0.110456,0.128041,0.223206,0.247467,0.296811,0.214194,0.292433,0.375491,0.458632,0.538218,0.611477,0.676331,0.288103,0.207766,0.134723,0.0763707,0.191258,inf,inf,0.368366,0.241567,0.275573,0.363977,0.451901,0.53567,0.612519,0.680389,0.269401,0.18391,0.105596,0.0425328,0.304495,inf,inf,inf,0.270064,0.259926,0.353649,0.446264,0.534091,0.614393,0.685141
240,0.566195,0.539776,0.516183,0.497269,0.484714,0.479772,0.628246,0.494282,0.512567,0.53637,0.563878,0.593211,0.622587,0.650424,0.675389,0.54333,0.51318,0.486309,0.464837,0.450704,0.445365,0.449487,0.462793,0.48412,0.511683,0.543387,0.577101,0.610834,0.642838,0.671654,0.520843,0.48687,0.456611,0.432477,0.416702,0.410969,0.416036,0.431536,0.456071,0.487547,0.523563,0.561724,0.599832,0.635978,0.668588,0.498758,0.46087,0.427107,0.400198,0.382709,0.376586,0.382688,0.400537,0.428457,0.464003,0.504444,0.547112,0.589603,0.629858,0.666196,0.477103,0.435204,0.397815,0.36801,0.348726,0.342217,0.349455,0.369824,0.401316,0.441094,0.48607,0.533296,0.580168,0.624488,0.664482,0.455905,0.409901,0.368757,0.335922,0.314756,0.307865,0.316352,0.339428,0.374694,0.418869,0.468483,0.520309,0.571548,0.61988,0.663449,0.435196,0.384992,0.339957,0.303947,0.280799,0.273531,0.283395,0.309385,0.348639,0.397376,0.451725,0.50818,0.563763,0.616043,0.663098,0.415009,0.36051,0.311443,0.2721,0.246857,0.239218,0.250605,0.279737,0.323204,0.376669,0.435841,0.496942,0.556831,0.612984,0.66343,0.395378,0.336494,0.283247,0.240397,0.212933,0.20493,0.218004,0.250531,0.298449,0.356804,0.420875,0.486623,0.550768,0.61071,0.664445,0.37634,0.312983,0.255404,0.208859,0.179029,0.213527,0.185621,0.221822,0.274438,0.33784,0.40687,0.477253,0.545589,0.609227,0.666141,0.357933,0.290022,0.227955,0.177509,0.188007,0.222156,0.282061,0.279386,0.251241,0.319836,0.39387,0.468857,0.541307,0.608536,0.668515,0.340199,0.26766,0.200945,0.146375,0.325584,inf,inf,0.380438,0.228936,0.302857,0.381919,0.461462,0.537932,0.608639,0.671563,0.32318,0.24595,0.174428,0.201205,0.377481,inf,inf,inf,0.250461,0.286965,0.371058,0.455088,0.535474,0.609537,0.67528,0.30692,0.224949,0.148464,0.213469,0.343705,inf,inf,inf,0.273048,0.272227,0.361328,0.449757,0.533939,0.611227,0.679659,0.291465,0.204719,0.123122,0.268932,inf,inf,inf,inf,inf,0.34442,0.352765,0.445485,0.533331,0.613705,0.684693
241,0.591737,0.570011,0.550784,0.53561,0.525847,0.522457,0.62134,0.535742,0.551331,0.571316,0.594161,0.618259,0.642078,0.664248,0.683618,0.565338,0.539783,0.517293,0.499674,0.488508,0.484916,0.489344,0.501472,0.520276,0.544221,0.571509,0.600287,0.628807,0.655517,0.679122,0.539289,0.509806,0.483947,0.463789,0.451171,0.447394,0.452958,0.467449,0.489629,0.517687,0.549538,0.58307,0.616316,0.64755,0.675335,0.513615,0.480101,0.450757,0.427961,0.413837,0.409894,0.41669,0.433697,0.459427,0.491755,0.528287,0.566641,0.604631,0.64036,0.672262,0.488341,0.450692,0.41774,0.392195,0.376507,0.372418,0.380553,0.400243,0.429706,0.466468,0.507797,0.551033,0.593774,0.63396,0.669909,0.463496,0.421602,0.384912,0.356499,0.33918,0.33497,0.344562,0.367117,0.40051,0.441871,0.488109,0.536279,0.583766,0.628362,0.668279,0.439109,0.39286,0.352294,0.320881,0.301857,0.297552,0.308735,0.334355,0.371886,0.418013,0.469266,0.522411,0.57463,0.623578,0.667375,0.415213,0.364496,0.319907,0.285351,0.264538,0.260168,0.273091,0.301996,0.343883,0.394946,0.451312,0.509461,0.566385,0.619616,0.667199,0.391841,0.336544,0.287776,0.24992,0.227225,0.222824,0.237655,0.270084,0.316559,0.372725,0.434292,0.497461,0.559049,0.616484,0.667751,0.369032,0.309041,0.255931,0.2146,0.189918,0.185525,0.202454,0.238671,0.289974,0.351407,0.418251,0.486441,0.55264,0.614189,0.669029,0.346825,0.282028,0.224404,0.179408,0.152618,0.148277,0.167521,0.207815,0.264195,0.331052,0.403235,0.476431,0.547172,0.612734,0.671033,0.325261,0.25555,0.193232,0.144361,0.115327,0.161089,0.232895,0.177581,0.239294,0.311721,0.389287,0.467457,0.542658,0.612125,0.673758,0.304385,0.229657,0.162459,0.109483,0.228045,inf,0.348623,0.298044,0.215349,0.293479,0.376453,0.459545,0.539109,0.61236,0.6772,0.284245,0.204405,0.132134,0.124798,0.290774,inf,inf,0.419288,0.242444,0.276391,0.364774,0.452718,0.536535,0.61344,0.681353,0.264889,0.179852,0.102315,0.14034,inf,inf,inf,inf,0.320667,0.260522,0.354291,0.446997,0.534942,0.615363,0.686211
242,0.58606,0.562899,0.542255,0.525772,0.514911,0.51074,0.624177,0.523724,0.539839,0.560761,0.584884,0.610526,0.636071,0.660074,0.681315,0.560851,0.53387,0.50993,0.490929,0.478565,0.474081,0.478025,0.490129,0.509371,0.53417,0.562656,0.592893,0.623052,0.65151,0.676901,0.536,0.505105,0.477761,0.456145,0.442224,0.437438,0.442404,0.456772,0.479303,0.508135,0.541103,0.576011,0.610811,0.643704,0.673192,0.511533,0.476624,0.445761,0.421427,0.405888,0.400811,0.406892,0.423675,0.449671,0.482695,0.520266,0.559913,0.599369,0.63667,0.670192,0.487474,0.448451,0.413948,0.386782,0.369558,0.364203,0.371501,0.390867,0.420513,0.457894,0.500185,0.544631,0.588752,0.630423,0.667909,0.463853,0.420612,0.38234,0.352218,0.333234,0.327617,0.336247,0.358377,0.391872,0.433778,0.480901,0.5302,0.57898,0.624974,0.666344,0.440698,0.393136,0.350958,0.317744,0.296918,0.291056,0.301145,0.326241,0.363796,0.410398,0.46246,0.516651,0.570076,0.620333,0.665502,0.418043,0.366054,0.319826,0.283373,0.26061,0.254521,0.266214,0.294497,0.336335,0.387804,0.444905,0.504016,0.562058,0.616511,0.665383,0.39592,0.3394,0.288971,0.249116,0.224311,0.218018,0.231479,0.263191,0.309547,0.366053,0.428281,0.492329,0.554946,0.613515,0.665989,0.374368,0.313212,0.258424,0.214989,0.188024,0.181551,0.196965,0.232373,0.283494,0.345203,0.412635,0.481619,0.548756,0.61135,0.667316,0.353424,0.287533,0.22822,0.181011,0.151749,0.145125,0.205561,0.202103,0.258243,0.325315,0.398011,0.471915,0.543503,0.610022,0.669365,0.33313,0.262408,0.198398,0.147202,0.158346,0.237319,0.257307,0.258161,0.233868,0.306452,0.384455,0.463244,0.5392,0.609533,0.67213,0.313529,0.237888,0.169005,0.113589,0.207819,inf,inf,0.314908,0.253306,0.288679,0.372011,0.455633,0.535858,0.609885,0.675607,0.294667,0.214026,0.140093,0.123059,0.343026,inf,inf,inf,0.316642,0.272061,0.360722,0.449103,0.533485,0.611075,0.679791,0.276591,0.190885,0.111722,0.17565,inf,inf,inf,inf,inf,0.256665,0.350629,0.443675,0.532087,0.613103,0.684674
243,0.592954,0.56995,0.549255,0.532506,0.521174,0.516364,0.625631,0.527811,0.543169,0.563421,0.586996,0.612226,0.637497,0.661353,0.682557,0.567783,0.540908,0.516851,0.497501,0.484569,0.479341,0.482432,0.493661,0.512084,0.536183,0.564122,0.593977,0.623915,0.652297,0.677736,0.542973,0.512134,0.484608,0.46256,0.447971,0.44233,0.446336,0.459738,0.481389,0.509493,0.541921,0.576482,0.61112,0.644013,0.673636,0.518549,0.48365,0.452541,0.42769,0.41138,0.405332,0.410339,0.426063,0.451118,0.483391,0.520433,0.559776,0.599135,0.636516,0.670263,0.494536,0.455479,0.420667,0.3929,0.374797,0.368349,0.374454,0.392663,0.421309,0.45792,0.4997,0.543891,0.587984,0.62982,0.667623,0.470963,0.427647,0.389006,0.358196,0.338222,0.331384,0.338694,0.359568,0.392004,0.433127,0.479766,0.528864,0.577692,0.623938,0.66572,0.447859,0.400183,0.357577,0.323591,0.301658,0.294437,0.303073,0.326809,0.36325,0.409063,0.460674,0.514726,0.568281,0.618882,0.664559,0.425254,0.373117,0.326407,0.289095,0.265106,0.257513,0.26761,0.294427,0.335099,0.385779,0.442471,0.501514,0.559771,0.614663,0.664141,0.403184,0.346484,0.295521,0.254723,0.228566,0.220613,0.232325,0.262462,0.307606,0.363333,0.425203,0.489259,0.552183,0.611289,0.664466,0.381684,0.320322,0.264951,0.220491,0.192042,0.183741,0.197244,0.230967,0.280833,0.341783,0.408917,0.477994,0.545535,0.608766,0.665535,0.360791,0.294672,0.234732,0.186417,0.155536,0.146902,0.162395,0.199996,0.254849,0.321193,0.393661,0.46775,0.539843,0.607101,0.667344,0.340547,0.269579,0.204905,0.152524,0.17905,0.170101,0.307814,0.349614,0.229727,0.301626,0.379483,0.458556,0.53512,0.606296,0.669892,0.320993,0.245092,0.175514,0.118838,0.262588,inf,inf,0.439897,0.265548,0.283149,0.366428,0.450439,0.53138,0.606353,0.673174,0.302174,0.221266,0.146613,0.0853931,0.346154,inf,inf,inf,0.422398,0.265832,0.354542,0.443423,0.528632,0.607273,0.677184,0.284135,0.198159,0.11826,0.172226,inf,inf,inf,inf,inf,0.309743,0.343867,0.437531,0.526882,0.609054,0.681915
244,0.599222,0.574662,0.552092,0.533241,0.519723,0.512829,0.513304,0.632485,0.535875,0.556093,0.580262,0.60664,0.633512,0.65931,0.682681,0.575478,0.546967,0.520877,0.499193,0.483786,0.476153,0.47715,0.48681,0.504328,0.528238,0.556672,0.587624,0.619148,0.649484,0.677129,0.552118,0.519569,0.489853,0.465234,0.447865,0.439481,0.441062,0.452609,0.473137,0.500903,0.533737,0.569354,0.605571,0.640441,0.672314,0.529167,0.492491,0.459039,0.431373,0.411963,0.402813,0.405047,0.418621,0.442335,0.474128,0.511499,0.551866,0.592809,0.632197,0.668243,0.506649,0.465759,0.428453,0.397619,0.376081,0.36615,0.369113,0.384868,0.411957,0.447957,0.490001,0.535198,0.580889,0.624767,0.664924,0.484592,0.439399,0.398117,0.363985,0.340221,0.329493,0.333271,0.351378,0.382046,0.422438,0.469288,0.519385,0.569835,0.618169,0.662364,0.463026,0.413441,0.368056,0.330484,0.304387,0.292842,0.297532,0.318179,0.352646,0.397621,0.449407,0.504465,0.559674,0.612414,0.660567,0.441981,0.387917,0.338296,0.297133,0.268583,0.256198,0.261909,0.285307,0.323807,0.37356,0.430406,0.490474,0.550428,0.607515,0.659535,0.42149,0.362863,0.308868,0.263948,0.232812,0.219562,0.226419,0.252801,0.295587,0.350315,0.412335,0.477449,0.542121,0.603482,0.659272,0.401587,0.338316,0.279807,0.230952,0.197079,0.182935,0.241081,0.220707,0.268047,0.327947,0.395245,0.465425,0.534772,0.600325,0.659778,0.382309,0.314319,0.251152,0.19817,0.16139,0.296319,0.255918,0.289078,0.241255,0.306523,0.379189,0.454437,0.528401,0.598051,0.661051,0.363693,0.290917,0.222946,0.165629,0.175752,0.309715,inf,0.407976,0.365289,0.286111,0.364216,0.444517,0.523025,0.596663,0.663089,0.34578,0.268158,0.195238,0.133365,0.240174,0.373125,inf,inf,0.49023,0.316783,0.350379,0.435695,0.518657,0.596166,0.665889,0.328609,0.246095,0.168084,0.101418,0.354667,inf,inf,inf,inf,0.348613,0.337728,0.428001,0.515309,0.596561,0.669445,0.312224,0.224786,0.141548,0.169837,inf,inf,inf,inf,inf,0.381678,0.32631,0.421459,0.512991,0.597846,0.673751
245,0.601141,0.576794,0.554398,0.535669,0.522211,0.515305,0.515697,0.632408,0.537919,0.5579,0.581814,0.60793,0.634545,0.660098,0.683243,0.577264,0.548954,0.523029,0.50146,0.486105,0.478453,0.47936,0.488864,0.50618,0.529856,0.558043,0.588749,0.620037,0.650153,0.677598,0.55377,0.52141,0.49185,0.467338,0.450015,0.441604,0.443088,0.454473,0.474796,0.502331,0.534928,0.570315,0.606318,0.640994,0.672694,0.530684,0.494186,0.46088,0.433314,0.413943,0.40476,0.406888,0.420294,0.443799,0.475366,0.512511,0.552665,0.593417,0.632637,0.66854,0.508031,0.467306,0.430137,0.399397,0.377891,0.367921,0.37077,0.38635,0.413227,0.449004,0.490833,0.535836,0.58136,0.625099,0.665142,0.485838,0.440797,0.399644,0.365599,0.341862,0.331087,0.334742,0.352666,0.383119,0.423292,0.469941,0.519865,0.570173,0.618395,0.662506,0.464134,0.414689,0.369423,0.331934,0.305859,0.29426,0.298817,0.319272,0.353521,0.398283,0.449882,0.504788,0.559882,0.61254,0.660639,0.442951,0.389014,0.339503,0.298417,0.269885,0.257439,0.263007,0.286203,0.324483,0.374029,0.430704,0.490644,0.550511,0.607545,0.659542,0.42232,0.363807,0.309914,0.265066,0.233944,0.220626,0.227329,0.253499,0.296061,0.35059,0.412457,0.477468,0.542082,0.603422,0.659218,0.402277,0.339105,0.28069,0.231903,0.198041,0.183822,0.234659,0.264061,0.268317,0.328028,0.395193,0.465296,0.534615,0.600179,0.659668,0.382856,0.314952,0.251869,0.198951,0.162181,0.232743,0.242162,0.317943,0.24132,0.306409,0.378963,0.454163,0.528131,0.597823,0.660891,0.364097,0.29139,0.223494,0.16624,0.16923,0.324533,inf,0.415205,0.343716,0.285802,0.363819,0.444102,0.522646,0.59636,0.662884,0.346038,0.26847,0.195616,0.133803,0.219195,0.373481,inf,inf,0.447018,0.351993,0.349814,0.435144,0.518175,0.595793,0.665644,0.328721,0.246243,0.168288,0.101681,0.312089,inf,inf,inf,inf,0.376485,0.336996,0.427317,0.51473,0.596123,0.669165,0.312187,0.224767,0.141574,0.155636,inf,inf,inf,inf,inf,0.445069,0.325416,0.420648,0.51232,0.597349,0.673443
246,0.613185,0.592507,0.573741,0.558387,0.547801,0.543004,0.544518,0.624009,0.565601,0.583385,0.604204,0.626527,0.648857,0.66983,0.688284,0.586434,0.561775,0.539566,0.521558,0.509332,0.504082,0.506402,0.516173,0.532582,0.554272,0.579568,0.606685,0.633899,0.659651,0.682613,0.560039,0.531303,0.505547,0.48479,0.470869,0.465171,0.468373,0.480297,0.499946,0.525703,0.55561,0.587612,0.619751,0.650274,0.677699,0.534021,0.501111,0.471696,0.448089,0.432413,0.426274,0.430442,0.444664,0.467727,0.49772,0.532371,0.569343,0.60644,0.641719,0.673551,0.508407,0.471222,0.438029,0.411462,0.393963,0.387393,0.392618,0.409298,0.435963,0.470366,0.509893,0.551913,0.593991,0.634,0.670176,0.483224,0.441661,0.404565,0.374917,0.355522,0.348528,0.354915,0.374227,0.404694,0.443686,0.488221,0.53536,0.58243,0.627133,0.66758,0.458499,0.412455,0.371322,0.338463,0.31709,0.309682,0.317346,0.339482,0.373966,0.417732,0.467401,0.519719,0.571782,0.621132,0.665767,0.434265,0.383634,0.338324,0.302111,0.278668,0.270857,0.279929,0.305101,0.343827,0.392555,0.447479,0.505026,0.562071,0.616007,0.66474,0.410553,0.35523,0.305595,0.265874,0.240258,0.232056,0.242681,0.271123,0.314334,0.368213,0.428505,0.491317,0.553318,0.611771,0.664501,0.3874,0.327278,0.273164,0.229765,0.201861,0.193282,0.205627,0.237595,0.285546,0.344765,0.410527,0.478627,0.545544,0.608431,0.665051,0.364842,0.299819,0.241064,0.193802,0.163479,0.15454,0.228793,0.26457,0.257529,0.322276,0.393596,0.46699,0.538768,0.605994,0.666389,0.342919,0.272896,0.209331,0.158005,0.125116,0.235834,0.25221,0.35211,0.290357,0.300809,0.377762,0.456438,0.533007,0.604466,0.668512,0.321674,0.246556,0.178008,0.122396,0.0867724,0.37717,inf,0.440284,0.384108,0.280435,0.363074,0.447001,0.528274,0.603851,0.671417,0.301149,0.22085,0.147143,0.0870046,0.168454,inf,inf,inf,inf,0.381224,0.349582,0.438706,0.524582,0.604148,0.675098,0.281393,0.195835,0.11679,0.0518639,0.310164,inf,inf,inf,inf,0.423248,0.337331,0.431581,0.521941,0.605358,0.679549
247,0.593705,0.574259,0.557277,0.544175,0.536153,0.534017,0.613198,0.547918,0.562802,0.581468,0.602479,0.62435,0.64567,0.665191,0.681872,0.565533,0.542369,0.522307,0.507001,0.497854,0.495805,0.501151,0.513489,0.53179,0.554586,0.580185,0.606861,0.632994,0.657152,0.678147,0.537667,0.510685,0.487443,0.469855,0.459556,0.45763,0.4644,0.479348,0.50123,0.528307,0.558609,0.590161,0.621126,0.649898,0.675148,0.510128,0.479226,0.452696,0.432742,0.421258,0.419497,0.427803,0.445523,0.47116,0.502671,0.537791,0.57428,0.610089,0.643441,0.672878,0.482941,0.44801,0.418076,0.395663,0.38296,0.38141,0.391376,0.412042,0.441619,0.477723,0.517769,0.559251,0.599905,0.637794,0.671342,0.45613,0.417058,0.383596,0.358624,0.344662,0.343374,0.355138,0.378942,0.412651,0.453508,0.498585,0.545103,0.590593,0.632967,0.670541,0.429724,0.386395,0.349272,0.321628,0.306365,0.305395,0.319112,0.346258,0.384305,0.430075,0.480281,0.53187,0.582174,0.62897,0.670478,0.403752,0.356045,0.31512,0.284682,0.268067,0.267482,0.283321,0.314034,0.356632,0.407474,0.462899,0.51958,0.574665,0.625809,0.671153,0.378248,0.326039,0.281159,0.247791,0.229771,0.229642,0.247795,0.282318,0.329688,0.385759,0.446481,0.508263,0.568084,0.62349,0.672564,0.353245,0.296409,0.247412,0.210963,0.191474,0.191885,0.212567,0.251163,0.303536,0.364986,0.431071,0.497948,0.562444,0.62202,0.674709,0.328783,0.267191,0.213902,0.174207,0.203178,0.254224,0.327675,0.27063,0.278239,0.345212,0.416711,0.48866,0.557758,0.621399,0.677584,0.304901,0.238425,0.18066,0.137533,0.264883,0.316674,0.393164,0.390786,0.35387,0.326496,0.403442,0.480424,0.554038,0.62163,0.681185,0.281643,0.210156,0.147718,0.150953,0.326588,0.379251,inf,inf,0.430503,0.308898,0.391305,0.473264,0.551292,0.622712,0.685506,0.259057,0.182435,0.115117,0.164483,inf,inf,inf,inf,0.508217,0.342478,0.380339,0.467198,0.549527,0.624643,0.69054,0.237193,0.155316,0.0829024,0.278142,inf,inf,inf,inf,inf,0.477298,0.370581,0.462245,0.548747,0.62742,0.69628
248,0.556812,0.537921,0.522161,0.510891,0.505186,0.505658,0.593929,0.524698,0.541691,0.561974,0.584066,0.606493,0.627902,0.647122,0.663203,0.528901,0.50669,0.488305,0.475331,0.469019,0.470072,0.478503,0.493629,0.514208,0.538646,0.565215,0.592225,0.618131,0.641608,0.66158,0.501246,0.475618,0.454517,0.43978,0.43286,0.434559,0.444857,0.46291,0.487232,0.515956,0.547094,0.578729,0.609131,0.636824,0.660617,0.473865,0.444717,0.420803,0.40424,0.396708,0.399125,0.411424,0.432572,0.4608,0.493942,0.529736,0.566032,0.600918,0.632778,0.660314,0.446781,0.414003,0.38717,0.368711,0.360566,0.36378,0.378228,0.402649,0.434954,0.472647,0.513176,0.55416,0.593509,0.629477,0.660673,0.420016,0.383495,0.353628,0.333194,0.324434,0.328535,0.345294,0.37318,0.409739,0.452113,0.49745,0.543137,0.586919,0.626927,0.661692,0.393597,0.353212,0.320186,0.297692,0.288313,0.2934,0.31265,0.344208,0.385202,0.432385,0.482593,0.532989,0.58116,0.625134,0.663369,0.367551,0.323175,0.286856,0.262206,0.252205,0.25839,0.28033,0.315779,0.361395,0.413509,0.468641,0.523739,0.576245,0.624099,0.665703,0.34191,0.293412,0.253652,0.226739,0.216111,0.223521,0.248369,0.287947,0.338373,0.395532,0.455629,0.515407,0.572185,0.623826,0.66869,0.316706,0.263948,0.220589,0.191293,0.180034,0.226313,0.254313,0.260768,0.316194,0.378503,0.443592,0.508016,0.568988,0.624313,0.672325,0.291976,0.234817,0.187685,0.15587,0.256475,inf,0.37321,0.271806,0.294919,0.362472,0.432562,0.501582,0.566661,0.625562,0.676603,0.267762,0.206053,0.154962,0.120476,0.295439,inf,0.417616,0.396132,0.312114,0.347486,0.422571,0.496123,0.565209,0.627569,0.681516,0.244105,0.177699,0.122444,0.197615,0.371927,inf,inf,inf,0.367844,0.333596,0.41365,0.491653,0.564635,0.63033,0.687059,0.221054,0.149801,0.0901621,0.199792,inf,inf,inf,inf,0.424681,0.320848,0.405825,0.488184,0.564941,0.633841,0.693224,0.198661,0.12241,0.0956514,0.239514,inf,inf,inf,inf,inf,0.38429,0.399121,0.485725,0.566126,0.638096,0.7
249,0.560203,0.542067,0.526934,0.516118,0.510652,0.511122,0.590729,0.529444,0.54577,0.565241,0.586417,0.607871,0.628288,0.64653,0.661676,0.531762,0.510321,0.492592,0.480108,0.474075,0.475165,0.483383,0.498069,0.518016,0.541679,0.56738,0.593469,0.618442,0.641001,0.6601,0.503565,0.478724,0.458311,0.444106,0.437508,0.439284,0.449405,0.46705,0.490774,0.518764,0.54908,0.579849,0.609376,0.636213,0.659192,0.475633,0.447289,0.424098,0.408112,0.40095,0.403487,0.415646,0.436419,0.464085,0.496533,0.531553,0.567038,0.601109,0.632174,0.658956,0.447986,0.416032,0.389959,0.372126,0.364404,0.367785,0.382131,0.40621,0.437988,0.475029,0.514833,0.555062,0.593656,0.62889,0.65939,0.420645,0.384967,0.355902,0.336151,0.32787,0.332187,0.348885,0.376462,0.412529,0.454293,0.498955,0.543945,0.587032,0.626369,0.660495,0.393637,0.354115,0.321937,0.300187,0.291351,0.296707,0.315936,0.347218,0.387756,0.434371,0.483956,0.533713,0.581251,0.624613,0.662269,0.366987,0.323497,0.288074,0.264235,0.254847,0.261359,0.283317,0.318525,0.36372,0.41531,0.469872,0.524388,0.576324,0.623628,0.664709,0.340726,0.293135,0.254324,0.228298,0.218361,0.226159,0.251068,0.290435,0.340476,0.397155,0.456736,0.515993,0.572262,0.623413,0.66781,0.314886,0.263056,0.220703,0.192377,0.181895,0.191129,0.25673,0.263006,0.318081,0.379957,0.444584,0.508548,0.569074,0.623971,0.67157,0.289503,0.233291,0.187227,0.156475,0.220453,0.26879,0.300353,0.348801,0.296598,0.363763,0.433449,0.502072,0.566767,0.625299,0.675981,0.264616,0.203873,0.153914,0.158095,0.296537,inf,inf,0.397889,0.31359,0.348623,0.423362,0.49658,0.565345,0.627396,0.681037,0.240267,0.174842,0.120788,0.23474,0.335153,inf,inf,inf,0.331624,0.334586,0.414354,0.492088,0.564813,0.630257,0.686732,0.216502,0.14624,0.125376,inf,inf,inf,inf,inf,0.42577,0.3592,0.406452,0.488606,0.56517,0.633877,0.693056,0.193373,0.118119,0.13021,inf,inf,inf,inf,inf,0.521098,0.46001,0.39968,0.486145,0.566416,0.638251,0.7
250,0.565239,0.546141,0.529971,0.518112,0.51168,0.511353,0.598156,0.528887,0.5453,0.565174,0.587036,0.609405,0.630909,0.650349,0.666747,0.537354,0.514845,0.495941,0.482251,0.475079,0.475205,0.482734,0.497067,0.517026,0.541052,0.567423,0.594435,0.62052,0.644317,0.664717,0.509733,0.483715,0.461984,0.446402,0.438483,0.439121,0.448403,0.465585,0.489249,0.517564,0.548543,0.580248,0.610918,0.639035,0.663367,0.482395,0.452767,0.42811,0.410568,0.401892,0.403106,0.414273,0.43447,0.462007,0.49475,0.530431,0.566872,0.60212,0.634511,0.662701,0.455361,0.422017,0.394326,0.374749,0.365307,0.36717,0.380364,0.403757,0.435342,0.472653,0.513123,0.554334,0.594145,0.630754,0.662719,0.428657,0.391482,0.360642,0.338947,0.328728,0.331321,0.346701,0.373482,0.409299,0.451317,0.496658,0.54266,0.587008,0.627772,0.663421,0.402306,0.361183,0.327068,0.303164,0.292156,0.29557,0.31331,0.343689,0.383927,0.430788,0.481071,0.531877,0.580724,0.625569,0.664806,0.376338,0.331144,0.293618,0.267404,0.255593,0.259929,0.280223,0.314424,0.359276,0.411113,0.4664,0.52201,0.575306,0.624149,0.666872,0.350783,0.301388,0.260306,0.231668,0.219039,0.257746,0.280809,0.319071,0.335403,0.392341,0.452683,0.513083,0.570767,0.623516,0.669616,0.325674,0.271946,0.227149,0.195961,0.249162,0.289037,0.315109,0.357688,0.312368,0.374524,0.439956,0.505116,0.567116,0.62367,0.673033,0.301048,0.24285,0.194166,0.226953,0.31263,inf,inf,0.463672,0.390233,0.357712,0.428254,0.498131,0.564361,0.624612,0.677118,0.276945,0.214136,0.161379,0.257982,0.409445,inf,inf,inf,0.502399,0.408623,0.417611,0.492146,0.562508,0.626339,0.681865,0.253407,0.185845,0.128816,0.289055,inf,inf,inf,inf,inf,0.42731,0.408059,0.487176,0.561562,0.628848,0.687266,0.230481,0.158023,0.163176,0.32018,inf,inf,inf,inf,inf,0.447157,0.399629,0.483236,0.561524,0.632134,0.693314,0.208218,0.130724,0.197827,inf,inf,inf,inf,inf,inf,0.501546,0.392348,0.480335,0.562396,0.636192,0.7
251,0.530305,0.512857,0.498923,0.489754,0.486258,0.488853,0.572902,0.511122,0.52896,0.549516,0.571332,0.593004,0.613267,0.631049,0.645504,0.501943,0.481512,0.465352,0.45492,0.451272,0.454872,0.465495,0.482269,0.503842,0.528594,0.554839,0.580969,0.605547,0.627361,0.645454,0.473786,0.450279,0.431817,0.420087,0.416311,0.421006,0.433865,0.453824,0.479278,0.508343,0.539089,0.569702,0.598577,0.624371,0.646023,0.44585,0.419169,0.398321,0.385254,0.381378,0.387265,0.402509,0.425821,0.455308,0.488799,0.524112,0.559224,0.592371,0.622083,0.647211,0.418154,0.388194,0.364869,0.350423,0.346477,0.353665,0.371456,0.398298,0.431973,0.470002,0.509939,0.549558,0.586939,0.620502,0.649016,0.390718,0.357366,0.331466,0.315592,0.311611,0.32022,0.340736,0.371295,0.409318,0.451991,0.496602,0.540724,0.582294,0.619631,0.651436,0.363564,0.326701,0.298118,0.280762,0.276785,0.286949,0.310384,0.344859,0.387389,0.434807,0.48413,0.532741,0.578443,0.61947,0.654466,0.336718,0.296216,0.26483,0.245933,0.242003,0.253874,0.280438,0.319038,0.366236,0.418491,0.472554,0.525626,0.575396,0.620021,0.658102,0.310206,0.265931,0.231611,0.211106,0.207272,0.254351,0.284275,0.293886,0.34591,0.403086,0.461904,0.519398,0.573157,0.621282,0.66234,0.28406,0.235868,0.19847,0.209613,0.272599,0.321743,0.35528,0.369461,0.326465,0.388634,0.452205,0.514069,0.571732,0.623251,0.667172,0.258312,0.206051,0.165417,0.274788,inf,inf,inf,0.479161,0.407959,0.375176,0.443486,0.509654,0.571124,0.625924,0.672593,0.233,0.176512,0.299131,0.339966,inf,inf,inf,inf,0.423781,0.362753,0.435769,0.506162,0.571333,0.629298,0.678595,0.208165,0.147282,0.332962,inf,inf,inf,inf,inf,0.473991,0.418072,0.429078,0.503603,0.57236,0.633366,0.685169,0.183853,0.118401,0.366927,inf,inf,inf,inf,inf,inf,0.474505,0.423433,0.501983,0.574202,0.638121,0.692307,0.160114,0.289914,inf,inf,inf,inf,inf,inf,inf,0.498754,0.418849,0.501305,0.576855,0.643556,0.7
252,0.56137,0.548577,0.538536,0.532192,0.530182,0.558594,0.539629,0.550228,0.563588,0.578585,0.594045,0.608849,0.622002,0.632686,0.640284,0.529104,0.513476,0.501457,0.494159,0.492328,0.496206,0.505493,0.519397,0.536763,0.556243,0.576438,0.596025,0.61383,0.628878,0.640424,0.496999,0.478451,0.464393,0.456128,0.454519,0.459822,0.471644,0.489007,0.510526,0.534602,0.559606,0.584003,0.606442,0.6258,0.641212,0.465068,0.443508,0.427346,0.418099,0.41676,0.423599,0.438106,0.459094,0.484913,0.5137,0.543578,0.572804,0.599852,0.623458,0.642648,0.433325,0.408656,0.390319,0.380073,0.379057,0.387551,0.404908,0.429694,0.459966,0.493574,0.528387,0.562451,0.594071,0.621855,0.64473,0.401786,0.373903,0.353313,0.342048,0.341415,0.351698,0.372082,0.400848,0.435729,0.474263,0.514062,0.552962,0.589111,0.620995,0.647455,0.370471,0.339259,0.316331,0.304027,0.303843,0.316061,0.339664,0.372602,0.412246,0.455809,0.500634,0.544359,0.584979,0.620877,0.650818,0.339398,0.304736,0.279376,0.266008,0.266347,0.280663,0.307691,0.345003,0.389567,0.43825,0.488133,0.536658,0.581686,0.621504,0.654816,0.30859,0.270346,0.24245,0.227993,0.228938,0.245531,0.27621,0.318103,0.36774,0.421629,0.476588,0.529877,0.579236,0.622873,0.659442,0.278072,0.236105,0.205558,0.189981,0.221627,0.240696,0.275268,0.291959,0.346818,0.405987,0.466026,0.52403,0.577634,0.624982,0.664691,0.247871,0.20203,0.168703,0.211974,0.244425,0.326195,0.36492,0.32663,0.326856,0.391364,0.456473,0.519131,0.576884,0.627829,0.670555,0.21802,0.16814,0.251892,0.293971,inf,inf,inf,0.422181,0.337908,0.377801,0.447955,0.515191,0.576988,0.631407,0.677027,0.188553,0.134459,0.335131,inf,inf,inf,inf,0.458682,0.410032,0.365337,0.440493,0.512218,0.577944,0.635712,0.684098,0.159509,0.251012,0.358427,inf,inf,inf,inf,inf,0.483284,0.38401,0.434108,0.51022,0.579751,0.640736,0.691759,0.130931,0.277832,inf,inf,inf,inf,inf,inf,inf,0.403855,0.428818,0.509202,0.582405,0.646472,0.7
253,0.559806,0.548685,0.540225,0.535244,0.534249,0.546613,0.544253,0.554286,0.566526,0.579911,0.593358,0.605852,0.616514,0.624637,0.629713,0.526402,0.512691,0.502542,0.496921,0.496415,0.501128,0.510663,0.524187,0.540569,0.558524,0.576753,0.594044,0.609341,0.621784,0.630741,0.493126,0.476748,0.464864,0.458607,0.45865,0.465084,0.477397,0.494567,0.515229,0.53786,0.560935,0.58304,0.602946,0.61965,0.632401,0.45999,0.440862,0.427193,0.420302,0.42096,0.429237,0.444484,0.46546,0.490544,0.517954,0.545932,0.57286,0.597341,0.618238,0.63469,0.427004,0.405037,0.389528,0.382007,0.383353,0.393606,0.411955,0.436907,0.466555,0.498844,0.531772,0.563523,0.592537,0.61755,0.637607,0.394183,0.36928,0.351871,0.343725,0.345839,0.358212,0.379842,0.408947,0.443303,0.480565,0.518484,0.555047,0.588541,0.617587,0.641146,0.361541,0.333598,0.314223,0.305454,0.308426,0.323081,0.348185,0.381626,0.420834,0.463156,0.506096,0.547449,0.585361,0.61835,0.645304,0.329095,0.297998,0.276584,0.267199,0.271127,0.28824,0.317025,0.354991,0.399193,0.446655,0.494634,0.540745,0.583003,0.619836,0.650073,0.296865,0.262491,0.238956,0.228959,0.233956,0.253719,0.286406,0.329095,0.378428,0.4311,0.484125,0.534948,0.581472,0.622045,0.655449,0.26487,0.227086,0.20134,0.190737,0.196928,0.252888,0.256382,0.303993,0.358588,0.416528,0.474593,0.530072,0.580769,0.624971,0.661425,0.233135,0.191795,0.163737,0.219203,0.293395,0.319122,0.327006,0.346409,0.339725,0.402977,0.46606,0.526127,0.580897,0.628612,0.667991,0.201687,0.156634,0.192817,0.314358,inf,inf,inf,0.423073,0.388556,0.390484,0.458548,0.52312,0.581855,0.63296,0.675141,0.170555,0.188284,0.288582,0.376206,inf,inf,inf,0.53405,0.438467,0.379083,0.452077,0.52106,0.583641,0.638009,0.682865,0.139775,0.286765,inf,inf,inf,inf,inf,inf,0.48951,0.435474,0.446662,0.51995,0.586252,0.643752,0.691155,0.142717,0.318767,inf,inf,inf,inf,inf,inf,inf,0.493021,0.442319,0.519793,0.589684,0.65018,0.7
254,0.544521,0.533356,0.525078,0.52049,0.520064,0.540035,0.531538,0.542365,0.55538,0.569489,0.583593,0.596669,0.607835,0.616387,0.621823,0.511619,0.498025,0.488224,0.483159,0.483374,0.488913,0.499311,0.51368,0.53084,0.54948,0.568286,0.586046,0.601707,0.614423,0.623574,0.478829,0.462734,0.451372,0.445843,0.446767,0.454161,0.467433,0.485495,0.506934,0.530202,0.553766,0.576218,0.596343,0.613159,0.625935,0.446162,0.427489,0.414522,0.408543,0.410252,0.419628,0.435932,0.457847,0.4837,0.51169,0.540059,0.567204,0.591753,0.612596,0.628904,0.413628,0.392292,0.377676,0.37126,0.373836,0.385337,0.404842,0.430774,0.461177,0.49398,0.527192,0.559022,0.587945,0.612735,0.632476,0.381238,0.357149,0.340833,0.333996,0.337533,0.35131,0.374197,0.404319,0.439407,0.477106,0.515192,0.551687,0.584927,0.613577,0.636647,0.349008,0.322067,0.303994,0.296753,0.301352,0.317575,0.344037,0.378527,0.418433,0.461105,0.504083,0.545215,0.582702,0.61512,0.641411,0.31695,0.28705,0.267158,0.259535,0.26531,0.284161,0.314406,0.353446,0.398299,0.446012,0.493891,0.539618,0.581276,0.617361,0.646762,0.285084,0.252107,0.230328,0.222343,0.25085,0.272532,0.28535,0.329127,0.379053,0.431862,0.484639,0.534908,0.580652,0.620297,0.652693,0.253427,0.217247,0.214932,0.228039,0.279421,0.304155,0.321209,0.305625,0.360741,0.418692,0.476348,0.531095,0.58083,0.623923,0.659196,0.222002,0.225336,0.242399,inf,inf,0.357646,0.379181,0.368711,0.343412,0.406534,0.469038,0.528188,0.581809,0.628235,0.666264,0.190833,0.254958,inf,inf,inf,inf,inf,0.432733,0.412828,0.395422,0.462727,0.526192,0.583589,0.633224,0.673888,0.202805,0.263269,inf,0.373923,inf,inf,inf,inf,0.461894,0.385388,0.457431,0.525113,0.586166,0.638885,0.682058,0.25795,0.314571,inf,inf,inf,inf,inf,inf,0.469231,0.419316,0.453164,0.524951,0.589535,0.645207,0.690765,0.270591,inf,inf,inf,inf,inf,inf,inf,inf,0.454378,0.449938,0.525709,0.593689,0.652183,0.7
255,0.537351,0.52616,0.517931,0.513463,0.51322,0.536316,0.525189,0.536297,0.549596,0.563983,0.578351,0.591673,0.603065,0.611822,0.617442,0.504709,0.491158,0.481476,0.476598,0.477056,0.482876,0.493574,0.508242,0.525687,0.544588,0.563626,0.581587,0.597421,0.610282,0.619553,0.472171,0.456192,0.445021,0.439751,0.440983,0.448711,0.46232,0.480699,0.502422,0.525931,0.549691,0.572298,0.592539,0.609437,0.62227,0.439747,0.421265,0.408569,0.402924,0.40501,0.414777,0.431456,0.453705,0.479838,0.508047,0.536573,0.563822,0.588427,0.609289,0.625588,0.407446,0.386382,0.372118,0.366118,0.369146,0.381097,0.401016,0.427299,0.457975,0.49097,0.524297,0.556176,0.585094,0.609837,0.629502,0.37528,0.351545,0.335669,0.329336,0.333404,0.347695,0.371036,0.401523,0.436874,0.474734,0.512889,0.549376,0.582545,0.611082,0.634009,0.343261,0.316762,0.299222,0.29258,0.297796,0.314599,0.341556,0.376423,0.416578,0.459376,0.502373,0.543434,0.580785,0.61302,0.639101,0.311404,0.282036,0.262778,0.255854,0.262339,0.281841,0.312621,0.352047,0.397131,0.444929,0.492772,0.538364,0.579817,0.615648,0.644772,0.279725,0.247376,0.226336,0.219161,0.257049,0.279456,0.314278,0.328447,0.378579,0.431429,0.484108,0.534175,0.579642,0.618964,0.651014,0.248242,0.212788,0.219897,0.242505,0.311947,0.367486,0.376582,0.365676,0.390968,0.418908,0.476403,0.530877,0.580262,0.622961,0.657821,0.216975,0.178282,0.273462,0.325892,inf,inf,inf,0.463792,0.494346,0.4074,0.469673,0.528477,0.581674,0.627633,0.665183,0.185947,0.203867,0.327031,inf,inf,inf,inf,inf,0.568758,0.426935,0.463937,0.526979,0.583877,0.632974,0.673091,0.155186,0.259557,inf,inf,inf,inf,inf,inf,inf,0.567544,0.459208,0.526388,0.586866,0.638975,0.681537,0.184721,0.285366,inf,inf,inf,inf,inf,inf,inf,0.619254,0.485499,0.526704,0.590636,0.645628,0.69051,0.184586,0.34131,inf,inf,inf,inf,inf,inf,inf,0.67209,0.572819,0.527927,0.59518,0.652923,0.7
256,0.524265,0.508266,0.495568,0.487333,0.484393,0.487113,0.557471,0.508334,0.525086,0.544276,0.564532,0.584527,0.603071,0.619158,0.631999,0.495342,0.476534,0.461807,0.452512,0.449613,0.453508,0.463951,0.480101,0.500667,0.524114,0.548846,0.573336,0.596223,0.616363,0.632854,0.466583,0.444883,0.428065,0.417693,0.414875,0.420046,0.43287,0.452313,0.47684,0.504657,0.533933,0.562939,0.590149,0.614285,0.634344,0.438,0.413322,0.394344,0.382875,0.380184,0.386741,0.402102,0.425008,0.453644,0.485942,0.519823,0.553357,0.584858,0.612927,0.636466,0.409611,0.381857,0.360647,0.348058,0.345544,0.353611,0.371677,0.398223,0.431122,0.468007,0.506546,0.544611,0.580363,0.612291,0.639217,0.38143,0.3505,0.326976,0.313242,0.310963,0.320674,0.341629,0.372002,0.409318,0.450891,0.494132,0.536719,0.576672,0.612378,0.642593,0.353476,0.31926,0.293335,0.278428,0.276445,0.287952,0.311995,0.346391,0.388278,0.434634,0.48261,0.529698,0.573791,0.613189,0.646588,0.325771,0.288152,0.259726,0.243616,0.272001,0.31547,0.342816,0.38144,0.398051,0.419275,0.472007,0.523566,0.571728,0.614721,0.651197,0.298335,0.257188,0.226154,0.298805,0.327638,inf,inf,inf,0.468688,0.464854,0.46235,0.518335,0.570486,0.616972,0.656413,0.271195,0.226385,0.222624,0.353997,inf,inf,inf,inf,0.57024,0.541411,0.453665,0.514018,0.570068,0.619939,0.662229,0.244378,0.195763,0.309141,0.439191,inf,inf,inf,inf,inf,0.618986,0.535974,0.510625,0.570474,0.623616,0.668637,0.217917,0.255342,0.335713,inf,inf,inf,inf,inf,inf,inf,0.6193,0.508165,0.571704,0.627996,0.675627,0.191846,0.285148,0.392347,inf,inf,inf,inf,inf,inf,inf,0.67366,0.596644,0.573755,0.633073,0.683191,0.166203,0.28521,inf,inf,inf,inf,inf,inf,inf,inf,0.669072,0.656065,0.576624,0.638838,0.691319,0.201034,0.315562,inf,inf,inf,inf,inf,inf,inf,inf,inf,0.68643,0.610303,0.645282,0.7
257,0.540404,0.521554,0.505674,0.49414,0.488062,0.488112,0.579142,0.506422,0.523217,0.543459,0.565674,0.588384,0.610222,0.629995,0.646728,0.513199,0.491174,0.472793,0.459653,0.453042,0.453722,0.461778,0.476593,0.496975,0.521359,0.54803,0.575292,0.601591,0.625582,0.646166,0.486209,0.460921,0.439961,0.42517,0.418036,0.419423,0.429384,0.447147,0.471276,0.499936,0.531153,0.563009,0.593764,0.621927,0.64629,0.459449,0.430806,0.407182,0.390691,0.383045,0.385223,0.397233,0.418117,0.446161,0.47923,0.515078,0.551559,0.586755,0.619038,0.647097,0.432938,0.400842,0.374462,0.356217,0.348073,0.351133,0.365352,0.389542,0.421672,0.459283,0.499839,0.540968,0.58058,0.61692,0.648587,0.406694,0.371044,0.341808,0.321747,0.313119,0.317167,0.363766,0.391461,0.397858,0.440138,0.485472,0.53126,0.575252,0.615577,0.650758,0.380741,0.341427,0.309227,0.287284,0.338188,0.403338,0.422509,0.483921,0.464766,0.48184,0.47201,0.522458,0.570781,0.615012,0.653605,0.355101,0.312009,0.276728,0.342828,0.423281,inf,inf,inf,inf,0.584435,0.549488,0.514582,0.567179,0.615225,0.657125,0.329801,0.28281,0.244319,0.428379,0.508403,inf,inf,inf,inf,0.687969,0.627939,0.537652,0.564451,0.616216,0.661312,0.304868,0.253853,0.332013,0.483938,inf,inf,inf,inf,inf,inf,0.707395,0.621685,0.562606,0.617984,0.666158,0.280335,0.225164,0.419822,inf,inf,inf,inf,inf,inf,inf,inf,0.706698,0.561647,0.620524,0.671657,0.256236,0.286773,0.447763,inf,inf,inf,inf,inf,inf,inf,inf,0.792702,0.681575,0.623833,0.677801,0.232608,0.378712,0.415853,inf,inf,inf,inf,inf,inf,inf,inf,0.78971,0.742392,0.627903,0.684579,0.239493,0.38102,inf,inf,inf,inf,inf,inf,inf,inf,inf,inf,0.774095,0.692728,0.691982,0.276934,0.32374,inf,inf,inf,inf,inf,inf,inf,inf,inf,inf,0.776681,0.758299,0.7
258,1.55944,1.52386,1.47741,1.42378,1.36719,1.312,1.03987,1.22157,1.19267,1.1776,1.17752,1.19275,1.22276,1.26617,1.32081,1.45291,1.43783,1.4149,1.3875,1.3594,1.33435,1.31569,1.3061,1.30749,1.32098,1.34693,1.38499,1.4341,1.49252,1.55789,1.34661,1.35192,1.35245,1.35124,1.35162,1.35678,1.36931,1.39101,1.42285,1.46503,1.5171,1.57802,1.64623,1.71962,1.79564,1.24054,1.26617,1.29005,1.31497,1.34386,1.37931,1.42318,1.47634,1.53879,1.60979,1.68806,1.77188,1.85917,1.94747,2.03406,1.13472,1.18057,1.22773,1.27872,1.33611,1.40195,1.4773,1.56212,1.65536,1.75531,1.85986,1.9666,2.07293,2.17608,2.27316,1.02918,1.09515,1.16547,1.24247,1.35837,1.4847,1.59172,1.70839,1.8326,1.93163,2.03252,2.16219,2.28753,2.40546,2.51292,0.923942,1.00991,1.10329,1.20623,1.44066,1.62759,inf,inf,2.07055,2.1688,2.26608,2.35867,2.50298,2.6356,2.75335,0.826425,0.924891,1.04121,1.23,1.55297,inf,inf,inf,inf,2.43685,2.50058,2.55607,2.71928,2.86651,2.99445,0.73932,0.840099,1.00922,1.34378,inf,inf,inf,inf,inf,inf,2.79604,2.81441,2.93645,3.09818,3.23619,0.659065,0.760339,1.06735,1.36757,inf,inf,inf,inf,inf,inf,inf,3.1637,3.15448,3.33062,3.47859,0.58764,0.685913,1.03561,inf,inf,inf,inf,inf,inf,inf,inf,3.42396,3.46339,3.56382,3.72163,0.519634,0.709596,1.00401,inf,inf,inf,inf,inf,inf,inf,inf,3.6252,3.74318,3.79777,3.9653,0.457762,0.674472,0.972576,inf,inf,inf,inf,inf,inf,inf,inf,inf,4.02383,4.09247,4.20959,0.474079,0.646469,0.972417,inf,inf,inf,inf,inf,inf,inf,inf,inf,4.27536,4.38792,4.45449,0.471952,0.649663,inf,inf,inf,inf,inf,inf,inf,inf,inf,inf,4.52776,4.65409,4.7
259,0.552406,0.533302,0.516856,0.504466,0.497303,0.496134,0.50118,0.584777,0.527925,0.547474,0.569271,0.591831,0.613759,0.633825,0.651009,0.525253,0.502847,0.483744,0.469568,0.46168,0.460954,0.467612,0.481174,0.500551,0.524239,0.55054,0.577744,0.60426,0.628695,0.649897,0.498324,0.472529,0.450689,0.434678,0.426066,0.42585,0.434247,0.45064,0.473708,0.501678,0.532584,0.564484,0.595591,0.624355,0.649505,0.471634,0.44236,0.417697,0.399795,0.390462,0.390831,0.401106,0.420504,0.447437,0.479831,0.515439,0.552077,0.587768,0.620815,0.649833,0.445201,0.412354,0.384774,0.364921,0.354869,0.355907,0.368211,0.390801,0.421781,0.458743,0.499142,0.540552,0.58081,0.618081,0.650881,0.419046,0.382524,0.351928,0.330056,0.369289,0.396087,0.410589,0.436572,0.471786,0.488459,0.508731,0.529935,0.574731,0.616158,0.652648,0.393191,0.352889,0.319166,0.345201,0.408723,0.461385,0.503268,0.60786,inf,0.569024,0.544242,0.54525,0.569543,0.615051,0.655129,0.367657,0.323465,0.286499,0.385359,0.498173,inf,inf,inf,inf,inf,0.680712,0.586521,0.565259,0.614761,0.658322,0.342473,0.294275,0.353936,0.45053,0.512641,inf,inf,inf,inf,inf,0.718177,0.65377,0.586889,0.615288,0.66222,0.317664,0.265341,0.396492,inf,inf,inf,inf,inf,inf,inf,inf,0.747017,0.68444,0.616633,0.666818,0.293263,0.31169,0.414179,inf,inf,inf,inf,inf,inf,inf,inf,0.791281,0.782918,0.643792,0.672107,0.269303,0.333352,0.382017,inf,inf,inf,inf,inf,inf,inf,inf,inf,0.832326,0.746761,0.67808,0.32082,0.330359,inf,inf,inf,inf,inf,inf,inf,inf,inf,inf,0.807665,0.800533,0.684726,0.347855,0.352751,inf,inf,inf,inf,inf,inf,inf,inf,inf,inf,inf,0.830103,0.792037,0.32545,0.35057,inf,inf,inf,inf,inf,inf,inf,inf,inf,inf,inf,0.810461,0.85
260,0.534955,0.515492,0.49898,0.486841,0.480242,0.479914,0.486011,0.577971,0.515147,0.535875,0.558763,0.582295,0.605063,0.625834,0.643594,0.508393,0.485764,0.466738,0.452961,0.445784,0.446038,0.453862,0.468675,0.489291,0.514128,0.541439,0.56949,0.596687,0.621644,0.643228,0.482042,0.456162,0.434545,0.419086,0.411341,0.412251,0.421934,0.439655,0.463983,0.493064,0.524889,0.557501,0.58912,0.618219,0.643552,0.455917,0.426698,0.402407,0.385215,0.376912,0.378563,0.39025,0.411053,0.439263,0.472722,0.509147,0.546352,0.582379,0.615566,0.644567,0.430036,0.397383,0.370328,0.351349,0.342501,0.372258,0.386108,0.410181,0.442447,0.453145,0.494248,0.536068,0.576478,0.61369,0.646269,0.404419,0.368232,0.338314,0.344761,0.389927,0.42062,0.464081,0.518898,0.500856,0.516196,0.534773,0.526674,0.571429,0.612593,0.648657,0.379087,0.339261,0.306374,0.365452,0.464647,inf,inf,inf,inf,0.634645,0.603482,0.572737,0.567244,0.61228,0.651726,0.354062,0.310486,0.274516,0.413424,0.539391,inf,inf,inf,inf,inf,0.727684,0.619732,0.563932,0.612749,0.655472,0.329369,0.281929,0.406386,0.43413,inf,inf,inf,inf,inf,inf,inf,0.722224,0.588772,0.614,0.659888,0.305038,0.335429,0.429267,inf,inf,inf,inf,inf,inf,inf,inf,0.771139,0.750862,0.643304,0.664967,0.281097,0.361922,0.424992,inf,inf,inf,inf,inf,inf,inf,inf,inf,0.80475,0.64611,0.670701,0.312126,0.388708,0.420848,inf,inf,inf,inf,inf,inf,inf,inf,inf,0.804984,0.758778,0.704354,0.316342,0.361274,inf,inf,inf,inf,inf,inf,inf,inf,inf,inf,0.83338,0.790391,0.711371,0.321059,0.334205,inf,inf,inf,inf,inf,inf,inf,inf,inf,inf,inf,0.877306,0.828105,0.353593,inf,inf,inf,inf,inf,inf,inf,inf,inf,inf,inf,inf,0.855875,0.836364
261,1.72361,1.67806,1.61969,1.55232,1.48041,1.40863,1.34148,1.12831,1.23653,1.20462,1.18893,1.19023,1.20835,1.2422,1.28981,1.61585,1.59054,1.5555,1.51425,1.47076,1.42913,1.39314,1.36598,1.35009,1.34713,1.35796,1.38263,1.42045,1.46991,1.52884,1.50831,1.50315,1.49137,1.47617,1.46111,1.44971,1.44501,1.44933,1.46419,1.49033,1.52777,1.57586,1.63337,1.69841,1.76858,1.40101,1.4159,1.4273,1.4381,1.45148,1.47038,1.49711,1.53309,1.57888,1.63425,1.69838,1.76995,1.84713,1.9277,2.00904,1.29394,1.32881,1.36329,1.40004,1.44187,1.49116,1.61375,1.68158,1.75847,1.82179,1.89128,1.96491,2.06175,2.15779,2.25021,1.18715,1.24188,1.29935,1.36199,1.49655,1.61919,1.77354,1.89485,inf,2.05299,2.12793,2.1822,2.27725,2.38868,2.49209,1.08065,1.15514,1.23548,1.43108,1.59411,1.76878,inf,inf,inf,2.26363,2.40835,2.48614,2.49363,2.62038,2.73467,0.974454,1.0686,1.19313,1.4359,1.67026,inf,inf,inf,inf,inf,2.68973,2.74817,2.75376,2.85289,2.97796,0.873037,0.982282,1.2366,1.48359,inf,inf,inf,inf,inf,inf,inf,3.01118,3.12194,3.0862,3.22194,0.781724,0.917635,1.25874,inf,inf,inf,inf,inf,inf,inf,inf,3.25375,3.40532,3.40604,3.46662,0.699885,0.919265,1.19528,inf,inf,inf,inf,inf,inf,inf,inf,inf,3.62533,3.70525,3.7334,0.646587,0.908128,1.1534,inf,inf,inf,inf,inf,inf,inf,inf,inf,3.88912,4.00526,4.04371,0.661057,0.837348,inf,inf,inf,inf,inf,inf,inf,inf,inf,inf,inf,4.26321,4.33325,0.63996,0.792921,inf,inf,inf,inf,inf,inf,inf,inf,inf,inf,inf,4.50051,4.64488,0.592384,0.751602,inf,inf,inf,inf,inf,inf,inf,inf,inf,inf,inf,4.73858,4.91429
262,1.62614,1.58965,1.54138,1.48495,1.42459,1.3647,1.30952,1.07022,1.22751,1.20596,1.19956,1.20887,1.23356,1.27247,1.32359,1.51936,1.50276,1.47745,1.44674,1.41443,1.38434,1.36,1.3443,1.33938,1.34659,1.36653,1.39908,1.44338,1.49786,1.56029,1.41281,1.416,1.41357,1.40854,1.40428,1.40407,1.4107,1.4262,1.45179,1.48789,1.53428,1.59012,1.65402,1.72402,1.7977,1.30648,1.32939,1.34976,1.37034,1.39414,1.44696,1.50778,1.55467,1.58786,1.62991,1.70283,1.782,1.86548,1.95097,2.03581,1.20041,1.24294,1.28601,1.33216,1.45324,1.55918,1.6282,1.70666,1.79378,1.865,1.94146,1.97475,2.0778,2.1787,2.27461,1.09461,1.15665,1.22233,1.38628,1.5816,1.67152,inf,inf,inf,2.12398,2.20405,2.23764,2.29098,2.40722,2.51411,0.989099,1.07056,1.18182,1.4635,1.64073,inf,inf,inf,inf,inf,2.46755,2.54759,2.50504,2.63654,2.75431,0.883905,0.984675,1.25677,1.47149,inf,inf,inf,inf,inf,inf,inf,2.81233,2.83536,2.86665,2.99519,0.787073,0.968247,1.2626,1.47949,inf,inf,inf,inf,inf,inf,inf,3.05495,3.16657,3.12063,3.23676,0.699719,0.998224,1.24547,inf,inf,inf,inf,inf,inf,inf,inf,inf,3.45252,3.49079,3.47899,0.687714,0.941108,1.20538,inf,inf,inf,inf,inf,inf,inf,inf,inf,3.67015,3.7925,3.74498,0.662389,0.889305,inf,inf,inf,inf,inf,inf,inf,inf,inf,inf,3.88868,4.02577,4.127,0.638418,0.821839,inf,inf,inf,inf,inf,inf,inf,inf,inf,inf,inf,4.28289,4.41737,0.579051,0.802581,inf,inf,inf,inf,inf,inf,inf,inf,inf,inf,inf,4.54078,4.66222,0.581408,0.742678,inf,inf,inf,inf,inf,inf,inf,inf,inf,inf,inf,inf,4.93077
263,0.519563,0.500581,0.484799,0.473605,0.468101,0.468925,0.567782,0.48916,0.506971,0.528188,0.551302,0.574817,0.597357,0.617729,0.634966,0.492983,0.470996,0.452889,0.440267,0.434403,0.436016,0.44512,0.461019,0.482446,0.507781,0.535277,0.563226,0.590078,0.614499,0.635406,0.466592,0.441518,0.421016,0.406931,0.400729,0.403217,0.414361,0.433293,0.458493,0.488071,0.520028,0.552444,0.583595,0.612012,0.636512,0.440406,0.412158,0.389182,0.373596,0.36708,0.393617,0.430031,0.429093,0.458229,0.469098,0.50559,0.542494,0.577919,0.610273,0.638282,0.414441,0.382925,0.357392,0.386415,0.402692,0.453383,0.46908,0.51769,0.527852,0.520133,0.538148,0.533398,0.573064,0.609287,0.640711,0.388715,0.353832,0.371804,0.44539,0.507566,inf,inf,inf,inf,inf,0.617735,0.617484,0.569039,0.609053,0.643798,0.363248,0.324893,0.409348,0.504367,0.543245,inf,inf,inf,inf,inf,0.721305,0.679388,0.612007,0.609574,0.647536,0.338061,0.342277,0.470029,inf,inf,inf,inf,inf,inf,inf,inf,0.742205,0.632744,0.633924,0.651919,0.336256,0.475234,0.484624,inf,inf,inf,inf,inf,inf,inf,inf,0.80595,0.769716,0.659025,0.656942,0.380935,0.446859,inf,inf,inf,inf,inf,inf,inf,inf,inf,inf,0.838313,0.754103,0.708749,0.379821,0.441791,inf,inf,inf,inf,inf,inf,inf,inf,inf,inf,0.861611,0.826846,0.715024,0.425253,0.43698,inf,inf,inf,inf,inf,inf,inf,inf,inf,inf,inf,0.831092,0.837298,0.424959,inf,inf,inf,inf,inf,inf,inf,inf,inf,inf,inf,inf,0.88222,0.867866,0.378977,inf,inf,inf,inf,inf,inf,inf,inf,inf,inf,inf,inf,0.864836,0.899027,inf,inf,inf,inf,inf,inf,inf,inf,inf,inf,inf,inf,inf,inf,0.907692
264,0.50701,0.487778,0.471937,0.460893,0.45575,0.457128,0.562559,0.478869,0.49752,0.519571,0.543476,0.567716,0.590902,0.611839,0.629558,0.480882,0.458736,0.440663,0.428284,0.422874,0.425125,0.435003,0.451745,0.474021,0.500164,0.528391,0.556981,0.584375,0.609242,0.630508,0.454935,0.429794,0.409419,0.395676,0.390027,0.393244,0.405234,0.425051,0.451107,0.481461,0.514085,0.54705,0.578632,0.607375,0.632108,0.429183,0.40096,0.37821,0.363068,0.380288,0.407652,0.421911,0.444977,0.474971,0.486578,0.500589,0.537943,0.573685,0.60624,0.634353,0.40364,0.372245,0.347038,0.399692,0.439815,0.491439,inf,inf,0.568736,0.561709,0.557164,0.552759,0.569544,0.605839,0.637241,0.378326,0.343659,0.362063,0.459393,0.522459,inf,inf,inf,inf,inf,0.660764,0.614593,0.566218,0.606175,0.640767,0.353258,0.338294,0.423288,0.496018,inf,inf,inf,inf,inf,inf,0.742189,0.700387,0.632946,0.607245,0.644926,0.328458,0.402318,0.461489,inf,inf,inf,inf,inf,inf,inf,inf,0.764002,0.700501,0.632125,0.64971,0.327027,0.420363,0.476672,inf,inf,inf,inf,inf,inf,inf,inf,0.782376,0.791965,0.657735,0.655112,0.41822,0.438602,inf,inf,inf,inf,inf,inf,inf,inf,inf,inf,0.838108,0.776377,0.684201,0.417451,0.410903,inf,inf,inf,inf,inf,inf,inf,inf,inf,inf,0.862007,0.826507,0.713892,0.41706,0.4296,inf,inf,inf,inf,inf,inf,inf,inf,inf,inf,inf,0.854271,0.836481,0.394003,inf,inf,inf,inf,inf,inf,inf,inf,inf,inf,inf,inf,0.882739,0.867344,0.394475,inf,inf,inf,inf,inf,inf,inf,inf,inf,inf,inf,inf,inf,0.898777,inf,inf,inf,inf,inf,inf,inf,inf,inf,inf,inf,inf,inf,inf,0.907692
265,0.514139,0.495882,0.48088,0.470468,0.465687,0.467106,0.560802,0.487928,0.505677,0.526605,0.549227,0.572086,0.593848,0.613364,0.629706,0.487186,0.466017,0.448806,0.4371,0.432097,0.434435,0.444056,0.460219,0.481641,0.506716,0.53373,0.561017,0.587072,0.610606,0.630581,0.460407,0.436246,0.41676,0.403732,0.398538,0.401889,0.413665,0.432944,0.458192,0.487537,0.519016,0.550758,0.581088,0.608587,0.632115,0.433816,0.406576,0.384744,0.370364,0.365014,0.39091,0.404998,0.427567,0.456801,0.469105,0.505119,0.541333,0.57591,0.60731,0.634305,0.407428,0.377019,0.352762,0.379854,0.395815,0.4658,0.482369,0.508414,0.498938,0.515746,0.534926,0.532761,0.571548,0.606779,0.637147,0.38126,0.347584,0.406532,0.432201,inf,inf,inf,inf,inf,inf,0.587039,0.589348,0.568012,0.606993,0.640637,0.355331,0.361141,0.438915,0.505978,inf,inf,inf,inf,inf,inf,0.704347,0.646828,0.586737,0.607954,0.644769,0.35109,0.374847,0.492772,inf,inf,inf,inf,inf,inf,inf,0.758306,0.726643,0.627729,0.609658,0.649536,0.34713,0.453003,inf,inf,inf,inf,inf,inf,inf,inf,inf,0.785953,0.733849,0.65496,0.654933,0.429191,0.509913,inf,inf,inf,inf,inf,inf,inf,inf,inf,inf,0.797958,0.658141,0.682378,0.447302,0.481313,inf,inf,inf,inf,inf,inf,inf,inf,inf,inf,0.841483,0.812052,0.710435,0.444349,inf,inf,inf,inf,inf,inf,inf,inf,inf,inf,inf,0.821566,0.816686,0.803379,0.420367,inf,inf,inf,inf,inf,inf,inf,inf,inf,inf,inf,inf,0.843464,0.832628,0.418251,inf,inf,inf,inf,inf,inf,inf,inf,inf,inf,inf,inf,0.849519,0.883887,inf,inf,inf,inf,inf,inf,inf,inf,inf,inf,inf,inf,inf,inf,0.892857
266,0.517035,0.498134,0.482397,0.471208,0.465672,0.466435,0.473556,0.564934,0.504218,0.525357,0.54841,0.571883,0.594401,0.614774,0.632029,0.490523,0.468642,0.450602,0.438005,0.432126,0.433689,0.442719,0.458534,0.479875,0.505135,0.532571,0.56048,0.587311,0.611732,0.632658,0.464193,0.439251,0.418841,0.404804,0.398605,0.421057,0.432138,0.450992,0.456111,0.485617,0.517516,0.549892,0.581022,0.609439,0.633957,0.438061,0.409972,0.387116,0.431603,0.445112,0.468552,0.481837,0.503906,0.512967,0.466843,0.503278,0.540142,0.575547,0.6079,0.635924,0.412141,0.420815,0.455432,0.478402,inf,inf,0.591845,0.597317,0.630486,0.568854,0.54989,0.531253,0.570897,0.607116,0.638556,0.386452,0.431791,0.523792,0.565203,inf,inf,inf,inf,inf,0.65169,0.677383,0.603244,0.567082,0.607091,0.641847,0.441011,0.482914,0.572203,inf,inf,inf,inf,inf,inf,0.715394,0.725788,0.696135,0.564111,0.607823,0.645794,0.415841,0.554197,inf,inf,inf,inf,inf,inf,inf,inf,inf,0.749943,0.64199,0.609312,0.650389,0.550964,0.565659,inf,inf,inf,inf,inf,inf,inf,inf,inf,0.764684,0.760724,0.631554,0.655625,0.546406,inf,inf,inf,inf,inf,inf,inf,inf,inf,inf,inf,0.780315,0.734545,0.661495,0.522194,inf,inf,inf,inf,inf,inf,inf,inf,inf,inf,inf,0.800765,0.77828,0.707988,0.498361,inf,inf,inf,inf,inf,inf,inf,inf,inf,inf,inf,0.802072,0.802752,0.795096,inf,inf,inf,inf,inf,inf,inf,inf,inf,inf,inf,inf,inf,0.827952,0.842808,inf,inf,inf,inf,inf,inf,inf,inf,inf,inf,inf,inf,inf,0.813871,0.871113,inf,inf,inf,inf,inf,inf,inf,inf,inf,inf,inf,inf,inf,inf,0.86
267,0.492534,0.474751,0.460598,0.451374,0.448038,0.451039,0.548576,0.47488,0.493834,0.51567,0.538888,0.562043,0.583833,0.603154,0.619129,0.465908,0.445446,0.429346,0.419109,0.434582,0.420008,0.43141,0.449144,0.471815,0.497765,0.525269,0.552691,0.578572,0.601683,0.621047,0.43943,0.416213,0.45436,0.461845,0.458676,0.445385,0.459152,0.480128,0.469162,0.480581,0.512432,0.544133,0.574076,0.600914,0.623584,0.413113,0.49956,0.498141,0.504585,0.520325,0.545936,0.54348,0.56787,0.598413,0.595406,0.537904,0.536388,0.570354,0.60085,0.626735,0.53697,0.526742,inf,inf,inf,inf,inf,inf,0.672113,0.673526,0.639214,0.548223,0.567414,0.60149,0.630497,0.548516,0.55402,inf,inf,inf,inf,inf,inf,inf,0.733729,0.760138,0.635903,0.565262,0.602834,0.634862,0.597769,inf,inf,inf,inf,inf,inf,inf,inf,inf,0.769453,0.743193,0.620151,0.604879,0.639825,inf,inf,inf,inf,inf,inf,inf,inf,inf,inf,inf,0.795105,0.750836,0.607621,0.645377,inf,inf,inf,inf,inf,inf,inf,inf,inf,inf,inf,0.8104,0.807317,0.704806,0.651512,inf,inf,inf,inf,inf,inf,inf,inf,inf,inf,inf,inf,0.827094,0.783927,0.714469,inf,inf,inf,inf,inf,inf,inf,inf,inf,inf,inf,inf,0.828914,0.826226,0.77799,inf,inf,inf,inf,inf,inf,inf,inf,inf,inf,inf,inf,0.812775,0.831697,0.860814,inf,inf,inf,inf,inf,inf,inf,inf,inf,inf,inf,inf,inf,0.856578,0.887931,inf,inf,inf,inf,inf,inf,inf,inf,inf,inf,inf,inf,inf,inf,0.87808,inf,inf,inf,inf,inf,inf,inf,inf,inf,inf,inf,inf,inf,0.908285,0.90625
268,0.453099,0.434356,0.420082,0.411651,0.410017,0.415513,0.538907,0.44585,0.468313,0.493558,0.519956,0.545984,0.570302,0.591799,0.609604,0.428433,0.40728,0.39133,0.400914,0.418363,0.444025,0.458677,0.479887,0.487251,0.497668,0.509301,0.539209,0.567176,0.591989,0.612707,0.403899,0.380262,0.418837,0.446434,0.48303,inf,inf,inf,0.563074,0.558747,0.5369,0.533181,0.564751,0.59281,0.616355,0.379509,0.447059,0.465103,inf,inf,inf,inf,inf,0.620821,0.639326,0.584025,0.52791,0.563031,0.594261,0.620542,0.486526,0.513927,inf,inf,inf,inf,inf,inf,inf,0.683189,0.6507,0.617161,0.562021,0.596338,0.625262,0.499963,inf,inf,inf,inf,inf,inf,inf,inf,inf,0.699445,0.669693,0.617973,0.599038,0.630509,0.607339,inf,inf,inf,inf,inf,inf,inf,inf,inf,inf,0.685514,0.674636,0.621107,0.636274,inf,inf,inf,inf,inf,inf,inf,inf,inf,inf,inf,0.720883,0.713261,0.681289,0.642549,inf,inf,inf,inf,inf,inf,inf,inf,inf,inf,inf,0.738303,0.715095,0.723327,0.668077,inf,inf,inf,inf,inf,inf,inf,inf,inf,inf,inf,inf,0.736383,0.728463,0.750348,inf,inf,inf,inf,inf,inf,inf,inf,inf,inf,inf,inf,0.758372,0.771689,0.758102,inf,inf,inf,inf,inf,inf,inf,inf,inf,inf,inf,inf,inf,0.759245,0.785079,inf,inf,inf,inf,inf,inf,inf,inf,inf,inf,inf,inf,inf,0.784873,0.81252,inf,inf,inf,inf,inf,inf,inf,inf,inf,inf,inf,inf,inf,inf,0.821664,inf,inf,inf,inf,inf,inf,inf,inf,inf,inf,inf,inf,inf,inf,0.83125
269,0.412208,0.397861,0.408974,0.426534,0.390952,0.510932,0.418719,0.439888,0.46394,0.4893,0.514485,0.538184,0.559299,0.576963,0.590552,0.426864,0.470836,0.46114,0.478898,0.464548,0.477738,0.497406,0.522004,0.489763,0.478907,0.507791,0.534978,0.559274,0.579743,0.595709,0.501582,0.503823,0.573311,0.571321,inf,inf,0.596564,0.604716,0.556267,0.469234,0.501812,0.532447,0.559859,0.583051,0.601307,0.556367,inf,inf,inf,inf,inf,0.656231,0.668063,0.623484,0.580302,0.496562,0.530597,0.561054,0.586884,0.607339,inf,inf,inf,inf,inf,inf,inf,inf,inf,0.632135,0.572051,0.529431,0.562856,0.591236,0.613798,inf,inf,inf,inf,inf,inf,inf,inf,inf,0.684753,0.628292,0.548953,0.565262,0.596099,0.620675,inf,inf,inf,inf,inf,inf,inf,inf,inf,0.698175,0.685293,0.589161,0.568267,0.601467,0.627962,inf,inf,inf,inf,inf,inf,inf,inf,inf,inf,0.683061,0.630057,0.611866,0.607332,0.635651,inf,inf,inf,inf,inf,inf,inf,inf,inf,inf,0.681602,0.691639,0.676054,0.613686,0.643734,inf,inf,inf,inf,inf,inf,inf,inf,inf,inf,0.740919,0.693903,0.720822,0.640519,0.652202,inf,inf,inf,inf,inf,inf,inf,inf,inf,inf,inf,0.716844,0.706162,0.707824,0.681046,inf,inf,inf,inf,inf,inf,inf,inf,inf,inf,inf,0.760456,0.732067,0.715589,0.730257,inf,inf,inf,inf,inf,inf,inf,inf,inf,inf,inf,0.764732,0.738525,0.743806,0.779825,inf,inf,inf,inf,inf,inf,inf,inf,inf,inf,inf,inf,0.765528,0.772463,0.789743,inf,inf,inf,inf,inf,inf,inf,inf,inf,inf,inf,inf,inf,0.781552,0.8
270,0.444184,0.430947,0.422228,0.418935,0.421511,0.510288,0.443291,0.46078,0.481,0.502554,0.524088,0.544379,0.562387,0.577283,0.588462,0.4167,0.40167,0.392029,0.388818,0.392518,0.40295,0.419306,0.440306,0.464412,0.490015,0.515583,0.539744,0.561338,0.579444,0.593388,0.389275,0.412404,0.441834,0.438753,0.383682,0.416356,0.435777,0.420425,0.448518,0.478228,0.507841,0.535843,0.560963,0.582199,0.598815,0.461915,0.46315,0.511643,0.508747,0.495021,0.530091,0.552739,0.501176,0.473352,0.467217,0.500877,0.532684,0.561265,0.585543,0.604736,0.494626,inf,inf,inf,inf,inf,0.630234,0.542597,0.518949,0.477009,0.494709,0.530273,0.562241,0.589473,0.611143,0.607415,inf,inf,inf,inf,inf,inf,inf,0.545345,0.567628,0.52935,0.528617,0.563891,0.59398,0.618028,inf,inf,inf,inf,inf,inf,inf,inf,0.572574,0.5991,0.584812,0.527717,0.56621,0.599059,0.625383,inf,inf,inf,inf,inf,inf,inf,inf,inf,0.571445,0.601108,0.567577,0.569196,0.604701,0.633199,inf,inf,inf,inf,inf,inf,inf,inf,inf,0.624685,0.598245,0.588197,0.572842,0.610899,0.641466,inf,inf,inf,inf,inf,inf,inf,inf,inf,0.698838,0.596231,0.629574,0.617142,0.617643,0.650175,inf,inf,inf,inf,inf,inf,inf,inf,inf,0.713922,0.635072,0.631706,0.622088,0.624924,0.659316,inf,inf,inf,inf,inf,inf,inf,inf,inf,0.68995,0.654769,0.634589,0.667672,0.672731,0.668879,inf,inf,inf,inf,inf,inf,inf,inf,inf,inf,0.655323,0.638216,0.673884,0.721054,0.678854,inf,inf,inf,inf,inf,inf,inf,inf,inf,inf,0.716734,0.682581,0.680715,0.709883,0.729231,inf,inf,inf,inf,inf,inf,inf,inf,inf,inf,0.718997,0.707673,0.688152,0.739205,0.74
271,0.436896,0.423757,0.415249,0.412273,0.41525,0.507134,0.437959,0.455914,0.476568,0.498509,0.520378,0.540951,0.559191,0.574271,0.585594,0.409748,0.394887,0.38553,0.382704,0.386866,0.3978,0.414656,0.436125,0.460645,0.486597,0.512444,0.53682,0.558571,0.576785,0.590797,0.382655,0.426026,0.395815,0.373194,0.418651,0.431874,0.451821,0.436939,0.445421,0.475435,0.505268,0.533415,0.558618,0.579883,0.59649,0.455619,0.437173,0.426107,0.48375,0.510621,0.546291,0.569491,0.498393,0.43093,0.46505,0.498867,0.530745,0.55933,0.58356,0.602668,0.468649,inf,0.576405,inf,inf,inf,0.627704,0.560526,0.477206,0.475466,0.493255,0.528814,0.560706,0.58781,0.60932,inf,inf,inf,inf,inf,inf,inf,inf,0.544282,0.526707,0.508444,0.527627,0.562744,0.592626,0.61644,inf,inf,inf,inf,inf,inf,inf,inf,0.592193,0.538795,0.524447,0.527187,0.56544,0.598002,0.624018,inf,inf,inf,inf,inf,inf,inf,inf,inf,0.571751,0.541273,0.547493,0.568789,0.603929,0.632045,inf,inf,inf,inf,inf,inf,inf,inf,inf,0.625594,0.55893,0.568546,0.572785,0.610398,0.640512,inf,inf,inf,inf,inf,inf,inf,inf,inf,0.660342,0.557424,0.590343,0.597421,0.617401,0.649409,inf,inf,inf,inf,inf,inf,inf,inf,inf,0.716009,0.636757,0.592881,0.622689,0.624927,0.658726,inf,inf,inf,inf,inf,inf,inf,inf,inf,0.712609,0.636933,0.596153,0.64858,0.652966,0.668454,inf,inf,inf,inf,inf,inf,inf,inf,inf,inf,0.677949,0.640154,0.635084,0.661507,0.698582,inf,inf,inf,inf,inf,inf,inf,inf,inf,inf,0.699805,0.684874,0.66219,0.690539,0.709101,inf,inf,inf,inf,inf,inf,inf,inf,inf,inf,0.702495,0.690305,0.669886,0.720052,0.72
272,0.428337,0.415902,0.408242,0.406193,0.410097,0.501659,0.434331,0.452771,0.473693,0.495694,0.517435,0.537723,0.555556,0.570145,0.580927,0.401304,0.387302,0.378963,0.377236,0.38248,0.394376,0.411997,0.433986,0.458768,0.484737,0.510387,0.534388,0.555629,0.57324,0.586596,0.374313,0.418706,0.389695,0.368355,0.415055,0.449365,0.410155,0.41582,0.44455,0.47453,0.504089,0.531766,0.556351,0.576899,0.592736,0.467367,0.430115,0.460439,0.499555,0.52784,0.544725,0.448841,0.458312,0.431071,0.465099,0.498557,0.529863,0.55772,0.581118,0.599339,0.460473,inf,0.531196,inf,inf,0.60049,0.468095,0.501498,0.458365,0.456464,0.493802,0.528684,0.559733,0.585888,0.606398,inf,inf,inf,inf,inf,inf,inf,0.52542,0.526463,0.488648,0.489835,0.52823,0.562387,0.591204,0.613903,inf,inf,inf,inf,inf,inf,inf,0.590118,0.555395,0.50167,0.486666,0.528502,0.565678,0.597058,0.621845,inf,inf,inf,inf,inf,inf,inf,inf,0.605194,0.535549,0.504303,0.5295,0.569599,0.60344,0.630216,inf,inf,inf,inf,inf,inf,inf,inf,0.675888,0.550301,0.50275,0.531221,0.574143,0.610341,0.639006,inf,inf,inf,inf,inf,inf,inf,inf,0.667505,0.545941,0.542012,0.553662,0.579303,0.617753,0.648205,inf,inf,inf,inf,inf,inf,inf,inf,0.660072,0.62248,0.54209,0.556819,0.58507,0.625665,0.657804,inf,inf,inf,inf,inf,inf,inf,inf,0.653613,0.619929,0.582984,0.580684,0.611434,0.634067,0.667793,inf,inf,inf,inf,inf,inf,inf,inf,0.628149,0.638295,0.604692,0.605249,0.618385,0.642948,0.678162,inf,inf,inf,inf,inf,inf,inf,inf,0.623699,0.617583,0.60721,0.610506,0.625913,0.672296,0.688901,inf,inf,inf,inf,inf,inf,inf,inf,inf,0.637795,0.650531,0.656445,0.654005,0.662102,0.7
273,0.418637,0.408473,0.403228,0.403523,0.409468,0.490053,0.436142,0.454795,0.475263,0.496209,0.516395,0.534741,0.550361,0.562586,0.570964,0.390923,0.379576,0.37408,0.375129,0.382802,0.396549,0.415292,0.437624,0.461998,0.486895,0.510919,0.532865,0.551751,0.566828,0.577595,0.363228,0.40068,0.461632,0.46352,0.43972,0.422864,0.394988,0.421109,0.449461,0.478334,0.506181,0.53168,0.553757,0.571599,0.584658,0.468887,0.505118,0.532551,0.502043,0.51358,0.449614,0.458598,0.43862,0.43768,0.470546,0.502192,0.531186,0.556375,0.576891,0.592147,0.541237,inf,0.570177,inf,inf,inf,0.489497,0.473527,0.510017,0.463549,0.49896,0.531385,0.559602,0.582696,0.600052,inf,inf,inf,inf,inf,inf,inf,0.492531,0.533165,0.490694,0.496492,0.532277,0.563432,0.589007,0.608364,inf,inf,inf,inf,inf,inf,inf,0.562338,0.523819,0.518662,0.494795,0.533859,0.567859,0.595815,0.617075,inf,inf,inf,inf,inf,inf,inf,0.616318,0.548669,0.514133,0.527205,0.536128,0.572875,0.60311,0.626175,inf,inf,inf,inf,inf,inf,inf,0.637841,0.591072,0.52712,0.543723,0.539081,0.578472,0.610884,0.635656,inf,inf,inf,inf,inf,inf,inf,inf,0.584386,0.540964,0.561018,0.592711,0.584641,0.619126,0.645507,inf,inf,inf,inf,inf,inf,inf,inf,0.595295,0.555674,0.562421,0.597012,0.591373,0.627826,0.65572,inf,inf,inf,inf,inf,inf,inf,inf,0.640484,0.571255,0.564595,0.601975,0.615325,0.636974,0.666285,inf,inf,inf,inf,inf,inf,inf,inf,0.619969,0.587709,0.584203,0.607591,0.656484,0.64656,0.677193,inf,inf,inf,inf,inf,inf,inf,inf,0.600428,0.605038,0.60457,0.613851,0.648175,0.673239,0.688435,inf,inf,inf,inf,inf,inf,inf,inf,0.615203,0.639905,0.609022,0.637409,0.673717,0.683667,0.716667
274,0.416169,0.406323,0.40138,0.401936,0.408075,0.486707,0.434881,0.453467,0.473786,0.494517,0.514436,0.532479,0.547777,0.559671,0.567728,0.405118,0.377492,0.372368,0.373743,0.381668,0.39557,0.414364,0.436644,0.460877,0.485555,0.509303,0.530931,0.549473,0.564197,0.574616,0.427416,0.381994,0.443393,0.445678,0.438856,0.455533,0.444403,0.453822,0.448702,0.477351,0.504909,0.530071,0.551783,0.569249,0.581934,0.466398,0.503165,0.531126,0.501089,inf,0.532611,0.475036,0.505034,0.470622,0.469922,0.501264,0.529903,0.554705,0.574818,0.589673,inf,inf,0.552238,inf,inf,inf,0.489634,0.523649,0.526665,0.463287,0.498377,0.530426,0.558231,0.580897,0.597824,inf,inf,inf,inf,inf,inf,inf,0.559703,0.566857,0.507461,0.496253,0.531638,0.562358,0.587478,0.60638,inf,inf,inf,inf,inf,inf,inf,0.596567,0.55789,0.552459,0.494898,0.533539,0.567077,0.594552,0.615329,inf,inf,inf,inf,inf,inf,inf,0.634275,0.599789,0.548294,0.544314,0.536123,0.572381,0.602108,0.624664,inf,inf,inf,inf,inf,inf,inf,0.639532,0.659243,0.561641,0.577836,0.556053,0.578262,0.610139,0.634374,inf,inf,inf,inf,inf,inf,inf,inf,0.65294,0.592512,0.595463,0.609989,0.58471,0.618633,0.644451,inf,inf,inf,inf,inf,inf,inf,inf,0.630898,0.59091,0.580528,0.597923,0.608382,0.62758,0.654885,inf,inf,inf,inf,inf,inf,inf,inf,0.6598,0.640175,0.599691,0.636515,0.632602,0.63697,0.665666,inf,inf,inf,inf,inf,inf,inf,inf,0.63966,0.640309,0.602948,0.625753,0.674024,0.680125,0.676785,inf,inf,inf,inf,inf,inf,inf,inf,0.620489,0.624643,0.640292,0.632295,0.66597,0.690369,0.688233,inf,inf,inf,inf,inf,inf,inf,inf,0.618962,0.659842,0.67838,0.656128,0.691763,0.701022,0.733333
275,0.41882,0.407643,0.401251,0.400372,0.405241,0.490297,0.430468,0.448872,0.469421,0.490756,0.511597,0.530812,0.54746,0.560813,0.570363,0.391639,0.395803,0.372322,0.37202,0.378454,0.3912,0.409272,0.431299,0.455737,0.481033,0.505746,0.528614,0.548594,0.564878,0.576902,0.447816,0.400629,0.460085,0.477105,0.435232,0.48391,0.455273,0.464378,0.442783,0.472073,0.500649,0.527125,0.550366,0.569494,0.583896,0.470686,0.505456,0.531208,0.532305,inf,0.543704,0.468511,0.498145,0.513922,0.463897,0.496317,0.526349,0.552774,0.574654,0.591338,inf,inf,inf,inf,inf,inf,0.482358,0.51597,0.552518,0.473191,0.49276,0.526287,0.555812,0.58035,0.599218,inf,inf,inf,inf,inf,inf,inf,0.567892,0.558598,0.566641,0.489986,0.526939,0.559477,0.586575,0.607526,inf,inf,inf,inf,inf,inf,inf,0.603948,0.632191,0.560928,0.538002,0.528303,0.563761,0.593319,0.616254,inf,inf,inf,inf,inf,inf,inf,0.640845,0.673325,0.556069,0.553478,0.530378,0.568657,0.600572,0.625392,inf,inf,inf,inf,inf,inf,inf,inf,0.665357,0.568743,0.586418,0.566491,0.574156,0.608325,0.63493,inf,inf,inf,inf,inf,inf,inf,inf,0.674979,0.59896,0.586823,0.619971,0.596917,0.616568,0.644858,inf,inf,inf,inf,inf,inf,inf,inf,0.652212,0.646729,0.571357,0.607478,0.620263,0.62529,0.655166,inf,inf,inf,inf,inf,inf,inf,inf,0.663741,0.645389,0.623352,0.629002,0.644183,0.651146,0.665844,inf,inf,inf,inf,inf,inf,inf,inf,0.642918,0.644945,0.626137,0.617869,0.668666,0.694125,0.676882,inf,inf,inf,inf,inf,inf,inf,inf,inf,0.645396,0.663037,0.624068,0.660367,0.704217,0.688271,inf,inf,inf,inf,inf,inf,inf,inf,inf,0.646743,0.684044,0.680921,0.68594,0.73141,0.733333
276,0.398877,0.40045,0.393616,0.406458,0.425601,0.437067,0.488406,0.433061,0.455801,0.479457,0.502664,0.524218,0.543119,0.558587,0.570073,0.495926,0.482549,0.488929,0.50234,0.482128,0.496015,0.488378,0.485008,0.443335,0.4708,0.497703,0.522721,0.54476,0.562974,0.576765,0.538455,0.537376,inf,inf,0.525255,inf,0.496412,0.510334,0.486139,0.462894,0.493478,0.52191,0.547016,0.567889,0.583892,inf,inf,inf,inf,inf,inf,inf,0.563622,0.529696,0.496667,0.489998,0.521788,0.549882,0.573325,0.591446,inf,inf,inf,inf,inf,inf,inf,0.590361,0.560397,0.544863,0.500907,0.522355,0.553354,0.579273,0.599418,inf,inf,inf,inf,inf,inf,inf,0.617863,0.632816,0.539318,0.526213,0.52361,0.557426,0.585725,0.607799,inf,inf,inf,inf,inf,inf,inf,inf,0.651524,0.534591,0.552282,0.539187,0.56209,0.592672,0.616577,inf,inf,inf,inf,inf,inf,inf,inf,0.671092,0.612514,0.565482,0.582717,0.567338,0.600104,0.625746,inf,inf,inf,inf,inf,inf,inf,inf,0.677904,0.650368,0.565814,0.59965,0.573162,0.608011,0.635293,inf,inf,inf,inf,inf,inf,inf,inf,0.671984,0.648163,0.607822,0.603616,0.606825,0.616383,0.645211,inf,inf,inf,inf,inf,inf,inf,inf,inf,0.646814,0.623321,0.608244,0.641043,0.652481,0.655488,inf,inf,inf,inf,inf,inf,inf,inf,0.635652,0.646325,0.639581,0.613523,0.648534,0.675386,0.666115,inf,inf,inf,inf,inf,inf,inf,inf,inf,0.660333,0.642958,0.619445,0.670193,0.685086,0.677083,inf,inf,inf,inf,inf,inf,inf,inf,inf,0.647928,0.674353,0.680543,0.678738,0.708843,0.715654,inf,inf,inf,inf,inf,inf,inf,inf,inf,0.622742,0.679212,0.701351,0.674156,0.705737,0.740909
277,0.403469,0.393654,0.388869,0.389714,0.396265,0.479884,0.424171,0.443389,0.464359,0.485739,0.50629,0.524934,0.540792,0.553199,0.561713,0.419312,0.408472,0.417875,0.448183,0.428005,0.442456,0.461848,0.4276,0.452443,0.477708,0.502009,0.52415,0.543161,0.558307,0.569095,0.506594,0.480436,0.504069,0.506796,0.488599,0.505862,0.485814,0.45535,0.44127,0.470438,0.498467,0.524051,0.546138,0.563931,0.576898,0.536746,0.552402,inf,inf,inf,0.555452,0.496106,0.498101,0.488009,0.463946,0.495671,0.524637,0.549716,0.570064,0.585114,inf,inf,inf,inf,inf,inf,0.549908,0.555888,0.535544,0.472533,0.493628,0.525906,0.553891,0.576697,0.593733,inf,inf,inf,inf,inf,inf,inf,0.614458,0.569614,0.53907,0.492343,0.527856,0.558655,0.583822,0.602746,inf,inf,inf,inf,inf,inf,inf,0.645276,0.590242,0.549285,0.520389,0.530483,0.564001,0.591428,0.612144,inf,inf,inf,inf,inf,inf,inf,0.648376,0.654592,0.546044,0.549196,0.533782,0.569919,0.599505,0.621916,inf,inf,inf,inf,inf,inf,inf,inf,0.676971,0.572213,0.564478,0.566318,0.5764,0.608044,0.632053,inf,inf,inf,inf,inf,inf,inf,inf,0.671683,0.599226,0.580519,0.599512,0.59772,0.617033,0.642545,inf,inf,inf,inf,inf,inf,inf,inf,0.681599,0.627089,0.583028,0.604783,0.633868,0.626462,0.653383,inf,inf,inf,inf,inf,inf,inf,inf,0.663878,0.655801,0.600571,0.62498,0.62769,0.650606,0.664557,inf,inf,inf,inf,inf,inf,inf,inf,0.632814,0.656793,0.618856,0.617234,0.664889,0.689454,0.676058,inf,inf,inf,inf,inf,inf,inf,inf,0.645558,0.672917,0.680731,0.652963,0.674024,0.700137,0.687875,inf,inf,inf,inf,inf,inf,inf,inf,inf,0.661313,0.700471,0.689297,0.683654,0.711216,0.728571
278,0.393892,0.420308,0.428855,0.443051,0.45126,0.473195,0.481469,0.443493,0.464516,0.485543,0.505394,0.523063,0.537747,0.548856,0.556023,0.493858,0.473403,0.4591,0.486034,0.473268,0.489261,0.509709,0.510059,0.46569,0.478979,0.502454,0.523465,0.541126,0.554786,0.564035,0.513058,0.514971,inf,inf,inf,0.491519,0.515482,0.519633,0.490688,0.473164,0.50023,0.524522,0.545078,0.561197,0.572434,0.532261,inf,inf,inf,inf,0.517371,0.544977,0.564554,0.516456,0.49119,0.498727,0.52623,0.549596,0.56808,0.58121,inf,inf,inf,inf,inf,inf,0.563618,0.5987,0.566091,0.50999,0.509487,0.528586,0.554672,0.575425,0.590353,inf,inf,inf,inf,inf,inf,inf,0.6221,0.605,0.541115,0.532511,0.531587,0.560299,0.583224,0.599856,inf,inf,inf,inf,inf,inf,inf,0.646326,0.610125,0.573034,0.544723,0.546765,0.578005,0.591465,0.609708,inf,inf,inf,inf,inf,inf,inf,0.648328,0.639176,0.582677,0.569197,0.562574,0.573168,0.600141,0.6199,inf,inf,inf,inf,inf,inf,inf,0.651212,0.66909,0.604663,0.594393,0.590546,0.603467,0.620777,0.630423,inf,inf,inf,inf,inf,inf,inf,0.631929,0.665266,0.627458,0.597228,0.607594,0.622741,0.630288,0.652806,inf,inf,inf,inf,inf,inf,inf,inf,0.639253,0.627984,0.623851,0.636787,0.630977,0.65174,0.663963,inf,inf,inf,inf,inf,inf,inf,inf,0.625675,0.652394,0.616562,0.643497,0.651241,0.662045,0.675424,inf,inf,inf,inf,inf,inf,inf,inf,0.636077,0.654531,0.65612,0.66233,0.683521,0.695808,0.687179,inf,inf,inf,inf,inf,inf,inf,inf,0.624308,0.657466,0.684825,0.681735,0.693192,0.729942,0.722297,inf,inf,inf,inf,inf,inf,inf,inf,inf,0.649654,0.679587,0.69016,0.726393,0.72982,0.746154
279,0.379382,0.373719,0.388488,0.378875,0.389528,0.46309,0.423018,0.443397,0.464438,0.484899,0.503691,0.519912,0.532868,0.542079,0.547287,0.442547,0.496648,0.467136,0.414177,0.442301,0.460502,0.467421,0.491544,0.456363,0.480492,0.502721,0.522057,0.537734,0.549224,0.556234,0.550714,0.544615,0.515911,inf,0.465482,0.486928,0.497483,0.525415,0.524037,0.476816,0.502434,0.524811,0.543122,0.556797,0.565517,inf,inf,inf,inf,inf,inf,0.513236,0.545037,0.547476,0.51888,0.502828,0.528168,0.549023,0.564789,0.575128,inf,inf,inf,inf,inf,inf,0.574714,0.580438,0.541697,0.54669,0.518903,0.532123,0.555429,0.573191,0.585058,inf,inf,inf,inf,inf,inf,0.606954,0.616641,0.551713,0.56025,0.550658,0.536669,0.56233,0.581993,0.595297,inf,inf,inf,inf,inf,inf,0.639989,0.623671,0.577539,0.559565,0.583088,0.571798,0.569717,0.591185,0.605838,inf,inf,inf,inf,inf,inf,inf,0.63155,0.604184,0.544636,0.571189,0.592501,0.60758,0.600757,0.616671,inf,inf,inf,inf,inf,inf,inf,0.625299,0.601658,0.575462,0.574954,0.613769,0.630908,0.6407,0.627789,inf,inf,inf,inf,inf,inf,inf,0.619936,0.599967,0.607042,0.579375,0.605592,0.63969,0.636002,0.654182,inf,inf,inf,inf,inf,inf,inf,0.630478,0.614115,0.624372,0.599446,0.62796,0.648915,0.676656,0.680843,inf,inf,inf,inf,inf,inf,inf,0.611939,0.599106,0.612446,0.620154,0.62086,0.658573,0.672649,0.677763,inf,inf,inf,inf,inf,inf,inf,inf,0.599938,0.616258,0.641491,0.644281,0.668652,0.683974,0.704935,inf,inf,inf,inf,inf,inf,inf,0.60766,0.63161,0.635798,0.663444,0.683211,0.679141,0.710619,0.732349,inf,inf,inf,inf,inf,inf,inf,inf,0.604117,0.641057,0.671001,0.692637,0.705028,0.722575,0.73
280,0.517898,0.527765,0.517294,0.473378,0.455235,0.425858,0.432998,0.44156,0.463264,0.483869,0.502352,0.517893,0.529881,0.537927,0.541861,inf,0.56725,0.544902,0.542155,0.571293,0.474569,0.485276,0.484469,0.457623,0.481673,0.503325,0.52168,0.536074,0.54608,0.551505,0.596434,inf,inf,inf,0.643305,0.523884,0.499113,0.52811,0.530975,0.493218,0.504931,0.526019,0.54273,0.554605,0.561434,inf,inf,inf,inf,inf,inf,0.5528,0.546417,0.578983,0.544591,0.507166,0.530905,0.549841,0.563493,0.571641,inf,inf,inf,inf,inf,inf,inf,0.57854,0.562527,0.570579,0.562202,0.536328,0.557396,0.572735,0.582118,inf,inf,inf,inf,inf,inf,inf,0.624498,0.57292,0.571181,0.578727,0.58141,0.565386,0.582321,0.592856,inf,inf,inf,inf,inf,inf,inf,0.658221,0.610168,0.572482,0.595866,0.600925,0.612932,0.592243,0.603847,inf,inf,inf,inf,inf,inf,inf,0.66668,0.635146,0.600567,0.613611,0.607907,0.621762,0.628576,0.615084,inf,inf,inf,inf,inf,inf,inf,inf,0.647855,0.616301,0.605866,0.628431,0.64404,0.652183,0.639602,inf,inf,inf,inf,inf,inf,inf,inf,0.648298,0.632721,0.624796,0.6364,0.653668,0.663053,0.664351,inf,inf,inf,inf,inf,inf,inf,inf,inf,0.649821,0.63126,0.644846,0.676723,0.687264,0.702366,inf,inf,inf,inf,inf,inf,inf,inf,0.651506,0.667591,0.677421,0.666802,0.674063,0.698721,0.701468,inf,inf,inf,inf,inf,inf,inf,inf,inf,0.672978,0.671962,0.689212,0.684808,0.697415,0.713822,inf,inf,inf,inf,inf,inf,inf,inf,inf,0.692058,0.706177,0.69902,0.708949,0.722466,0.739422,inf,inf,inf,inf,inf,inf,inf,inf,inf,inf,0.70179,0.735346,0.73343,0.734737,0.73913
281,0.484347,0.480958,0.470053,0.490729,0.45358,0.480724,0.434809,0.442496,0.463365,0.483197,0.50098,0.515903,0.527361,0.534966,0.538547,0.549296,0.54611,0.549394,0.572093,0.58742,0.502905,0.512765,0.498094,0.496569,0.480794,0.50183,0.519651,0.533596,0.543234,0.548371,inf,inf,inf,inf,inf,inf,0.539242,0.54139,0.543561,0.518233,0.516371,0.523968,0.540309,0.551887,0.55849,inf,inf,inf,inf,inf,inf,0.579489,0.559361,0.578265,0.582473,0.531559,0.528845,0.54749,0.560916,0.568896,inf,inf,inf,inf,inf,inf,inf,0.617247,0.587649,0.582211,0.586519,0.560363,0.555129,0.57031,0.579581,inf,inf,inf,inf,inf,inf,inf,0.662891,0.623897,0.595711,0.602984,0.605468,0.589305,0.593103,0.590537,inf,inf,inf,inf,inf,inf,inf,0.696312,0.67397,0.609926,0.62008,0.625021,0.623918,0.603199,0.614798,inf,inf,inf,inf,inf,inf,inf,inf,0.698746,0.61181,0.61171,0.619012,0.632873,0.652761,0.62627,inf,inf,inf,inf,inf,inf,inf,inf,0.698226,0.653534,0.630041,0.639604,0.668331,0.676564,0.677118,inf,inf,inf,inf,inf,inf,inf,inf,0.685455,0.669874,0.635933,0.647655,0.665065,0.68764,0.676031,inf,inf,inf,inf,inf,inf,inf,inf,inf,0.686911,0.668505,0.656198,0.688281,0.68598,0.701262,inf,inf,inf,inf,inf,inf,inf,inf,inf,0.691591,0.701659,0.691307,0.685794,0.697662,0.700629,inf,inf,inf,inf,inf,inf,inf,inf,inf,0.696949,0.709296,0.726884,0.709768,0.722676,0.726299,inf,inf,inf,inf,inf,inf,inf,inf,inf,0.702974,0.717492,0.736829,0.747147,0.734927,0.752179,inf,inf,inf,inf,inf,inf,inf,inf,inf,inf,0.739275,0.760261,0.758791,0.760493,0.765217
282,0.571512,0.542126,0.492194,0.49994,0.450525,0.529307,0.548729,0.517403,0.512296,0.480059,0.497941,0.512956,0.524498,0.532179,0.535826,inf,0.555409,0.558826,inf,0.584082,0.604042,0.61402,0.573369,0.57194,0.530162,0.512143,0.516988,0.530992,0.540681,0.545861,inf,inf,inf,inf,inf,inf,0.627839,0.617038,0.619286,0.580977,0.566123,0.53463,0.537961,0.549566,0.556189,inf,inf,inf,inf,inf,inf,inf,0.648429,0.641303,0.645549,0.620747,0.578918,0.558439,0.558824,0.566802,inf,inf,inf,inf,inf,inf,inf,inf,0.664088,0.671706,0.662968,0.623756,0.592417,0.581488,0.590735,inf,inf,inf,inf,inf,inf,inf,inf,0.739822,0.672492,0.666692,0.682179,0.652928,0.630592,0.614936,inf,inf,inf,inf,inf,inf,inf,inf,inf,0.713121,0.684086,0.68896,0.687786,0.666996,0.652439,inf,inf,inf,inf,inf,inf,inf,inf,inf,0.741416,0.689055,0.683218,0.696981,0.690689,0.677151,inf,inf,inf,inf,inf,inf,inf,inf,inf,inf,0.707677,0.704072,0.70659,0.727748,0.728193,inf,inf,inf,inf,inf,inf,inf,inf,inf,inf,0.766028,0.712382,0.7166,0.725991,0.74034,inf,inf,inf,inf,inf,inf,inf,inf,inf,inf,0.772794,0.747265,0.713958,0.737582,0.726628,inf,inf,inf,inf,inf,inf,inf,inf,inf,inf,inf,0.756536,0.750827,0.749467,0.752267,inf,inf,inf,inf,inf,inf,inf,inf,inf,inf,inf,0.8054,0.788064,0.774681,0.765075,inf,inf,inf,inf,inf,inf,inf,inf,inf,inf,inf,inf,0.812615,0.774085,0.77809,inf,inf,inf,inf,inf,inf,inf,inf,inf,inf,inf,inf,0.82447,0.812886,0.804348
283,0.514926,0.499225,0.502923,0.512224,0.447,0.558146,0.56512,0.53237,0.526776,0.533535,0.524385,0.512178,0.523613,0.531065,0.534395,0.544089,inf,inf,inf,inf,inf,0.621753,0.592654,0.57699,0.559837,0.56739,0.557884,0.530696,0.539984,0.544684,inf,inf,inf,inf,inf,inf,0.651824,0.626406,0.614298,0.600464,0.570105,0.576852,0.579132,0.57653,0.555242,inf,inf,inf,inf,inf,inf,inf,inf,0.665982,0.655415,0.641616,0.582711,0.587093,0.586147,0.593332,inf,inf,inf,inf,inf,inf,inf,inf,0.718414,0.670144,0.672825,0.643633,0.595479,0.596099,0.604401,inf,inf,inf,inf,inf,inf,inf,inf,0.744324,0.685558,0.65009,0.664153,0.631551,0.620011,0.615714,inf,inf,inf,inf,inf,inf,inf,inf,inf,0.701652,0.682491,0.671533,0.695299,0.685147,0.6409,inf,inf,inf,inf,inf,inf,inf,inf,inf,0.759332,0.674566,0.6794,0.691258,0.682407,0.67995,inf,inf,inf,inf,inf,inf,inf,inf,inf,inf,0.735395,0.728652,0.701235,0.707236,0.71922,inf,inf,inf,inf,inf,inf,inf,inf,inf,inf,inf,0.710185,0.711582,0.718716,0.717796,inf,inf,inf,inf,inf,inf,inf,inf,inf,inf,0.790546,0.760351,0.749563,0.74411,0.716578,inf,inf,inf,inf,inf,inf,inf,inf,inf,inf,inf,0.783685,0.774257,0.7425,0.742832,inf,inf,inf,inf,inf,inf,inf,inf,inf,inf,inf,inf,0.785653,0.78206,0.769279,inf,inf,inf,inf,inf,inf,inf,inf,inf,inf,inf,inf,0.797378,0.780962,0.782277,inf,inf,inf,inf,inf,inf,inf,inf,inf,inf,inf,inf,inf,0.807381,0.809091
284,0.498882,0.509146,0.512938,0.534081,0.443317,0.505348,0.51317,0.522048,0.506726,0.502074,0.495142,0.509175,0.519628,0.526173,0.528697,0.557167,0.567972,0.573223,inf,inf,inf,0.597716,0.610303,0.622602,0.597366,0.557547,0.538321,0.527091,0.535493,0.539394,inf,inf,inf,inf,inf,inf,inf,0.663311,0.691221,0.681355,0.63258,0.580009,0.559003,0.545169,0.550359,inf,inf,inf,inf,inf,inf,inf,0.717092,0.712591,0.718041,0.684234,0.63423,0.591353,0.57919,0.573585,inf,inf,inf,inf,inf,inf,inf,inf,inf,0.719423,0.736503,0.688973,0.648131,0.625548,0.597062,inf,inf,inf,inf,inf,inf,inf,inf,inf,0.757498,0.753379,0.744229,0.693325,0.660231,0.656784,inf,inf,inf,inf,inf,inf,inf,inf,inf,inf,0.770852,0.775986,0.750925,0.68323,0.680741,inf,inf,inf,inf,inf,inf,inf,inf,inf,inf,0.800914,0.760232,0.760921,0.754536,0.704927,inf,inf,inf,inf,inf,inf,inf,inf,inf,inf,inf,0.780958,0.783299,0.766139,0.777333,inf,inf,inf,inf,inf,inf,inf,inf,inf,inf,inf,inf,0.794051,0.790029,0.765952,inf,inf,inf,inf,inf,inf,inf,inf,inf,inf,inf,inf,0.793164,0.778198,0.790777,inf,inf,inf,inf,inf,inf,inf,inf,inf,inf,inf,inf,0.828628,0.814636,0.803801,inf,inf,inf,inf,inf,inf,inf,inf,inf,inf,inf,inf,inf,0.839334,0.829017,inf,inf,inf,inf,inf,inf,inf,inf,inf,inf,inf,inf,inf,0.864284,0.830419,inf,inf,inf,inf,inf,inf,inf,inf,inf,inf,inf,inf,inf,inf,inf
285,0.535259,0.5342,0.551233,0.561119,0.439101,0.531172,0.551467,0.57269,0.531084,0.48803,0.492591,0.50653,0.51682,0.52315,0.525426,inf,inf,inf,inf,inf,inf,inf,0.62826,0.652729,0.638028,0.59563,0.54973,0.524753,0.532857,0.53643,inf,inf,inf,inf,inf,inf,inf,inf,0.700113,0.726215,0.686784,0.630958,0.570622,0.542907,0.54769,inf,inf,inf,inf,inf,inf,inf,inf,0.735743,0.752589,0.741047,0.700204,0.654414,0.615789,0.571699,inf,inf,inf,inf,inf,inf,inf,inf,inf,0.779648,0.77091,0.757458,0.688619,0.651494,0.620948,inf,inf,inf,inf,inf,inf,inf,inf,inf,inf,0.763866,0.777709,0.748226,0.700011,0.682929,inf,inf,inf,inf,inf,inf,inf,inf,inf,inf,0.819903,0.798445,0.795724,0.748831,0.732635,inf,inf,inf,inf,inf,inf,inf,inf,inf,inf,inf,0.807155,0.768602,0.772944,0.745058,inf,inf,inf,inf,inf,inf,inf,inf,inf,inf,inf,inf,0.804349,0.784841,0.770191,inf,inf,inf,inf,inf,inf,inf,inf,inf,inf,inf,inf,0.827953,0.797013,0.783025,inf,inf,inf,inf,inf,inf,inf,inf,inf,inf,inf,inf,inf,0.83445,0.796056,inf,inf,inf,inf,inf,inf,inf,inf,inf,inf,inf,inf,inf,inf,0.809275,inf,inf,inf,inf,inf,inf,inf,inf,inf,inf,inf,inf,inf,inf,0.847676,inf,inf,inf,inf,inf,inf,inf,inf,inf,inf,inf,inf,inf,inf,inf,inf,inf,inf,inf,inf,inf,inf,inf,inf,inf,inf,inf,inf,inf,inf
286,0.648568,inf,inf,0.66061,0.436045,0.647561,0.667314,0.68805,0.708527,0.727631,0.733313,0.658167,0.657215,0.574584,0.521282,inf,inf,inf,inf,inf,inf,inf,inf,0.738478,0.760983,0.780868,0.786213,0.776433,0.717843,0.632544,inf,inf,inf,inf,inf,inf,inf,inf,inf,0.772814,0.773496,0.781465,0.784985,0.761454,0.755181,inf,inf,inf,inf,inf,inf,inf,inf,inf,inf,0.788966,0.799469,0.78286,0.783184,0.755851,inf,inf,inf,inf,inf,inf,inf,inf,inf,inf,inf,0.795769,0.803379,0.77191,0.778991,inf,inf,inf,inf,inf,inf,inf,inf,inf,inf,inf,inf,0.813199,0.783179,0.757924,inf,inf,inf,inf,inf,inf,inf,inf,inf,inf,inf,inf,inf,0.805869,0.803753,inf,inf,inf,inf,inf,inf,inf,inf,inf,inf,inf,inf,inf,inf,0.805361,inf,inf,inf,inf,inf,inf,inf,inf,inf,inf,inf,inf,inf,inf,inf,inf,inf,inf,inf,inf,inf,inf,inf,inf,inf,inf,inf,inf,inf,inf,inf,inf,inf,inf,inf,inf,inf,inf,inf,inf,inf,inf,inf,inf,inf,inf,inf,inf,inf,inf,inf,inf,inf,inf,inf,inf,inf,inf,inf,inf,inf,inf,inf,inf,inf,inf,inf,inf,inf,inf,inf,inf,inf,inf,inf,inf,inf,inf,inf,inf,inf,inf,inf,inf,inf,inf,inf,inf,inf,inf,inf,inf,inf,inf,inf,inf,inf,inf,inf,inf,inf,inf,inf,inf,inf
287,inf,inf,inf,0.625729,0.638394,0.551536,0.673095,0.692696,0.712165,0.717362,0.694311,0.64227,0.59983,0.514489,0.516566,inf,inf,inf,inf,inf,inf,inf,0.72425,inf,0.756152,0.77545,0.791468,0.751437,0.654988,0.606331,inf,inf,inf,inf,inf,inf,inf,inf,inf,inf,0.792024,0.784709,0.799164,0.79586,0.735508,inf,inf,inf,inf,inf,inf,inf,inf,inf,inf,inf,inf,0.795175,0.78057,0.773652,inf,inf,inf,inf,inf,inf,inf,inf,inf,inf,inf,inf,inf,0.76563,0.746841,inf,inf,inf,inf,inf,inf,inf,inf,inf,inf,inf,inf,inf,inf,0.733327,inf,inf,inf,inf,inf,inf,inf,inf,inf,inf,inf,inf,inf,inf,inf,inf,inf,inf,inf,inf,inf,inf,inf,inf,inf,inf,inf,inf,inf,inf,inf,inf,inf,inf,inf,inf,inf,inf,inf,inf,inf,inf,inf,inf,inf,inf,inf,inf,inf,inf,inf,inf,inf,inf,inf,inf,inf,inf,inf,inf,inf,inf,inf,inf,inf,inf,inf,inf,inf,inf,inf,inf,inf,inf,inf,inf,inf,inf,inf,inf,inf,inf,inf,inf,inf,inf,inf,inf,inf,inf,inf,inf,inf,inf,inf,inf,inf,inf,inf,inf,inf,inf,inf,inf,inf,inf,inf,inf,inf,inf,inf,inf,inf,inf,inf,inf,inf,inf,inf,inf,inf,inf,inf,inf,inf,inf,inf,inf,inf,inf,inf,inf,inf,inf,inf
288,0.438479,0.46776,0.48731,inf,0.430134,0.542899,0.562085,0.567048,0.571588,0.544638,0.560305,0.557891,0.551905,0.542068,0.513315,inf,inf,inf,inf,inf,inf,inf,0.665678,0.673874,0.695351,0.699121,0.609418,0.575699,0.537652,0.525192,inf,inf,inf,inf,inf,inf,inf,inf,inf,0.756769,0.778566,0.781483,0.749935,0.608582,0.567327,inf,inf,inf,inf,inf,inf,inf,inf,inf,inf,0.798632,0.789074,0.789599,0.754846,0.699709,inf,inf,inf,inf,inf,inf,inf,inf,inf,inf,inf,0.81218,0.82968,0.796434,0.757331,inf,inf,inf,inf,inf,inf,inf,inf,inf,inf,inf,inf,0.825167,0.793335,0.770184,inf,inf,inf,inf,inf,inf,inf,inf,inf,inf,inf,inf,inf,0.820539,0.76826,inf,inf,inf,inf,inf,inf,inf,inf,inf,inf,inf,inf,inf,inf,0.796552,inf,inf,inf,inf,inf,inf,inf,inf,inf,inf,inf,inf,inf,inf,inf,inf,inf,inf,inf,inf,inf,inf,inf,inf,inf,inf,inf,inf,inf,inf,inf,inf,inf,inf,inf,inf,inf,inf,inf,inf,inf,inf,inf,inf,inf,inf,inf,inf,inf,inf,inf,inf,inf,inf,inf,inf,inf,inf,inf,inf,inf,inf,inf,inf,inf,inf,inf,inf,inf,inf,inf,inf,inf,inf,inf,inf,inf,inf,inf,inf,inf,inf,inf,inf,inf,inf,inf,inf,inf,inf,inf,inf,inf,inf,inf,inf,inf,inf,inf,inf,inf,inf,inf,inf,inf
289,inf,inf,inf,inf,inf,0.426639,inf,inf,inf,inf,inf,1.56728,1.51891,1.44358,1.45467,inf,inf,inf,inf,inf,inf,inf,inf,inf,inf,inf,inf,1.91124,1.83282,1.69933,inf,inf,inf,inf,inf,inf,inf,inf,inf,inf,inf,inf,inf,2.17621,2.10576,inf,inf,inf,inf,inf,inf,inf,inf,inf,inf,inf,inf,inf,inf,inf,inf,inf,inf,inf,inf,inf,inf,inf,inf,inf,inf,inf,inf,inf,inf,inf,inf,inf,inf,inf,inf,inf,inf,inf,inf,inf,inf,inf,inf,inf,inf,inf,inf,inf,inf,inf,inf,inf,inf,inf,inf,inf,inf,inf,inf,inf,inf,inf,inf,inf,inf,inf,inf,inf,inf,inf,inf,inf,inf,inf,inf,inf,inf,inf,inf,inf,inf,inf,inf,inf,inf,inf,inf,inf,inf,inf,inf,inf,inf,inf,inf,inf,inf,inf,inf,inf,inf,inf,inf,inf,inf,inf,inf,inf,inf,inf,inf,inf,inf,inf,inf,inf,inf,inf,inf,inf,inf,inf,inf,inf,inf,inf,inf,inf,inf,inf,inf,inf,inf,inf,inf,inf,inf,inf,inf,inf,inf,inf,inf,inf,inf,inf,inf,inf,inf,inf,inf,inf,inf,inf,inf,inf,inf,inf,inf,inf,inf,inf,inf,inf,inf,inf,inf,inf,inf,inf,inf,inf,inf,inf,inf,inf,inf,inf,inf
290,inf,inf,inf,inf,inf,0.425235,0.702473,0.694556,inf,inf,inf,0.611427,0.59404,0.504742,0.507035,inf,inf,inf,inf,inf,inf,inf,inf,inf,inf,inf,inf,inf,0.692728,0.628294,inf,inf,inf,inf,inf,inf,inf,inf,inf,inf,inf,inf,inf,inf,inf,inf,inf,inf,inf,inf,inf,inf,inf,inf,inf,inf,inf,inf,inf,inf,inf,inf,inf,inf,inf,inf,inf,inf,inf,inf,inf,inf,inf,inf,inf,inf,inf,inf,inf,inf,inf,inf,inf,inf,inf,inf,inf,inf,inf,inf,inf,inf,inf,inf,inf,inf,inf,inf,inf,inf,inf,inf,inf,inf,inf,inf,inf,inf,inf,inf,inf,inf,inf,inf,inf,inf,inf,inf,inf,inf,inf,inf,inf,inf,inf,inf,inf,inf,inf,inf,inf,inf,inf,inf,inf,inf,inf,inf,inf,inf,inf,inf,inf,inf,inf,inf,inf,inf,inf,inf,inf,inf,inf,inf,inf,inf,inf,inf,inf,inf,inf,inf,inf,inf,inf,inf,inf,inf,inf,inf,inf,inf,inf,inf,inf,inf,inf,inf,inf,inf,inf,inf,inf,inf,inf,inf,inf,inf,inf,inf,inf,inf,inf,inf,inf,inf,inf,inf,inf,inf,inf,inf,inf,inf,inf,inf,inf,inf,inf,inf,inf,inf,inf,inf,inf,inf,inf,inf,inf,inf,inf,inf,inf,inf,inf
291,inf,inf,inf,inf,inf,0.425237,inf,inf,inf,inf,inf,inf,inf,1.56181,1.50355,inf,inf,inf,inf,inf,inf,inf,inf,inf,inf,inf,inf,inf,inf,inf,inf,inf,inf,inf,inf,inf,inf,inf,inf,inf,inf,inf,inf,inf,inf,inf,inf,inf,inf,inf,inf,inf,inf,inf,inf,inf,inf,inf,inf,inf,inf,inf,inf,inf,inf,inf,inf,inf,inf,inf,inf,inf,inf,inf,inf,inf,inf,inf,inf,inf,inf,inf,inf,inf,inf,inf,inf,inf,inf,inf,inf,inf,inf,inf,inf,inf,inf,inf,inf,inf,inf,inf,inf,inf,inf,inf,inf,inf,inf,inf,inf,inf,inf,inf,inf,inf,inf,inf,inf,inf,inf,inf,inf,inf,inf,inf,inf,inf,inf,inf,inf,inf,inf,inf,inf,inf,inf,inf,inf,inf,inf,inf,inf,inf,inf,inf,inf,inf,inf,inf,inf,inf,inf,inf,inf,inf,inf,inf,inf,inf,inf,inf,inf,inf,inf,inf,inf,inf,inf,inf,inf,inf,inf,inf,inf,inf,inf,inf,inf,inf,inf,inf,inf,inf,inf,inf,inf,inf,inf,inf,inf,inf,inf,inf,inf,inf,inf,inf,inf,inf,inf,inf,inf,inf,inf,inf,inf,inf,inf,inf,inf,inf,inf,inf,inf,inf,inf,inf,inf,inf,inf,inf,inf,inf,inf
292,inf,inf,inf,inf,inf,inf,0.426251,inf,inf,inf,inf,inf,1.37991,1.4084,1.33155,inf,inf,inf,inf,inf,inf,inf,inf,inf,inf,inf,inf,inf,inf,inf,inf,inf,inf,inf,inf,inf,inf,inf,inf,inf,inf,inf,inf,inf,inf,inf,inf,inf,inf,inf,inf,inf,inf,inf,inf,inf,inf,inf,inf,inf,inf,inf,inf,inf,inf,inf,inf,inf,inf,inf,inf,inf,inf,inf,inf,inf,inf,inf,inf,inf,inf,inf,inf,inf,inf,inf,inf,inf,inf,inf,inf,inf,inf,inf,inf,inf,inf,inf,inf,inf,inf,inf,inf,inf,inf,inf,inf,inf,inf,inf,inf,inf,inf,inf,inf,inf,inf,inf,inf,inf,inf,inf,inf,inf,inf,inf,inf,inf,inf,inf,inf,inf,inf,inf,inf,inf,inf,inf,inf,inf,inf,inf,inf,inf,inf,inf,inf,inf,inf,inf,inf,inf,inf,inf,inf,inf,inf,inf,inf,inf,inf,inf,inf,inf,inf,inf,inf,inf,inf,inf,inf,inf,inf,inf,inf,inf,inf,inf,inf,inf,inf,inf,inf,inf,inf,inf,inf,inf,inf,inf,inf,inf,inf,inf,inf,inf,inf,inf,inf,inf,inf,inf,inf,inf,inf,inf,inf,inf,inf,inf,inf,inf,inf,inf,inf,inf,inf,inf,inf,inf,inf,inf,inf,inf,inf
293,inf,inf,inf,inf,inf,inf,0.428142,inf,inf,inf,inf,inf,inf,inf,inf,inf,inf,inf,inf,inf,inf,inf,inf,inf,inf,inf,inf,inf,inf,inf,inf,inf,inf,inf,inf,inf,inf,inf,inf,inf,inf,inf,inf,inf,inf,inf,inf,inf,inf,inf,inf,inf,inf,inf,inf,inf,inf,inf,inf,inf,inf,inf,inf,inf,inf,inf,inf,inf,inf,inf,inf,inf,inf,inf,inf,inf,inf,inf,inf,inf,inf,inf,inf,inf,inf,inf,inf,inf,inf,inf,inf,inf,inf,inf,inf,inf,inf,inf,inf,inf,inf,inf,inf,inf,inf,inf,inf,inf,inf,inf,inf,inf,inf,inf,inf,inf,inf,inf,inf,inf,inf,inf,inf,inf,inf,inf,inf,inf,inf,inf,inf,inf,inf,inf,inf,inf,inf,inf,inf,inf,inf,inf,inf,inf,inf,inf,inf,inf,inf,inf,inf,inf,inf,inf,inf,inf,inf,inf,inf,inf,inf,inf,inf,inf,inf,inf,inf,inf,inf,inf,inf,inf,inf,inf,inf,inf,inf,inf,inf,inf,inf,inf,inf,inf,inf,inf,inf,inf,inf,inf,inf,inf,inf,inf,inf,inf,inf,inf,inf,inf,inf,inf,inf,inf,inf,inf,inf,inf,inf,inf,inf,inf,inf,inf,inf,inf,inf,inf,inf,inf,inf,inf,inf,inf,inf
294,inf,inf,inf,inf,inf,0.419658,inf,inf,inf,inf,inf,inf,inf,inf,inf,inf,inf,inf,inf,inf,inf,inf,inf,inf,inf,inf,inf,inf,inf,inf,inf,inf,inf,inf,inf,inf,inf,inf,inf,inf,inf,inf,inf,inf,inf,inf,inf,inf,inf,inf,inf,inf,inf,inf,inf,inf,inf,inf,inf,inf,inf,inf,inf,inf,inf,inf,inf,inf,inf,inf,inf,inf,inf,inf,inf,inf,inf,inf,inf,inf,inf,inf,inf,inf,inf,inf,inf,inf,inf,inf,inf,inf,inf,inf,inf,inf,inf,inf,inf,inf,inf,inf,inf,inf,inf,inf,inf,inf,inf,inf,inf,inf,inf,inf,inf,inf,inf,inf,inf,inf,inf,inf,inf,inf,inf,inf,inf,inf,inf,inf,inf,inf,inf,inf,inf,inf,inf,inf,inf,inf,inf,inf,inf,inf,inf,inf,inf,inf,inf,inf,inf,inf,inf,inf,inf,inf,inf,inf,inf,inf,inf,inf,inf,inf,inf,inf,inf,inf,inf,inf,inf,inf,inf,inf,inf,inf,inf,inf,inf,inf,inf,inf,inf,inf,inf,inf,inf,inf,inf,inf,inf,inf,inf,inf,inf,inf,inf,inf,inf,inf,inf,inf,inf,inf,inf,inf,inf,inf,inf,inf,inf,inf,inf,inf,inf,inf,inf,inf,inf,inf,inf,inf,inf,inf,inf
295,inf,inf,inf,inf,inf,0.417296,inf,inf,inf,inf,inf,inf,inf,inf,inf,inf,inf,inf,inf,inf,inf,inf,inf,inf,inf,inf,inf,inf,inf,inf,inf,inf,inf,inf,inf,inf,inf,inf,inf,inf,inf,inf,inf,inf,inf,inf,inf,inf,inf,inf,inf,inf,inf,inf,inf,inf,inf,inf,inf,inf,inf,inf,inf,inf,inf,inf,inf,inf,inf,inf,inf,inf,inf,inf,inf,inf,inf,inf,inf,inf,inf,inf,inf,inf,inf,inf,inf,inf,inf,inf,inf,inf,inf,inf,inf,inf,inf,inf,inf,inf,inf,inf,inf,inf,inf,inf,inf,inf,inf,inf,inf,inf,inf,inf,inf,inf,inf,inf,inf,inf,inf,inf,inf,inf,inf,inf,inf,inf,inf,inf,inf,inf,inf,inf,inf,inf,inf,inf,inf,inf,inf,inf,inf,inf,inf,inf,inf,inf,inf,inf,inf,inf,inf,inf,inf,inf,inf,inf,inf,inf,inf,inf,inf,inf,inf,inf,inf,inf,inf,inf,inf,inf,inf,inf,inf,inf,inf,inf,inf,inf,inf,inf,inf,inf,inf,inf,inf,inf,inf,inf,inf,inf,inf,inf,inf,inf,inf,inf,inf,inf,inf,inf,inf,inf,inf,inf,inf,inf,inf,inf,inf,inf,inf,inf,inf,inf,inf,inf,inf,inf,inf,inf,inf,inf,inf
296,inf,inf,inf,inf,inf,inf,0.415447,inf,inf,inf,inf,inf,inf,inf,inf,inf,inf,inf,inf,inf,inf,inf,inf,inf,inf,inf,inf,inf,inf,inf,inf,inf,inf,inf,inf,inf,inf,inf,inf,inf,inf,inf,inf,inf,inf,inf,inf,inf,inf,inf,inf,inf,inf,inf,inf,inf,inf,inf,inf,inf,inf,inf,inf,inf,inf,inf,inf,inf,inf,inf,inf,inf,inf,inf,inf,inf,inf,inf,inf,inf,inf,inf,inf,inf,inf,inf,inf,inf,inf,inf,inf,inf,inf,inf,inf,inf,inf,inf,inf,inf,inf,inf,inf,inf,inf,inf,inf,inf,inf,inf,inf,inf,inf,inf,inf,inf,inf,inf,inf,inf,inf,inf,inf,inf,inf,inf,inf,inf,inf,inf,inf,inf,inf,inf,inf,inf,inf,inf,inf,inf,inf,inf,inf,inf,inf,inf,inf,inf,inf,inf,inf,inf,inf,inf,inf,inf,inf,inf,inf,inf,inf,inf,inf,inf,inf,inf,inf,inf,inf,inf,inf,inf,inf,inf,inf,inf,inf,inf,inf,inf,inf,inf,inf,inf,inf,inf,inf,inf,inf,inf,inf,inf,inf,inf,inf,inf,inf,inf,inf,inf,inf,inf,inf,inf,inf,inf,inf,inf,inf,inf,inf,inf,inf,inf,inf,inf,inf,inf,inf,inf,inf,inf,inf,inf,inf
297,inf,inf,inf,inf,inf,inf,inf,inf,inf,inf,inf,inf,inf,inf,inf,inf,inf,inf,inf,inf,inf,inf,inf,inf,inf,inf,inf,inf,inf,inf,inf,inf,inf,inf,inf,inf,inf,inf,inf,inf,inf,inf,inf,inf,inf,inf,inf,inf,inf,inf,inf,inf,inf,inf,inf,inf,inf,inf,inf,inf,inf,inf,inf,inf,inf,inf,inf,inf,inf,inf,inf,inf,inf,inf,inf,inf,inf,inf,inf,inf,inf,inf,inf,inf,inf,inf,inf,inf,inf,inf,inf,inf,inf,inf,inf,inf,inf,inf,inf,inf,inf,inf,inf,inf,inf,inf,inf,inf,inf,inf,inf,inf,inf,inf,inf,inf,inf,inf,inf,inf,inf,inf,inf,inf,inf,inf,inf,inf,inf,inf,inf,inf,inf,inf,inf,inf,inf,inf,inf,inf,inf,inf,inf,inf,inf,inf,inf,inf,inf,inf,inf,inf,inf,inf,inf,inf,inf,inf,inf,inf,inf,inf,inf,inf,inf,inf,inf,inf,inf,inf,inf,inf,inf,inf,inf,inf,inf,inf,inf,inf,inf,inf,inf,inf,inf,inf,inf,inf,inf,inf,inf,inf,inf,inf,inf,inf,inf,inf,inf,inf,inf,inf,inf,inf,inf,inf,inf,inf,inf,inf,inf,inf,inf,inf,inf,inf,inf,inf,inf,inf,inf,inf,inf,inf,inf
298,inf,inf,inf,inf,inf,inf,inf,inf,inf,inf,inf,inf,inf,inf,inf,inf,inf,inf,inf,inf,inf,inf,inf,inf,inf,inf,inf,inf,inf,inf,inf,inf,inf,inf,inf,inf,inf,inf,inf,inf,inf,inf,inf,inf,inf,inf,inf,inf,inf,inf,inf,inf,inf,inf,inf,inf,inf,inf,inf,inf,inf,inf,inf,inf,inf,inf,inf,inf,inf,inf,inf,inf,inf,inf,inf,inf,inf,inf,inf,inf,inf,inf,inf,inf,inf,inf,inf,inf,inf,inf,inf,inf,inf,inf,inf,inf,inf,inf,inf,inf,inf,inf,inf,inf,inf,inf,inf,inf,inf,inf,inf,inf,inf,inf,inf,inf,inf,inf,inf,inf,inf,inf,inf,inf,inf,inf,inf,inf,inf,inf,inf,inf,inf,inf,inf,inf,inf,inf,inf,inf,inf,inf,inf,inf,inf,inf,inf,inf,inf,inf,inf,inf,inf,inf,inf,inf,inf,inf,inf,inf,inf,inf,inf,inf,inf,inf,inf,inf,inf,inf,inf,inf,inf,inf,inf,inf,inf,inf,inf,inf,inf,inf,inf,inf,inf,inf,inf,inf,inf,inf,inf,inf,inf,inf,inf,inf,inf,inf,inf,inf,inf,inf,inf,inf,inf,inf,inf,inf,inf,inf,inf,inf,inf,inf,inf,inf,inf,inf,inf,inf,inf,inf,inf,inf,inf
299,inf,inf,inf,inf,inf,inf,inf,inf,inf,inf,inf,inf,inf,inf,inf,inf,inf,inf,inf,inf,inf,inf,inf,inf,inf,inf,inf,inf,inf,inf,inf,inf,inf,inf,inf,inf,inf,inf,inf,inf,inf,inf,inf,inf,inf,inf,inf,inf,inf,inf,inf,inf,inf,inf,inf,inf,inf,inf,inf,inf,inf,inf,inf,inf,inf,inf,inf,inf,inf,inf,inf,inf,inf,inf,inf,inf,inf,inf,inf,inf,inf,inf,inf,inf,inf,inf,inf,inf,inf,inf,inf,inf,inf,inf,inf,inf,inf,inf,inf,inf,inf,inf,inf,inf,inf,inf,inf,inf,inf,inf,inf,inf,inf,inf,inf,inf,inf,inf,inf,inf,inf,inf,inf,inf,inf,inf,inf,inf,inf,inf,inf,inf,inf,inf,inf,inf,inf,inf,inf,inf,inf,inf,inf,inf,inf,inf,inf,inf,inf,inf,inf,inf,inf,inf,inf,inf,inf,inf,inf,inf,inf,inf,inf,inf,inf,inf,inf,inf,inf,inf,inf,inf,inf,inf,inf,inf,inf,inf,inf,inf,inf,inf,inf,inf,inf,inf,inf,inf,inf,inf,inf,inf,inf,inf,inf,inf,inf,inf,inf,inf,inf,inf,inf,inf,inf,inf,inf,inf,inf,inf,inf,inf,inf,inf,inf,inf,inf,inf,inf,inf,inf,inf,inf,inf,inf
300,inf,inf,inf,inf,inf,inf,inf,inf,inf,inf,inf,inf,inf,inf,inf,inf,inf,inf,inf,inf,inf,inf,inf,inf,inf,inf,inf,inf,inf,inf,inf,inf,inf,inf,inf,inf,inf,inf,inf,inf,inf,inf,inf,inf,inf,inf,inf,inf,inf,inf,inf,inf,inf,inf,inf,inf,inf,inf,inf,inf,inf,inf,inf,inf,inf,inf,inf,inf,inf,inf,inf,inf,inf,inf,inf,inf,inf,inf,inf,inf,inf,inf,inf,inf,inf,inf,inf,inf,inf,inf,inf,inf,inf,inf,inf,inf,inf,inf,inf,inf,inf,inf,inf,inf,inf,inf,inf,inf,inf,inf,inf,inf,inf,inf,inf,inf,inf,inf,inf,inf,inf,inf,inf,inf,inf,inf,inf,inf,inf,inf,inf,inf,inf,inf,inf,inf,inf,inf,inf,inf,inf,inf,inf,inf,inf,inf,inf,inf,inf,inf,inf,inf,inf,inf,inf,inf,inf,inf,inf,inf,inf,inf,inf,inf,inf,inf,inf,inf,inf,inf,inf,inf,inf,inf,inf,inf,inf,inf,inf,inf,inf,inf,inf,inf,inf,inf,inf,inf,inf,inf,inf,inf,inf,inf,inf,inf,inf,inf,inf,inf,inf,inf,inf,inf,inf,inf,inf,inf,inf,inf,inf,inf,inf,inf,inf,inf,inf,inf,inf,inf,inf,inf,inf,inf,inf
301,inf,inf,inf,inf,inf,inf,inf,inf,inf,inf,inf,inf,inf,inf,inf,inf,inf,inf,inf,inf,inf,inf,inf,inf,inf,inf,inf,inf,inf,inf,inf,inf,inf,inf,inf,inf,inf,inf,inf,inf,inf,inf,inf,inf,inf,inf,inf,inf,inf,inf,inf,inf,inf,inf,inf,inf,inf,inf,inf,inf,inf,inf,inf,inf,inf,inf,inf,inf,inf,inf,inf,inf,inf,inf,inf,inf,inf,inf,inf,inf,inf,inf,inf,inf,inf,inf,inf,inf,inf,inf,inf,inf,inf,inf,inf,inf,inf,inf,inf,inf,inf,inf,inf,inf,inf,inf,inf,inf,inf,inf,inf,inf,inf,inf,inf,inf,inf,inf,inf,inf,inf,inf,inf,inf,inf,inf,inf,inf,inf,inf,inf,inf,inf,inf,inf,inf,inf,inf,inf,inf,inf,inf,inf,inf,inf,inf,inf,inf,inf,inf,inf,inf,inf,inf,inf,inf,inf,inf,inf,inf,inf,inf,inf,inf,inf,inf,inf,inf,inf,inf,inf,inf,inf,inf,inf,inf,inf,inf,inf,inf,inf,inf,inf,inf,inf,inf,inf,inf,inf,inf,inf,inf,inf,inf,inf,inf,inf,inf,inf,inf,inf,inf,inf,inf,inf,inf,inf,inf,inf,inf,inf,inf,inf,inf,inf,inf,inf,inf,inf,inf,inf,inf,inf,inf,inf
302,inf,inf,inf,inf,inf,inf,inf,inf,inf,inf,inf,inf,inf,inf,inf,inf,inf,inf,inf,inf,inf,inf,inf,inf,inf,inf,inf,inf,inf,inf,inf,inf,inf,inf,inf,inf,inf,inf,inf,inf,inf,inf,inf,inf,inf,inf,inf,inf,inf,inf,inf,inf,inf,inf,inf,inf,inf,inf,inf,inf,inf,inf,inf,inf,inf,inf,inf,inf,inf,inf,inf,inf,inf,inf,inf,inf,inf,inf,inf,inf,inf,inf,inf,inf,inf,inf,inf,inf,inf,inf,inf,inf,inf,inf,inf,inf,inf,inf,inf,inf,inf,inf,inf,inf,inf,inf,inf,inf,inf,inf,inf,inf,inf,inf,inf,inf,inf,inf,inf,inf,inf,inf,inf,inf,inf,inf,inf,inf,inf,inf,inf,inf,inf,inf,inf,inf,inf,inf,inf,inf,inf,inf,inf,inf,inf,inf,inf,inf,inf,inf,inf,inf,inf,inf,inf,inf,inf,inf,inf,inf,inf,inf,inf,inf,inf,inf,inf,inf,inf,inf,inf,inf,inf,inf,inf,inf,inf,inf,inf,inf,inf,inf,inf,inf,inf,inf,inf,inf,inf,inf,inf,inf,inf,inf,inf,inf,inf,inf,inf,inf,inf,inf,inf,inf,inf,inf,inf,inf,inf,inf,inf,inf,inf,inf,inf,inf,inf,inf,inf,inf,inf,inf,inf,inf,inf
303,inf,inf,inf,inf,inf,inf,inf,inf,inf,inf,inf,inf,inf,inf,inf,inf,inf,inf,inf,inf,inf,inf,inf,inf,inf,inf,inf,inf,inf,inf,inf,inf,inf,inf,inf,inf,inf,inf,inf,inf,inf,inf,inf,inf,inf,inf,inf,inf,inf,inf,inf,inf,inf,inf,inf,inf,inf,inf,inf,inf,inf,inf,inf,inf,inf,inf,inf,inf,inf,inf,inf,inf,inf,inf,inf,inf,inf,inf,inf,inf,inf,inf,inf,inf,inf,inf,inf,inf,inf,inf,inf,inf,inf,inf,inf,inf,inf,inf,inf,inf,inf,inf,inf,inf,inf,inf,inf,inf,inf,inf,inf,inf,inf,inf,inf,inf,inf,inf,inf,inf,inf,inf,inf,inf,inf,inf,inf,inf,inf,inf,inf,inf,inf,inf,inf,inf,inf,inf,inf,inf,inf,inf,inf,inf,inf,inf,inf,inf,inf,inf,inf,inf,inf,inf,inf,inf,inf,inf,inf,inf,inf,inf,inf,inf,inf,inf,inf,inf,inf,inf,inf,inf,inf,inf,inf,inf,inf,inf,inf,inf,inf,inf,inf,inf,inf,inf,inf,inf,inf,inf,inf,inf,inf,inf,inf,inf,inf,inf,inf,inf,inf,inf,inf,inf,inf,inf,inf,inf,inf,inf,inf,inf,inf,inf,inf,inf,inf,inf,inf,inf,inf,inf,inf,inf,inf
304,0.418419,0.408924,0.44173,0.459558,0.446885,0.501363,0.48516,0.523832,0.578855,0.649411,0.697404,inf,inf,inf,inf,inf,inf,inf,inf,inf,inf,inf,inf,inf,0.566108,0.597883,0.662436,0.759611,inf,inf,inf,inf,inf,inf,inf,inf,inf,inf,inf,inf,inf,0.602793,0.62629,inf,0.713839,inf,inf,inf,inf,inf,inf,inf,inf,inf,inf,inf,inf,0.549492,0.568322,inf,inf,inf,inf,inf,inf,inf,inf,inf,inf,inf,inf,inf,inf,inf,0.505761,inf,inf,inf,inf,inf,inf,inf,inf,inf,inf,inf,inf,inf,inf,inf,inf,inf,inf,inf,inf,inf,inf,inf,inf,inf,inf,inf,inf,inf,inf,inf,inf,inf,inf,inf,inf,inf,inf,inf,inf,inf,inf,inf,inf,inf,inf,inf,inf,inf,inf,inf,inf,inf,inf,inf,inf,inf,inf,inf,inf,inf,inf,inf,inf,inf,inf,inf,inf,inf,inf,inf,inf,inf,inf,inf,inf,inf,inf,inf,inf,inf,inf,inf,inf,inf,inf,inf,inf,inf,inf,inf,inf,inf,inf,inf,inf,inf,inf,inf,inf,inf,inf,inf,inf,inf,inf,inf,inf,inf,inf,inf,inf,inf,inf,inf,inf,inf,inf,inf,inf,inf,inf,inf,inf,inf,inf,inf,inf,inf,inf,inf,inf,inf,inf,inf,inf,inf,inf,inf,inf,inf,inf,inf,inf,inf,inf,inf,inf,inf,inf
305,0.468095,0.465211,0.465875,0.47002,0.477224,0.49112,0.49781,0.509347,0.520455,0.530288,0.538139,0.543468,0.545923,0.545343,0.541766,0.440802,0.439106,0.441855,0.458265,0.478391,0.491972,0.526053,0.52324,0.519924,0.524486,0.517343,0.516602,0.512454,inf,inf,0.535518,0.535126,0.521354,0.522057,0.52712,0.544833,0.667662,0.697395,0.679634,0.678866,0.684767,0.668475,0.666983,0.567521,0.473183,0.499125,0.481416,0.46065,inf,inf,inf,inf,inf,0.643335,0.655922,0.674773,0.689696,0.737619,0.733857,0.715858,0.434762,inf,inf,inf,inf,inf,inf,inf,inf,inf,inf,0.673996,0.686846,0.722424,inf,inf,inf,inf,inf,inf,inf,inf,inf,inf,inf,inf,inf,inf,0.701957,0.695712,inf,inf,inf,inf,inf,inf,inf,inf,inf,inf,inf,inf,inf,inf,0.667245,inf,inf,inf,inf,inf,inf,inf,inf,inf,inf,inf,inf,inf,inf,inf,inf,inf,inf,inf,inf,inf,inf,inf,inf,inf,inf,inf,inf,inf,inf,inf,inf,inf,inf,inf,inf,inf,inf,inf,inf,inf,inf,inf,inf,inf,inf,inf,inf,inf,inf,inf,inf,inf,inf,inf,inf,inf,inf,inf,inf,inf,inf,inf,inf,inf,inf,inf,inf,inf,inf,inf,inf,inf,inf,inf,inf,inf,inf,inf,inf,inf,inf,inf,inf,inf,inf,inf,inf,inf,inf,inf,inf,inf,inf,inf,inf,inf,inf,inf,inf,inf,inf,inf,inf,inf,inf,inf,inf,inf,inf,inf,inf,inf,inf,inf,inf,inf,inf,inf,inf
306,0.589805,0.57589,0.563061,0.552465,0.545107,0.541717,0.542644,0.547793,0.55664,0.573114,0.581756,0.595778,0.609249,0.621145,0.630609,0.562385,0.546194,0.531812,0.520545,0.513515,0.511508,0.514848,0.523334,0.536276,0.552601,0.571008,0.590116,0.608593,0.625241,0.601559,0.534978,0.516498,0.500574,0.56368,0.519563,0.500312,0.487466,0.49945,0.516633,0.537716,0.748667,0.772886,0.721348,0.705188,0.685766,0.488835,0.524304,0.525598,0.513124,0.507011,inf,inf,inf,inf,inf,0.533502,0.637848,0.628763,0.617226,0.658219,0.517708,0.49461,0.494384,inf,inf,inf,inf,inf,inf,inf,inf,inf,inf,inf,0.556403,0.434096,inf,inf,inf,inf,inf,inf,inf,inf,inf,inf,inf,inf,inf,inf,inf,inf,inf,inf,inf,inf,inf,inf,inf,inf,inf,inf,inf,inf,inf,inf,inf,inf,inf,inf,inf,inf,inf,inf,inf,inf,inf,inf,inf,inf,inf,inf,inf,inf,inf,inf,inf,inf,inf,inf,inf,inf,inf,inf,inf,inf,inf,inf,inf,inf,inf,inf,inf,inf,inf,inf,inf,inf,inf,inf,inf,inf,inf,inf,inf,inf,inf,inf,inf,inf,inf,inf,inf,inf,inf,inf,inf,inf,inf,inf,inf,inf,inf,inf,inf,inf,inf,inf,inf,inf,inf,inf,inf,inf,inf,inf,inf,inf,inf,inf,inf,inf,inf,inf,inf,inf,inf,inf,inf,inf,inf,inf,inf,inf,inf,inf,inf,inf,inf,inf,inf,inf,inf,inf,inf,inf,inf,inf,inf,inf,inf,inf,inf,inf,inf
307,0.611653,0.593013,0.574289,0.557048,0.542828,0.532981,0.528486,0.529803,0.536798,0.54876,0.569931,0.582626,0.601502,0.619618,0.635598,0.584718,0.562993,0.541778,0.52283,0.50786,0.498343,0.495316,0.499216,0.509799,0.526177,0.546963,0.570463,0.594876,0.618458,0.639642,0.557815,0.532985,0.509267,0.488622,0.472936,0.463817,0.462359,0.468965,0.483266,0.504182,0.530089,0.749957,0.779931,0.75442,0.698942,0.4764,0.448443,0.422212,0.590785,0.547149,0.5385,0.48417,0.439064,inf,inf,inf,0.793847,0.829401,0.782048,0.758946,inf,0.445732,0.553339,0.502049,0.485047,inf,inf,inf,inf,inf,inf,0.511237,0.634201,0.619525,0.628741,inf,0.443034,0.493557,0.440596,inf,inf,inf,inf,inf,inf,inf,inf,inf,inf,inf,0.450548,0.440351,inf,inf,inf,inf,inf,inf,inf,inf,inf,inf,inf,inf,inf,0.396552,inf,inf,inf,inf,inf,inf,inf,inf,inf,inf,inf,inf,inf,inf,inf,inf,inf,inf,inf,inf,inf,inf,inf,inf,inf,inf,inf,inf,inf,inf,inf,inf,inf,inf,inf,inf,inf,inf,inf,inf,inf,inf,inf,inf,inf,inf,inf,inf,inf,inf,inf,inf,inf,inf,inf,inf,inf,inf,inf,inf,inf,inf,inf,inf,inf,inf,inf,inf,inf,inf,inf,inf,inf,inf,inf,inf,inf,inf,inf,inf,inf,inf,inf,inf,inf,inf,inf,inf,inf,inf,inf,inf,inf,inf,inf,inf,inf,inf,inf,inf,inf,inf,inf,inf,inf,inf,inf,inf,inf,inf,inf,inf,inf,inf,inf,inf,inf,inf,inf
308,0.571673,0.550854,0.529905,0.510576,0.494592,0.483467,0.47831,0.479646,0.48734,0.500609,0.523238,0.538363,0.559466,0.579755,0.597684,0.544755,0.520814,0.497331,0.476245,0.459449,0.448585,0.444821,0.448662,0.45987,0.47749,0.500012,0.525577,0.552201,0.577957,0.601107,0.517866,0.490786,0.464758,0.441919,0.424341,0.413794,0.411506,0.417957,0.43279,0.454867,0.482447,0.66343,0.695599,0.696811,0.605144,0.671008,0.61077,0.582186,0.5276,0.479268,0.439097,0.408373,0.387541,0.406115,0.432754,0.465475,0.80193,0.839663,0.756319,0.729791,inf,0.550767,0.489615,0.493287,0.474233,0.464499,inf,inf,inf,inf,inf,inf,inf,inf,inf,inf,0.490777,0.457045,0.428981,0.409236,inf,inf,inf,inf,inf,inf,inf,inf,inf,inf,inf,inf,inf,0.394682,inf,inf,inf,inf,inf,inf,inf,inf,inf,inf,inf,inf,inf,inf,inf,inf,inf,inf,inf,inf,inf,inf,inf,inf,inf,inf,inf,inf,inf,inf,inf,inf,inf,inf,inf,inf,inf,inf,inf,inf,inf,inf,inf,inf,inf,inf,inf,inf,inf,inf,inf,inf,inf,inf,inf,inf,inf,inf,inf,inf,inf,inf,inf,inf,inf,inf,inf,inf,inf,inf,inf,inf,inf,inf,inf,inf,inf,inf,inf,inf,inf,inf,inf,inf,inf,inf,inf,inf,inf,inf,inf,inf,inf,inf,inf,inf,inf,inf,inf,inf,inf,inf,inf,inf,inf,inf,inf,inf,inf,inf,inf,inf,inf,inf,inf,inf,inf,inf,inf,inf,inf,inf,inf,inf,inf,inf,inf,inf,inf,inf,inf
309,0.473469,0.468687,0.469099,0.474664,0.484814,0.504329,0.514599,0.531545,0.548005,0.562715,0.574611,0.582872,0.586951,0.58658,0.581783,0.447211,0.443367,0.445561,0.453681,0.467034,0.484461,0.504504,0.525584,0.546151,0.564796,0.58033,0.591826,0.598649,0.60047,0.59727,0.308513,0.343167,0.440969,0.507977,0.543362,0.564542,0.494878,0.520112,0.544781,0.567336,0.586463,0.601136,0.610641,0.61459,0.612926,0.413628,0.430592,0.474081,0.543813,0.620059,0.645057,0.485728,0.515133,0.543898,0.570332,0.611756,0.667049,0.697922,0.703933,0.722494,0.406309,0.424397,inf,inf,inf,inf,inf,inf,inf,inf,0.674956,0.695809,0.691735,0.718495,0.719723,inf,inf,inf,inf,inf,inf,inf,inf,inf,inf,inf,inf,0.704576,0.714522,0.717107,inf,inf,inf,inf,inf,inf,inf,inf,inf,inf,inf,inf,inf,0.729508,0.714644,inf,inf,inf,inf,inf,inf,inf,inf,inf,inf,inf,inf,inf,inf,0.693579,inf,inf,inf,inf,inf,inf,inf,inf,inf,inf,inf,inf,inf,inf,inf,inf,inf,inf,inf,inf,inf,inf,inf,inf,inf,inf,inf,inf,inf,inf,inf,inf,inf,inf,inf,inf,inf,inf,inf,inf,inf,inf,inf,inf,inf,inf,inf,inf,inf,inf,inf,inf,inf,inf,inf,inf,inf,inf,inf,inf,inf,inf,inf,inf,inf,inf,inf,inf,inf,inf,inf,inf,inf,inf,inf,inf,inf,inf,inf,inf,inf,inf,inf,inf,inf,inf,inf,inf,inf,inf,inf,inf,inf,inf,inf,inf,inf,inf,inf,inf,inf,inf,inf,inf,inf
310,0.373694,0.380094,0.391723,0.415698,0.425776,0.445129,0.463914,0.480691,0.494245,0.503644,0.508261,0.507796,0.502279,0.492071,0.477854,0.349481,0.358576,0.373569,0.39315,0.41567,0.439344,0.462419,0.483302,0.50065,0.513415,0.520885,0.522691,0.518819,0.509608,0.495744,0.298184,0.39187,0.437573,0.461079,0.406006,0.434019,0.461379,0.486343,0.507441,0.52352,0.533782,0.537797,0.535513,0.52725,0.513699,0.383445,0.507256,0.583743,0.611234,0.396788,0.429156,0.460793,0.489811,0.514615,0.561225,0.546947,0.553112,0.552358,0.544994,0.531716,0.414363,inf,inf,inf,inf,inf,inf,0.520977,0.603987,0.6538,0.669466,0.650448,0.514806,inf,0.495249,inf,inf,inf,inf,inf,inf,inf,inf,inf,0.637604,0.655882,0.666165,0.641034,0.526234,inf,inf,inf,inf,inf,inf,inf,inf,inf,inf,inf,0.669824,0.682078,0.685586,0.680634,inf,inf,inf,inf,inf,inf,inf,inf,inf,inf,inf,inf,0.698182,0.675731,0.671491,inf,inf,inf,inf,inf,inf,inf,inf,inf,inf,inf,inf,inf,inf,0.689711,inf,inf,inf,inf,inf,inf,inf,inf,inf,inf,inf,inf,inf,inf,inf,0.641057,inf,inf,inf,inf,inf,inf,inf,inf,inf,inf,inf,inf,inf,inf,inf,inf,inf,inf,inf,inf,inf,inf,inf,inf,inf,inf,inf,inf,inf,inf,inf,inf,inf,inf,inf,inf,inf,inf,inf,inf,inf,inf,inf,inf,inf,inf,inf,inf,inf,inf,inf,inf,inf,inf,inf,inf,inf,inf,inf,inf,inf,inf,inf,inf,inf,inf,inf,inf,inf,inf,inf,inf,inf,inf,inf
311,0.283318,0.297371,0.322626,0.336477,0.35805,0.378629,0.396658,0.410847,0.420227,0.424177,0.42244,0.41513,0.402726,0.386062,0.366308,0.260779,0.278702,0.301356,0.326854,0.353203,0.378479,0.400964,0.419228,0.432187,0.439126,0.439722,0.434045,0.422557,0.406102,inf,0.293102,0.342245,0.369333,0.399543,0.403408,0.406096,0.405731,0.42802,0.444496,0.454357,0.457219,inf,inf,inf,inf,0.462112,0.488009,0.519591,0.554549,0.590485,0.597844,0.629138,0.628127,0.620785,0.524411,0.556746,0.581424,inf,inf,inf,inf,inf,inf,inf,inf,inf,0.716636,0.746818,0.77014,0.758373,0.711024,0.628063,inf,inf,inf,inf,inf,inf,inf,inf,inf,inf,inf,0.756192,0.747147,0.729141,0.70212,0.693784,inf,inf,inf,inf,inf,inf,inf,inf,inf,inf,inf,0.763456,0.747457,0.721772,0.714101,inf,inf,inf,inf,inf,inf,inf,inf,inf,inf,inf,inf,0.765966,0.741561,0.707235,inf,inf,inf,inf,inf,inf,inf,inf,inf,inf,inf,inf,inf,0.70694,0.727731,inf,inf,inf,inf,inf,inf,inf,inf,inf,inf,inf,inf,inf,inf,0.666495,inf,inf,inf,inf,inf,inf,inf,inf,inf,inf,inf,inf,inf,inf,inf,inf,inf,inf,inf,inf,inf,inf,inf,inf,inf,inf,inf,inf,inf,inf,inf,inf,inf,inf,inf,inf,inf,inf,inf,inf,inf,inf,inf,inf,inf,inf,inf,inf,inf,inf,inf,inf,inf,inf,inf,inf,inf,inf,inf,inf,inf,inf,inf,inf,inf,inf,inf,inf,inf,inf,inf,inf,inf,inf,inf,inf,inf
312,0.398193,0.413597,0.436528,0.454022,0.475508,0.495541,0.51263,0.525571,0.533488,0.535861,0.532537,0.523731,0.510024,0.492348,0.47196,0.376353,0.395997,0.41988,0.446053,0.472516,0.497383,0.519004,0.536035,0.547489,0.552758,0.551626,0.544273,0.531272,0.513572,0.473723,0.354895,0.378859,0.407495,0.513638,0.526333,0.537263,0.469621,0.471931,0.449351,0.457441,0.439679,inf,inf,inf,inf,0.333829,0.362194,0.395641,0.600532,0.63696,0.596428,0.589476,0.577003,0.557817,0.474903,0.477941,0.473302,inf,inf,inf,inf,inf,inf,inf,inf,inf,0.616065,0.626246,0.629132,0.605141,0.610156,0.550531,inf,inf,inf,inf,inf,inf,inf,inf,inf,inf,inf,0.663288,0.623146,0.630072,0.627898,0.617193,inf,inf,inf,inf,inf,inf,inf,inf,inf,inf,inf,0.622665,inf,inf,0.601394,inf,inf,inf,inf,inf,inf,inf,inf,inf,inf,inf,inf,0.614232,inf,inf,inf,inf,inf,inf,inf,inf,inf,inf,inf,inf,inf,inf,inf,inf,inf,inf,inf,inf,inf,inf,inf,inf,inf,inf,inf,inf,inf,inf,inf,inf,inf,inf,inf,inf,inf,inf,inf,inf,inf,inf,inf,inf,inf,inf,inf,inf,inf,inf,inf,inf,inf,inf,inf,inf,inf,inf,inf,inf,inf,inf,inf,inf,inf,inf,inf,inf,inf,inf,inf,inf,inf,inf,inf,inf,inf,inf,inf,inf,inf,inf,inf,inf,inf,inf,inf,inf,inf,inf,inf,inf,inf,inf,inf,inf,inf,inf,inf,inf,inf,inf,inf,inf,inf,inf,inf,inf,inf
313,0.403167,0.422226,0.439304,0.467748,0.490366,0.510521,0.526757,0.537956,0.543374,0.542659,0.535856,0.52341,0.506154,0.485288,0.462338,0.382862,0.40677,0.434147,0.462832,0.49071,0.515869,0.536695,0.551937,0.560748,0.562695,0.557776,0.546413,0.529445,0.508107,0.453987,0.363018,0.39185,0.484477,0.518513,0.53664,0.536765,0.502121,0.491335,0.488458,0.47799,inf,inf,inf,inf,inf,0.343647,0.377475,0.550396,0.589797,0.598156,0.588204,0.57303,0.581141,0.551499,0.513537,0.512167,inf,inf,inf,inf,inf,inf,0.52691,0.571684,0.570255,0.580183,0.629416,0.62635,0.629863,0.62433,0.594629,0.541144,inf,inf,inf,inf,inf,0.384024,0.434178,0.512937,0.542697,0.566273,0.611955,0.663545,0.645364,0.647263,0.624618,inf,inf,inf,inf,inf,inf,inf,inf,inf,0.533594,0.55295,0.607538,0.651634,0.640064,0.603202,inf,inf,inf,inf,inf,inf,inf,inf,inf,inf,0.554326,0.581835,0.613133,inf,inf,inf,inf,inf,inf,inf,inf,inf,inf,inf,inf,inf,inf,inf,0.596154,inf,inf,inf,inf,inf,inf,inf,inf,inf,inf,inf,inf,inf,inf,inf,0.599591,inf,inf,inf,inf,inf,inf,inf,inf,inf,inf,inf,inf,inf,inf,inf,0.577124,inf,inf,inf,inf,inf,inf,inf,inf,inf,inf,inf,inf,inf,inf,inf,inf,inf,inf,inf,inf,inf,inf,inf,inf,inf,inf,inf,inf,inf,inf,inf,inf,inf,inf,inf,inf,inf,inf,inf,inf,inf,inf,inf,inf,inf,inf,inf,inf,inf,inf,inf,inf,inf,inf,inf,inf,inf,inf,inf,inf,inf,inf
314,0.328675,0.325246,0.327329,0.33471,0.346643,0.361973,0.372408,0.397119,0.414017,0.428715,0.440167,0.447592,0.4505,0.448703,0.442316,0.319499,0.317448,0.321707,0.331967,0.347343,0.366512,0.672895,0.694835,0.715749,0.734228,0.749107,0.759512,0.764876,0.764956,0.759837,0.295414,0.294805,0.301314,0.31453,0.333416,0.356475,0.666948,0.693009,0.717923,0.725146,0.713405,0.696732,0.689491,0.676389,inf,0.301424,0.272323,0.281159,0.297407,0.31987,0.346867,0.661456,0.691642,0.690535,0.671467,0.663055,0.664246,0.659339,0.647996,0.645249,0.292532,0.295009,0.27625,inf,inf,inf,0.596424,0.645733,0.603586,0.633188,0.643053,0.647049,0.659415,0.649773,0.633135,0.268743,inf,inf,inf,inf,inf,0.426854,0.480285,0.532073,0.550303,0.563394,0.645136,0.659715,0.636718,0.636137,inf,inf,inf,inf,inf,inf,inf,inf,inf,inf,0.514072,inf,inf,0.608824,0.594252,inf,inf,inf,inf,inf,inf,inf,inf,inf,inf,inf,inf,inf,inf,inf,inf,inf,inf,inf,inf,inf,inf,inf,inf,inf,inf,inf,inf,inf,inf,inf,inf,inf,inf,inf,inf,inf,inf,inf,inf,inf,inf,inf,inf,inf,inf,inf,inf,inf,inf,inf,inf,inf,inf,inf,inf,inf,inf,inf,inf,inf,inf,inf,inf,inf,inf,inf,inf,inf,inf,inf,inf,inf,inf,inf,inf,inf,inf,inf,inf,inf,inf,inf,inf,inf,inf,inf,inf,inf,inf,inf,inf,inf,inf,inf,inf,inf,inf,inf,inf,inf,inf,inf,inf,inf,inf,inf,inf,inf,inf,inf,inf,inf,inf,inf,inf,inf,inf,inf,inf
315,0.70203,0.68029,0.657566,0.635694,0.616568,0.601952,0.59327,0.591402,0.596539,0.608156,0.625094,0.650221,0.668251,0.690733,0.711425,0.685194,0.660221,0.634798,0.610959,0.590777,0.576164,0.56863,0.569063,0.577579,0.593497,0.615449,0.641586,0.837464,0.865674,0.891893,0.659557,0.631337,0.603207,0.577405,0.556194,0.541635,0.535328,0.538163,0.55017,0.570497,0.597554,0.629244,0.830876,0.864812,0.896525,0.633945,0.602463,0.571617,0.543857,0.521644,0.533665,0.519842,0.507537,0.523148,0.547994,0.580246,0.617549,0.824963,0.864618,0.866493,inf,inf,0.513556,0.527963,0.513599,0.508138,0.495709,0.503665,inf,0.490706,0.528241,0.55357,0.766788,0.803328,0.828265,inf,inf,0.508438,0.503252,0.479119,0.465058,inf,inf,inf,0.372177,inf,inf,inf,0.760352,0.781836,inf,0.507075,0.485673,0.469723,0.435852,inf,inf,inf,inf,inf,inf,inf,inf,inf,inf,inf,0.487065,0.454086,0.427378,inf,inf,inf,inf,inf,inf,inf,inf,inf,inf,inf,inf,0.449418,inf,inf,inf,inf,inf,inf,inf,inf,inf,inf,inf,inf,inf,inf,inf,inf,inf,inf,inf,inf,inf,inf,inf,inf,inf,inf,inf,inf,inf,inf,inf,inf,inf,inf,inf,inf,inf,inf,inf,inf,inf,inf,inf,inf,inf,inf,inf,inf,inf,inf,inf,inf,inf,inf,inf,inf,inf,inf,inf,inf,inf,inf,inf,inf,inf,inf,inf,inf,inf,inf,inf,inf,inf,inf,inf,inf,inf,inf,inf,inf,inf,inf,inf,inf,inf,inf,inf,inf,inf,inf,inf,inf,inf,inf,inf,inf,inf,inf,inf,inf,inf,inf,inf
316,0.611537,0.591358,0.569696,0.548266,0.528881,0.513295,0.503001,0.499031,0.501793,0.511003,0.525731,0.553077,0.565749,0.587501,0.608066,0.600485,0.576698,0.551916,0.528067,0.507166,0.491138,0.481597,0.479614,0.485548,0.498975,0.518759,0.543229,0.855407,0.883229,0.909725,0.574472,0.547057,0.51914,0.492869,0.470471,0.454052,0.445345,0.445461,0.454697,0.472474,0.497432,0.527639,0.845852,0.879756,0.897154,0.548498,0.517436,0.471368,0.442672,0.463798,0.477038,0.454252,0.441584,0.424256,0.446518,inf,inf,0.822093,0.862083,0.855353,inf,inf,0.4386,0.452477,0.457148,0.440101,0.433326,inf,inf,inf,inf,inf,0.649137,0.725215,0.739318,inf,inf,0.435837,0.432284,0.405521,inf,inf,inf,inf,inf,inf,inf,inf,inf,inf,inf,inf,0.403079,0.397093,inf,inf,inf,inf,inf,inf,inf,inf,inf,inf,inf,inf,0.429166,0.340326,inf,inf,inf,inf,inf,inf,inf,inf,inf,inf,inf,inf,inf,inf,inf,inf,inf,inf,inf,inf,inf,inf,inf,inf,inf,inf,inf,inf,inf,inf,inf,inf,inf,inf,inf,inf,inf,inf,inf,inf,inf,inf,inf,inf,inf,inf,inf,inf,inf,inf,inf,inf,inf,inf,inf,inf,inf,inf,inf,inf,inf,inf,inf,inf,inf,inf,inf,inf,inf,inf,inf,inf,inf,inf,inf,inf,inf,inf,inf,inf,inf,inf,inf,inf,inf,inf,inf,inf,inf,inf,inf,inf,inf,inf,inf,inf,inf,inf,inf,inf,inf,inf,inf,inf,inf,inf,inf,inf,inf,inf,inf,inf,inf,inf,inf,inf,inf
317,0.678149,0.657394,0.634971,0.612646,0.592299,0.57576,0.564609,0.55996,0.56229,0.571359,0.586251,0.613669,0.627392,0.649987,0.671485,0.651927,0.627438,0.601754,0.576857,0.554835,0.537695,0.527146,0.52435,0.529746,0.54296,0.562875,0.587797,0.615696,0.644437,0.671967,0.625748,0.597505,0.568544,0.541069,0.517385,0.499689,0.489816,0.48898,0.497566,0.515057,0.540113,0.570781,0.743224,0.778127,0.78859,0.599613,0.567596,0.535339,0.505282,0.526106,0.55405,0.521856,0.476936,0.465767,0.487667,0.517982,inf,inf,0.889523,0.83674,inf,inf,0.455988,0.515649,0.511766,0.493091,0.484813,inf,inf,inf,inf,inf,inf,inf,inf,inf,inf,0.538183,0.479862,0.474366,0.455276,inf,inf,inf,inf,inf,inf,inf,inf,inf,inf,inf,0.481923,0.444076,inf,inf,inf,inf,inf,inf,inf,inf,inf,inf,inf,inf,0.494374,0.379518,inf,inf,inf,inf,inf,inf,inf,inf,inf,inf,inf,inf,inf,inf,inf,inf,inf,inf,inf,inf,inf,inf,inf,inf,inf,inf,inf,inf,inf,inf,inf,inf,inf,inf,inf,inf,inf,inf,inf,inf,inf,inf,inf,inf,inf,inf,inf,inf,inf,inf,inf,inf,inf,inf,inf,inf,inf,inf,inf,inf,inf,inf,inf,inf,inf,inf,inf,inf,inf,inf,inf,inf,inf,inf,inf,inf,inf,inf,inf,inf,inf,inf,inf,inf,inf,inf,inf,inf,inf,inf,inf,inf,inf,inf,inf,inf,inf,inf,inf,inf,inf,inf,inf,inf,inf,inf,inf,inf,inf,inf,inf,inf,inf,inf,inf,inf,inf
318,0.727273,0.707238,0.684161,0.659777,0.636041,0.614988,0.598545,0.588305,0.585299,0.589837,0.601454,0.618985,0.640578,0.664786,0.689056,inf,0.677779,0.650742,0.622963,0.596629,0.573994,0.557165,0.547853,0.547123,0.555217,0.571507,0.594599,0.622543,0.653096,0.683957,inf,0.648365,0.617345,0.586154,0.557219,0.53302,0.515856,0.50756,0.509222,0.521006,0.542106,0.570878,0.768726,0.778575,0.816037,0.624702,0.618997,0.583972,0.54935,0.517809,0.573887,0.556442,0.521977,0.471608,0.487221,0.513267,0.547839,inf,0.90487,0.894391,inf,inf,inf,0.485279,0.56022,0.560231,0.542562,0.536569,inf,inf,inf,inf,inf,inf,inf,inf,inf,0.571846,0.557578,0.520813,0.464782,inf,inf,inf,inf,inf,inf,inf,inf,inf,inf,inf,0.538549,0.520791,0.454136,inf,inf,inf,inf,inf,inf,inf,inf,inf,inf,inf,inf,0.505279,0.402193,inf,inf,inf,inf,inf,inf,inf,inf,inf,inf,inf,inf,inf,inf,inf,inf,inf,inf,inf,inf,inf,inf,inf,inf,inf,inf,inf,inf,inf,inf,inf,inf,inf,inf,inf,inf,inf,inf,inf,inf,inf,inf,inf,inf,inf,inf,inf,inf,inf,inf,inf,inf,inf,inf,inf,inf,inf,inf,inf,inf,inf,inf,inf,inf,inf,inf,inf,inf,inf,inf,inf,inf,inf,inf,inf,inf,inf,inf,inf,inf,inf,inf,inf,inf,inf,inf,inf,inf,inf,inf,inf,inf,inf,inf,inf,inf,inf,inf,inf,inf,inf,inf,inf,inf,inf,inf,inf,inf,inf,inf,inf,inf,inf,inf,inf,inf
319,0.746154,0.72892,0.708124,0.68529,0.662193,0.640753,0.622876,0.610249,0.604126,0.605133,0.613166,0.627408,0.653629,0.668563,0.691776,0.677289,0.701873,0.676961,0.650451,0.62435,0.600799,0.581904,0.569504,0.564927,0.568782,0.58085,0.600119,0.624944,0.653283,0.682939,0.654657,0.674888,0.645836,0.615628,0.586507,0.560851,0.540971,0.528865,0.525936,0.532766,0.549007,0.573432,0.604132,0.777245,0.813376,0.747489,0.786427,0.753211,0.719282,0.664051,0.636294,0.592387,0.557568,0.510238,0.497098,0.517652,inf,inf,inf,0.921555,inf,inf,inf,0.61526,0.603135,0.550205,0.528462,0.517158,inf,inf,inf,inf,inf,inf,inf,inf,inf,inf,0.534332,0.449912,0.441046,0.441504,inf,inf,inf,inf,inf,inf,inf,inf,inf,inf,inf,inf,inf,inf,inf,inf,inf,inf,inf,inf,inf,inf,inf,inf,inf,inf,inf,inf,inf,inf,inf,inf,inf,inf,inf,inf,inf,inf,inf,inf,inf,inf,inf,inf,inf,inf,inf,inf,inf,inf,inf,inf,inf,inf,inf,inf,inf,inf,inf,inf,inf,inf,inf,inf,inf,inf,inf,inf,inf,inf,inf,inf,inf,inf,inf,inf,inf,inf,inf,inf,inf,inf,inf,inf,inf,inf,inf,inf,inf,inf,inf,inf,inf,inf,inf,inf,inf,inf,inf,inf,inf,inf,inf,inf,inf,inf,inf,inf,inf,inf,inf,inf,inf,inf,inf,inf,inf,inf,inf,inf,inf,inf,inf,inf,inf,inf,inf,inf,inf,inf,inf,inf,inf,inf,inf,inf,inf,inf,inf,inf,inf,inf,inf
320,0.7,0.684434,0.664703,0.642221,0.618689,0.59601,0.576144,0.560921,0.551824,0.549773,0.55498,0.566911,0.584376,0.597241,0.629006,0.916447,0.928148,0.935804,0.909459,0.882619,0.857408,0.835993,0.820377,0.812153,0.812265,0.820858,0.837241,0.860002,0.587223,0.616727,0.73824,0.761406,0.764849,0.734619,0.72024,0.69249,0.685332,0.685157,0.693671,0.727632,0.787102,0.80806,0.836227,0.569416,0.605178,0.686434,0.689474,0.704472,0.670333,0.636817,0.62231,0.613634,0.597369,0.606913,0.643251,0.690566,0.779384,0.813067,0.552304,0.594367,0.650505,inf,inf,0.621864,0.58498,0.55213,0.541954,0.541225,0.551883,inf,inf,inf,inf,inf,inf,inf,inf,inf,0.573426,0.501572,0.466162,0.454502,inf,inf,inf,inf,inf,inf,inf,inf,inf,inf,inf,inf,inf,0.395983,inf,inf,inf,inf,inf,inf,inf,inf,inf,inf,inf,inf,inf,inf,inf,inf,inf,inf,inf,inf,inf,inf,inf,inf,inf,inf,inf,inf,inf,inf,inf,inf,inf,inf,inf,inf,inf,inf,inf,inf,inf,inf,inf,inf,inf,inf,inf,inf,inf,inf,inf,inf,inf,inf,inf,inf,inf,inf,inf,inf,inf,inf,inf,inf,inf,inf,inf,inf,inf,inf,inf,inf,inf,inf,inf,inf,inf,inf,inf,inf,inf,inf,inf,inf,inf,inf,inf,inf,inf,inf,inf,inf,inf,inf,inf,inf,inf,inf,inf,inf,inf,inf,inf,inf,inf,inf,inf,inf,inf,inf,inf,inf,inf,inf,inf,inf,inf,inf,inf,inf,inf,inf,inf,inf,inf,inf,inf,inf,inf
321,1,0.989953,0.9751,0.956459,0.93537,0.913439,0.892447,0.874218,0.86044,0.852459,0.851086,0.856461,0.868035,0.89228,0.90475,0.919488,0.926636,0.950335,0.927512,0.891862,0.866639,0.843132,0.834084,0.819923,0.812817,0.813595,0.822328,0.838307,0.86016,0.886058,0.796219,0.799128,0.818507,0.802194,0.773385,0.755562,0.729531,0.718965,0.715182,0.719743,0.744211,0.788571,0.809084,0.836283,0.868073,0.758765,0.757431,0.772476,0.741221,0.719226,0.687353,0.648074,0.603862,0.610503,0.637529,0.675087,0.71235,inf,inf,inf,0.721414,inf,inf,inf,inf,inf,inf,0.531632,0.538034,inf,inf,inf,inf,inf,inf,inf,inf,inf,inf,inf,inf,0.463733,0.459418,inf,inf,inf,inf,inf,inf,inf,inf,inf,inf,inf,inf,0.439928,inf,inf,inf,inf,inf,inf,inf,inf,inf,inf,inf,inf,0.476536,0.427943,inf,inf,inf,inf,inf,inf,inf,inf,inf,inf,inf,inf,inf,0.426605,inf,inf,inf,inf,inf,inf,inf,inf,inf,inf,inf,inf,inf,inf,inf,inf,inf,inf,inf,inf,inf,inf,inf,inf,inf,inf,inf,inf,inf,inf,inf,inf,inf,inf,inf,inf,inf,inf,inf,inf,inf,inf,inf,inf,inf,inf,inf,inf,inf,inf,inf,inf,inf,inf,inf,inf,inf,inf,inf,inf,inf,inf,inf,inf,inf,inf,inf,inf,inf,inf,inf,inf,inf,inf,inf,inf,inf,inf,inf,inf,inf,inf,inf,inf,inf,inf,inf,inf,inf,inf,inf,inf,inf,inf,inf,inf,inf,inf,inf,inf,inf
322,1,0.996047,0.986719,0.972631,0.954748,0.934347,0.912974,0.892354,0.874268,0.860381,0.852045,0.850103,0.854755,0.865525,0.886928,0.862152,0.885856,0.90392,0.948706,0.926628,0.902331,0.877576,0.854308,0.834512,0.820028,0.812321,0.812268,0.820012,0.83493,0.855739,0.85072,0.870509,0.884383,0.924871,0.898578,0.870357,0.842194,0.816262,0.794765,0.77972,0.725344,0.695704,0.706661,0.710065,0.735986,0.839391,0.855273,0.864954,0.901131,0.870598,0.838424,0.806827,0.683481,0.61292,0.581564,0.575331,0.579367,0.577875,inf,inf,0.828167,0.840148,inf,inf,inf,0.696009,0.597794,0.550701,0.510031,0.493984,inf,inf,inf,inf,inf,inf,inf,inf,inf,inf,0.553641,0.515093,0.48108,0.45452,inf,inf,inf,inf,inf,inf,inf,inf,inf,inf,0.550264,0.506056,0.463989,inf,inf,inf,inf,inf,inf,inf,inf,inf,inf,inf,inf,0.459433,0.411153,inf,inf,inf,inf,inf,inf,inf,inf,inf,inf,inf,inf,inf,inf,inf,inf,inf,inf,inf,inf,inf,inf,inf,inf,inf,inf,inf,inf,inf,inf,inf,inf,inf,inf,inf,inf,inf,inf,inf,inf,inf,inf,inf,inf,inf,inf,inf,inf,inf,inf,inf,inf,inf,inf,inf,inf,inf,inf,inf,inf,inf,inf,inf,inf,inf,inf,inf,inf,inf,inf,inf,inf,inf,inf,inf,inf,inf,inf,inf,inf,inf,inf,inf,inf,inf,inf,inf,inf,inf,inf,inf,inf,inf,inf,inf,inf,inf,inf,inf,inf,inf,inf,inf,inf,inf,inf,inf,inf,inf,inf,inf,inf,inf,inf
323,1,0.999636,0.993731,0.982671,0.967194,0.948374,0.927584,0.906435,0.886675,0.870052,0.858131,0.85209,0.852546,0.859452,0.884925,0.691066,0.699547,0.714624,0.711829,0.704575,0.681628,0.65707,0.632728,0.610566,0.592528,0.580334,0.575253,0.577908,0.588165,0.605157,inf,inf,inf,inf,inf,inf,inf,0.596533,0.571957,0.552516,0.540092,0.536048,0.541006,0.554736,0.576186,inf,inf,inf,inf,inf,inf,0.591155,0.56035,0.533348,0.512516,0.499908,0.496981,0.504352,0.521679,inf,inf,inf,inf,inf,inf,0.594301,0.558257,0.524181,0.49474,0.47253,inf,inf,inf,inf,inf,inf,inf,inf,inf,inf,0.565336,0.525402,0.488025,0.456132,inf,inf,inf,inf,inf,inf,inf,inf,inf,inf,inf,0.536448,0.49259,0.451884,inf,inf,inf,inf,inf,inf,inf,inf,inf,inf,inf,inf,0.47014,inf,inf,inf,inf,inf,inf,inf,inf,inf,inf,inf,inf,inf,inf,inf,inf,inf,inf,inf,inf,inf,inf,inf,inf,inf,inf,inf,inf,inf,inf,inf,inf,inf,inf,inf,inf,inf,inf,inf,inf,inf,inf,inf,inf,inf,inf,inf,inf,inf,inf,inf,inf,inf,inf,inf,inf,inf,inf,inf,inf,inf,inf,inf,inf,inf,inf,inf,inf,inf,inf,inf,inf,inf,inf,inf,inf,inf,inf,inf,inf,inf,inf,inf,inf,inf,inf,inf,inf,inf,inf,inf,inf,inf,inf,inf,inf,inf,inf,inf,inf,inf,inf,inf,inf,inf,inf,inf,inf,inf,inf,inf,inf,inf,inf
324,1,0.999067,0.992627,0.9811,0.965259,0.946208,0.925344,0.904295,0.884813,0.868632,0.857284,0.851897,0.85302,0.860539,0.88168,0.753131,0.758874,0.758754,0.763685,0.743576,0.720413,0.6958,0.67158,0.649718,0.63214,0.62053,0.616099,0.6194,0.630227,0.647651,inf,inf,inf,inf,inf,inf,inf,0.635431,0.611175,0.592209,0.580377,0.576975,0.582553,0.596805,0.618618,inf,inf,inf,inf,inf,inf,0.629941,0.599297,0.572632,0.552289,0.540275,0.53798,0.54594,0.563735,inf,inf,inf,inf,inf,inf,0.633124,0.597077,0.563179,0.534091,0.51238,inf,inf,inf,inf,inf,inf,inf,inf,inf,inf,0.573149,0.533225,0.496042,0.47486,inf,inf,inf,inf,inf,inf,inf,inf,inf,inf,inf,0.513256,0.479767,0.439268,inf,inf,inf,inf,inf,inf,inf,inf,inf,inf,inf,inf,0.474139,inf,inf,inf,inf,inf,inf,inf,inf,inf,inf,inf,inf,inf,0.477484,inf,inf,inf,inf,inf,inf,inf,inf,inf,inf,inf,inf,inf,0.497771,inf,inf,inf,inf,inf,inf,inf,inf,inf,inf,inf,inf,inf,inf,inf,inf,inf,inf,inf,inf,inf,inf,inf,inf,inf,inf,inf,inf,inf,inf,inf,inf,inf,inf,inf,inf,inf,inf,inf,inf,inf,inf,inf,inf,inf,inf,inf,inf,inf,inf,inf,inf,inf,inf,inf,inf,inf,inf,inf,inf,inf,inf,inf,inf,inf,inf,inf,inf,inf,inf,inf,inf,inf,inf,inf,inf,inf,inf,inf,inf,inf,inf,inf,inf,inf,inf
325,inf,inf,inf,inf,inf,inf,inf,inf,inf,inf,inf,inf,inf,inf,inf,inf,inf,inf,inf,inf,inf,inf,inf,inf,inf,inf,inf,inf,inf,inf,inf,inf,inf,inf,inf,inf,inf,inf,inf,inf,inf,inf,inf,inf,inf,inf,inf,inf,inf,inf,inf,inf,inf,inf,inf,inf,inf,inf,inf,inf,inf,inf,inf,inf,inf,inf,inf,inf,inf,inf,inf,inf,inf,inf,inf,inf,inf,inf,inf,inf,inf,inf,inf,inf,inf,inf,inf,inf,inf,inf,inf,inf,inf,inf,inf,inf,inf,inf,inf,inf,inf,inf,inf,inf,inf,inf,inf,inf,inf,inf,inf,inf,inf,inf,inf,inf,inf,inf,inf,inf,inf,inf,inf,inf,inf,inf,inf,inf,inf,inf,inf,inf,inf,inf,inf,inf,inf,inf,inf,inf,inf,inf,inf,inf,inf,inf,inf,inf,inf,inf,inf,inf,inf,inf,inf,inf,inf,inf,inf,inf,inf,inf,inf,inf,inf,inf,inf,inf,inf,inf,inf,inf,inf,inf,inf,inf,inf,inf,inf,inf,inf,inf,inf,inf,inf,inf,inf,inf,inf,inf,inf,inf,inf,inf,inf,inf,inf,inf,inf,inf,inf,inf,inf,inf,inf,inf,inf,inf,inf,inf,inf,inf,inf,inf,inf,inf,inf,inf,inf,inf,inf,inf,inf,inf,inf
326,0.99848,1,0.995715,0.985903,0.971213,0.952652,0.93155,0.909507,0.888309,0.869789,0.855657,0.847291,0.845538,0.850578,0.870318,0.69178,0.764922,0.831844,0.967955,0.94906,0.926338,0.901316,0.875798,0.851776,0.831285,0.816202,0.808022,0.807639,0.815192,0.830043,inf,inf,inf,inf,inf,inf,inf,0.842122,0.815254,0.792781,0.77676,inf,inf,inf,inf,inf,inf,inf,inf,inf,inf,0.541043,0.508482,inf,inf,inf,inf,inf,inf,inf,inf,inf,inf,inf,inf,inf,inf,inf,inf,inf,inf,inf,inf,inf,inf,inf,inf,inf,inf,inf,inf,inf,inf,inf,inf,inf,inf,inf,inf,inf,inf,inf,inf,inf,inf,inf,inf,inf,inf,inf,inf,inf,inf,inf,inf,inf,inf,inf,inf,inf,inf,inf,inf,inf,inf,inf,inf,inf,inf,inf,inf,inf,inf,inf,inf,inf,inf,inf,inf,inf,inf,inf,inf,inf,inf,inf,inf,inf,inf,inf,inf,inf,inf,inf,inf,inf,inf,inf,inf,inf,inf,inf,inf,inf,inf,inf,inf,inf,inf,inf,inf,inf,inf,inf,inf,inf,inf,inf,inf,inf,inf,inf,inf,inf,inf,inf,inf,inf,inf,inf,inf,inf,inf,inf,inf,inf,inf,inf,inf,inf,inf,inf,inf,inf,inf,inf,inf,inf,inf,inf,inf,inf,inf,inf,inf,inf,inf,inf,inf,inf,inf,inf,inf,inf,inf,inf,inf,inf,inf,inf,inf,inf,inf,inf,inf
327,0.9931,0.999552,1,0.994414,0.983158,0.966982,0.947,0.924661,0.901677,0.879934,0.861337,0.847621,0.840135,0.839641,0.861845,0.689185,0.699709,0.703731,0.708303,0.699966,0.679625,0.655547,0.629371,0.603014,0.578561,0.558109,0.543553,0.536348,0.537287,0.546372,0.685349,inf,inf,inf,inf,inf,inf,inf,inf,inf,inf,inf,0.497726,inf,inf,inf,inf,inf,inf,inf,inf,inf,inf,inf,inf,inf,inf,inf,inf,inf,inf,inf,inf,inf,inf,inf,inf,inf,inf,inf,inf,inf,inf,inf,inf,inf,inf,inf,inf,inf,inf,inf,inf,inf,inf,inf,inf,inf,inf,inf,inf,inf,inf,inf,inf,inf,inf,inf,inf,inf,inf,inf,inf,inf,inf,inf,inf,inf,inf,inf,inf,inf,inf,inf,inf,inf,inf,inf,inf,inf,inf,inf,inf,inf,inf,inf,inf,inf,inf,inf,inf,inf,inf,inf,inf,inf,inf,inf,inf,inf,inf,inf,inf,inf,inf,inf,inf,inf,inf,inf,inf,inf,inf,inf,inf,inf,inf,inf,inf,inf,inf,inf,inf,inf,inf,inf,inf,inf,inf,inf,inf,inf,inf,inf,inf,inf,inf,inf,inf,inf,inf,inf,inf,inf,inf,inf,inf,inf,inf,inf,inf,inf,inf,inf,inf,inf,inf,inf,inf,inf,inf,inf,inf,inf,inf,inf,inf,inf,inf,inf,inf,inf,inf,inf,inf,inf,inf,inf,inf,inf,inf,inf,inf,inf,inf
328,inf,inf,inf,inf,inf,inf,inf,inf,inf,inf,inf,inf,inf,inf,inf,inf,inf,inf,inf,inf,inf,inf,inf,inf,inf,inf,inf,inf,inf,inf,inf,inf,inf,inf,inf,inf,inf,inf,inf,inf,inf,inf,inf,inf,inf,inf,inf,inf,inf,inf,inf,inf,inf,inf,inf,inf,inf,inf,inf,inf,inf,inf,inf,inf,inf,inf,inf,inf,inf,inf,inf,inf,inf,inf,inf,inf,inf,inf,inf,inf,inf,inf,inf,inf,inf,inf,inf,inf,inf,inf,inf,inf,inf,inf,inf,inf,inf,inf,inf,inf,inf,inf,inf,inf,inf,inf,inf,inf,inf,inf,inf,inf,inf,inf,inf,inf,inf,inf,inf,inf,inf,inf,inf,inf,inf,inf,inf,inf,inf,inf,inf,inf,inf,inf,inf,inf,inf,inf,inf,inf,inf,inf,inf,inf,inf,inf,inf,inf,inf,inf,inf,inf,inf,inf,inf,inf,inf,inf,inf,inf,inf,inf,inf,inf,inf,inf,inf,inf,inf,inf,inf,inf,inf,inf,inf,inf,inf,inf,inf,inf,inf,inf,inf,inf,inf,inf,inf,inf,inf,inf,inf,inf,inf,inf,inf,inf,inf,inf,inf,inf,inf,inf,inf,inf,inf,inf,inf,inf,inf,inf,inf,inf,inf,inf,inf,inf,inf,inf,inf,inf,inf,inf,inf,inf,inf
329,inf,inf,inf,inf,inf,inf,inf,inf,inf,inf,inf,inf,inf,inf,inf,inf,inf,inf,inf,inf,inf,inf,inf,inf,inf,inf,inf,inf,inf,inf,inf,inf,inf,inf,inf,inf,inf,inf,inf,inf,inf,inf,inf,inf,inf,inf,inf,inf,inf,inf,inf,inf,inf,inf,inf,inf,inf,inf,inf,inf,inf,inf,inf,inf,inf,inf,inf,inf,inf,inf,inf,inf,inf,inf,inf,inf,inf,inf,inf,inf,inf,inf,inf,inf,inf,inf,inf,inf,inf,inf,inf,inf,inf,inf,inf,inf,inf,inf,inf,inf,inf,inf,inf,inf,inf,inf,inf,inf,inf,inf,inf,inf,inf,inf,inf,inf,inf,inf,inf,inf,inf,inf,inf,inf,inf,inf,inf,inf,inf,inf,inf,inf,inf,inf,inf,inf,inf,inf,inf,inf,inf,inf,inf,inf,inf,inf,inf,inf,inf,inf,inf,inf,inf,inf,inf,inf,inf,inf,inf,inf,inf,inf,inf,inf,inf,inf,inf,inf,inf,inf,inf,inf,inf,inf,inf,inf,inf,inf,inf,inf,inf,inf,inf,inf,inf,inf,inf,inf,inf,inf,inf,inf,inf,inf,inf,inf,inf,inf,inf,inf,inf,inf,inf,inf,inf,inf,inf,inf,inf,inf,inf,inf,inf,inf,inf,inf,inf,inf,inf,inf,inf,inf,inf,inf,inf
330,inf,inf,inf,inf,inf,inf,inf,inf,inf,inf,inf,inf,inf,inf,inf,inf,inf,inf,inf,inf,inf,inf,inf,inf,inf,inf,inf,inf,inf,inf,inf,inf,inf,inf,inf,inf,inf,inf,inf,inf,inf,inf,inf,inf,inf,inf,inf,inf,inf,inf,inf,inf,inf,inf,inf,inf,inf,inf,inf,inf,inf,inf,inf,inf,inf,inf,inf,inf,inf,inf,inf,inf,inf,inf,inf,inf,inf,inf,inf,inf,inf,inf,inf,inf,inf,inf,inf,inf,inf,inf,inf,inf,inf,inf,inf,inf,inf,inf,inf,inf,inf,inf,inf,inf,inf,inf,inf,inf,inf,inf,inf,inf,inf,inf,inf,inf,inf,inf,inf,inf,inf,inf,inf,inf,inf,inf,inf,inf,inf,inf,inf,inf,inf,inf,inf,inf,inf,inf,inf,inf,inf,inf,inf,inf,inf,inf,inf,inf,inf,inf,inf,inf,inf,inf,inf,inf,inf,inf,inf,inf,inf,inf,inf,inf,inf,inf,inf,inf,inf,inf,inf,inf,inf,inf,inf,inf,inf,inf,inf,inf,inf,inf,inf,inf,inf,inf,inf,inf,inf,inf,inf,inf,inf,inf,inf,inf,inf,inf,inf,inf,inf,inf,inf,inf,inf,inf,inf,inf,inf,inf,inf,inf,inf,inf,inf,inf,inf,inf,inf,inf,inf,inf,inf,inf,inf
331,inf,inf,inf,inf,inf,inf,inf,inf,inf,inf,inf,inf,inf,inf,inf,inf,inf,inf,inf,inf,inf,inf,inf,inf,inf,inf,inf,inf,inf,inf,inf,inf,inf,inf,inf,inf,inf,inf,inf,inf,inf,inf,inf,inf,inf,inf,inf,inf,inf,inf,inf,inf,inf,inf,inf,inf,inf,inf,inf,inf,inf,inf,inf,inf,inf,inf,inf,inf,inf,inf,inf,inf,inf,inf,inf,inf,inf,inf,inf,inf,inf,inf,inf,inf,inf,inf,inf,inf,inf,inf,inf,inf,inf,inf,inf,inf,inf,inf,inf,inf,inf,inf,inf,inf,inf,inf,inf,inf,inf,inf,inf,inf,inf,inf,inf,inf,inf,inf,inf,inf,inf,inf,inf,inf,inf,inf,inf,inf,inf,inf,inf,inf,inf,inf,inf,inf,inf,inf,inf,inf,inf,inf,inf,inf,inf,inf,inf,inf,inf,inf,inf,inf,inf,inf,inf,inf,inf,inf,inf,inf,inf,inf,inf,inf,inf,inf,inf,inf,inf,inf,inf,inf,inf,inf,inf,inf,inf,inf,inf,inf,inf,inf,inf,inf,inf,inf,inf,inf,inf,inf,inf,inf,inf,inf,inf,inf,inf,inf,inf,inf,inf,inf,inf,inf,inf,inf,inf,inf,inf,inf,inf,inf,inf,inf,inf,inf,inf,inf,inf,inf,inf,inf,inf,inf,inf
332,inf,inf,inf,inf,inf,inf,inf,inf,inf,inf,inf,inf,inf,inf,inf,inf,inf,inf,inf,inf,inf,inf,inf,inf,inf,inf,inf,inf,inf,inf,inf,inf,inf,inf,inf,inf,inf,inf,inf,inf,inf,inf,inf,inf,inf,inf,inf,inf,inf,inf,inf,inf,inf,inf,inf,inf,inf,inf,inf,inf,inf,inf,inf,inf,inf,inf,inf,inf,inf,inf,inf,inf,inf,inf,inf,inf,inf,inf,inf,inf,inf,inf,inf,inf,inf,inf,inf,inf,inf,inf,inf,inf,inf,inf,inf,inf,inf,inf,inf,inf,inf,inf,inf,inf,inf,inf,inf,inf,inf,inf,inf,inf,inf,inf,inf,inf,inf,inf,inf,inf,inf,inf,inf,inf,inf,inf,inf,inf,inf,inf,inf,inf,inf,inf,inf,inf,inf,inf,inf,inf,inf,inf,inf,inf,inf,inf,inf,inf,inf,inf,inf,inf,inf,inf,inf,inf,inf,inf,inf,inf,inf,inf,inf,inf,inf,inf,inf,inf,inf,inf,inf,inf,inf,inf,inf,inf,inf,inf,inf,inf,inf,inf,inf,inf,inf,inf,inf,inf,inf,inf,inf,inf,inf,inf,inf,inf,inf,inf,inf,inf,inf,inf,inf,inf,inf,inf,inf,inf,inf,inf,inf,inf,inf,inf,inf,inf,inf,inf,inf,inf,inf,inf,inf,inf,inf
333,inf,inf,inf,inf,inf,inf,inf,inf,inf,inf,inf,inf,inf,inf,inf,inf,inf,inf,inf,inf,inf,inf,inf,inf,inf,inf,inf,inf,inf,inf,inf,inf,inf,inf,inf,inf,inf,inf,inf,inf,inf,inf,inf,inf,inf,inf,inf,inf,inf,inf,inf,inf,inf,inf,inf,inf,inf,inf,inf,inf,inf,inf,inf,inf,inf,inf,inf,inf,inf,inf,inf,inf,inf,inf,inf,inf,inf,inf,inf,inf,inf,inf,inf,inf,inf,inf,inf,inf,inf,inf,inf,inf,inf,inf,inf,inf,inf,inf,inf,inf,inf,inf,inf,inf,inf,inf,inf,inf,inf,inf,inf,inf,inf,inf,inf,inf,inf,inf,inf,inf,inf,inf,inf,inf,inf,inf,inf,inf,inf,inf,inf,inf,inf,inf,inf,inf,inf,inf,inf,inf,inf,inf,inf,inf,inf,inf,inf,inf,inf,inf,inf,inf,inf,inf,inf,inf,inf,inf,inf,inf,inf,inf,inf,inf,inf,inf,inf,inf,inf,inf,inf,inf,inf,inf,inf,inf,inf,inf,inf,inf,inf,inf,inf,inf,inf,inf,inf,inf,inf,inf,inf,inf,inf,inf,inf,inf,inf,inf,inf,inf,inf,inf,inf,inf,inf,inf,inf,inf,inf,inf,inf,inf,inf,inf,inf,inf,inf,inf,inf,inf,inf,inf,inf,inf,inf
334,inf,inf,inf,inf,inf,inf,inf,inf,inf,inf,inf,inf,inf,inf,inf,inf,inf,inf,inf,inf,inf,inf,inf,inf,inf,inf,inf,inf,inf,inf,inf,inf,inf,inf,inf,inf,inf,inf,inf,inf,inf,inf,inf,inf,inf,inf,inf,inf,inf,inf,inf,inf,inf,inf,inf,inf,inf,inf,inf,inf,inf,inf,inf,inf,inf,inf,inf,inf,inf,inf,inf,inf,inf,inf,inf,inf,inf,inf,inf,inf,inf,inf,inf,inf,inf,inf,inf,inf,inf,inf,inf,inf,inf,inf,inf,inf,inf,inf,inf,inf,inf,inf,inf,inf,inf,inf,inf,inf,inf,inf,inf,inf,inf,inf,inf,inf,inf,inf,inf,inf,inf,inf,inf,inf,inf,inf,inf,inf,inf,inf,inf,inf,inf,inf,inf,inf,inf,inf,inf,inf,inf,inf,inf,inf,inf,inf,inf,inf,inf,inf,inf,inf,inf,inf,inf,inf,inf,inf,inf,inf,inf,inf,inf,inf,inf,inf,inf,inf,inf,inf,inf,inf,inf,inf,inf,inf,inf,inf,inf,inf,inf,inf,inf,inf,inf,inf,inf,inf,inf,inf,inf,inf,inf,inf,inf,inf,inf,inf,inf,inf,inf,inf,inf,inf,inf,inf,inf,inf,inf,inf,inf,inf,inf,inf,inf,inf,inf,inf,inf,inf,inf,inf,inf,inf,inf
335,inf,inf,inf,inf,inf,inf,inf,inf,inf,inf,inf,inf,inf,inf,inf,inf,inf,inf,inf,inf,inf,inf,inf,inf,inf,inf,inf,inf,inf,inf,inf,inf,inf,inf,inf,inf,inf,inf,inf,inf,inf,inf,inf,inf,inf,inf,inf,inf,inf,inf,inf,inf,inf,inf,inf,inf,inf,inf,inf,inf,inf,inf,inf,inf,inf,inf,inf,inf,inf,inf,inf,inf,inf,inf,inf,inf,inf,inf,inf,inf,inf,inf,inf,inf,inf,inf,inf,inf,inf,inf,inf,inf,inf,inf,inf,inf,inf,inf,inf,inf,inf,inf,inf,inf,inf,inf,inf,inf,inf,inf,inf,inf,inf,inf,inf,inf,inf,inf,inf,inf,inf,inf,inf,inf,inf,inf,inf,inf,inf,inf,inf,inf,inf,inf,inf,inf,inf,inf,inf,inf,inf,inf,inf,inf,inf,inf,inf,inf,inf,inf,inf,inf,inf,inf,inf,inf,inf,inf,inf,inf,inf,inf,inf,inf,inf,inf,inf,inf,inf,inf,inf,inf,inf,inf,inf,inf,inf,inf,inf,inf,inf,inf,inf,inf,inf,inf,inf,inf,inf,inf,inf,inf,inf,inf,inf,inf,inf,inf,inf,inf,inf,inf,inf,inf,inf,inf,inf,inf,inf,inf,inf,inf,inf,inf,inf,inf,inf,inf,inf,inf,inf,inf,inf,inf,inf
336,inf,inf,inf,inf,inf,inf,inf,inf,inf,inf,inf,inf,inf,inf,inf,inf,inf,inf,inf,inf,inf,inf,inf,inf,inf,inf,inf,inf,inf,inf,inf,inf,inf,inf,inf,inf,inf,inf,inf,inf,inf,inf,inf,inf,inf,inf,inf,inf,inf,inf,inf,inf,inf,inf,inf,inf,inf,inf,inf,inf,inf,inf,inf,inf,inf,inf,inf,inf,inf,inf,inf,inf,inf,inf,inf,inf,inf,inf,inf,inf,inf,inf,inf,inf,inf,inf,inf,inf,inf,inf,inf,inf,inf,inf,inf,inf,inf,inf,inf,inf,inf,inf,inf,inf,inf,inf,inf,inf,inf,inf,inf,inf,inf,inf,inf,inf,inf,inf,inf,inf,inf,inf,inf,inf,inf,inf,inf,inf,inf,inf,inf,inf,inf,inf,inf,inf,inf,inf,inf,inf,inf,inf,inf,inf,inf,inf,inf,inf,inf,inf,inf,inf,inf,inf,inf,inf,inf,inf,inf,inf,inf,inf,inf,inf,inf,inf,inf,inf,inf,inf,inf,inf,inf,inf,inf,inf,inf,inf,inf,inf,inf,inf,inf,inf,inf,inf,inf,inf,inf,inf,inf,inf,inf,inf,inf,inf,inf,inf,inf,inf,inf,inf,inf,inf,inf,inf,inf,inf,inf,inf,inf,inf,inf,inf,inf,inf,inf,inf,inf,inf,inf,inf,inf,inf,inf
337,inf,inf,inf,inf,inf,inf,inf,inf,inf,inf,inf,inf,inf,inf,inf,inf,inf,inf,inf,inf,inf,inf,inf,inf,inf,inf,inf,inf,inf,inf,inf,inf,inf,inf,inf,inf,inf,inf,inf,inf,inf,inf,inf,inf,inf,inf,inf,inf,inf,inf,inf,inf,inf,inf,inf,inf,inf,inf,inf,inf,inf,inf,inf,inf,inf,inf,inf,inf,inf,inf,inf,inf,inf,inf,inf,inf,inf,inf,inf,inf,inf,inf,inf,inf,inf,inf,inf,inf,inf,inf,inf,inf,inf,inf,inf,inf,inf,inf,inf,inf,inf,inf,inf,inf,inf,inf,inf,inf,inf,inf,inf,inf,inf,inf,inf,inf,inf,inf,inf,inf,inf,inf,inf,inf,inf,inf,inf,inf,inf,inf,inf,inf,inf,inf,inf,inf,inf,inf,inf,inf,inf,inf,inf,inf,inf,inf,inf,inf,inf,inf,inf,inf,inf,inf,inf,inf,inf,inf,inf,inf,inf,inf,inf,inf,inf,inf,inf,inf,inf,inf,inf,inf,inf,inf,inf,inf,inf,inf,inf,inf,inf,inf,inf,inf,inf,inf,inf,inf,inf,inf,inf,inf,inf,inf,inf,inf,inf,inf,inf,inf,inf,inf,inf,inf,inf,inf,inf,inf,inf,inf,inf,inf,inf,inf,inf,inf,inf,inf,inf,inf,inf,inf,inf,inf,inf
338,inf,inf,inf,inf,inf,inf,inf,inf,inf,inf,inf,inf,inf,inf,inf,inf,inf,inf,inf,inf,inf,inf,inf,inf,inf,inf,inf,inf,inf,inf,inf,inf,inf,inf,inf,inf,inf,inf,inf,inf,inf,inf,inf,inf,inf,inf,inf,inf,inf,inf,inf,inf,inf,inf,inf,inf,inf,inf,inf,inf,inf,inf,inf,inf,inf,inf,inf,inf,inf,inf,inf,inf,inf,inf,inf,inf,inf,inf,inf,inf,inf,inf,inf,inf,inf,inf,inf,inf,inf,inf,inf,inf,inf,inf,inf,inf,inf,inf,inf,inf,inf,inf,inf,inf,inf,inf,inf,inf,inf,inf,inf,inf,inf,inf,inf,inf,inf,inf,inf,inf,inf,inf,inf,inf,inf,inf,inf,inf,inf,inf,inf,inf,inf,inf,inf,inf,inf,inf,inf,inf,inf,inf,inf,inf,inf,inf,inf,inf,inf,inf,inf,inf,inf,inf,inf,inf,inf,inf,inf,inf,inf,inf,inf,inf,inf,inf,inf,inf,inf,inf,inf,inf,inf,inf,inf,inf,inf,inf,inf,inf,inf,inf,inf,inf,inf,inf,inf,inf,inf,inf,inf,inf,inf,inf,inf,inf,inf,inf,inf,inf,inf,inf,inf,inf,inf,inf,inf,inf,inf,inf,inf,inf,inf,inf,inf,inf,inf,inf,inf,inf,inf,inf,inf,inf,inf
339,inf,inf,inf,inf,inf,inf,inf,inf,inf,inf,inf,inf,inf,inf,inf,inf,inf,inf,inf,inf,inf,inf,inf,inf,inf,inf,inf,inf,inf,inf,inf,inf,inf,inf,inf,inf,inf,inf,inf,inf,inf,inf,inf,inf,inf,inf,inf,inf,inf,inf,inf,inf,inf,inf,inf,inf,inf,inf,inf,inf,inf,inf,inf,inf,inf,inf,inf,inf,inf,inf,inf,inf,inf,inf,inf,inf,inf,inf,inf,inf,inf,inf,inf,inf,inf,inf,inf,inf,inf,inf,inf,inf,inf,inf,inf,inf,inf,inf,inf,inf,inf,inf,inf,inf,inf,inf,inf,inf,inf,inf,inf,inf,inf,inf,inf,inf,inf,inf,inf,inf,inf,inf,inf,inf,inf,inf,inf,inf,inf,inf,inf,inf,inf,inf,inf,inf,inf,inf,inf,inf,inf,inf,inf,inf,inf,inf,inf,inf,inf,inf,inf,inf,inf,inf,inf,inf,inf,inf,inf,inf,inf,inf,inf,inf,inf,inf,inf,inf,inf,inf,inf,inf,inf,inf,inf,inf,inf,inf,inf,inf,inf,inf,inf,inf,inf,inf,inf,inf,inf,inf,inf,inf,inf,inf,inf,inf,inf,inf,inf,inf,inf,inf,inf,inf,inf,inf,inf,inf,inf,inf,inf,inf,inf,inf,inf,inf,inf,inf,inf,inf,inf,inf,inf,inf,inf
340,inf,inf,inf,inf,inf,inf,inf,inf,inf,inf,inf,inf,inf,inf,inf,inf,inf,inf,inf,inf,inf,inf,inf,inf,inf,inf,inf,inf,inf,inf,inf,inf,inf,inf,inf,inf,inf,inf,inf,inf,inf,inf,inf,inf,inf,inf,inf,inf,inf,inf,inf,inf,inf,inf,inf,inf,inf,inf,inf,inf,inf,inf,inf,inf,inf,inf,inf,inf,inf,inf,inf,inf,inf,inf,inf,inf,inf,inf,inf,inf,inf,inf,inf,inf,inf,inf,inf,inf,inf,inf,inf,inf,inf,inf,inf,inf,inf,inf,inf,inf,inf,inf,inf,inf,inf,inf,inf,inf,inf,inf,inf,inf,inf,inf,inf,inf,inf,inf,inf,inf,inf,inf,inf,inf,inf,inf,inf,inf,inf,inf,inf,inf,inf,inf,inf,inf,inf,inf,inf,inf,inf,inf,inf,inf,inf,inf,inf,inf,inf,inf,inf,inf,inf,inf,inf,inf,inf,inf,inf,inf,inf,inf,inf,inf,inf,inf,inf,inf,inf,inf,inf,inf,inf,inf,inf,inf,inf,inf,inf,inf,inf,inf,inf,inf,inf,inf,inf,inf,inf,inf,inf,inf,inf,inf,inf,inf,inf,inf,inf,inf,inf,inf,inf,inf,inf,inf,inf,inf,inf,inf,inf,inf,inf,inf,inf,inf,inf,inf,inf,inf,inf,inf,inf,inf,inf
341,inf,inf,inf,inf,inf,inf,inf,inf,inf,inf,inf,inf,inf,inf,inf,inf,inf,inf,inf,inf,inf,inf,inf,inf,inf,inf,inf,inf,inf,inf,inf,inf,inf,inf,inf,inf,inf,inf,inf,inf,inf,inf,inf,inf,inf,inf,inf,inf,inf,inf,inf,inf,inf,inf,inf,inf,inf,inf,inf,inf,inf,inf,inf,inf,inf,inf,inf,inf,inf,inf,inf,inf,inf,inf,inf,inf,inf,inf,inf,inf,inf,inf,inf,inf,inf,inf,inf,inf,inf,inf,inf,inf,inf,inf,inf,inf,inf,inf,inf,inf,inf,inf,inf,inf,inf,inf,inf,inf,inf,inf,inf,inf,inf,inf,inf,inf,inf,inf,inf,inf,inf,inf,inf,inf,inf,inf,inf,inf,inf,inf,inf,inf,inf,inf,inf,inf,inf,inf,inf,inf,inf,inf,inf,inf,inf,inf,inf,inf,inf,inf,inf,inf,inf,inf,inf,inf,inf,inf,inf,inf,inf,inf,inf,inf,inf,inf,inf,inf,inf,inf,inf,inf,inf,inf,inf,inf,inf,inf,inf,inf,inf,inf,inf,inf,inf,inf,inf,inf,inf,inf,inf,inf,inf,inf,inf,inf,inf,inf,inf,inf,inf,inf,inf,inf,inf,inf,inf,inf,inf,inf,inf,inf,inf,inf,inf,inf,inf,inf,inf,inf,inf,inf,inf,inf,inf
342,inf,inf,inf,inf,inf,inf,inf,inf,inf,inf,inf,inf,inf,inf,inf,inf,inf,inf,inf,inf,inf,inf,inf,inf,inf,inf,inf,inf,inf,inf,inf,inf,inf,inf,inf,inf,inf,inf,inf,inf,inf,inf,inf,inf,inf,inf,inf,inf,inf,inf,inf,inf,inf,inf,inf,inf,inf,inf,inf,inf,inf,inf,inf,inf,inf,inf,inf,inf,inf,inf,inf,inf,inf,inf,inf,inf,inf,inf,inf,inf,inf,inf,inf,inf,inf,inf,inf,inf,inf,inf,inf,inf,inf,inf,inf,inf,inf,inf,inf,inf,inf,inf,inf,inf,inf,inf,inf,inf,inf,inf,inf,inf,inf,inf,inf,inf,inf,inf,inf,inf,inf,inf,inf,inf,inf,inf,inf,inf,inf,inf,inf,inf,inf,inf,inf,inf,inf,inf,inf,inf,inf,inf,inf,inf,inf,inf,inf,inf,inf,inf,inf,inf,inf,inf,inf,inf,inf,inf,inf,inf,inf,inf,inf,inf,inf,inf,inf,inf,inf,inf,inf,inf,inf,inf,inf,inf,inf,inf,inf,inf,inf,inf,inf,inf,inf,inf,inf,inf,inf,inf,inf,inf,inf,inf,inf,inf,inf,inf,inf,inf,inf,inf,inf,inf,inf,inf,inf,inf,inf,inf,inf,inf,inf,inf,inf,inf,inf,inf,inf,inf,inf,inf,inf,inf,inf
343,4.39213,4.52218,4.64204,4.74486,4.82436,4.87531,4.89385,4.87778,4.82676,4.74234,4.62789,4.48835,4.29902,4.15947,3.98434,4.14598,4.28148,4.38861,4.48106,4.55314,4.60006,4.61835,4.6061,4.56313,4.49104,4.39311,4.27407,4.13971,3.99644,3.85086,3.92004,4.04104,4.13546,4.2176,4.28227,4.32517,4.34319,4.33472,4.29975,4.23992,4.15845,4.05984,3.94952,3.8334,3.71741,3.57429,3.66084,3.76261,3.83447,3.91176,3.95063,3.98838,4.00365,4.01661,3.98898,3.92389,3.84565,3.75935,3.67037,3.58399,3.30873,3.38088,3.45006,3.53168,3.58161,3.63647,3.67393,3.6929,3.69375,3.69823,3.68945,3.63152,3.56918,3.50734,3.45059,3.04338,3.10118,3.1778,3.22922,3.29183,3.32269,3.35984,3.38248,3.39115,3.40768,3.41513,3.35744,3.31903,3.28431,3.25721,2.79821,2.84172,2.90584,2.9471,3.00241,3.02929,3.06612,3.09241,3.10884,3.13735,3.10094,3.08341,3.06889,3.06128,3.12387,2.55324,2.60251,2.63417,2.66533,2.71338,2.73628,2.7728,2.80269,2.82683,2.84723,2.82689,2.82945,2.83875,2.89825,3.01056,2.32846,2.34354,2.3628,2.4039,2.42472,2.46367,2.47986,2.51333,2.54513,2.55735,2.57298,2.57556,2.60864,2.71522,2.85728,2.08387,2.10481,2.11173,2.12282,2.15645,2.17147,2.20734,2.24435,2.26374,2.26771,2.29923,2.34173,2.39853,2.5522,2.74403,1.85947,1.84633,1.86096,1.86208,1.86857,1.89968,1.91522,1.95576,1.9827,1.99832,2.04564,2.10798,2.18844,2.36918,2.59083,1.63526,1.60809,1.59048,1.60169,1.60108,1.60831,1.64353,1.66757,1.702,1.74921,1.79221,1.8743,1.97837,2.14616,2.39766,1.39123,1.37009,1.34031,1.32166,1.33398,1.33736,1.35228,1.37979,1.42166,1.48037,1.55897,1.66071,1.78831,1.96314,2.26454,1.16739,1.11233,1.09042,1.06197,1.04729,1.06685,1.08146,1.09244,1.1417,1.21183,1.30592,1.42721,1.57827,1.78013,2.07146,0.943735,0.874812,0.840837,0.802638,0.780993,0.776773,0.791106,0.825532,0.882137,0.9636,1.07308,1.2138,1.38825,1.59711,1.91843
344,4.36117,4.49296,4.61536,4.72143,4.80483,4.86018,4.88347,4.87229,4.8261,4.74624,4.63591,4.49986,4.32094,4.17561,4.00149,4.11883,4.25581,4.36507,4.46028,4.53562,4.58621,4.60841,4.60011,4.56097,4.49238,4.39747,4.28081,4.14809,4.00567,3.86014,3.89669,4.01889,4.11506,4.19945,4.26677,4.31259,4.33369,4.32825,4.29609,4.23871,4.15915,4.06181,3.95204,3.83572,3.71881,3.57473,3.66221,3.74534,3.81895,3.89826,3.93934,3.97932,4.0167,4.01148,3.98523,3.92095,3.84287,3.75601,3.66578,3.57749,3.29296,3.36577,3.43592,3.51877,3.57012,3.62645,3.66531,3.68547,3.68714,3.71195,3.68288,3.62399,3.56,3.49583,3.43619,3.03138,3.10957,3.16678,3.21893,3.28233,3.31394,3.35167,3.37459,3.40308,3.41889,3.40495,3.34518,3.304,3.26589,3.25491,2.78999,2.85361,2.89792,2.93942,2.99492,3.02182,3.05841,3.08405,3.09932,3.12605,3.10716,3.06643,3.04802,3.05595,3.09365,2.56878,2.59788,2.62936,2.66025,2.70787,2.73008,2.76553,2.79387,2.81586,2.83344,2.80952,2.80776,2.81206,2.866,2.95241,2.32775,2.34239,2.38108,2.40141,2.4212,2.45873,2.47304,2.50405,2.53273,2.54108,2.55204,2.56917,2.59612,2.69606,2.83119,2.10691,2.10714,2.1131,2.12291,2.1549,2.16779,2.20096,2.23462,2.24992,2.26897,2.27473,2.31067,2.3602,2.50612,2.68999,1.86625,1.85212,1.8654,1.86475,1.86898,1.89725,1.90929,1.94558,1.96745,1.99713,2.0176,2.07224,2.14431,2.31618,2.54882,1.64577,1.61733,1.59799,1.60693,1.60345,1.60713,1.63805,1.65694,1.68534,1.72557,1.78065,1.85392,1.94844,2.12623,2.36767,1.42547,1.38277,1.35086,1.32945,1.3383,1.33742,1.34723,1.36872,1.4036,1.45431,1.5239,1.61569,1.73259,1.91629,2.18656,1.18534,1.14845,1.10402,1.07231,1.05354,1.06814,1.07685,1.10093,1.12224,1.18335,1.26736,1.37757,1.51678,1.70635,2.00547,0.965391,0.894351,0.857471,0.815508,0.789175,0.779289,0.786923,0.813573,0.861286,0.932717,1.03104,1.15956,1.32099,1.51641,1.84442
345,3.98276,4.11419,4.24029,4.35417,4.44929,4.51985,4.56116,4.57,4.54483,4.48594,4.39548,4.27726,4.13652,4.05261,3.81317,3.77111,3.88695,3.99877,4.10028,4.18549,4.24912,4.28691,4.29599,4.27507,4.22458,4.14668,4.04506,3.92472,3.79151,3.65177,3.55964,3.65993,3.75752,3.8467,3.92204,3.97874,4.01301,4.02231,4.0056,3.96345,3.89804,3.81295,3.71295,3.60349,3.49037,3.34833,3.43312,3.51654,3.59343,3.65893,3.70874,3.73949,3.74898,3.73644,3.70257,3.64957,3.58095,3.50122,3.41548,3.32897,3.13718,3.20653,3.27582,3.34048,3.39617,3.43911,3.46633,3.47601,3.46759,3.44194,3.40128,3.34905,3.28954,3.22748,3.16758,2.92619,2.98015,3.03536,3.08783,3.13376,3.16985,3.19356,3.2034,3.19907,3.18157,3.15318,3.11726,3.0779,3.03948,3.00619,2.71537,2.75398,2.79517,2.8355,2.87171,2.90098,2.92119,2.93117,2.93088,2.92147,2.90528,2.88558,2.86631,2.85149,2.8448,2.50471,2.52803,2.55525,2.58349,2.61002,2.63249,2.6492,2.65932,2.66304,2.66167,2.65758,2.65403,2.65477,2.6635,2.68342,2.2942,2.30228,2.31558,2.33179,2.34868,2.36439,2.37763,2.38787,2.39556,2.40216,2.4101,2.42261,2.44328,2.47553,2.52204,2.08385,2.07674,2.07618,2.0804,2.08771,2.0967,2.10647,2.11683,2.12845,2.14296,2.16285,2.19133,2.23185,2.28756,2.36067,1.87366,1.85141,1.83704,1.82933,1.8271,1.8294,1.83572,1.8462,1.86173,1.88408,1.91584,1.96019,2.02048,2.09961,2.19929,1.66362,1.62629,1.59816,1.57858,1.56685,1.5625,1.56541,1.57599,1.5954,1.62554,1.66908,1.7292,1.80918,1.91166,2.03793,1.45374,1.40136,1.35954,1.32814,1.30698,1.29602,1.29552,1.30623,1.32948,1.36735,1.42258,1.49838,1.59795,1.72373,1.87656,1.244,1.17664,1.12118,1.07801,1.04747,1.02995,1.02608,1.03691,1.06399,1.10953,1.17637,1.26773,1.38679,1.53581,1.7152,1.03442,0.952121,0.883071,0.828198,0.788324,0.764289,0.757091,0.768047,0.798933,0.852094,0.930444,1.03727,1.17572,1.3479,1.55385
346,3.91108,4.04316,4.17289,4.29339,4.39794,4.4804,4.53559,4.55965,4.55031,4.50708,4.43132,4.32613,4.19616,4.07618,3.88596,3.70902,3.82505,3.93975,4.04682,4.14011,4.21401,4.26381,4.28603,4.2787,4.24152,4.17592,4.08494,3.97306,3.84578,3.70922,3.5071,3.60714,3.70686,3.80054,3.88261,3.94797,3.99239,4.01276,4.00741,3.97622,3.92071,3.84388,3.75003,3.64434,3.53248,3.30533,3.38942,3.4742,3.55455,3.62544,3.68229,3.72133,3.73984,3.73644,3.7112,3.66571,3.60296,3.52706,3.44292,3.35575,3.1037,3.17188,3.24179,3.30885,3.3686,3.41698,3.45065,3.46729,3.4658,3.44645,3.41092,3.36217,3.30417,3.24153,3.17902,2.90221,2.95454,3.00962,3.06344,3.11209,3.15203,3.18035,3.19512,3.19551,3.182,3.15636,3.12153,3.08135,3.04016,3.00228,2.70086,2.73738,2.77768,2.81832,2.85593,2.88744,2.91044,2.92332,2.92558,2.91786,2.90203,2.88104,2.85861,2.83881,2.82555,2.49965,2.52041,2.54599,2.57349,2.60009,2.62323,2.64091,2.65192,2.656,2.65403,2.64795,2.64072,2.63595,2.63749,2.64882,2.29858,2.30363,2.31453,2.32895,2.3446,2.3594,2.37179,2.38092,2.38681,2.39052,2.39412,2.40056,2.41339,2.43619,2.47209,2.09764,2.08703,2.08331,2.0847,2.08944,2.09594,2.10307,2.11032,2.118,2.12736,2.14056,2.16059,2.19091,2.23492,2.29536,1.89683,1.87061,1.85232,1.84074,1.83462,1.83286,1.83476,1.84014,1.8496,1.86454,1.88728,1.92081,1.96854,2.03369,2.11863,1.69616,1.65437,1.62156,1.59707,1.58014,1.57017,1.56686,1.57039,1.5816,1.6021,1.63429,1.68122,1.74627,1.83248,1.9419,1.49562,1.43831,1.39104,1.35368,1.326,1.30787,1.29938,1.30107,1.31402,1.34003,1.3816,1.44185,1.52411,1.63131,1.76517,1.29521,1.22243,1.16075,1.11057,1.0722,1.04595,1.03233,1.03219,1.04688,1.07835,1.12924,1.2027,1.30207,1.43018,1.58845,1.09492,1.00672,0.930683,0.867757,0.818744,0.784428,0.765712,0.763765,0.780178,0.817084,0.877212,0.963785,1.08016,1.22909,1.41173
347,4.00776,4.14027,4.2649,4.37481,4.46369,4.52608,4.55782,4.55628,4.52059,4.45176,4.35256,4.22736,4.10558,3.92236,3.75597,3.79292,3.90987,4.02038,4.11821,4.19756,4.25348,4.28221,4.28144,4.25052,4.19056,4.1043,3.99597,3.87092,3.73521,3.59517,3.57828,3.67971,3.77616,3.86194,3.93179,3.98126,4.00697,4.00693,3.98074,3.92957,3.85618,3.76466,3.66008,3.54806,3.43437,3.36382,3.44979,3.53222,3.606,3.66639,3.70941,3.73209,3.73277,3.71124,3.66881,3.60823,3.53344,3.44927,3.36091,3.27358,3.14954,3.22011,3.28858,3.35039,3.40136,3.43795,3.4576,3.45897,3.44206,3.40829,3.36043,3.30231,3.23849,3.17377,3.11279,2.93546,2.99066,3.04522,3.09512,3.1367,3.16688,3.1835,3.18553,3.17319,3.14803,3.11281,3.07127,3.02774,2.98663,2.952,2.72155,2.76145,2.80215,2.84019,2.87241,2.8962,2.9098,2.91247,2.90465,2.88802,2.86536,2.84034,2.81704,2.79949,2.79123,2.50783,2.53248,2.55937,2.58559,2.60849,2.62593,2.6365,2.63979,2.63645,2.62828,2.61811,2.60951,2.60637,2.61236,2.63046,2.29428,2.30373,2.31687,2.33133,2.34496,2.35606,2.36362,2.3675,2.3686,2.36883,2.37105,2.37879,2.39574,2.42524,2.46969,2.08092,2.07522,2.07466,2.07741,2.08181,2.0866,2.09115,2.09562,2.10111,2.10967,2.1242,2.14819,2.18516,2.23811,2.30893,1.86773,1.84694,1.83274,1.82383,1.81904,1.81756,1.81912,1.82416,1.834,1.85082,1.87757,1.91771,1.97463,2.051,2.14818,1.65471,1.61889,1.5911,1.57058,1.55666,1.54894,1.54752,1.55313,1.56728,1.59229,1.63117,1.68737,1.76414,1.86389,1.98744,1.44187,1.39106,1.34974,1.31768,1.29467,1.28075,1.27637,1.28254,1.30096,1.33409,1.38501,1.45716,1.55371,1.67678,1.82671,1.2292,1.16346,1.10867,1.06511,1.03306,1.01299,1.00567,1.0124,1.03506,1.07625,1.13911,1.22711,1.34334,1.48968,1.66599,1.0167,0.936077,0.867873,0.812878,0.771851,0.745659,0.735432,0.742714,0.769593,0.818767,0.89348,0.997213,1.13302,1.30259,1.50527
348,3.96764,4.10279,4.23113,4.34571,4.44005,4.50851,4.54663,4.55151,4.52201,4.45882,4.36446,4.2431,4.12157,3.94226,3.7761,3.75758,3.8769,3.99071,4.09267,4.17682,4.238,4.27221,4.27686,4.25103,4.19556,4.11297,4.00731,3.8838,3.74846,3.60766,3.54769,3.65123,3.75058,3.83995,3.91394,3.96787,3.99815,4.00254,3.98035,3.93254,3.86165,3.77161,3.66742,3.55468,3.43923,3.33799,3.42579,3.51072,3.58756,3.65141,3.69811,3.72446,3.72857,3.70997,3.66976,3.6105,3.53602,3.45107,3.3609,3.27079,3.12845,3.20058,3.27114,3.33548,3.38925,3.42873,3.45116,3.45495,3.4399,3.40723,3.35952,3.30053,3.23477,3.16713,3.10236,2.91909,2.97559,3.03183,3.08373,3.12744,3.15973,3.17823,3.1817,3.17016,3.14496,3.10873,3.06515,3.01852,2.97337,2.93393,2.7099,2.75082,2.7928,2.8323,2.86599,2.89111,2.9057,2.90883,2.90075,2.88296,2.85814,2.82988,2.80232,2.77962,2.76551,2.50088,2.52627,2.55405,2.58119,2.6049,2.62289,2.63357,2.63634,2.63168,2.62124,2.60774,2.59473,2.58616,2.58587,2.59708,2.29203,2.30194,2.31556,2.3304,2.34419,2.35506,2.36185,2.36424,2.36297,2.35982,2.35756,2.35971,2.37006,2.39214,2.42866,2.08335,2.07783,2.07735,2.07994,2.08384,2.08763,2.09053,2.09255,2.09463,2.0987,2.10761,2.12483,2.15402,2.19842,2.26024,1.87483,1.85394,1.8394,1.8298,1.82386,1.82061,1.81964,1.82127,1.82666,1.8379,1.85788,1.89009,1.93804,2.00471,2.09182,1.66647,1.63026,1.60173,1.57999,1.56425,1.55399,1.54918,1.55042,1.55909,1.57743,1.60841,1.6555,1.72213,1.81101,1.9234,1.45827,1.40679,1.36432,1.3305,1.30501,1.28779,1.27915,1.27999,1.29192,1.3173,1.35919,1.42106,1.50629,1.61732,1.75499,1.25024,1.18354,1.12718,1.08132,1.04615,1.022,1.00956,1.01001,1.02517,1.05753,1.11024,1.1868,1.29051,1.42364,1.58658,1.04236,0.960494,0.890304,0.832474,0.787659,0.75663,0.74042,0.740487,0.758842,0.798127,0.861569,0.95271,1.07482,1.22998,1.41818
349,3.94809,4.08137,4.20911,4.32452,4.42116,4.49334,4.53654,4.54766,4.52529,4.46982,4.38344,4.26997,4.1528,3.98334,3.82297,3.74157,3.85867,3.97142,4.0736,4.15933,4.22342,4.26178,4.27167,4.25192,4.20309,4.12739,4.02853,3.91146,3.78192,3.64606,3.53524,3.6362,3.73401,3.82301,3.89786,3.95388,3.9874,3.99603,3.97887,3.93662,3.87151,3.78721,3.68841,3.58051,3.46916,3.32907,3.41395,3.49688,3.57274,3.63675,3.68473,3.71341,3.72077,3.70615,3.67041,3.61584,3.546,3.46541,3.37912,3.29226,3.12308,3.19193,3.26002,3.3228,3.37601,3.41596,3.43981,3.44588,3.43377,3.40447,3.36036,3.30492,3.24248,3.17774,3.11536,2.91726,2.97014,3.02344,3.07319,3.11564,3.14759,3.16662,3.17138,3.16173,3.13883,3.10509,3.06397,3.0196,2.97638,2.93846,2.71161,2.74856,2.78714,2.8239,2.85564,2.87961,2.89383,2.89727,2.89005,2.87348,2.85004,2.82315,2.79679,2.77503,2.76156,2.50612,2.52721,2.5511,2.57494,2.59601,2.61205,2.62146,2.62357,2.61874,2.60844,2.59523,2.58248,2.57405,2.5737,2.58466,2.30081,2.30607,2.31535,2.3263,2.33675,2.34488,2.34952,2.35029,2.34781,2.34373,2.34066,2.34197,2.35138,2.37239,2.40776,2.09565,2.08515,2.07986,2.07799,2.07786,2.07813,2.078,2.07743,2.07728,2.07935,2.08634,2.10161,2.12878,2.1711,2.23086,1.89066,1.86444,1.84464,1.83001,1.81936,1.81179,1.80692,1.80501,1.80715,1.81532,1.83228,1.86143,1.90627,1.96982,2.05397,1.68582,1.64394,1.6097,1.58235,1.56122,1.54587,1.53628,1.53303,1.53745,1.55165,1.57851,1.62143,1.68385,1.76857,1.87707,1.48115,1.42365,1.37501,1.33501,1.30346,1.28037,1.26609,1.26151,1.26817,1.28835,1.32502,1.38161,1.46151,1.56735,1.70018,1.27663,1.20358,1.1406,1.088,1.04608,1.01529,0.996356,0.990448,0.999334,1.02545,1.07184,1.142,1.23928,1.36614,1.52328,1.07226,0.983704,0.90644,0.841304,0.789083,0.750645,0.727081,0.71986,0.730956,0.762946,0.818986,0.902599,1.01715,1.16497,1.34639
350,3.94017,4.07446,4.20298,4.31892,4.41585,4.48811,4.53122,4.54212,4.51947,4.46374,4.37718,4.26364,4.17167,3.97737,3.81744,3.73468,3.85268,3.96609,4.06867,4.15453,4.21853,4.25659,4.26603,4.24575,4.19637,4.12016,4.0209,3.90355,3.77389,3.63807,3.52937,3.63113,3.72948,3.81875,3.89358,3.94932,3.98234,3.9903,3.97235,3.92925,3.86333,3.77827,3.67883,3.57043,3.45871,3.32423,3.40981,3.49316,3.56915,3.63299,3.68051,3.70849,3.71494,3.69927,3.66241,3.6067,3.53577,3.45417,3.36698,3.27934,3.11927,3.18872,3.25711,3.31988,3.37277,3.41208,3.43503,3.43996,3.42654,3.39584,3.35027,3.29339,3.22957,3.16355,3.09998,2.91448,2.96785,3.02134,3.07095,3.11292,3.14406,3.16198,3.16537,3.15415,3.12955,3.09405,3.05115,3.00504,2.96013,2.92061,2.70986,2.7472,2.78585,2.82234,2.85344,2.87643,2.88933,2.89118,2.88213,2.86357,2.83805,2.80904,2.78057,2.75674,2.74125,2.50541,2.52678,2.55063,2.57405,2.59433,2.60921,2.61711,2.61739,2.61047,2.5979,2.58229,2.56709,2.55617,2.55336,2.56189,2.30112,2.30657,2.31569,2.3261,2.3356,2.34239,2.34531,2.34402,2.33921,2.33256,2.32678,2.32528,2.33185,2.35,2.38253,2.097,2.08658,2.08102,2.07847,2.07724,2.07599,2.07394,2.07108,2.06833,2.06755,2.07151,2.08365,2.1076,2.14666,2.20317,1.89305,1.86681,1.84662,1.83117,1.81926,1.81,1.803,1.79858,1.79786,1.80289,1.81652,1.84218,1.88344,1.94335,2.02381,1.68925,1.64725,1.61249,1.58419,1.56166,1.54443,1.53251,1.52652,1.52781,1.5386,1.5618,1.6009,1.65937,1.74005,1.84445,1.48562,1.4279,1.37863,1.33754,1.30443,1.27928,1.26247,1.25491,1.2582,1.27468,1.30738,1.35981,1.43539,1.53679,1.66509,1.28214,1.20876,1.14503,1.09122,1.04758,1.01456,0.992884,0.983766,0.989023,1.01115,1.05327,1.11892,1.21152,1.33355,1.48573,1.07882,0.989827,0.911698,0.84521,0.791113,0.750263,0.723758,0.713096,0.720305,0.748023,0.799476,0.878249,0.987749,1.13034,1.30638
351,3.90691,4.03879,4.16688,4.2845,4.38525,4.46341,4.51425,4.53443,4.52217,4.47745,4.402,4.29918,4.19664,4.03137,3.87848,3.70689,3.82208,3.93446,4.03794,4.12669,4.19547,4.24004,4.25739,4.24607,4.20622,4.13965,4.04966,3.94079,3.81847,3.68859,3.50704,3.60559,3.70232,3.79172,3.8685,3.92793,3.96622,3.98075,3.97032,3.93529,3.87752,3.80027,3.70793,3.6056,3.49871,3.30736,3.38932,3.47046,3.54583,3.61067,3.66079,3.69281,3.70449,3.69494,3.66466,3.61561,3.55103,3.47514,3.39275,3.30883,3.10785,3.17327,3.23887,3.30026,3.35322,3.39405,3.41981,3.42865,3.41992,3.39434,3.35395,3.30195,3.24244,3.17993,3.11896,2.90851,2.95744,3.00756,3.05502,3.09614,3.12771,3.14724,3.15321,3.14528,3.12434,3.09253,3.05304,3.00983,2.96714,2.92908,2.70932,2.74182,2.77652,2.8101,2.83944,2.86178,2.87509,2.8782,2.87103,2.85467,2.83137,2.8043,2.7773,2.75438,2.73921,2.5103,2.52642,2.54575,2.56552,2.58311,2.59627,2.60337,2.60361,2.59718,2.58536,2.57048,2.55574,2.54488,2.54165,2.54934,2.31144,2.31124,2.31524,2.32125,2.32715,2.33118,2.3321,2.32947,2.32375,2.31641,2.30987,2.30738,2.31256,2.32896,2.35947,2.11273,2.09626,2.08501,2.07731,2.07158,2.0665,2.06127,2.05578,2.05075,2.04783,2.04957,2.05921,2.08035,2.11631,2.16961,1.91418,1.88148,1.85504,1.83369,1.81638,1.80224,1.79089,1.78254,1.77818,1.77964,1.78957,1.81126,1.84825,1.9037,1.97975,1.71578,1.66692,1.62533,1.5904,1.56155,1.53841,1.52097,1.50977,1.50606,1.51185,1.52989,1.56354,1.61628,1.69113,1.78989,1.51753,1.45255,1.39588,1.34742,1.3071,1.275,1.25151,1.23748,1.23441,1.24447,1.27056,1.31605,1.38444,1.47861,1.60004,1.31943,1.23839,1.16669,1.10476,1.05303,1.01202,0.982511,0.965671,0.963226,0.97753,1.01157,1.06881,1.15274,1.26613,1.41019,1.12148,1.02443,0.93775,0.862416,0.799336,0.749474,0.713986,0.694354,0.692532,0.711035,0.752962,0.82184,0.921185,1.05371,1.22035
352,4.06991,4.18949,4.29975,4.39474,4.46911,4.51843,4.5395,4.53061,4.49165,4.42412,4.33103,4.24627,4.08637,3.9459,3.80135,3.85062,3.95391,4.04942,4.13176,4.1961,4.2385,4.25614,4.24762,4.21301,4.1539,4.07326,3.97525,3.86479,3.74728,3.62819,3.6316,3.71866,3.79946,3.8692,3.92356,3.95904,3.97325,3.96505,3.93472,3.88395,3.81568,3.7339,3.64325,3.54867,3.45503,3.41283,3.48372,3.5499,3.60708,3.65148,3.68007,3.69082,3.68291,3.6568,3.61428,3.55829,3.49265,3.42175,3.35006,3.28188,3.19431,3.24911,3.30071,3.3454,3.37989,3.4016,3.40888,3.40121,3.37926,3.34491,3.30109,3.25152,3.20029,3.15146,3.10873,2.97605,3.01482,3.05191,3.08415,3.10877,3.12362,3.12744,3.11998,3.10212,3.07585,3.04411,3.0105,2.97887,2.95287,2.93559,2.75803,2.78083,2.80348,2.82334,2.83813,2.84616,2.84651,2.83923,2.8254,2.80712,2.78736,2.76961,2.7575,2.75427,2.76246,2.54026,2.54716,2.55543,2.56297,2.56799,2.56921,2.56609,2.55896,2.54911,2.53874,2.53084,2.52885,2.53618,2.55569,2.58933,2.32274,2.3138,2.30776,2.30304,2.29833,2.29278,2.28621,2.27921,2.27326,2.27071,2.27457,2.28823,2.31491,2.35711,2.4162,2.10545,2.08075,2.06047,2.04355,2.02916,2.01688,2.00686,1.99998,1.99789,2.00306,2.01857,2.04777,2.0937,2.15854,2.24309,1.8884,1.84799,1.81354,1.7845,1.7605,1.74153,1.72807,1.72128,1.723,1.73581,1.76286,1.80746,1.87256,1.95998,2.06998,1.67158,1.61554,1.56699,1.52588,1.49233,1.46671,1.44985,1.44314,1.44861,1.46898,1.50744,1.56733,1.65147,1.76142,1.89688,1.45499,1.38339,1.3208,1.2677,1.22466,1.19244,1.1722,1.16556,1.17475,1.20259,1.25234,1.32738,1.43047,1.56288,1.72379,1.23862,1.15152,1.07498,1.00996,0.957486,0.918724,0.89513,0.888573,0.901438,0.936654,0.997584,1.08764,1.20953,1.36434,1.55071,1.02248,0.919951,0.829515,0.752651,0.690818,0.645567,0.618657,0.612183,0.628686,0.671204,0.743183,0.8481,0.988684,1.16582,1.37764
353,4.13026,4.24485,4.34788,4.43373,4.49748,4.53527,4.54454,4.52425,4.47495,4.39874,4.27124,4.1807,4.04893,3.90962,3.76869,3.90379,4.00239,4.09118,4.16509,4.21974,4.25168,4.25874,4.24013,4.19655,4.13015,4.04434,3.94353,3.83276,3.71736,3.60258,3.67763,3.76029,3.8349,3.89693,3.94249,3.9686,3.97342,3.95643,3.9185,3.86181,3.78972,3.70642,3.61661,3.52509,3.43648,3.45176,3.51857,3.57906,3.62925,3.66576,3.68603,3.68858,3.67316,3.6408,3.59374,3.53527,3.4694,3.40049,3.33283,3.2704,3.22619,3.27721,3.32364,3.36205,3.38954,3.40398,3.40425,3.39035,3.36347,3.32594,3.281,3.23247,3.18439,3.14057,3.10432,3.00091,3.03621,3.06865,3.09533,3.11384,3.12247,3.12043,3.108,3.08654,3.05844,3.02691,2.99563,2.96832,2.94831,2.93827,2.77593,2.79557,2.81408,2.8291,2.83866,2.84149,2.83714,2.82614,2.81001,2.79124,2.77302,2.75889,2.75228,2.75605,2.77222,2.55123,2.55529,2.55995,2.56335,2.56402,2.56107,2.5544,2.54478,2.53391,2.52437,2.51934,2.52225,2.53627,2.56379,2.60619,2.32681,2.31536,2.30624,2.29809,2.28991,2.28122,2.27222,2.26394,2.25826,2.25784,2.26588,2.28573,2.32029,2.37154,2.44018,2.10267,2.07578,2.05295,2.03332,2.01634,2.00193,1.99061,1.98364,1.98308,1.99167,2.01266,2.04932,2.10435,2.17928,2.27419,1.87881,1.83655,1.80008,1.76903,1.74332,1.72322,1.70958,1.7039,1.70838,1.72589,1.7597,1.81305,1.88844,1.98703,2.10822,1.65522,1.59767,1.54763,1.50524,1.47084,1.4451,1.42915,1.42473,1.43419,1.4605,1.50701,1.57691,1.67258,1.79478,1.94227,1.4319,1.35913,1.29559,1.24193,1.19892,1.16758,1.14934,1.14615,1.16053,1.19555,1.2546,1.34092,1.45676,1.60253,1.77635,1.20884,1.12093,1.04397,0.979114,0.927543,0.890653,0.870153,0.868188,0.887425,0.931037,1.00251,1.1051,1.24099,1.41028,1.61044,0.98605,0.883056,0.792764,0.716781,0.656726,0.61434,0.591603,0.590856,0.614899,0.667004,0.750739,0.869446,1.02528,1.21804,1.44457
354,4.13047,4.24183,4.3425,4.42701,4.49058,4.5294,4.54092,4.52403,4.47913,4.40814,4.28956,4.20209,4.07657,3.94335,3.8081,3.90493,4,4.08607,4.15824,4.21226,4.24476,4.25356,4.23782,4.19812,4.13643,4.05595,3.96084,3.85592,3.74626,3.6369,3.6797,3.75854,3.83008,3.88997,3.93446,3.96064,3.9667,3.95207,3.91749,3.865,3.79774,3.71969,3.6353,3.54917,3.4657,3.45479,3.51747,3.57454,3.6222,3.6572,3.67707,3.68037,3.66678,3.63724,3.59385,3.53971,3.47862,3.41471,3.35209,3.29451,3.23018,3.27677,3.31944,3.35493,3.38048,3.39406,3.39457,3.38198,3.3574,3.32301,3.28189,3.23766,3.19416,3.155,3.12333,3.00587,3.03646,3.0648,3.08817,3.10431,3.11161,3.10932,3.09768,3.07799,3.0525,3.02427,2.9968,2.97364,2.95792,2.95216,2.78186,2.79651,2.81059,2.82192,2.82869,2.82973,2.82463,2.81391,2.79902,2.78233,2.76688,2.75606,2.75315,2.76084,2.781,2.55815,2.55694,2.55684,2.55617,2.55363,2.54844,2.54053,2.53068,2.52052,2.51251,2.50973,2.51545,2.53271,2.56377,2.60986,2.33472,2.31773,2.30352,2.29094,2.27913,2.26774,2.25703,2.24801,2.2425,2.24308,2.25283,2.27497,2.3123,2.3667,2.43873,2.11159,2.07889,2.05064,2.02621,2.00521,1.98765,1.97413,1.96592,1.965,1.97405,1.9962,2.03463,2.09195,2.16963,2.26762,1.88874,1.8404,1.7982,1.76199,1.73185,1.70817,1.69186,1.68443,1.68803,1.70544,1.73986,1.79444,1.87164,1.97256,2.09652,1.66617,1.60227,1.54619,1.49828,1.45906,1.42931,1.41023,1.40356,1.41161,1.43729,1.48384,1.55442,1.65139,1.7755,1.92545,1.44387,1.36449,1.29461,1.23508,1.18686,1.15108,1.12926,1.12333,1.13578,1.16961,1.22814,1.31458,1.4312,1.57844,1.75439,1.22185,1.12706,1.04346,0.97239,0.915227,0.873486,0.848947,0.843763,0.860556,0.902428,0.9728,1.07493,1.21107,1.38139,1.58335,1.00009,0.889966,0.79273,0.7102,0.644177,0.596532,0.569314,0.564873,0.585963,0.63578,0.717839,0.835498,0.991015,1.18434,1.41234
355,4.07107,4.18622,4.29257,4.38443,4.45673,4.50526,4.52698,4.52026,4.48499,4.42259,4.28757,4.22905,4.10695,3.97511,3.83926,3.85294,3.95131,4.04235,4.12098,4.18262,4.22355,4.24113,4.23403,4.20234,4.14759,4.0726,3.98128,3.87829,3.7687,3.65764,3.63508,3.71674,3.79256,3.858,3.90902,3.94237,3.95579,3.94827,3.9201,3.8729,3.80948,3.73362,3.64968,3.5623,3.47602,3.4175,3.48252,3.54317,3.59549,3.63593,3.66171,3.67097,3.66298,3.63826,3.59853,3.54659,3.48609,3.42113,3.35591,3.2944,3.20019,3.24865,3.29421,3.33345,3.36336,3.3816,3.38669,3.3782,3.35686,3.3245,3.28393,3.23869,3.19263,3.14953,3.11279,2.98316,3.01511,3.04565,3.07189,3.09132,3.10204,3.10295,3.09393,3.0759,3.05082,3.02152,2.99143,2.96418,2.94316,2.93118,2.76639,2.78192,2.7975,2.8108,2.8198,2.82303,2.81977,2.81019,2.79541,2.77752,2.75937,2.74433,2.7358,2.7368,2.74958,2.54988,2.54906,2.54976,2.55019,2.5488,2.54458,2.53717,2.527,2.51541,2.50461,2.4975,2.49739,2.50749,2.53045,2.56797,2.33363,2.31653,2.30243,2.29005,2.27834,2.26671,2.25515,2.24437,2.23592,2.23212,2.23593,2.25062,2.27925,2.32412,2.38637,2.11763,2.08432,2.05549,2.03038,2.00842,1.98942,1.97372,1.96232,1.95695,1.96006,1.97468,2.00404,2.05109,2.1178,2.20478,1.90189,1.85244,1.80896,1.77118,1.73903,1.71271,1.6929,1.68087,1.67853,1.68846,1.71375,1.75766,1.82301,1.91149,2.02319,1.68639,1.62088,1.56282,1.51246,1.47018,1.43659,1.4127,1.40003,1.40067,1.41734,1.45318,1.51149,1.59502,1.7052,1.8416,1.47114,1.38964,1.31707,1.2542,1.20186,1.16107,1.13314,1.11983,1.12341,1.14672,1.19299,1.26556,1.36713,1.49893,1.66002,1.25613,1.1587,1.0717,0.996405,0.934084,0.88614,0.854206,0.840268,0.846766,0.876632,0.933203,1.01987,1.13934,1.29268,1.47845,1.04135,0.928071,0.826724,0.739073,0.666845,0.611817,0.575925,0.561374,0.570754,0.607103,0.673841,0.774441,0.911667,1.08644,1.29688
356,4.00313,4.12032,4.23161,4.33122,4.41375,4.47456,4.51002,4.51781,4.49707,4.44848,4.3742,4.29248,4.16356,4.03698,3.90358,3.79472,3.89454,3.98966,4.07486,4.1453,4.19682,4.22626,4.23162,4.21231,4.16916,4.10435,4.02128,3.92426,3.81816,3.70808,3.58655,3.66908,3.7481,3.81894,3.87733,3.91961,3.94301,3.94593,3.92799,3.89019,3.83476,3.76501,3.68504,3.59937,3.51258,3.37862,3.44394,3.50691,3.56347,3.60987,3.64292,3.6603,3.66073,3.64412,3.61159,3.56544,3.50891,3.44591,3.38061,3.31709,3.17093,3.21909,3.26611,3.30845,3.34289,3.36676,3.37813,3.37606,3.36071,3.33338,3.2964,3.253,3.20687,3.16187,3.12159,2.96347,2.99456,3.02567,3.05386,3.07642,3.09113,3.0965,3.09192,3.07779,3.05557,3.02768,2.99728,2.96793,2.94317,2.9261,2.75625,2.77032,2.78562,2.79972,2.81045,2.81605,2.81544,2.80833,2.79537,2.77819,2.75927,2.74177,2.7291,2.7245,2.73061,2.54925,2.54638,2.54593,2.54601,2.54497,2.54152,2.53494,2.52529,2.51347,2.50125,2.4912,2.48648,2.49038,2.50587,2.53513,2.34248,2.32273,2.3066,2.29275,2.28,2.26753,2.25503,2.24284,2.23211,2.22477,2.22349,2.23143,2.25178,2.28727,2.33964,2.13592,2.09938,2.06764,2.03992,2.01553,1.9941,1.9757,1.96098,1.9513,1.94878,1.95616,1.97663,2.01331,2.06872,2.14416,1.92959,1.8763,1.82904,1.78752,1.75156,1.72123,1.69696,1.67972,1.67107,1.67329,1.68923,1.7221,1.77498,1.85021,1.94868,1.72346,1.65351,1.59079,1.53555,1.4881,1.44893,1.41884,1.39907,1.39144,1.39834,1.42272,1.46785,1.5368,1.63174,1.75321,1.51755,1.43099,1.35288,1.284,1.22513,1.17718,1.14132,1.11906,1.11242,1.12394,1.15666,1.21391,1.29878,1.41333,1.55774,1.31183,1.20875,1.11533,1.03288,0.962663,0.906008,0.86442,0.839695,0.834033,0.85011,0.891066,0.960299,1.06094,1.19498,1.36227,1.10633,0.986768,0.878117,0.782179,0.700692,0.6354,0.588145,0.560985,0.556298,0.576885,0.625971,0.707037,0.823287,0.97668,1.1668
357,4.02432,4.13774,4.24491,4.34028,4.41867,4.4757,4.50797,4.51338,4.49125,4.44237,4.36897,4.30965,4.16346,4.04091,3.91229,3.81403,3.90994,4.00084,4.08173,4.14801,4.19578,4.22209,4.22516,4.20457,4.16125,4.09746,4.01657,3.92278,3.82082,3.71559,3.60401,3.68249,3.75717,3.82366,3.87788,3.91642,3.93675,3.93745,3.91834,3.8805,3.82622,3.75878,3.68218,3.60076,3.5189,3.39425,3.45537,3.51392,3.56606,3.60827,3.63761,3.65197,3.65028,3.63259,3.60014,3.55527,3.50118,3.44167,3.38072,3.3222,3.18475,3.22858,3.27107,3.30895,3.3392,3.35937,3.36777,3.36366,3.34733,3.32019,3.28462,3.24377,3.20125,3.16071,3.12551,2.9755,3.00212,3.02863,3.0523,3.07065,3.0817,3.08416,3.0776,3.06259,3.04067,3.01429,2.98656,2.96093,2.94073,2.92882,2.7665,2.77598,2.78659,2.79613,2.80265,2.80461,2.80114,2.79213,2.77838,2.76159,2.74429,2.72957,2.72073,2.72079,2.73214,2.55775,2.55017,2.54494,2.54043,2.53517,2.52811,2.51873,2.50726,2.49472,2.48299,2.47466,2.47282,2.48064,2.50088,2.53545,2.34924,2.32467,2.30369,2.2852,2.26824,2.25219,2.23694,2.223,2.21164,2.20488,2.2054,2.21631,2.24067,2.28101,2.33877,2.14097,2.09948,2.06283,2.03043,2.00184,1.97687,1.95577,1.93937,1.92915,1.92729,1.93655,1.96006,2.00085,2.06118,2.14209,1.93293,1.87459,1.82235,1.77613,1.73598,1.70215,1.67525,1.65639,1.64728,1.65023,1.66812,1.70411,1.76116,1.8414,1.94542,1.72512,1.65001,1.58224,1.52229,1.47066,1.42803,1.39537,1.37408,1.36605,1.37375,1.40014,1.44845,1.52164,1.62167,1.74874,1.51753,1.42572,1.34252,1.2689,1.20587,1.15451,1.11614,1.09243,1.08547,1.09786,1.13264,1.19313,1.28229,1.40198,1.55207,1.31017,1.20172,1.10316,1.01597,0.941608,0.881593,0.83758,0.81148,0.805575,0.822583,0.865652,0.938152,1.04312,1.18236,1.35541,1.10302,0.978015,0.864166,0.763477,0.677879,0.609286,0.559683,0.531231,0.526379,0.547958,0.599197,0.683554,0.804159,0.962802,1.15874
358,4.36901,4.44595,4.50649,4.54719,4.5656,4.56043,4.53167,4.48058,4.39287,4.32208,4.22222,4.11453,4.0037,3.89429,3.79056,4.1147,4.17724,4.22594,4.25785,4.27093,4.26425,4.23801,4.1936,4.13344,4.06082,3.97959,3.89385,3.80769,3.72498,3.64917,3.86098,3.90921,3.94613,3.96926,3.97701,3.96875,3.94494,3.90708,3.85762,3.79975,3.73704,3.67318,3.61169,3.55569,3.50787,3.60786,3.64187,3.66706,3.68146,3.68386,3.67398,3.65249,3.62105,3.58216,3.53888,3.49458,3.45253,3.41568,3.38644,3.36665,3.35533,3.3752,3.38874,3.39445,3.3915,3.37995,3.3607,3.33556,3.30706,3.27823,3.25222,3.23191,3.21968,3.21721,3.22552,3.10339,3.10922,3.11119,3.10824,3.09996,3.08669,3.06959,3.05062,3.03237,3.01783,3.00996,3.01131,3.02368,3.04802,3.08448,2.85203,2.84392,2.83439,2.82285,2.80925,2.79424,2.77921,2.76627,2.75811,2.75768,2.76782,2.79073,2.82768,2.87887,2.94356,2.60124,2.57929,2.55836,2.53829,2.51939,2.50263,2.48959,2.48256,2.48431,2.49781,2.5258,2.57019,2.63169,2.70975,2.80274,2.35103,2.31534,2.2831,2.25456,2.23041,2.21187,2.20077,2.19952,2.21101,2.23826,2.28392,2.34967,2.4357,2.54068,2.66205,2.10137,2.05206,2.00861,1.97169,1.94232,1.92201,1.91278,1.91719,1.93825,1.97903,2.0422,2.12919,2.23971,2.37166,2.52149,1.85227,1.78944,1.73488,1.68966,1.65515,1.63307,1.62567,1.63562,1.66606,1.72018,1.80064,1.90874,2.04373,2.20268,2.38107,1.60371,1.52748,1.46192,1.4085,1.36889,1.34508,1.33946,1.35486,1.39451,1.46172,1.55926,1.68834,1.84775,2.03377,2.24081,1.35569,1.26617,1.18972,1.1282,1.08358,1.05807,1.05421,1.07495,1.12363,1.20371,1.3181,1.46798,1.65178,1.86492,2.10072,1.1082,1.00551,0.918284,0.848762,0.799212,0.772048,0.769943,0.795937,0.853472,0.946176,1.07715,1.24767,1.45581,1.69614,1.96082,0.861229,0.745476,0.6476,0.570194,0.515809,0.487051,0.486705,0.517881,0.584103,0.689174,0.836466,1.02742,1.25985,1.52745,1.82111
359,4.42618,4.477,4.51156,4.52773,4.5244,4.50157,4.46031,4.50307,4.33181,4.25107,4.1644,4.07577,3.98898,3.90752,3.83447,4.16139,4.19995,4.22517,4.23538,4.22981,4.20869,4.17328,4.12571,4.06885,4.00601,3.94069,3.87627,3.81586,3.76217,3.71744,3.89739,3.92376,3.93969,3.94393,3.93605,3.91655,3.88683,3.84909,3.80614,3.76108,3.71701,3.67677,3.64277,3.61691,3.60058,3.63417,3.64844,3.65513,3.6534,3.64316,3.62517,3.60101,3.57293,3.54371,3.51627,3.49335,3.47727,3.46971,3.47175,3.48389,3.37174,3.37399,3.3715,3.36381,3.35119,3.33462,3.31586,3.29726,3.28158,3.27159,3.26974,3.27778,3.29669,3.32669,3.3674,3.11008,3.10042,3.08882,3.07521,3.06017,3.04493,3.03142,3.02211,3.01977,3.02707,3.04616,3.07828,3.12369,3.18174,3.2511,2.84921,2.82774,2.8071,2.78761,2.77013,2.75615,2.74776,2.74755,2.75833,2.78272,2.82262,2.87879,2.95074,3.03692,3.13503,2.5891,2.55594,2.52636,2.50103,2.48112,2.46833,2.46492,2.4736,2.49728,2.53856,2.59914,2.67931,2.77783,2.89222,3.0192,2.32976,2.28502,2.24659,2.2155,2.19316,2.18151,2.18295,2.20034,2.23667,2.29461,2.3757,2.47982,2.60497,2.74768,2.90362,2.07117,2.01499,1.96782,1.93103,1.9063,1.89575,1.90192,1.92781,1.97655,2.05088,2.15233,2.28034,2.43217,2.6033,2.78832,1.81333,1.74583,1.69005,1.64765,1.62057,1.61109,1.62189,1.65608,1.71695,1.80742,1.92902,2.08086,2.25942,2.4591,2.67332,1.55623,1.47755,1.41327,1.36537,1.336,1.32758,1.34292,1.38522,1.45795,1.56426,1.70578,1.88139,2.08674,2.31509,2.55866,1.29985,1.21013,1.13748,1.0842,1.05261,1.04528,1.06507,1.1153,1.19961,1.32142,1.48263,1.68193,1.91414,2.1713,2.44435,1.04419,0.943562,0.862698,0.804147,0.770443,0.764227,0.788425,0.846403,0.94199,1.07897,1.25958,1.48247,1.74163,2.02776,2.33043,0.78923,0.677844,0.588903,0.536444,0.503972,0.491954,0.513039,0.578617,0.685187,0.836937,1.03665,1.28301,1.56921,1.88449,2.21693
360,4.48737,4.53751,4.56991,4.5826,4.57465,4.54628,4.49882,4.47744,4.35688,4.26935,4.17607,4.08113,3.98845,3.90164,3.82382,4.21705,4.25531,4.27891,4.28629,4.27685,4.25106,4.21037,4.15717,4.0945,4.02585,3.95481,3.88488,3.81925,3.76071,3.71154,3.94755,3.97402,3.98884,3.99088,3.97989,3.95655,3.92249,3.8801,3.83234,3.78243,3.73357,3.68864,3.65009,3.61988,3.59944,3.6789,3.69364,3.69972,3.69642,3.6838,3.66281,3.6352,3.60344,3.57042,3.53913,3.51235,3.4924,3.48097,3.47917,3.48754,3.41108,3.41418,3.41158,3.40293,3.38863,3.36987,3.34856,3.32724,3.30876,3.29593,3.29116,3.29617,3.3119,3.33858,3.37586,3.14409,3.13566,3.12443,3.11045,3.09443,3.07779,3.06262,3.05154,3.04739,3.05285,3.06998,3.09994,3.14288,3.19813,3.2644,2.87794,2.85807,2.83828,2.819,2.80122,2.78661,2.77741,2.77636,2.78634,2.80991,2.84884,2.90371,2.97391,3.05782,3.15318,2.61262,2.58141,2.55316,2.52861,2.50906,2.49638,2.493,2.50178,2.52564,2.56712,2.62772,2.70749,2.805,2.91767,3.04223,2.34812,2.30571,2.26907,2.23931,2.21798,2.20716,2.20945,2.22782,2.26533,2.3245,2.40664,2.51128,2.63616,2.77769,2.93156,2.08444,2.03094,1.98602,1.95111,1.92802,1.91901,1.92681,1.95456,2.00545,2.08207,2.18559,2.31507,2.46739,2.63791,2.8212,1.82156,1.75711,1.70403,1.66406,1.63922,1.63196,1.64515,1.68206,1.74604,1.83984,1.96459,2.11887,2.29871,2.49834,2.71117,1.55948,1.48422,1.4231,1.37816,1.35163,1.34609,1.36454,1.41038,1.48716,1.59786,1.74363,1.92268,2.13013,2.35899,2.6015,1.29819,1.21226,1.14324,1.09342,1.06526,1.06144,1.08504,1.13959,1.22887,1.35614,1.52273,1.7265,1.96165,2.2199,2.49222,1.03768,0.941222,0.864432,0.809875,0.780158,0.778068,0.806741,0.869795,0.971234,1.11472,1.30188,1.53034,1.79329,2.08109,2.38336,0.777933,0.671099,0.586691,0.534731,0.504477,0.496027,0.529706,0.601065,0.714337,0.873651,1.0811,1.33419,1.62506,1.94259,2.27496
361,4.3998,4.44403,4.47259,4.48366,4.47643,4.45114,4.4091,4.55778,4.28463,4.20877,4.12879,4.04844,3.97125,3.90041,3.83861,4.13537,4.16801,4.18795,4.1938,4.18506,4.1622,4.12669,4.08081,4.02749,3.97002,3.91175,3.85587,3.80518,3.76207,3.72842,3.87174,3.89286,3.90422,3.90483,3.89451,3.87399,3.84485,3.80943,3.77058,3.73136,3.69473,3.6633,3.63915,3.62384,3.6184,3.6089,3.61858,3.62141,3.61678,3.60483,3.58653,3.56361,3.53847,3.51392,3.49281,3.47774,3.47073,3.47315,3.48572,3.50858,3.34685,3.34518,3.33953,3.32967,3.31605,3.29987,3.28302,3.26799,3.25754,3.25438,3.26077,3.27817,3.3072,3.34772,3.39896,3.08559,3.07266,3.0586,3.04353,3.02821,3.01406,3.00313,2.998,3.00145,3.01608,3.04382,3.08561,3.1413,3.20985,3.28957,2.82511,2.80104,2.77864,2.7584,2.74136,2.72915,2.72399,2.72856,2.7457,2.77793,2.82691,2.89305,2.97545,3.07213,3.18043,2.56542,2.5303,2.49965,2.47429,2.45552,2.44518,2.44565,2.45972,2.49032,2.53994,2.61003,2.7005,2.80966,2.93456,3.07154,2.30649,2.26046,2.22165,2.19123,2.17074,2.16221,2.16817,2.19153,2.23534,2.30212,2.39319,2.50796,2.64393,2.79716,2.96293,2.04834,1.99151,1.94465,1.90924,1.88705,1.88028,1.8916,1.92405,1.98081,2.06451,2.17639,2.31542,2.47828,2.65995,2.85463,1.79094,1.72344,1.66865,1.62833,1.60449,1.59946,1.61602,1.65734,1.72677,1.82713,1.95963,2.12289,2.31271,2.52295,2.74666,1.53428,1.45626,1.39366,1.34854,1.32309,1.31978,1.34148,1.39148,1.47329,1.59,1.74293,1.93037,2.14723,2.38618,2.63905,1.27837,1.18995,1.11968,1.06986,1.04288,1.0413,1.06806,1.12653,1.22043,1.35316,1.52629,1.73785,1.98185,2.24966,2.53182,1.02318,0.924505,0.846697,0.792313,0.763889,0.764076,0.795827,0.862578,0.968252,1.11665,1.30972,1.54535,1.81659,2.11343,2.42501,0.768703,0.659921,0.58647,0.543663,0.514865,0.503819,0.524851,0.599716,0.716849,0.880515,1.09323,1.35286,1.65147,1.9775,2.31866
362,4.37831,4.42811,4.46275,4.48009,4.47894,4.45918,4.42176,4.53027,4.30272,4.22734,4.14629,4.06342,3.98241,3.90665,3.8391,4.11707,4.15453,4.1797,4.19084,4.18713,4.16872,4.13671,4.09314,4.04074,3.98274,3.92253,3.86341,3.8084,3.7601,3.72065,3.85658,3.88179,3.89751,3.90247,3.89616,3.879,3.85226,3.81804,3.77904,3.73828,3.69881,3.66341,3.63441,3.61363,3.60234,3.59684,3.60987,3.61622,3.615,3.60606,3.59006,3.56846,3.54342,3.51764,3.49397,3.47514,3.46341,3.46044,3.46723,3.4842,3.33784,3.3388,3.33583,3.32845,3.31686,3.30194,3.28534,3.26932,3.25656,3.24981,3.25151,3.26342,3.2865,3.32093,3.36623,3.07958,3.06856,3.05635,3.04286,3.02859,3.01469,3.00296,2.99577,2.99584,3.00583,3.02793,3.06342,3.11258,3.17472,3.24844,2.82206,2.79917,2.7778,2.75825,2.7413,2.72835,2.72136,2.72282,2.73551,2.76205,2.8044,2.86343,2.9387,3.02863,3.13087,2.56526,2.53061,2.50019,2.47463,2.45502,2.44296,2.44059,2.45053,2.47561,2.51848,2.58094,2.66345,2.76484,2.88265,3.01351,2.30918,2.2629,2.22352,2.19202,2.16977,2.15857,2.16072,2.17894,2.21618,2.27515,2.35755,2.46346,2.59102,2.7368,2.89639,2.05382,1.99602,1.94779,1.91044,1.88559,1.87523,1.88179,1.90811,1.95727,2.03208,2.13424,2.26348,2.41725,2.59109,2.77953,1.79915,1.72998,1.67301,1.62991,1.60251,1.59298,1.60386,1.63811,1.69894,1.78932,1.91102,2.06351,2.24352,2.44554,2.66295,1.54518,1.46475,1.39919,1.35043,1.32056,1.31187,1.32701,1.36901,1.44124,1.5469,1.6879,1.86354,2.06984,2.30017,2.54668,1.29189,1.20035,1.12631,1.07202,1.03976,1.03194,1.05128,1.10088,1.18425,1.30485,1.46489,1.66358,1.89622,2.155,2.43075,1.03926,0.936746,0.854373,0.794677,0.760122,0.753229,0.776737,0.833794,0.928038,1.06324,1.24201,1.46363,1.72267,2.01004,2.31518,0.787298,0.673941,0.591115,0.544727,0.514655,0.49649,0.508121,0.567841,0.672688,0.822119,1.01929,1.26368,1.5492,1.86533,2.20002
363,4.41409,4.46239,4.4946,4.50872,4.50375,4.47979,4.438,4.52072,4.31049,4.23132,4.14694,4.06122,3.9779,3.90035,3.83152,4.14917,4.1855,4.2087,4.21719,4.21031,4.18839,4.15276,4.10561,4.04986,3.98882,3.92594,3.86455,3.80767,3.75789,3.71732,3.88503,3.90947,3.9237,3.92655,3.9177,3.89773,3.8681,3.83108,3.78948,3.74642,3.70497,3.66788,3.63748,3.61553,3.60329,3.62168,3.63431,3.63962,3.63684,3.62597,3.60784,3.58407,3.55699,3.52938,3.50415,3.48403,3.47121,3.46731,3.47326,3.48944,3.35911,3.36003,3.35648,3.34808,3.33515,3.31876,3.30071,3.28339,3.26957,3.26202,3.26312,3.27455,3.29717,3.33109,3.37578,3.09732,3.08663,3.07428,3.06029,3.04528,3.03055,3.01806,3.01031,3.01008,3.02003,3.04225,3.07789,3.12708,3.18904,3.26232,2.8363,2.8141,2.79305,2.7735,2.7564,2.74325,2.73618,2.73781,2.75096,2.77822,2.82142,2.88123,2.95702,3.04711,3.14909,2.57606,2.54247,2.51278,2.48774,2.46853,2.4569,2.45512,2.46593,2.49223,2.53658,2.60063,2.68457,2.78701,2.90532,3.03609,2.31658,2.27171,2.23351,2.20303,2.18173,2.17156,2.17494,2.19473,2.23393,2.29516,2.3799,2.48791,2.61705,2.76369,2.92336,2.05785,2.00184,1.95521,1.91938,1.89602,1.88727,1.89569,1.92426,1.97611,2.05396,2.15923,2.29126,2.44714,2.62221,2.81091,1.79988,1.73284,1.67792,1.63681,1.61144,1.60409,1.61744,1.65459,1.71883,1.81302,1.93861,2.09462,2.2773,2.48092,2.69876,1.54263,1.46471,1.40162,1.35534,1.32802,1.32206,1.34026,1.38579,1.46213,1.57237,1.71808,1.89798,2.10753,2.33983,2.58694,1.28612,1.19745,1.12631,1.07498,1.04578,1.04124,1.06419,1.11793,1.20609,1.33205,1.49762,1.70134,1.93784,2.19896,2.47548,1.03031,0.931037,0.852002,0.79574,0.764756,0.761658,0.789328,0.851099,0.950771,1.0921,1.27726,1.50471,1.76824,2.05834,2.36441,0.775213,0.665473,0.589127,0.545024,0.515288,0.500849,0.515725,0.585372,0.696266,0.85257,1.057,1.30809,1.59875,1.918,2.25377
364,4.20293,4.21423,4.2129,4.19892,4.17319,4.13744,4.62762,4.04623,3.99684,3.949,3.9054,3.8683,3.83945,3.82011,3.81102,3.94088,3.94454,3.93879,3.92389,3.90094,3.87183,3.83905,3.80548,3.774,3.74725,3.72734,3.7158,3.71359,3.72113,3.73836,3.67974,3.67581,3.66562,3.64973,3.62946,3.60682,3.58438,3.56496,3.55125,3.54551,3.54928,3.56336,3.58786,3.62236,3.666,3.41952,3.40805,3.39343,3.3765,3.35878,3.34246,3.33016,3.32469,3.3286,3.34378,3.37122,3.41097,3.46227,3.52382,3.59394,3.16022,3.14128,3.12225,3.10423,3.08897,3.07878,3.07642,3.0847,3.10605,3.14207,3.19318,3.25864,3.33683,3.42554,3.5222,2.90185,2.87551,2.8521,2.83297,2.82006,2.81586,2.82322,2.84501,2.88364,2.94039,3.01514,3.10639,3.21157,3.32752,3.45081,2.64442,2.61077,2.58301,2.56275,2.55211,2.55373,2.57059,2.60567,2.66135,2.73872,2.83711,2.95421,3.08648,3.22978,3.37978,2.38793,2.34705,2.31501,2.29362,2.28518,2.29247,2.3186,2.36671,2.43922,2.53708,2.6591,2.80212,2.9616,3.13236,3.30915,2.13237,2.08438,2.04812,2.02562,2.01932,2.03213,2.06731,2.12816,2.21727,2.33546,2.4811,2.65013,2.83693,3.03527,3.23893,1.87774,1.82275,1.78237,1.75879,1.75459,1.77278,1.81677,1.89009,1.9955,2.13388,2.30311,2.49824,2.71251,2.93854,3.16914,1.62404,1.56218,1.51777,1.49316,1.49103,1.51449,1.56707,1.65253,1.77396,1.93233,2.12514,2.34648,2.58835,2.8422,3.09982,1.37127,1.30267,1.25434,1.22877,1.22872,1.25733,1.31828,1.41556,1.55266,1.73081,1.94719,2.19485,2.46449,2.74628,3.031,1.1194,1.05102,1.00691,0.979285,0.970751,1.00139,1.07049,1.17925,1.33165,1.52935,1.76926,2.04338,2.34094,2.65081,2.96271,0.884274,0.834173,0.795143,0.761518,0.743052,0.753181,0.823781,0.94367,1.11097,1.32793,1.59136,1.89208,2.21776,2.55584,2.89497,0.6926,0.655576,0.614312,0.571381,0.541751,0.532698,0.578267,0.708928,0.890666,1.12657,1.41349,1.74098,2.09497,2.4614,2.82782
365,4.07986,4.07739,4.06458,4.04234,4.01237,4.6491,3.93923,3.90188,3.86778,3.83933,3.81834,3.80609,3.80332,3.81028,3.82678,3.81452,3.80721,3.79297,3.7729,3.74887,3.72333,3.69909,3.67894,3.66533,3.66011,3.6644,3.67866,3.70277,3.7362,3.77798,3.55012,3.538,3.52226,3.50427,3.48602,3.47007,3.45921,3.45612,3.46291,3.4809,3.51051,3.55135,3.60245,3.66241,3.72954,3.28669,3.26976,3.2525,3.23648,3.22387,3.21731,3.21964,3.23342,3.26051,3.3017,3.35667,3.42418,3.50236,3.58894,3.68146,3.02422,3.00253,2.98373,2.9696,2.96247,2.9651,2.98039,3.01087,3.05814,3.1225,3.20289,3.29716,3.40251,3.5158,3.63377,2.76275,2.73634,2.71599,2.70367,2.70187,2.71349,2.74151,2.78847,2.8558,2.94331,3.04917,3.17031,3.30294,3.44302,3.58648,2.50227,2.4712,2.44931,2.43874,2.44214,2.46253,2.50303,2.56625,2.65349,2.76412,2.89552,3.04364,3.20367,3.37061,3.53963,2.24281,2.20715,2.18373,2.17487,2.18332,2.21227,2.26499,2.34423,2.45123,2.58494,2.74196,2.91717,3.10471,3.29861,3.49322,1.98435,1.94419,1.9193,1.9121,1.9255,1.96279,2.02745,2.12243,2.249,2.40577,2.58848,2.79091,3.00609,3.22704,3.44729,1.72691,1.68235,1.65603,1.6505,1.66873,1.71415,1.79046,1.90087,2.04683,2.22661,2.4351,2.6649,2.90784,3.15593,3.40184,1.4705,1.42165,1.39397,1.3901,1.41308,1.46644,1.55408,1.6796,1.84471,2.04746,2.28183,2.53916,2.81,3.08531,3.35692,1.2151,1.16752,1.13901,1.13097,1.15863,1.21972,1.31839,1.45865,1.64265,1.86832,2.12869,2.41371,2.71259,3.0152,3.31255,0.987414,0.947388,0.91649,0.896992,0.90822,0.974104,1.08346,1.23807,1.44067,1.68919,1.97569,2.28858,2.61565,2.94565,3.26874,0.795124,0.757075,0.722264,0.692856,0.686035,0.729675,0.849407,1.01792,1.23878,1.51009,1.82286,2.16383,2.51923,2.87668,3.22553,0.650837,0.611565,0.564648,0.512024,0.488475,0.504176,0.616319,0.798267,1.03698,1.331,1.67022,2.03948,2.42338,2.80835,3.18295
366,4.0771,4.07691,4.06627,4.04589,4.01732,4.64615,3.94521,3.90744,3.87238,3.84254,3.81987,3.80578,3.80112,3.80626,3.82109,3.81179,3.80638,3.79387,3.77523,3.75217,3.72703,3.70258,3.68164,3.66678,3.65997,3.66249,3.67496,3.69737,3.72927,3.76979,3.5474,3.53679,3.52239,3.5054,3.48769,3.47172,3.46025,3.45599,3.46121,3.4774,3.50515,3.54425,3.59382,3.65256,3.71882,3.28396,3.26817,3.25185,3.23643,3.22394,3.21695,3.21824,3.23048,3.25567,3.29483,3.34785,3.41366,3.49049,3.57615,3.66822,3.02148,3.00055,2.98231,2.96838,2.96097,2.96275,2.97661,3.00515,3.05018,3.11227,3.1906,3.28321,3.38739,3.50007,3.618,2.75996,2.73395,2.71378,2.70128,2.69882,2.70919,2.73537,2.78,2.84473,2.92971,3.03339,3.1529,3.28455,3.42433,3.56819,2.49941,2.46839,2.44632,2.4352,2.43756,2.45631,2.49457,2.55505,2.63934,2.74715,2.87624,3.02275,3.18199,3.34896,3.51879,2.23985,2.20389,2.17994,2.17018,2.17724,2.20418,2.25426,2.33035,2.43399,2.5646,2.71915,2.89279,3.07972,3.27399,3.46984,1.98127,1.94047,1.9147,1.90627,1.91792,1.95286,2.0145,2.1059,2.22872,2.38205,2.56213,2.76301,2.97778,3.19943,3.42137,1.72368,1.67815,1.65061,1.64351,1.65968,1.70242,1.77533,1.88175,2.02351,2.19951,2.40519,2.63346,2.87619,3.12532,3.37338,1.46708,1.41693,1.38771,1.38196,1.40258,1.45294,1.53683,1.65793,1.81839,2.01697,2.24833,2.50414,2.77498,3.05169,3.32592,1.21147,1.16508,1.13614,1.12441,1.14669,1.20449,1.29908,1.4345,1.61336,1.83444,2.09158,2.3751,2.6742,2.97857,3.279,0.986847,0.94764,0.917371,0.898094,0.902076,0.957179,1.06215,1.2115,1.40844,1.65191,1.93494,2.24635,2.57386,2.906,3.23266,0.796653,0.76153,0.727227,0.698994,0.685942,0.716035,0.826153,0.989001,1.20364,1.4694,1.77844,2.11794,2.47403,2.83401,3.18691,0.662184,0.625785,0.578976,0.529013,0.494586,0.500987,0.591188,0.767079,0.998998,1.2869,1.62209,1.9899,2.37474,2.76265,3.1418
367,4.08694,4.08698,4.07626,4.0555,4.02625,4.64586,3.95207,3.91297,3.87646,3.8451,3.82092,3.80536,3.79935,3.8033,3.81714,3.8181,3.81305,3.80066,3.78188,3.75844,3.73271,3.70747,3.68559,3.66967,3.66173,3.66312,3.67448,3.69588,3.7269,3.76668,3.55019,3.54007,3.52598,3.5091,3.49131,3.47507,3.46317,3.45835,3.46291,3.47837,3.50536,3.54372,3.59261,3.65077,3.71657,3.28322,3.26807,3.25225,3.23718,3.2249,3.21797,3.2192,3.23126,3.25618,3.295,3.34764,3.41307,3.48956,3.57495,3.66681,3.01722,2.99706,2.97951,2.96617,2.95926,2.96144,2.9756,3.00434,3.0495,3.11164,3.18997,3.28256,3.38674,3.49944,3.61744,2.75218,2.72708,2.70779,2.69613,2.69445,2.70555,2.73239,2.77761,2.84286,2.92828,3.03234,3.15219,3.28418,3.42428,3.56847,2.48812,2.45815,2.43714,2.42711,2.43053,2.45035,2.48963,2.55109,2.63627,2.74492,2.87477,3.02199,3.18188,3.34949,3.51992,2.22505,2.19028,2.16759,2.15914,2.16756,2.19589,2.24736,2.3248,2.42974,2.56157,2.71725,2.89195,3.07989,3.27509,3.47181,1.96297,1.92349,1.89916,1.89229,1.90559,1.94224,2.00563,2.09877,2.22328,2.37822,2.55981,2.76212,2.97822,3.2011,3.42417,1.70189,1.6578,1.6319,1.62659,1.6447,1.68948,1.7645,1.87304,2.01688,2.19487,2.40244,2.63249,2.87689,3.12756,3.37702,1.44179,1.39322,1.36582,1.36211,1.38495,1.43767,1.52404,1.64765,1.81057,2.01154,2.24516,2.50311,2.77595,3.0545,3.33039,1.18548,1.14311,1.11584,1.10593,1.1264,1.18691,1.28432,1.42263,1.60436,1.8282,2.08798,2.37399,2.67542,2.98195,3.28431,0.965747,0.930899,0.900211,0.881495,0.883224,0.937269,1.04543,1.19806,1.39825,1.64488,1.93091,2.24516,2.57535,2.90994,3.2388,0.786127,0.752943,0.714367,0.684727,0.668976,0.69745,0.80747,0.97398,1.19227,1.46156,1.77397,2.11667,2.47576,2.83851,3.19389,0.662149,0.626264,0.572282,0.521457,0.479907,0.484136,0.570542,0.75048,0.986444,1.27826,1.61719,1.98855,2.37672,2.7677,3.1496
368,4.18586,4.18362,4.16914,4.14338,4.1082,4.64853,4.02029,3.97383,3.92983,3.89096,3.85937,3.83668,3.82396,3.82174,3.83006,3.90961,3.90353,3.88882,3.86664,3.83897,3.80841,3.77793,3.75049,3.72875,3.71478,3.70998,3.71513,3.73043,3.75559,3.78988,3.63431,3.62439,3.60938,3.59067,3.57035,3.55109,3.53579,3.52723,3.52767,3.53861,3.56066,3.59373,3.63714,3.68975,3.75007,3.35998,3.34622,3.33087,3.31551,3.30238,3.29422,3.29391,3.30407,3.32662,3.36244,3.4114,3.47249,3.5441,3.62424,3.71064,3.08663,3.06906,3.05333,3.04122,3.03512,3.03785,3.05231,3.08102,3.12558,3.18629,3.26222,3.35142,3.45134,3.55909,3.67162,2.81429,2.79294,2.77681,2.76786,2.76862,2.78201,2.81102,2.8581,2.92455,3.01015,3.11311,3.23054,3.35887,3.49431,3.63302,2.54297,2.51789,2.50134,2.49546,2.50292,2.52677,2.57008,2.63531,2.72355,2.83402,2.9641,3.10986,3.26672,3.42993,3.59487,2.27267,2.24392,2.22696,2.22409,2.23811,2.27218,2.32952,2.41267,2.52257,2.65791,2.81519,2.98941,3.17491,3.36598,3.55718,2.00342,1.97107,1.95372,1.95381,1.97423,2.0183,2.08939,2.1902,2.32161,2.48181,2.66639,2.86921,3.08347,3.30248,3.51998,1.73521,1.69936,1.68166,1.68466,1.71136,1.76519,1.84974,1.96793,2.12067,2.30573,2.51772,2.74927,2.99243,3.23946,3.48329,1.46806,1.4288,1.41081,1.41671,1.44957,1.51293,1.61061,1.74587,1.91977,2.12968,2.36919,2.62964,2.90182,3.17695,3.44714,1.20197,1.16641,1.14635,1.15002,1.18894,1.2616,1.37209,1.52407,1.71891,1.95365,2.22081,2.51034,2.81167,3.11499,3.41154,0.972261,0.939317,0.915523,0.903987,0.929539,1.0113,1.13424,1.30255,1.51808,1.77764,2.07262,2.3914,2.72203,3.05359,3.37654,0.775505,0.743178,0.714046,0.690485,0.694532,0.762117,0.897156,1.08137,1.3173,1.60168,1.92463,2.27286,2.63293,2.99281,3.34214,0.631061,0.592869,0.548111,0.501579,0.487286,0.524477,0.660929,0.860572,1.11657,1.42575,1.77688,2.15477,2.54442,2.93267,3.30838
369,3.75982,3.75322,3.74102,3.72441,3.70526,4.65753,3.66923,3.6577,3.65359,3.65848,3.67319,3.6979,3.73222,3.77535,3.82612,3.49356,3.48357,3.47142,3.45846,3.44669,3.43855,3.43672,3.44363,3.46117,3.49033,3.5312,3.58309,3.64476,3.71455,3.79057,3.22818,3.21483,3.20269,3.19329,3.18875,3.19159,3.20445,3.22967,3.26877,3.3222,3.38928,3.46845,3.55754,3.65408,3.75539,2.96372,2.94703,2.93487,2.92895,2.93149,2.94511,2.97247,3.01581,3.07638,3.15407,3.24744,3.35397,3.4706,3.59395,3.72061,2.70017,2.6802,2.66801,2.66548,2.67496,2.69915,2.74079,2.80207,2.884,2.98596,3.10567,3.23969,3.38394,3.53419,3.68623,2.43757,2.41435,2.40213,2.40293,2.41921,2.45378,2.50945,2.58846,2.69165,2.81786,2.964,3.12561,3.2976,3.47482,3.65229,2.1759,2.14951,2.13728,2.14136,2.16431,2.20904,2.2785,2.37501,2.49932,2.64978,2.82243,3.01175,3.2116,3.41586,3.61879,1.91519,1.8857,1.87349,1.88081,1.91031,1.96499,2.04797,2.16174,2.30701,2.48171,2.68097,2.89814,3.12596,3.35735,3.58577,1.65544,1.62295,1.6108,1.62135,1.65728,1.7217,1.81791,1.94865,2.11473,2.31366,2.53964,2.7848,3.04071,3.2993,3.55325,1.39665,1.36125,1.34924,1.36301,1.40529,1.47925,1.58839,1.73579,1.92248,2.14563,2.39845,2.67176,2.95589,3.24175,3.52124,1.15997,1.13443,1.11751,1.1184,1.15441,1.23771,1.35946,1.52318,1.73026,1.97763,2.25743,2.55906,2.87153,3.18473,3.48977,0.963609,0.939016,0.917237,0.904494,0.919923,0.997165,1.13122,1.31087,1.53809,1.80966,2.11659,2.44672,2.78767,3.12828,3.45887,0.810753,0.78209,0.745491,0.717241,0.713307,0.76252,0.903732,1.0989,1.34596,1.64173,1.97597,2.33479,2.70435,3.07242,3.42856,0.708882,0.673936,0.620536,0.56603,0.530888,0.553372,0.677115,0.887332,1.15388,1.47384,1.83559,2.22331,2.62161,3.01719,3.39886,0.649607,0.60622,0.534289,0.457185,0.385213,0.36655,0.451477,0.67623,0.961878,1.306,1.69548,2.11234,2.53951,2.96263,3.36981
370,3.9753,3.96803,3.95206,3.92873,3.90016,4.65747,3.83835,3.81097,3.78944,3.77569,3.77102,3.77613,3.7912,3.81592,3.84953,3.69973,3.69031,3.67583,3.6578,3.63843,3.62042,3.60662,3.59966,3.6016,3.61373,3.63654,3.66985,3.71296,3.76474,3.82374,3.4251,3.41351,3.40045,3.38759,3.37725,3.37216,3.37507,3.3884,3.41377,3.4518,3.50215,3.56376,3.635,3.71392,3.79834,3.1514,3.13766,3.12596,3.11815,3.11667,3.12428,3.14372,3.17721,3.22594,3.28989,3.36788,3.45787,3.55734,3.66347,3.77335,2.87868,2.86279,2.8524,2.84954,2.85674,2.87684,2.9126,2.96608,3.03811,3.12801,3.23372,3.35221,3.48001,3.61342,3.74879,2.60694,2.58893,2.57982,2.5818,2.59751,2.62988,2.68172,2.75502,2.85029,2.96617,3.09969,3.2468,3.40302,3.56378,3.72467,2.33621,2.31611,2.30827,2.31499,2.33903,2.38344,2.45112,2.54406,2.66247,2.80437,2.9658,3.14166,3.32641,3.51459,3.70103,2.06649,2.04436,2.03778,2.04917,2.08137,2.13758,2.22082,2.33318,2.47466,2.64261,2.83207,3.0368,3.2502,3.46586,3.67787,1.7978,1.77371,1.76841,1.7844,1.82461,1.89235,1.99088,2.12242,2.28686,2.48089,2.69852,2.93227,3.17441,3.41762,3.65523,1.53015,1.50419,1.50019,1.52073,1.56879,1.64783,1.76132,1.91178,2.09906,2.31923,2.56516,2.82808,3.09909,3.36991,3.63311,1.26694,1.24323,1.23535,1.25823,1.31402,1.40408,1.53221,1.70128,1.91126,2.15764,2.43203,2.72428,3.02427,3.32274,3.61155,1.04065,1.01746,1.00391,1.00974,1.06035,1.1612,1.3036,1.49095,1.72348,1.99612,2.29914,2.62089,2.94998,3.27616,3.59056,0.846909,0.822429,0.801562,0.791529,0.818785,0.919274,1.07556,1.2808,1.5357,1.83468,2.16653,2.51797,2.87626,3.23019,3.57017,0.704749,0.670113,0.629472,0.59958,0.60467,0.678403,0.848174,1.07087,1.34794,1.67334,2.03424,2.41555,2.80316,3.18487,3.5504,0.612221,0.566534,0.504107,0.443159,0.414446,0.455152,0.621541,0.861205,1.16019,1.51211,1.9023,2.31369,2.73072,3.14023,3.53127
371,4.00929,4.00233,3.98599,3.96162,3.93136,4.65584,3.86436,3.83364,3.8084,3.7907,3.782,3.78313,3.79439,3.81562,3.84613,3.72993,3.72109,3.70657,3.68789,3.66728,3.64745,3.6313,3.62153,3.62028,3.62897,3.64821,3.67796,3.71766,3.76628,3.82245,3.45151,3.44076,3.42799,3.41488,3.40374,3.39732,3.39841,3.40946,3.43217,3.46726,3.51452,3.573,3.6412,3.7173,3.79917,3.17403,3.16138,3.15029,3.14263,3.1408,3.14758,3.16572,3.19746,3.24406,3.30558,3.38094,3.46824,3.56505,3.66869,3.77629,2.89752,2.88297,2.87353,2.87119,2.87849,2.89826,2.93324,2.98552,3.05596,3.14393,3.24748,3.36371,3.48923,3.62048,3.75385,2.62199,2.60558,2.59774,2.60062,2.61687,2.64941,2.70101,2.77366,2.86786,2.98232,3.11415,3.25943,3.41376,3.57268,3.73186,2.34747,2.32922,2.32296,2.33098,2.356,2.40107,2.46904,2.56187,2.67976,2.82075,2.98097,3.15541,3.33866,3.52533,3.71034,2.07398,2.05394,2.04925,2.06231,2.09594,2.15329,2.23737,2.35017,2.49167,2.65922,2.84794,3.05169,3.26397,3.47845,3.68931,1.80151,1.77976,1.77665,1.79468,1.83675,1.90614,2.00603,2.13858,2.30358,2.49774,2.7151,2.9483,3.1897,3.43207,3.66879,1.53009,1.5067,1.50521,1.52815,1.57851,1.65967,1.77508,1.92711,2.1155,2.33632,2.58245,2.84525,3.1159,3.38621,3.6488,1.26423,1.2429,1.23733,1.26278,1.32128,1.41397,1.54455,1.71576,1.92743,2.17496,2.45003,2.74258,3.0426,3.34089,3.62937,1.03593,1.01487,1.00339,1.01137,1.06517,1.16912,1.31451,1.50457,1.73936,2.01368,2.31786,2.64034,2.96983,3.29617,3.61051,0.841627,0.818102,0.799034,0.7907,0.820696,0.925199,1.08502,1.29356,1.5513,1.85249,2.18597,2.53856,2.89764,3.25205,3.59225,0.700425,0.664886,0.625266,0.596708,0.604068,0.682317,0.856163,1.08276,1.36325,1.69139,2.0544,2.43729,2.82607,3.20859,3.57462,0.607399,0.561271,0.499047,0.438349,0.411679,0.456237,0.628036,0.872203,1.17521,1.53042,1.92319,2.33658,2.75515,3.16581,3.55763
372,4.04569,4.03733,4.01847,3.9906,3.956,4.61511,3.87842,3.84168,3.81009,3.78586,3.7706,3.76536,3.77061,3.78634,3.812,3.76363,3.75454,3.73876,3.71792,3.69437,3.67092,3.65055,3.63602,3.62952,3.63255,3.64589,3.66967,3.70352,3.7466,3.79767,3.48248,3.47263,3.45984,3.4459,3.43321,3.42457,3.42282,3.43039,3.44895,3.47929,3.5213,3.57421,3.63673,3.70723,3.78374,3.20226,3.19164,3.18177,3.17458,3.17257,3.17855,3.19523,3.22479,3.26839,3.32607,3.39684,3.47898,3.57028,3.66825,3.77024,2.92301,2.9116,2.90458,2.90402,2.9125,2.93288,2.96781,3.01923,3.08783,3.1729,3.27253,3.38401,3.50417,3.62968,3.75717,2.64475,2.63255,2.62832,2.63426,2.65305,2.6876,2.74056,2.81371,2.90727,3.01979,3.14839,3.28932,3.43844,3.59155,3.74457,2.36749,2.35453,2.35305,2.36537,2.39427,2.44275,2.51352,2.60823,2.72671,2.86674,3.02442,3.19492,3.3731,3.55388,3.73244,2.09126,2.07757,2.0788,2.09739,2.13621,2.19838,2.28671,2.40281,2.54616,2.71376,2.90065,3.10086,3.3082,3.5167,3.72081,1.81607,1.8017,1.80564,1.8304,1.87895,1.95453,2.06014,2.19745,2.36561,2.56086,2.7771,3.00715,3.24375,3.48002,3.7097,1.54195,1.52696,1.5336,1.56445,1.62255,1.71128,1.83387,1.99215,2.18507,2.40805,2.65378,2.91383,3.17979,3.44388,3.69913,1.2703,1.25589,1.26274,1.29962,1.36709,1.46868,1.60792,1.78693,2.00454,2.25534,2.53074,2.82093,3.11635,3.4083,3.68911,1.0359,1.02024,1.01432,1.03813,1.11265,1.22682,1.38234,1.58179,1.82401,2.10275,2.40799,2.72849,3.05348,3.37332,3.67967,0.834233,0.815521,0.800672,0.806922,0.859313,0.985769,1.15719,1.37676,1.64349,1.95029,2.28558,2.63655,2.9912,3.33896,3.67083,0.678429,0.646934,0.611987,0.602046,0.627819,0.745632,0.932536,1.17184,1.46298,1.79799,2.16355,2.54517,2.92955,3.30526,3.6626,0.57483,0.528292,0.465977,0.422096,0.422969,0.506516,0.708445,0.967069,1.28248,1.64586,2.04194,2.45437,2.86859,3.27224,3.65502
373,3.79341,3.78275,3.76455,3.74061,3.71339,4.53184,3.66074,3.64098,3.62868,3.62535,3.63187,3.64855,3.67519,3.71113,3.75527,3.51833,3.50852,3.49493,3.47946,3.46458,3.45313,3.44784,3.45103,3.46428,3.48834,3.52324,3.56838,3.62272,3.68484,3.753,3.24413,3.23514,3.22606,3.2189,3.21619,3.22071,3.23502,3.26108,3.29989,3.35141,3.41477,3.48847,3.57059,3.65895,3.75115,2.97084,2.96263,2.95797,2.95898,2.96826,2.98855,3.02231,3.07115,3.13551,3.21456,3.30649,3.40884,3.51883,3.63347,3.74973,2.6985,2.69105,2.69072,2.69975,2.72081,2.75667,2.80969,2.88123,2.97114,3.07779,3.1984,3.32952,3.46745,3.60842,3.74875,2.42711,2.42042,2.42436,2.44127,2.47391,2.5251,2.5972,2.69133,2.80679,2.94113,3.09053,3.25053,3.41648,3.58383,3.74824,2.15672,2.15078,2.15893,2.18359,2.2276,2.29389,2.38485,2.50144,2.64246,2.80457,2.98289,3.17189,3.36595,3.55971,3.74819,1.88733,1.88219,1.89449,1.92677,1.98194,2.06306,2.17265,2.31157,2.47815,2.66813,2.87551,3.09363,3.31588,3.53609,3.74865,1.61898,1.61466,1.6311,1.67087,1.73699,1.83267,1.96062,2.12172,2.31386,2.53183,2.76842,3.01578,3.2663,3.51299,3.74961,1.35168,1.34823,1.36879,1.41596,1.49282,1.60277,1.74878,1.93189,2.1496,2.39569,2.66165,2.93838,3.21725,3.49044,3.7511,1.112,1.10322,1.11541,1.16212,1.24951,1.37342,1.53717,1.74209,1.98536,2.25971,2.55522,2.86147,3.16875,3.46846,3.75313,0.907673,0.894017,0.892677,0.919606,1.00715,1.14469,1.32582,1.55232,1.82117,2.12394,2.44918,2.78507,3.12085,3.44708,3.75573,0.738674,0.710094,0.696516,0.704674,0.765815,0.916659,1.11477,1.36259,1.65701,1.98839,2.34356,2.70925,3.07357,3.42633,3.7589,0.620549,0.571625,0.531121,0.513642,0.548956,0.689427,0.904074,1.1729,1.4929,1.8531,2.23842,2.63403,3.02695,3.40622,3.76267,0.544655,0.476029,0.409661,0.353398,0.354096,0.463099,0.693788,0.983252,1.32886,1.71811,2.13381,2.55948,2.98104,3.38679,3.76705
374,3.85532,3.84483,3.82527,3.79843,3.76678,4.51065,3.70111,3.67314,3.65185,3.63908,3.63607,3.64344,3.6613,3.68923,3.72635,3.57674,3.56725,3.55252,3.53443,3.51547,3.49854,3.48653,3.48196,3.48669,3.50181,3.52767,3.56399,3.61004,3.66463,3.72621,3.29903,3.2905,3.2805,3.27102,3.26458,3.26402,3.27204,3.29079,3.32155,3.36461,3.41942,3.48481,3.55913,3.64043,3.7265,3.02224,3.01464,3.00928,3.00825,3.01413,3.02975,3.05764,3.09963,3.15641,3.22748,3.31136,3.4059,3.50857,3.61664,3.72721,2.74638,2.73969,2.73888,2.74616,2.76418,2.79576,2.84335,2.90849,2.99129,3.09044,3.20349,3.32729,3.45841,3.59328,3.72838,2.47149,2.46569,2.46937,2.48481,2.51477,2.56208,2.62919,2.71736,2.82618,2.95349,3.09583,3.24902,3.40866,3.57039,3.73001,2.19759,2.19269,2.20078,2.22426,2.26594,2.32876,2.41516,2.52625,2.66109,2.81665,2.9884,3.17109,3.35934,3.54797,3.73213,1.92469,1.92072,1.93318,1.96456,2.01776,2.09582,2.20129,2.33516,2.49602,2.67993,2.88123,3.09354,3.31049,3.52606,3.73475,1.65283,1.64982,1.66662,1.70578,1.77028,1.86331,1.98758,2.14409,2.33097,2.54334,2.77434,3.01641,3.26214,3.50468,3.73789,1.38202,1.38001,1.40114,1.44798,1.52357,1.63129,1.77408,1.95305,2.16594,2.40689,2.66776,2.93972,3.21431,3.48386,3.74157,1.13369,1.12825,1.14208,1.19123,1.27772,1.39981,1.5608,1.76203,2.00094,2.27062,2.56152,2.86351,3.16704,3.46361,3.7458,0.924146,0.91225,0.91418,0.943729,1.03279,1.16894,1.34777,1.57105,1.83597,2.13453,2.45566,2.78782,3.12036,3.44396,3.7506,0.747849,0.723717,0.713304,0.724202,0.788893,0.938772,1.13505,1.3801,1.67104,1.99867,2.35023,2.7127,3.07432,3.42495,3.75599,0.623815,0.578254,0.540873,0.528931,0.5665,0.709386,0.922676,1.18919,1.50615,1.86305,2.24526,2.63818,3.02894,3.4066,3.76199,0.543256,0.478839,0.413582,0.362291,0.367955,0.480891,0.71071,0.998342,1.34132,1.72772,2.14081,2.56434,2.98428,3.38894,3.76861
375,3.94936,3.94041,3.92065,3.89169,3.85597,4.51148,3.7765,3.73922,3.70745,3.68345,3.66889,3.6648,3.67169,3.68949,3.7176,3.66732,3.659,3.64374,3.62328,3.60006,3.57701,3.55717,3.54336,3.5378,3.54201,3.55676,3.58221,3.61798,3.6632,3.71659,3.38617,3.37843,3.36758,3.35547,3.34458,3.33778,3.33795,3.34752,3.36816,3.40062,3.44479,3.49988,3.5646,3.63731,3.71601,3.10593,3.09874,3.09221,3.08831,3.08957,3.09883,3.11884,3.1517,3.19853,3.2593,3.33298,3.41781,3.51159,3.61183,3.71587,2.82662,2.81997,2.81769,2.82186,2.83507,2.86019,2.89985,2.9559,3.02891,3.11805,3.22134,3.33603,3.45895,3.5868,3.71619,2.54827,2.54216,2.54406,2.55616,2.58113,2.62188,2.68101,2.76012,2.85929,2.97688,3.1099,3.25456,3.40672,3.56222,3.71699,2.2709,2.26535,2.27137,2.29127,2.32781,2.38395,2.46232,2.56437,2.68968,2.8358,2.99868,3.17343,3.35493,3.53813,3.71829,1.99454,1.98956,1.99967,2.02725,2.07515,2.14644,2.24381,2.36865,2.52009,2.69482,2.88769,3.09267,3.30359,3.51456,3.7201,1.71921,1.71484,1.72901,1.76416,1.82322,1.90939,2.0255,2.17296,2.3505,2.55395,2.77696,3.01231,3.25275,3.49151,3.72245,1.44493,1.44122,1.45943,1.50206,1.57209,1.67285,1.80742,1.97731,2.18093,2.4132,2.66652,2.93238,3.20244,3.46904,3.72535,1.18494,1.18094,1.19301,1.24103,1.32183,1.4369,1.5896,1.7817,2.01138,2.2726,2.5564,2.85292,3.15268,3.44715,3.72883,0.964401,0.954709,0.958641,0.987908,1.07252,1.20159,1.37208,1.58614,1.84184,2.13216,2.44664,2.77396,3.10352,3.42588,3.7329,0.776649,0.759018,0.752088,0.76352,0.824257,0.967019,1.1549,1.39064,1.67233,1.9919,2.33726,2.69556,3.05499,3.40526,3.73758,0.642904,0.604499,0.571413,0.564017,0.599433,0.733267,0.938113,1.1952,1.50285,1.85186,2.22833,2.61777,3.00714,3.38532,3.74289,0.554219,0.499828,0.437419,0.391618,0.398213,0.500443,0.721791,0.999843,1.33339,1.71207,2.11989,2.54062,2.96001,3.36608,3.74886
376,3.76957,3.76085,3.74348,3.71917,3.6904,4.46807,3.63145,3.60734,3.59025,3.58198,3.58371,3.59599,3.61882,3.65171,3.69367,3.49106,3.48367,3.47146,3.45626,3.44053,3.42716,3.41904,3.41872,3.42806,3.4481,3.47913,3.52079,3.57221,3.63212,3.69886,3.21342,3.20732,3.20019,3.19394,3.19109,3.19444,3.20672,3.23011,3.26589,3.3143,3.37472,3.44585,3.52595,3.61293,3.70449,2.93667,2.93183,2.92969,2.93226,2.94209,2.96198,2.99451,3.04152,3.10372,3.18057,3.27049,3.37121,3.48006,3.59418,3.71056,2.66084,2.65724,2.66001,2.67126,2.69359,2.72981,2.7824,2.85294,2.94157,3.04693,3.16645,3.29687,3.43457,3.57587,3.71709,2.38594,2.3836,2.39121,2.411,2.44563,2.49795,2.57042,2.66438,2.77943,2.91338,3.06264,3.22287,3.38951,3.55804,3.72411,2.11202,2.11093,2.12333,2.15153,2.19827,2.26645,2.35858,2.47583,2.61731,2.77995,2.95907,3.14924,3.3449,3.5407,3.73163,1.83909,1.83928,1.85643,1.89292,1.95155,2.03535,2.1469,2.28731,2.45521,2.64663,2.85576,3.076,3.30077,3.52388,3.73966,1.56716,1.56867,1.59055,1.63521,1.70554,1.80468,1.9354,2.0988,2.29313,2.51346,2.75274,3.00319,3.25716,3.50761,3.74823,1.30052,1.30125,1.32575,1.37849,1.46031,1.57451,1.7241,1.91033,2.13107,2.38043,2.65005,2.93083,3.21409,3.49191,3.75735,1.06971,1.06773,1.07824,1.12282,1.21594,1.3449,1.51303,1.72188,1.96904,2.24758,2.54771,2.85898,3.17159,3.47681,3.76705,0.870303,0.863729,0.861239,0.886815,0.97251,1.11591,1.30223,1.53346,1.80704,2.11493,2.44577,2.78767,3.12971,3.46233,3.77733,0.715367,0.691386,0.670799,0.678683,0.738015,0.887631,1.09174,1.34509,1.64509,1.98251,2.34426,2.71695,3.08849,3.44851,3.78822,0.612037,0.5683,0.51826,0.492805,0.527939,0.660153,0.881617,1.15676,1.48318,1.85035,2.24325,2.64686,3.04796,3.43537,3.79974,0.551378,0.48582,0.410106,0.34516,0.339067,0.435657,0.671919,0.96848,1.32132,1.71849,2.14279,2.57746,3.00816,3.42294,3.8119
377,3.91187,3.90101,3.87865,3.84658,3.80741,4.43518,3.72063,3.67976,3.64458,3.61746,3.60014,3.59376,3.59888,3.61546,3.64289,3.62897,3.61995,3.60339,3.58115,3.55583,3.53046,3.50821,3.49193,3.48393,3.48577,3.4983,3.52177,3.55585,3.59974,3.65215,3.34693,3.33971,3.32884,3.31628,3.30463,3.29685,3.29586,3.30412,3.32329,3.35415,3.39664,3.45005,3.51318,3.58443,3.66185,3.06578,3.06032,3.05505,3.05202,3.05386,3.06347,3.08359,3.11631,3.16267,3.22262,3.29517,3.37863,3.47089,3.56955,3.67199,2.78555,2.78183,2.78206,2.78841,2.80355,2.83035,2.87142,2.92851,3.00206,3.09119,3.1939,3.30752,3.42901,3.55513,3.68261,2.50627,2.50427,2.50993,2.5255,2.55373,2.59751,2.65936,2.74072,2.84147,2.95986,3.09286,3.23676,3.38755,3.54119,3.69371,2.22797,2.22767,2.23869,2.26335,2.30447,2.36499,2.44741,2.55294,2.68091,2.82864,2.99207,3.16637,3.34655,3.52774,3.70532,1.95067,1.95209,1.9684,2.00202,2.05581,2.13282,2.23559,2.36518,2.52036,2.69756,2.89154,3.09637,3.30603,3.51482,3.71745,1.67438,1.67756,1.69912,1.74156,1.80782,1.90105,2.02392,2.17743,2.35984,2.56662,2.79132,3.0268,3.26603,3.50245,3.73012,1.39915,1.40411,1.43091,1.48205,1.56055,1.66972,1.81242,1.9897,2.19936,2.43584,2.69142,2.95769,3.22657,3.49065,3.74334,1.14402,1.14644,1.16618,1.22355,1.31408,1.43888,1.60112,1.80198,2.0389,2.30525,2.59188,2.88909,3.1877,3.47946,3.75714,0.929025,0.922947,0.932518,0.970628,1.06849,1.20861,1.39003,1.61429,1.87849,2.17486,2.49274,2.82103,3.14944,3.46889,3.77154,0.74532,0.72876,0.725784,0.745434,0.82387,0.978969,1.17921,1.42662,1.71813,2.04471,2.39405,2.75356,3.11183,3.45898,3.78655,0.61542,0.575149,0.543281,0.544246,0.595136,0.75005,0.968681,1.23898,1.55782,1.91483,2.29584,2.68672,3.07492,3.44975,3.80219,0.530291,0.469932,0.407056,0.366613,0.390114,0.52195,0.758506,1.05138,1.39758,1.78526,2.19818,2.62057,3.03875,3.44123,3.81847
378,3.99948,3.99341,3.97464,3.94459,3.90558,4.4714,3.81328,3.76692,3.72483,3.68974,3.6638,3.64854,3.64488,3.65313,3.67301,3.71371,3.70824,3.69402,3.67259,3.64632,3.61815,3.59133,3.56896,3.55372,3.54759,3.55186,3.56713,3.5934,3.63019,3.67646,3.42881,3.42389,3.41414,3.40121,3.3875,3.37591,3.3695,3.37103,3.38261,3.4055,3.44006,3.48595,3.54227,3.60765,3.68035,3.1448,3.14043,3.13506,3.1305,3.12917,3.13397,3.14779,3.17311,3.21151,3.26346,3.32841,3.40505,3.49149,3.58554,3.68471,2.86171,2.85786,2.85682,2.86049,2.87137,2.89235,2.92623,2.97523,3.04041,3.12148,3.21693,3.32443,3.44111,3.56389,3.68955,2.57955,2.57625,2.57947,2.59124,2.61414,2.65108,2.70483,2.77738,2.86932,2.97957,3.10564,3.24411,3.39113,3.54271,3.69489,2.29837,2.29561,2.30305,2.32281,2.35754,2.41022,2.48361,2.57956,2.69823,2.83773,2.99455,3.16414,3.3416,3.52204,3.70076,2.01816,2.01598,2.02761,2.05525,2.10162,2.16979,2.26259,2.38179,2.52714,2.69599,2.88369,3.08453,3.29254,3.5019,3.70717,1.73896,1.7374,1.75319,1.78861,1.84645,1.92985,2.04179,2.18405,2.35607,2.55434,2.77307,3.00532,3.30398,3.54232,3.77414,1.46078,1.4599,1.47986,1.52297,1.59209,1.69045,1.82124,1.98637,2.185,2.4128,2.66273,2.92654,3.19597,3.64333,3.90171,1.19669,1.19666,1.21179,1.2584,1.33861,1.45167,1.60099,1.78875,2.01394,2.27139,2.5527,2.84823,3.14852,3.56495,inf,0.973591,0.968575,0.976167,1.00531,1.08609,1.21355,1.38107,1.5912,1.8429,2.13012,2.44301,2.77044,3.1017,3.42723,4.03868,0.785055,0.77216,0.768637,0.781145,0.83853,0.976204,1.16153,1.39372,1.67186,1.98901,2.33371,2.6932,3.05553,3.47018,3.98814,0.65205,0.618364,0.588998,0.581928,0.616678,0.739705,0.94243,1.19633,1.50084,1.8481,2.22483,2.61657,3.01006,3.45386,3.99827,0.56534,0.513682,0.457119,0.412112,0.417081,0.507476,0.72384,0.99905,1.32985,1.7074,2.11644,2.54062,2.96535,3.37828,inf
379,3.598,3.59317,3.58105,3.56324,3.54209,4.42151,3.50154,3.4881,3.48256,3.48657,3.50106,3.52633,3.56208,3.60757,3.66155,3.31861,3.31531,3.30857,3.30009,3.29224,3.28783,3.28973,3.30048,3.32186,3.35477,3.39923,3.4546,3.5197,3.59295,3.67243,3.04008,3.03828,3.03684,3.03756,3.04283,3.05541,3.07804,3.11288,3.16117,3.22303,3.29757,3.38315,3.47768,3.57876,3.68377,2.7624,2.76209,2.76589,2.77568,2.7939,2.82329,2.86645,2.92529,3.00049,3.09137,3.19608,3.31199,3.43605,3.59834,3.76223,2.48563,2.48681,2.49578,2.51451,2.5455,2.59148,2.655,2.73772,2.83981,2.95979,3.0948,3.24115,3.39482,3.61839,3.80784,2.20976,2.21244,2.22654,2.2541,2.29767,2.36002,2.4437,2.55018,2.67915,2.82831,2.99373,3.17066,3.35404,3.6056,3.82062,1.93483,1.93904,1.95822,1.9945,2.05046,2.12896,2.23256,2.36266,2.5185,2.69692,2.89291,3.13387,3.38039,3.59332,3.86726,1.66086,1.66663,1.69088,1.73578,1.80395,1.89833,2.02161,2.17517,2.35786,2.56566,2.79236,3.03083,3.37391,inf,3.91443,1.38821,1.39524,1.42456,1.47799,1.55818,1.66818,1.81087,1.98771,2.19724,2.43453,2.6921,2.96155,3.36796,3.63709,inf,1.15218,1.15643,1.17352,1.22119,1.31323,1.43859,1.60037,1.80029,2.03664,2.30354,2.59217,2.89276,3.22925,3.69319,inf,0.948264,0.948799,0.95356,0.983478,1.06919,1.2096,1.39015,1.61291,1.87606,2.17273,2.49261,2.82448,3.19114,3.74991,4.02606,0.786981,0.770525,0.760421,0.773765,0.835088,0.981306,1.18026,1.42558,1.7155,2.04211,2.39346,2.75677,3.15368,3.60729,4.10892,0.678935,0.64303,0.603598,0.58703,0.625505,0.75379,0.97073,1.23831,1.55497,1.91172,2.29476,2.68968,3.08356,3.56536,inf,0.614988,0.557428,0.492201,0.436675,0.437108,0.532128,0.761641,1.05111,1.39448,1.7816,2.19657,2.62326,3.04751,3.55747,inf,0.585982,0.505765,0.417847,0.326743,0.275699,0.3316,0.553067,0.86399,1.23404,1.65177,2.09896,2.55756,3.01224,3.51699,4.09473
380,3.92616,3.91963,3.90044,3.87008,3.83098,4.41877,3.73947,3.69412,3.6535,3.62034,3.59675,3.58423,3.58364,3.59522,3.61858,3.63788,3.63275,3.61897,3.59815,3.57273,3.54572,3.52041,3.49995,3.487,3.48353,3.49077,3.50926,3.53897,3.57929,3.62913,3.35047,3.34669,3.33824,3.32683,3.31491,3.30543,3.30147,3.3058,3.32051,3.34679,3.38494,3.43456,3.49465,3.56378,3.64013,3.06393,3.06149,3.05829,3.05615,3.05755,3.06541,3.08264,3.11167,3.15403,3.21011,3.27928,3.36012,3.4507,3.54871,3.65161,2.7783,2.77718,2.77916,2.78616,2.80071,2.8257,2.86394,2.91756,2.98755,3.0735,3.1738,3.28599,3.40715,3.5641,3.69357,2.49361,2.49381,2.5009,2.51692,2.54443,2.58634,2.64538,2.72348,2.82108,2.93697,3.06851,3.21218,3.42403,3.57998,3.76604,2.20987,2.2114,2.22356,2.24847,2.28875,2.34735,2.42699,2.52942,2.65461,2.80053,2.96345,3.13873,3.32136,3.68638,inf,1.9271,1.93,1.94719,1.98087,2.03373,2.10877,2.20878,2.33539,2.48816,2.66418,2.85863,3.06565,3.30917,3.64331,3.94258,1.64534,1.64963,1.67184,1.71419,1.77944,1.87067,1.99078,2.1414,2.32172,2.52795,2.75407,3.05299,3.3275,inf,3.9567,1.36458,1.37034,1.39755,1.44849,1.52593,1.63308,1.77301,1.94745,2.15528,2.39184,2.64981,2.98078,3.28638,inf,inf,1.11936,1.1225,1.13836,1.18383,1.27329,1.39607,1.5555,1.75355,1.98887,2.25588,2.54588,2.84906,3.27586,inf,inf,0.908238,0.907783,0.91115,0.938842,1.02159,1.15971,1.3383,1.5597,1.82247,2.12008,2.44232,2.77787,3.29596,3.68701,inf,0.740238,0.722543,0.711569,0.723227,0.78111,0.924088,1.12146,1.36591,1.65609,1.98447,2.33917,2.70726,3.10673,3.67707,4.07928,0.62765,0.590205,0.549003,0.53046,0.565803,0.689284,0.905013,1.17219,1.48973,1.84907,2.23647,2.63728,3.09822,inf,inf,0.561064,0.501601,0.433803,0.375129,0.372244,0.462562,0.689046,0.978561,1.32341,1.71392,2.13428,2.56799,3.00047,3.50941,inf
381,3.83494,3.82653,3.80605,3.77519,3.73654,4.36493,3.64912,3.60739,3.57128,3.54337,3.52557,3.51918,3.52485,3.54261,3.57188,3.54762,3.54166,3.52767,3.50743,3.48349,3.45897,3.43714,3.42106,3.41323,3.41541,3.42862,3.45321,3.48893,3.53501,3.59018,3.26115,3.2576,3.25,3.24023,3.23084,3.22483,3.22525,3.23475,3.25519,3.28753,3.33185,3.38752,3.45339,3.52785,3.60893,2.97555,2.97437,2.97308,2.97364,2.97861,2.99093,3.01345,3.04844,3.09717,3.15974,3.23527,3.32214,3.44323,3.57113,3.67816,2.69085,2.69202,2.69696,2.70771,2.72685,2.7573,2.80176,2.86215,2.93915,3.03203,3.16389,3.30707,3.4585,3.61488,3.77287,2.40708,2.41059,2.42169,2.44248,2.47561,2.52397,2.59017,2.67587,2.78116,2.90443,3.04274,3.29236,3.4992,inf,inf,2.12425,2.13011,2.1473,2.17801,2.22492,2.29096,2.37871,2.4896,2.62318,2.77694,2.94685,3.15302,3.51537,inf,inf,1.8424,1.85062,1.87386,1.91436,1.97485,2.05832,2.1674,2.30335,2.46522,2.64958,2.87622,3.13909,inf,inf,inf,1.56155,1.57216,1.60141,1.65159,1.72546,1.8261,1.95624,2.11712,2.30729,2.52236,2.8059,3.07561,inf,inf,inf,1.29012,1.30019,1.33001,1.38976,1.4768,1.59433,1.74527,1.93091,2.14938,2.39531,2.68591,3.0376,inf,inf,inf,1.05525,1.06267,1.07862,1.12893,1.22895,1.36308,1.53451,1.74472,1.99151,2.26843,2.56629,3.02511,3.38542,inf,inf,0.856401,0.855082,0.861226,0.891316,0.981996,1.13242,1.324,1.55856,1.83367,2.14177,2.47208,2.91319,3.37945,inf,inf,0.704139,0.682167,0.667642,0.68113,0.745406,0.902412,1.11376,1.37243,1.67587,2.01534,2.37833,2.80187,inf,3.78492,inf,0.602918,0.560943,0.51197,0.49193,0.532951,0.673153,0.903849,1.18633,1.51812,1.88918,2.28508,2.69122,3.21958,inf,inf,0.546286,0.482302,0.403291,0.340139,0.341376,0.447293,0.694322,1.00028,1.36044,1.76333,2.1924,2.63128,3.19078,inf,inf
382,3.79336,3.78501,3.76475,3.73433,3.69637,4.33228,3.61117,3.57098,3.53666,3.51074,3.49511,3.49099,3.49899,3.51909,3.55063,3.50829,3.50279,3.48943,3.47002,3.44716,3.42395,3.40368,3.38939,3.38355,3.38787,3.40331,3.43017,3.46815,3.53072,3.58797,3.22404,3.22137,3.21481,3.20627,3.19831,3.19396,3.19626,3.20781,3.23045,3.26507,3.3117,3.36964,3.45198,3.55707,3.65434,2.94066,2.94076,2.94092,2.9431,2.94988,2.96421,2.98892,3.02624,3.07738,3.14238,3.22029,3.32371,3.43621,3.54103,3.70691,2.65816,2.66102,2.66781,2.68057,2.7019,2.7347,2.78166,2.84467,2.92432,3.01978,3.15767,3.30669,3.46373,3.5969,3.71711,2.37656,2.38218,2.39553,2.41873,2.45441,2.50547,2.57451,2.66312,2.77128,2.8973,3.08101,3.27576,inf,inf,inf,2.09591,2.10428,2.12412,2.15762,2.20746,2.27656,2.36748,2.48157,2.61827,2.77495,2.96177,3.27378,3.47731,inf,inf,1.81622,1.82735,1.85364,1.89731,1.9611,2.04799,2.16057,2.30003,2.46528,2.65274,2.87138,3.15795,inf,3.71051,inf,1.53752,1.55144,1.58413,1.63786,1.71539,1.8198,1.9538,2.11851,2.31233,2.53069,2.79561,inf,inf,3.75427,inf,1.27021,1.28343,1.31566,1.37933,1.47039,1.59205,1.7472,1.937,2.15941,2.40882,2.72019,inf,inf,inf,4.07625,1.04013,1.04895,1.06802,1.12178,1.22618,1.36479,1.54078,1.7555,2.00653,2.28716,2.61659,2.98481,inf,inf,inf,0.843295,0.843542,0.852693,0.886363,0.98284,1.13809,1.33458,1.57403,1.8537,2.16572,2.51343,2.95678,inf,inf,inf,0.694052,0.673011,0.660329,0.677603,0.748278,0.91201,1.12864,1.39257,1.70093,2.04455,2.41075,2.87223,inf,inf,inf,0.595003,0.553222,0.505356,0.489055,0.536978,0.686644,0.922986,1.21114,1.54822,1.92368,2.32289,2.77409,inf,inf,inf,0.539423,0.475098,0.397088,0.337639,0.345761,0.46209,0.71768,1.02974,1.3956,1.80316,2.23563,2.70526,3.26942,inf,inf
383,3.78908,3.77865,3.7558,3.7224,3.68122,4.2893,3.58936,3.5459,3.50847,3.47964,3.46138,3.45496,3.48104,3.51962,3.55005,3.50515,3.49839,3.48327,3.46172,3.43645,3.41069,3.3878,3.37087,3.36238,3.36411,3.41707,3.46162,3.51753,3.58399,3.65972,3.22204,3.2189,3.2114,3.20154,3.19201,3.18591,3.18631,3.19584,3.21633,3.30868,3.37298,3.4486,3.53441,3.62882,3.72986,2.93978,2.94021,2.94024,2.94193,2.94795,2.96131,2.98487,3.02081,3.07029,3.17337,3.36911,3.49591,3.57171,inf,inf,2.65839,2.66236,2.66982,2.68291,2.7043,2.73694,2.7835,2.84578,2.92429,3.09817,3.32548,inf,inf,inf,inf,2.37791,2.38539,2.4002,2.42453,2.46109,2.5128,2.5822,2.67075,2.77832,2.98312,3.26213,inf,inf,inf,inf,2.09835,2.10934,2.13143,2.16686,2.21838,2.28893,2.38099,2.49573,2.63239,2.84821,3.13906,inf,inf,inf,inf,1.81976,1.83426,1.86355,1.90993,1.97621,2.06536,2.17987,2.32072,2.4865,2.75348,inf,inf,inf,inf,inf,1.54215,1.56017,1.59663,1.65383,1.73463,1.84212,1.97887,2.14571,2.34066,2.63893,2.93393,inf,inf,inf,inf,1.27438,1.29107,1.33071,1.3986,1.49372,1.61926,1.77798,1.9707,2.19487,2.4646,2.89193,inf,inf,inf,inf,1.04137,1.05458,1.08039,1.14433,1.25353,1.39682,1.57724,1.7957,2.04915,2.33051,2.75036,3.17889,inf,inf,inf,0.841764,0.846355,0.859059,0.904596,1.01415,1.17487,1.37666,1.6207,1.90351,2.21669,2.62925,inf,inf,inf,inf,0.686075,0.667652,0.66265,0.69037,0.775657,0.953472,1.17628,1.44572,1.75795,2.10317,2.48867,3.04176,inf,inf,inf,0.580266,0.539272,0.499802,0.498039,0.558995,0.732701,0.976112,1.27074,1.61249,1.99001,2.38866,2.95424,inf,inf,inf,0.520218,0.4522,0.381647,0.335035,0.362037,0.512652,0.776211,1.09577,1.46715,1.87724,2.30929,2.86747,3.47826,inf,inf
384,3.81242,3.80206,3.77847,3.74351,3.69996,4.27069,3.60122,3.55348,3.51142,3.4778,3.45475,3.44376,3.44562,3.46047,3.48777,3.52765,3.52111,3.50544,3.48255,3.45517,3.42657,3.4002,3.37929,3.36648,3.36372,3.37222,3.3925,3.42447,3.46749,3.52033,3.24368,3.24092,3.23307,3.2221,3.21071,3.20204,3.19925,3.2051,3.22157,3.24975,3.2899,3.36883,3.45827,3.55678,3.66246,2.96055,2.96152,2.9614,2.9622,2.96662,2.97769,2.99835,3.03091,3.07668,3.1359,3.26235,3.37277,3.51977,3.64655,3.75053,2.67829,2.68296,2.69046,2.70289,2.72293,2.75356,2.79751,2.85672,2.93183,3.07671,3.20777,3.48616,inf,inf,3.92094,2.39693,2.40527,2.42032,2.44422,2.47969,2.52966,2.59676,2.68253,2.78701,2.99039,3.26256,inf,inf,inf,inf,2.11649,2.1285,2.15101,2.18624,2.23693,2.30603,2.39608,2.50835,2.69677,2.9315,inf,inf,inf,inf,inf,1.837,1.85268,1.88259,1.92901,1.99471,2.08269,2.1955,2.33418,2.55203,2.87277,inf,inf,inf,inf,inf,1.55849,1.57785,1.61512,1.67258,1.75307,1.85969,1.99502,2.16,2.38007,2.7597,inf,inf,inf,inf,inf,1.28835,1.30659,1.34864,1.41702,1.51209,1.63705,1.79467,1.98584,2.23544,2.64683,inf,inf,inf,inf,inf,1.05293,1.0679,1.09639,1.16241,1.27183,1.41483,1.59445,1.81167,2.09087,2.53421,inf,inf,inf,inf,inf,0.849745,0.857405,0.873046,0.921087,1.03236,1.19309,1.3944,1.63752,1.9191,2.36732,inf,inf,inf,inf,inf,0.690279,0.674602,0.674518,0.705127,0.793774,0.971893,1.19453,1.46337,1.77469,2.25528,inf,inf,inf,inf,inf,0.581506,0.542474,0.507629,0.510907,0.574688,0.751314,0.994882,1.28923,1.63039,2.08905,2.70527,inf,inf,inf,inf,0.518946,0.451922,0.385683,0.343931,0.376148,0.531447,0.795491,1.1151,1.48621,1.92322,2.60045,inf,inf,inf,inf
385,3.9848,3.96756,3.93358,3.88497,3.82486,4.22924,3.68587,3.61547,3.54983,3.49239,3.44598,3.41271,3.394,3.39044,3.40183,3.69522,3.6829,3.65807,3.62286,3.58032,3.53405,3.48791,3.44558,3.4103,3.38462,3.37044,3.37663,3.38063,3.40534,3.44222,3.40643,3.39896,3.38317,3.36122,3.33607,3.31115,3.28998,3.2757,3.2708,3.28466,3.31821,3.35627,3.40614,3.4361,3.48309,3.11848,3.1158,3.10893,3.10007,3.09213,3.08841,3.09208,3.10581,3.13903,3.19253,3.25853,3.33626,3.41671,3.5135,3.58601,2.83139,2.83345,2.83538,2.83945,2.84854,2.86583,2.89423,2.93592,3.00731,3.09285,inf,inf,3.43543,3.55295,3.67406,2.5452,2.55195,2.56258,2.57942,2.60534,2.64344,2.69643,2.76604,2.88333,3.03179,inf,inf,inf,3.58524,inf,2.25994,2.27134,2.29058,2.32001,2.36255,2.42125,2.49868,2.61154,2.7594,inf,3.13505,inf,inf,inf,3.79024,1.97564,1.99168,2.01942,2.06129,2.12023,2.1993,2.30099,2.44935,2.62784,inf,inf,inf,inf,inf,inf,1.69233,1.713,1.74917,1.80332,1.87842,1.97761,2.10337,2.27947,2.50405,inf,inf,3.28099,inf,inf,inf,1.41004,1.43534,1.47988,1.54614,1.63717,1.75622,1.90583,2.1019,2.37264,inf,inf,inf,3.53704,inf,inf,1.14664,1.16897,1.21161,1.28985,1.39656,1.53515,1.70837,1.93203,2.21824,inf,inf,inf,inf,inf,inf,0.921952,0.934105,0.962684,1.03449,1.15664,1.31446,1.51102,1.76216,2.07934,inf,inf,inf,inf,inf,inf,0.723422,0.726414,0.743429,0.794565,0.917496,1.09421,1.31378,1.5769,1.94055,inf,inf,inf,inf,inf,inf,0.578114,0.55305,0.545667,0.578955,0.679219,0.874442,1.11668,1.40704,1.78652,inf,inf,inf,inf,inf,4.26961,0.480397,0.429696,0.38332,0.384164,0.458332,0.655246,0.919741,1.23718,1.64035,2.10092,inf,inf,inf,inf,inf
386,3.92765,3.91703,3.89049,3.84981,3.79781,4.24811,3.67471,3.61179,3.55321,3.50234,3.46193,3.43407,3.42011,3.42067,3.43559,3.63687,3.6302,3.61182,3.58358,3.54823,3.50918,3.47016,3.43481,3.44916,3.43003,3.37925,3.38364,3.40079,3.45192,3.49332,3.34688,3.34411,3.33381,3.31786,3.29898,3.28044,3.26567,3.27926,3.34513,3.40068,3.4682,3.48351,3.44615,3.52648,3.61582,3.05774,3.05882,3.0565,3.05269,3.05011,3.05191,3.06125,3.12371,3.24113,3.37144,3.49308,3.58372,3.66336,3.5801,3.67455,2.76945,2.77436,2.77992,2.78812,2.80165,2.82359,2.8569,2.9896,3.15857,inf,inf,inf,inf,inf,inf,2.48206,2.49077,2.50412,2.52418,2.55363,2.59551,2.65263,2.83406,3.07605,inf,inf,inf,inf,inf,inf,2.19559,2.20809,2.22916,2.26092,2.3061,2.36771,2.44845,2.67853,inf,inf,inf,inf,inf,inf,inf,1.91006,1.92635,1.95508,1.99842,2.05911,2.1402,2.24437,2.523,inf,inf,inf,inf,inf,inf,inf,1.6255,1.64561,1.68194,1.73671,1.81271,1.91303,2.0404,2.36747,inf,inf,inf,inf,inf,inf,inf,1.34385,1.36589,1.40978,1.47587,1.56696,1.68624,1.83657,2.21196,inf,inf,inf,inf,inf,inf,inf,1.09793,1.11497,1.148,1.21596,1.32193,1.45988,1.63288,2.01359,inf,inf,inf,inf,inf,inf,inf,0.883209,0.89549,0.915972,0.966677,1.07768,1.234,1.42936,1.85809,inf,inf,inf,inf,inf,inf,inf,0.709468,0.700654,0.709496,0.743424,0.834316,1.00866,1.22605,1.61689,2.071,inf,inf,inf,inf,inf,inf,0.591505,0.555106,0.530319,0.542467,0.609016,0.783949,1.02296,1.41856,1.92462,inf,inf,inf,inf,inf,inf,0.519569,0.455375,0.398156,0.364994,0.405314,0.559948,0.820153,1.24166,1.71405,inf,inf,inf,inf,inf,inf
387,0.636453,0.609003,0.582749,0.559493,0.540994,0.644046,0.523852,0.58117,0.609447,0.634931,0.665219,0.698577,0.715051,0.74025,0.745437,0.619522,0.587332,0.556513,0.529117,0.507184,0.519775,0.549963,0.580041,0.600519,0.619299,0.652831,0.680934,0.719765,0.749254,0.776841,0.603367,0.566374,0.530875,0.499187,0.491833,0.510909,0.548827,0.588006,0.609821,0.640175,inf,inf,inf,inf,0.78146,0.58802,0.546168,0.505879,0.469742,0.485879,0.493092,0.52045,0.577791,inf,0.633934,0.68339,inf,inf,inf,inf,0.573511,0.526753,0.481568,0.440823,0.462078,0.475431,inf,inf,inf,inf,inf,inf,inf,inf,inf,0.559873,0.508171,0.45799,0.421566,0.438648,0.448852,0.463799,inf,inf,inf,inf,inf,0.797789,inf,inf,0.547136,0.490466,0.435196,0.402931,0.406536,0.422468,0.453718,inf,inf,inf,inf,inf,inf,0.847361,inf,0.535331,0.473679,0.413238,0.375882,0.374878,0.396302,0.434593,inf,inf,inf,inf,inf,inf,inf,inf,0.524485,0.457855,0.401262,0.358659,0.343724,0.361292,0.406432,inf,inf,inf,inf,inf,inf,inf,inf,0.514629,0.443036,0.372054,0.324055,0.30404,0.317471,0.369243,inf,inf,inf,inf,inf,inf,inf,inf,0.505786,0.429267,0.362038,0.308502,0.274071,0.27397,0.332126,inf,inf,inf,inf,inf,inf,inf,inf,0.497982,0.416588,0.344001,0.275714,0.235709,0.239924,0.304183,inf,inf,inf,inf,inf,inf,inf,inf,0.49124,0.405042,0.327097,0.262134,0.207218,0.197208,0.258156,0.276945,inf,inf,inf,inf,inf,inf,inf,0.485577,0.394666,0.31139,0.240575,0.170508,0.154979,0.194063,0.21224,inf,inf,inf,inf,inf,inf,inf,0.481011,0.385498,0.296943,0.220218,0.143866,0.113316,0.148289,0.156638,inf,inf,inf,inf,inf,inf,inf
388,0.642021,0.610998,0.580737,0.560892,0.568846,0.655331,0.57502,0.575323,0.584109,0.608115,inf,0.672147,0.70831,0.752394,0.771961,0.627724,0.592099,0.557294,0.540892,0.552867,0.587653,0.577672,0.577622,inf,inf,inf,inf,0.716698,0.764947,0.796312,0.614204,0.573939,0.534497,0.521399,0.552611,0.584438,0.572682,0.572229,inf,inf,inf,inf,inf,0.7549,0.798076,0.60149,0.556554,0.520082,0.510147,0.537342,0.558338,inf,inf,0.570879,inf,inf,inf,inf,inf,inf,0.589607,0.539982,0.5064,0.49949,0.522482,0.532451,inf,inf,inf,inf,inf,inf,inf,inf,inf,0.578584,0.531952,0.493499,0.489475,0.508071,0.514495,inf,inf,inf,inf,inf,inf,inf,inf,inf,0.568446,0.517119,0.481426,0.472464,0.471079,0.481421,inf,inf,inf,0.580858,inf,inf,inf,inf,inf,0.566908,0.510904,0.470233,0.448514,0.442327,0.448647,inf,inf,inf,inf,inf,inf,inf,inf,inf,0.558609,0.497961,0.459972,0.417685,0.398796,0.400829,inf,inf,inf,inf,0.574771,inf,inf,inf,inf,0.551264,0.493711,0.450696,0.40312,0.363629,0.361087,inf,inf,inf,inf,0.593512,inf,inf,inf,inf,0.544891,0.482806,0.419382,0.366429,0.321512,0.329475,inf,inf,inf,inf,inf,0.619604,inf,inf,inf,0.554892,0.488355,0.419931,0.361529,0.303296,0.282979,inf,inf,inf,inf,inf,inf,inf,inf,inf,0.550513,0.479622,0.406243,0.342345,0.278302,0.24475,inf,inf,inf,inf,inf,inf,inf,inf,inf,0.539458,0.464329,0.386063,0.31665,0.238937,0.207181,inf,inf,inf,inf,inf,inf,inf,inf,inf,0.552506,0.465577,0.382519,0.299909,0.216078,0.17807,inf,inf,inf,inf,inf,inf,inf,inf,inf
389,0.651739,0.682017,0.678232,0.688318,0.679459,0.648368,0.657213,0.657243,0.687903,0.736852,0.768121,0.814646,0.82849,0.865622,0.83218,0.728534,0.730977,0.72253,0.693675,0.669562,inf,inf,inf,inf,inf,inf,0.820989,0.862027,0.903467,0.920478,0.713801,0.71144,0.709772,0.699528,0.683074,inf,inf,inf,inf,inf,inf,inf,inf,0.907177,0.940044,0.699878,0.692674,0.686155,0.728995,0.696948,inf,inf,inf,inf,inf,inf,inf,inf,inf,inf,0.698329,0.686254,0.709414,0.724427,0.69968,inf,inf,inf,inf,inf,inf,inf,inf,inf,inf,0.674568,0.69222,0.710364,0.697408,inf,inf,inf,inf,inf,inf,inf,inf,inf,inf,inf,0.697851,0.687532,0.689053,0.694143,inf,inf,inf,inf,inf,inf,inf,inf,inf,inf,inf,0.698975,0.672231,0.668609,0.656995,inf,inf,inf,inf,inf,inf,inf,inf,inf,inf,inf,0.677964,0.669431,0.637545,inf,inf,inf,inf,inf,inf,inf,inf,inf,inf,inf,inf,0.692533,0.644556,0.607453,inf,inf,inf,inf,inf,inf,inf,inf,inf,inf,inf,inf,0.69655,0.643796,0.589925,inf,inf,inf,inf,inf,inf,inf,inf,inf,inf,inf,inf,0.678496,0.621035,0.561941,inf,inf,inf,inf,inf,inf,inf,inf,inf,inf,inf,inf,0.673004,0.610922,inf,inf,inf,inf,inf,inf,inf,inf,inf,inf,inf,inf,inf,0.668551,0.590412,inf,inf,inf,inf,inf,inf,inf,inf,inf,inf,inf,inf,inf,0.653609,0.582612,inf,inf,inf,inf,inf,inf,inf,inf,inf,inf,inf,inf,inf
390,0.659323,0.648347,0.662589,0.662159,0.648889,0.632822,0.651583,0.622154,0.645059,inf,inf,0.742271,0.759446,0.768839,0.793842,0.6613,0.64558,0.671797,0.666964,0.649846,0.639105,0.628021,inf,0.657781,inf,inf,inf,inf,0.814946,0.83594,0.672387,0.66022,0.673327,0.663956,0.651162,inf,inf,inf,inf,inf,inf,inf,inf,inf,inf,0.659278,0.642303,0.633884,0.669843,0.636202,inf,inf,inf,inf,inf,inf,inf,inf,inf,inf,0.655332,0.625198,0.620179,0.643002,0.62167,inf,inf,inf,inf,inf,0.740231,inf,inf,inf,inf,0.652242,0.617275,0.648922,0.625147,0.59094,inf,inf,inf,inf,inf,inf,inf,inf,inf,inf,0.633366,0.626904,0.620162,0.599661,inf,inf,inf,inf,inf,inf,inf,inf,inf,inf,inf,0.63206,0.612454,0.583945,0.5666,inf,inf,inf,inf,inf,inf,inf,inf,inf,inf,inf,0.63168,0.598963,0.565322,0.526022,inf,inf,inf,inf,inf,inf,inf,inf,inf,inf,inf,0.640581,0.594798,0.539343,0.494655,inf,inf,inf,inf,inf,inf,inf,inf,inf,inf,inf,0.625449,0.566661,0.514394,0.4559,inf,inf,inf,inf,inf,inf,inf,inf,inf,inf,inf,0.611299,0.556252,0.490527,0.418158,inf,inf,inf,inf,inf,inf,inf,inf,inf,inf,inf,0.614815,0.546934,0.476126,inf,inf,inf,inf,inf,inf,inf,inf,inf,inf,inf,inf,0.602675,0.530404,0.446242,inf,inf,inf,inf,inf,inf,inf,inf,inf,inf,inf,inf,0.591556,0.515022,0.425925,inf,inf,inf,inf,inf,inf,inf,inf,inf,inf,inf,inf
391,0.663875,0.642379,0.620934,0.607183,0.60295,0.609954,0.652279,0.650925,0.656442,0.669056,inf,0.698522,0.711966,0.70846,0.733439,0.649489,0.617345,0.614702,0.614137,0.611862,0.598112,0.656895,0.653932,0.659991,0.662606,inf,inf,inf,0.752024,0.763711,0.653531,0.634237,0.6209,0.615745,inf,inf,inf,inf,0.65179,inf,inf,inf,inf,inf,inf,0.646616,0.628383,0.61604,0.600283,inf,inf,inf,inf,inf,inf,inf,inf,inf,inf,inf,0.640534,0.611583,0.600164,0.591324,inf,inf,inf,inf,inf,inf,inf,inf,inf,inf,inf,0.63531,0.607403,0.602728,inf,inf,inf,inf,inf,inf,inf,inf,inf,inf,inf,inf,0.636849,0.609995,0.594368,inf,inf,inf,inf,inf,inf,inf,0.657167,inf,inf,inf,inf,0.621645,0.595867,inf,inf,inf,inf,inf,inf,inf,inf,0.637362,inf,inf,inf,inf,0.630896,0.588581,inf,inf,inf,inf,inf,inf,inf,inf,inf,inf,inf,inf,inf,0.629328,0.582292,inf,inf,inf,inf,inf,inf,inf,inf,inf,inf,inf,inf,inf,0.616958,inf,inf,inf,inf,inf,inf,inf,inf,inf,inf,inf,0.685401,inf,inf,0.617332,inf,inf,inf,inf,inf,inf,inf,inf,inf,inf,inf,inf,inf,inf,inf,inf,inf,inf,inf,inf,inf,inf,inf,inf,inf,inf,inf,inf,inf,0.603425,inf,inf,inf,inf,inf,inf,inf,inf,inf,inf,inf,inf,inf,inf,inf,inf,inf,inf,inf,inf,inf,inf,inf,inf,inf,inf,inf,inf,0.74627
392,0.657047,0.641655,0.666675,0.713789,0.734699,0.720948,0.644436,0.71361,0.710573,0.723879,0.732277,0.764195,0.797948,0.831892,0.854538,0.700745,0.710527,0.710838,0.743603,0.750791,0.744216,0.735289,0.724765,0.732596,inf,inf,inf,0.802917,0.841257,0.868311,0.705216,0.740121,0.735624,0.763899,0.787202,inf,inf,0.765922,inf,inf,inf,inf,inf,inf,0.882598,0.750487,0.720473,0.731074,inf,inf,inf,inf,inf,inf,inf,inf,inf,inf,inf,inf,0.736588,0.731621,inf,inf,inf,inf,inf,inf,inf,inf,inf,inf,inf,inf,inf,0.733546,0.743604,inf,inf,inf,inf,inf,inf,inf,inf,inf,inf,inf,inf,inf,0.711389,inf,inf,inf,inf,inf,inf,inf,inf,inf,inf,inf,inf,inf,inf,0.740144,inf,inf,inf,inf,inf,inf,inf,inf,inf,inf,inf,inf,inf,inf,inf,inf,inf,inf,inf,inf,inf,inf,inf,inf,inf,inf,inf,inf,inf,inf,inf,inf,inf,inf,inf,inf,inf,inf,inf,inf,inf,inf,inf,inf,inf,inf,inf,inf,inf,inf,inf,inf,inf,inf,inf,inf,inf,inf,inf,inf,inf,inf,inf,inf,inf,inf,inf,inf,inf,inf,inf,inf,inf,inf,inf,inf,inf,inf,inf,inf,inf,inf,inf,inf,inf,inf,inf,inf,inf,inf,inf,inf,inf,inf,inf,inf,inf,inf,inf,inf,inf,inf,inf,inf,inf,inf,inf,inf,inf,inf,inf,inf,inf,inf,inf,inf,inf,inf,inf
393,0.637795,0.626494,0.661299,0.698957,0.681175,0.641941,0.769731,0.772468,0.767305,0.768266,0.788914,0.812569,0.822504,0.817091,0.719892,0.694909,0.72391,0.769214,0.742819,inf,inf,inf,inf,inf,inf,inf,0.860861,inf,0.904004,0.901097,0.737756,0.761993,0.757682,inf,inf,inf,inf,inf,inf,inf,inf,inf,inf,inf,inf,0.766368,0.78578,0.806742,inf,inf,inf,inf,inf,inf,inf,inf,inf,inf,inf,inf,0.810776,0.82531,inf,inf,inf,inf,inf,inf,inf,inf,inf,inf,inf,inf,inf,0.841013,inf,inf,inf,inf,inf,inf,inf,inf,inf,inf,inf,inf,inf,inf,0.82711,inf,inf,inf,inf,inf,inf,inf,inf,inf,inf,inf,inf,inf,inf,inf,inf,inf,inf,inf,inf,inf,inf,inf,inf,inf,inf,inf,inf,inf,inf,inf,inf,inf,inf,inf,inf,inf,inf,inf,inf,inf,inf,inf,inf,inf,inf,inf,inf,inf,inf,inf,inf,inf,inf,inf,inf,inf,inf,inf,inf,inf,inf,inf,inf,inf,inf,inf,inf,inf,inf,inf,inf,inf,inf,inf,inf,inf,inf,inf,inf,inf,inf,inf,inf,inf,inf,inf,inf,inf,inf,inf,inf,inf,inf,inf,inf,inf,inf,inf,inf,inf,inf,inf,inf,inf,inf,inf,inf,inf,inf,inf,inf,inf,inf,inf,inf,inf,inf,inf,inf,inf,inf,inf,inf,inf,inf,inf,inf,inf,inf,inf,inf,inf,inf
394,0.650772,0.62372,0.6381,0.709315,0.689155,0.674707,0.647541,0.749138,0.756762,0.743845,0.722684,0.732521,0.757941,0.783589,0.794275,0.702791,0.725581,0.776277,0.775067,inf,0.734117,0.779585,0.779386,inf,inf,inf,inf,0.747796,0.777799,0.806458,0.769189,0.773591,0.778688,inf,inf,inf,inf,inf,inf,inf,inf,inf,inf,0.813433,0.805535,0.809085,0.795059,0.768099,inf,inf,inf,inf,inf,inf,inf,inf,inf,inf,inf,inf,0.795237,0.790022,inf,inf,inf,inf,inf,inf,inf,inf,inf,inf,inf,inf,inf,0.795853,0.8267,inf,inf,inf,inf,inf,inf,inf,inf,inf,inf,inf,inf,inf,0.824597,inf,inf,inf,inf,inf,inf,inf,inf,inf,inf,inf,inf,inf,inf,inf,inf,inf,inf,inf,inf,inf,inf,inf,inf,inf,inf,inf,inf,inf,inf,inf,inf,inf,inf,inf,inf,inf,inf,inf,inf,inf,inf,inf,inf,inf,inf,inf,inf,inf,inf,inf,inf,inf,inf,inf,inf,inf,inf,inf,inf,inf,inf,inf,inf,inf,inf,inf,inf,inf,inf,inf,inf,inf,inf,inf,inf,inf,inf,inf,inf,inf,inf,inf,inf,inf,inf,inf,inf,inf,inf,inf,inf,inf,inf,inf,inf,inf,inf,inf,inf,inf,inf,inf,inf,inf,inf,inf,inf,inf,inf,inf,inf,inf,inf,inf,inf,inf,inf,inf,inf,inf,inf,inf,inf,inf,inf,inf,inf,inf,inf,inf,inf,inf,inf
395,0.655709,0.719868,0.724422,0.731075,0.71156,0.712453,0.64561,0.704756,0.696767,0.695278,0.669027,0.691419,0.715738,0.740311,0.763624,0.789321,0.818717,0.818622,0.805982,0.782795,0.765912,inf,inf,inf,inf,inf,0.722652,0.736164,0.750138,0.777854,0.818681,0.813265,inf,inf,inf,0.774522,inf,inf,inf,inf,inf,inf,inf,0.820475,0.777615,0.833818,0.808549,inf,inf,inf,inf,inf,inf,inf,inf,inf,inf,inf,inf,0.852928,0.83476,inf,inf,inf,inf,inf,inf,inf,inf,inf,inf,inf,inf,inf,inf,inf,inf,inf,inf,inf,inf,inf,inf,inf,inf,inf,inf,inf,inf,inf,inf,inf,inf,inf,inf,inf,inf,inf,inf,inf,inf,inf,inf,inf,inf,inf,inf,inf,inf,inf,inf,inf,inf,inf,inf,inf,inf,inf,inf,inf,inf,inf,inf,inf,inf,inf,inf,inf,inf,inf,inf,inf,inf,inf,inf,inf,inf,inf,inf,inf,inf,inf,inf,inf,inf,inf,inf,inf,inf,inf,inf,inf,inf,inf,inf,inf,inf,inf,inf,inf,inf,inf,inf,inf,inf,inf,inf,inf,inf,inf,inf,inf,inf,inf,inf,inf,inf,inf,inf,inf,inf,inf,inf,inf,inf,inf,inf,inf,inf,inf,inf,inf,inf,inf,inf,inf,inf,inf,inf,inf,inf,inf,inf,inf,inf,inf,inf,inf,inf,inf,inf,inf,inf,inf,inf,inf,inf,inf,inf,inf,inf,inf,inf,inf,inf
396,0.658834,0.654264,0.69279,0.690404,0.691714,0.676907,0.6473,inf,inf,0.665826,0.641478,0.620979,0.645457,0.670361,0.694144,0.835652,0.847769,0.81736,0.810656,0.786816,inf,inf,inf,inf,inf,inf,inf,0.792085,0.692818,0.721015,0.906068,0.891969,inf,inf,inf,inf,inf,inf,inf,inf,inf,inf,inf,0.908648,0.791285,0.891538,inf,inf,inf,inf,inf,inf,inf,inf,inf,inf,inf,inf,inf,inf,inf,inf,inf,inf,inf,inf,inf,inf,inf,inf,inf,inf,inf,inf,inf,inf,inf,inf,inf,inf,inf,inf,inf,inf,inf,inf,inf,inf,inf,inf,inf,inf,inf,inf,inf,inf,inf,inf,inf,inf,inf,inf,inf,inf,inf,inf,inf,inf,inf,inf,inf,inf,inf,inf,inf,inf,inf,inf,inf,inf,inf,inf,inf,inf,inf,inf,inf,inf,inf,inf,inf,inf,inf,inf,inf,inf,inf,inf,inf,inf,inf,inf,inf,inf,inf,inf,inf,inf,inf,inf,inf,inf,inf,inf,inf,inf,inf,inf,inf,inf,inf,inf,inf,inf,inf,inf,inf,inf,inf,inf,inf,inf,inf,inf,inf,inf,inf,inf,inf,inf,inf,inf,inf,inf,inf,inf,inf,inf,inf,inf,inf,inf,inf,inf,inf,inf,inf,inf,inf,inf,inf,inf,inf,inf,inf,inf,inf,inf,inf,inf,inf,inf,inf,inf,inf,inf,inf,inf,inf,inf,inf,inf,inf,inf,inf
397,0.664955,0.712352,0.759652,0.733621,0.736109,0.718884,0.654158,inf,inf,inf,inf,0.689622,0.615347,0.64196,0.667795,0.875434,0.868158,0.860811,0.830387,inf,inf,inf,inf,inf,inf,inf,inf,inf,0.7962,0.676413,0.911653,0.899674,inf,inf,inf,inf,inf,inf,inf,inf,inf,inf,inf,inf,0.935573,0.898638,inf,inf,inf,inf,inf,inf,inf,inf,inf,inf,inf,inf,inf,inf,inf,inf,inf,inf,inf,inf,inf,inf,inf,inf,inf,inf,inf,inf,inf,inf,inf,inf,inf,inf,inf,inf,inf,inf,inf,inf,inf,inf,inf,inf,inf,inf,inf,inf,inf,inf,inf,inf,inf,inf,inf,inf,inf,inf,inf,inf,inf,inf,inf,inf,inf,inf,inf,inf,inf,inf,inf,inf,inf,inf,inf,inf,inf,inf,inf,inf,inf,inf,inf,inf,inf,inf,inf,inf,inf,inf,inf,inf,inf,inf,inf,inf,inf,inf,inf,inf,inf,inf,inf,inf,inf,inf,inf,inf,inf,inf,inf,inf,inf,inf,inf,inf,inf,inf,inf,inf,inf,inf,inf,inf,inf,inf,inf,inf,inf,inf,inf,inf,inf,inf,inf,inf,inf,inf,inf,inf,inf,inf,inf,inf,inf,inf,inf,inf,inf,inf,inf,inf,inf,inf,inf,inf,inf,inf,inf,inf,inf,inf,inf,inf,inf,inf,inf,inf,inf,inf,inf,inf,inf,inf,inf,inf,inf,inf,inf
398,0.669779,0.815718,0.811202,0.78304,0.783168,inf,0.658988,inf,inf,inf,inf,inf,0.754314,0.632456,0.660194,0.88174,0.873089,0.888945,inf,inf,inf,inf,inf,inf,inf,inf,inf,inf,0.83633,0.793405,0.869441,0.881182,inf,inf,inf,inf,inf,inf,inf,inf,inf,inf,inf,inf,0.85216,0.882903,inf,inf,inf,inf,inf,inf,inf,inf,inf,inf,inf,inf,inf,inf,inf,inf,inf,inf,inf,inf,inf,inf,inf,inf,inf,inf,inf,inf,inf,inf,inf,inf,inf,inf,inf,inf,inf,inf,inf,inf,inf,inf,inf,inf,inf,inf,inf,inf,inf,inf,inf,inf,inf,inf,inf,inf,inf,inf,inf,inf,inf,inf,inf,inf,inf,inf,inf,inf,inf,inf,inf,inf,inf,inf,inf,inf,inf,inf,inf,inf,inf,inf,inf,inf,inf,inf,inf,inf,inf,inf,inf,inf,inf,inf,inf,inf,inf,inf,inf,inf,inf,inf,inf,inf,inf,inf,inf,inf,inf,inf,inf,inf,inf,inf,inf,inf,inf,inf,inf,inf,inf,inf,inf,inf,inf,inf,inf,inf,inf,inf,inf,inf,inf,inf,inf,inf,inf,inf,inf,inf,inf,inf,inf,inf,inf,inf,inf,inf,inf,inf,inf,inf,inf,inf,inf,inf,inf,inf,inf,inf,inf,inf,inf,inf,inf,inf,inf,inf,inf,inf,inf,inf,inf,inf,inf,inf,inf,inf,inf
399,0.878386,0.852608,0.84829,0.824264,0.803708,inf,0.648536,inf,inf,inf,inf,inf,0.709347,0.734206,0.672399,0.927023,0.896493,0.887494,inf,inf,inf,inf,inf,inf,inf,inf,inf,inf,inf,0.827268,0.912115,inf,inf,inf,inf,inf,inf,inf,inf,inf,inf,inf,inf,inf,inf,inf,inf,inf,inf,inf,inf,inf,inf,inf,inf,inf,inf,inf,inf,inf,inf,inf,inf,inf,inf,inf,inf,inf,inf,inf,inf,inf,inf,inf,inf,inf,inf,inf,inf,inf,inf,inf,inf,inf,inf,inf,inf,inf,inf,inf,inf,inf,inf,inf,inf,inf,inf,inf,inf,inf,inf,inf,inf,inf,inf,inf,inf,inf,inf,inf,inf,inf,inf,inf,inf,inf,inf,inf,inf,inf,inf,inf,inf,inf,inf,inf,inf,inf,inf,inf,inf,inf,inf,inf,inf,inf,inf,inf,inf,inf,inf,inf,inf,inf,inf,inf,inf,inf,inf,inf,inf,inf,inf,inf,inf,inf,inf,inf,inf,inf,inf,inf,inf,inf,inf,inf,inf,inf,inf,inf,inf,inf,inf,inf,inf,inf,inf,inf,inf,inf,inf,inf,inf,inf,inf,inf,inf,inf,inf,inf,inf,inf,inf,inf,inf,inf,inf,inf,inf,inf,inf,inf,inf,inf,inf,inf,inf,inf,inf,inf,inf,inf,inf,inf,inf,inf,inf,inf,inf,inf,inf,inf,inf,inf,inf
400,0.870426,0.86598,0.840442,0.816948,inf,inf,0.646129,inf,inf,inf,inf,inf,0.710776,0.75701,0.673464,0.918223,0.909047,inf,inf,inf,inf,inf,inf,inf,inf,inf,inf,inf,inf,0.829285,0.902466,inf,inf,inf,inf,inf,inf,inf,inf,inf,inf,inf,inf,inf,inf,inf,inf,inf,inf,inf,inf,inf,inf,inf,inf,inf,inf,inf,inf,inf,inf,inf,inf,inf,inf,inf,inf,inf,inf,inf,inf,inf,inf,inf,inf,inf,inf,inf,inf,inf,inf,inf,inf,inf,inf,inf,inf,inf,inf,inf,inf,inf,inf,inf,inf,inf,inf,inf,inf,inf,inf,inf,inf,inf,inf,inf,inf,inf,inf,inf,inf,inf,inf,inf,inf,inf,inf,inf,inf,inf,inf,inf,inf,inf,inf,inf,inf,inf,inf,inf,inf,inf,inf,inf,inf,inf,inf,inf,inf,inf,inf,inf,inf,inf,inf,inf,inf,inf,inf,inf,inf,inf,inf,inf,inf,inf,inf,inf,inf,inf,inf,inf,inf,inf,inf,inf,inf,inf,inf,inf,inf,inf,inf,inf,inf,inf,inf,inf,inf,inf,inf,inf,inf,inf,inf,inf,inf,inf,inf,inf,inf,inf,inf,inf,inf,inf,inf,inf,inf,inf,inf,inf,inf,inf,inf,inf,inf,inf,inf,inf,inf,inf,inf,inf,inf,inf,inf,inf,inf,inf,inf,inf,inf,inf,inf
401,0.869092,0.866728,0.842358,0.820763,inf,0.640221,inf,inf,inf,inf,inf,inf,0.72265,0.723647,0.676709,0.919654,0.88955,inf,inf,inf,inf,inf,inf,inf,inf,inf,inf,inf,inf,0.824749,inf,inf,inf,inf,inf,inf,inf,inf,inf,inf,inf,inf,inf,inf,inf,inf,inf,inf,inf,inf,inf,inf,inf,inf,inf,inf,inf,inf,inf,inf,inf,inf,inf,inf,inf,inf,inf,inf,inf,inf,inf,inf,inf,inf,inf,inf,inf,inf,inf,inf,inf,inf,inf,inf,inf,inf,inf,inf,inf,inf,inf,inf,inf,inf,inf,inf,inf,inf,inf,inf,inf,inf,inf,inf,inf,inf,inf,inf,inf,inf,inf,inf,inf,inf,inf,inf,inf,inf,inf,inf,inf,inf,inf,inf,inf,inf,inf,inf,inf,inf,inf,inf,inf,inf,inf,inf,inf,inf,inf,inf,inf,inf,inf,inf,inf,inf,inf,inf,inf,inf,inf,inf,inf,inf,inf,inf,inf,inf,inf,inf,inf,inf,inf,inf,inf,inf,inf,inf,inf,inf,inf,inf,inf,inf,inf,inf,inf,inf,inf,inf,inf,inf,inf,inf,inf,inf,inf,inf,inf,inf,inf,inf,inf,inf,inf,inf,inf,inf,inf,inf,inf,inf,inf,inf,inf,inf,inf,inf,inf,inf,inf,inf,inf,inf,inf,inf,inf,inf,inf,inf,inf,inf,inf,inf,inf
402,inf,inf,inf,inf,inf,inf,0.645386,inf,inf,inf,inf,inf,inf,0.948348,0.890903,inf,inf,inf,inf,inf,inf,inf,inf,inf,inf,inf,inf,inf,inf,inf,inf,inf,inf,inf,inf,inf,inf,inf,inf,inf,inf,inf,inf,inf,inf,inf,inf,inf,inf,inf,inf,inf,inf,inf,inf,inf,inf,inf,inf,inf,inf,inf,inf,inf,inf,inf,inf,inf,inf,inf,inf,inf,inf,inf,inf,inf,inf,inf,inf,inf,inf,inf,inf,inf,inf,inf,inf,inf,inf,inf,inf,inf,inf,inf,inf,inf,inf,inf,inf,inf,inf,inf,inf,inf,inf,inf,inf,inf,inf,inf,inf,inf,inf,inf,inf,inf,inf,inf,inf,inf,inf,inf,inf,inf,inf,inf,inf,inf,inf,inf,inf,inf,inf,inf,inf,inf,inf,inf,inf,inf,inf,inf,inf,inf,inf,inf,inf,inf,inf,inf,inf,inf,inf,inf,inf,inf,inf,inf,inf,inf,inf,inf,inf,inf,inf,inf,inf,inf,inf,inf,inf,inf,inf,inf,inf,inf,inf,inf,inf,inf,inf,inf,inf,inf,inf,inf,inf,inf,inf,inf,inf,inf,inf,inf,inf,inf,inf,inf,inf,inf,inf,inf,inf,inf,inf,inf,inf,inf,inf,inf,inf,inf,inf,inf,inf,inf,inf,inf,inf,inf,inf,inf,inf,inf,inf
403,inf,inf,inf,inf,inf,0.640642,inf,inf,inf,inf,inf,inf,inf,inf,inf,inf,inf,inf,inf,inf,inf,inf,inf,inf,inf,inf,inf,inf,inf,inf,inf,inf,inf,inf,inf,inf,inf,inf,inf,inf,inf,inf,inf,inf,inf,inf,inf,inf,inf,inf,inf,inf,inf,inf,inf,inf,inf,inf,inf,inf,inf,inf,inf,inf,inf,inf,inf,inf,inf,inf,inf,inf,inf,inf,inf,inf,inf,inf,inf,inf,inf,inf,inf,inf,inf,inf,inf,inf,inf,inf,inf,inf,inf,inf,inf,inf,inf,inf,inf,inf,inf,inf,inf,inf,inf,inf,inf,inf,inf,inf,inf,inf,inf,inf,inf,inf,inf,inf,inf,inf,inf,inf,inf,inf,inf,inf,inf,inf,inf,inf,inf,inf,inf,inf,inf,inf,inf,inf,inf,inf,inf,inf,inf,inf,inf,inf,inf,inf,inf,inf,inf,inf,inf,inf,inf,inf,inf,inf,inf,inf,inf,inf,inf,inf,inf,inf,inf,inf,inf,inf,inf,inf,inf,inf,inf,inf,inf,inf,inf,inf,inf,inf,inf,inf,inf,inf,inf,inf,inf,inf,inf,inf,inf,inf,inf,inf,inf,inf,inf,inf,inf,inf,inf,inf,inf,inf,inf,inf,inf,inf,inf,inf,inf,inf,inf,inf,inf,inf,inf,inf,inf,inf,inf,inf,inf
404,inf,inf,inf,inf,inf,inf,0.641538,inf,inf,inf,inf,inf,inf,inf,inf,inf,inf,inf,inf,inf,inf,inf,inf,inf,inf,inf,inf,inf,inf,inf,inf,inf,inf,inf,inf,inf,inf,inf,inf,inf,inf,inf,inf,inf,inf,inf,inf,inf,inf,inf,inf,inf,inf,inf,inf,inf,inf,inf,inf,inf,inf,inf,inf,inf,inf,inf,inf,inf,inf,inf,inf,inf,inf,inf,inf,inf,inf,inf,inf,inf,inf,inf,inf,inf,inf,inf,inf,inf,inf,inf,inf,inf,inf,inf,inf,inf,inf,inf,inf,inf,inf,inf,inf,inf,inf,inf,inf,inf,inf,inf,inf,inf,inf,inf,inf,inf,inf,inf,inf,inf,inf,inf,inf,inf,inf,inf,inf,inf,inf,inf,inf,inf,inf,inf,inf,inf,inf,inf,inf,inf,inf,inf,inf,inf,inf,inf,inf,inf,inf,inf,inf,inf,inf,inf,inf,inf,inf,inf,inf,inf,inf,inf,inf,inf,inf,inf,inf,inf,inf,inf,inf,inf,inf,inf,inf,inf,inf,inf,inf,inf,inf,inf,inf,inf,inf,inf,inf,inf,inf,inf,inf,inf,inf,inf,inf,inf,inf,inf,inf,inf,inf,inf,inf,inf,inf,inf,inf,inf,inf,inf,inf,inf,inf,inf,inf,inf,inf,inf,inf,inf,inf,inf,inf,inf,inf
405,inf,inf,inf,inf,inf,inf,inf,inf,0.628366,inf,inf,inf,inf,inf,inf,inf,inf,inf,inf,inf,inf,inf,inf,inf,inf,inf,inf,inf,inf,inf,inf,inf,inf,inf,inf,inf,inf,inf,inf,inf,inf,inf,inf,inf,inf,inf,inf,inf,inf,inf,inf,inf,inf,inf,inf,inf,inf,inf,inf,inf,inf,inf,inf,inf,inf,inf,inf,inf,inf,inf,inf,inf,inf,inf,inf,inf,inf,inf,inf,inf,inf,inf,inf,inf,inf,inf,inf,inf,inf,inf,inf,inf,inf,inf,inf,inf,inf,inf,inf,inf,inf,inf,inf,inf,inf,inf,inf,inf,inf,inf,inf,inf,inf,inf,inf,inf,inf,inf,inf,inf,inf,inf,inf,inf,inf,inf,inf,inf,inf,inf,inf,inf,inf,inf,inf,inf,inf,inf,inf,inf,inf,inf,inf,inf,inf,inf,inf,inf,inf,inf,inf,inf,inf,inf,inf,inf,inf,inf,inf,inf,inf,inf,inf,inf,inf,inf,inf,inf,inf,inf,inf,inf,inf,inf,inf,inf,inf,inf,inf,inf,inf,inf,inf,inf,inf,inf,inf,inf,inf,inf,inf,inf,inf,inf,inf,inf,inf,inf,inf,inf,inf,inf,inf,inf,inf,inf,inf,inf,inf,inf,inf,inf,inf,inf,inf,inf,inf,inf,inf,inf,inf,inf,inf,inf,inf
406,inf,inf,inf,inf,inf,inf,inf,inf,inf,0.616066,inf,inf,inf,inf,inf,inf,inf,inf,inf,inf,inf,inf,inf,inf,inf,inf,inf,inf,inf,inf,inf,inf,inf,inf,inf,inf,inf,inf,inf,inf,inf,inf,inf,inf,inf,inf,inf,inf,inf,inf,inf,inf,inf,inf,inf,inf,inf,inf,inf,inf,inf,inf,inf,inf,inf,inf,inf,inf,inf,inf,inf,inf,inf,inf,inf,inf,inf,inf,inf,inf,inf,inf,inf,inf,inf,inf,inf,inf,inf,inf,inf,inf,inf,inf,inf,inf,inf,inf,inf,inf,inf,inf,inf,inf,inf,inf,inf,inf,inf,inf,inf,inf,inf,inf,inf,inf,inf,inf,inf,inf,inf,inf,inf,inf,inf,inf,inf,inf,inf,inf,inf,inf,inf,inf,inf,inf,inf,inf,inf,inf,inf,inf,inf,inf,inf,inf,inf,inf,inf,inf,inf,inf,inf,inf,inf,inf,inf,inf,inf,inf,inf,inf,inf,inf,inf,inf,inf,inf,inf,inf,inf,inf,inf,inf,inf,inf,inf,inf,inf,inf,inf,inf,inf,inf,inf,inf,inf,inf,inf,inf,inf,inf,inf,inf,inf,inf,inf,inf,inf,inf,inf,inf,inf,inf,inf,inf,inf,inf,inf,inf,inf,inf,inf,inf,inf,inf,inf,inf,inf,inf,inf,inf,inf,inf,inf
407,inf,inf,inf,inf,inf,inf,inf,inf,inf,inf,inf,inf,inf,inf,inf,inf,inf,inf,inf,inf,inf,inf,inf,inf,inf,inf,inf,inf,inf,inf,inf,inf,inf,inf,inf,inf,inf,inf,inf,inf,inf,inf,inf,inf,inf,inf,inf,inf,inf,inf,inf,inf,inf,inf,inf,inf,inf,inf,inf,inf,inf,inf,inf,inf,inf,inf,inf,inf,inf,inf,inf,inf,inf,inf,inf,inf,inf,inf,inf,inf,inf,inf,inf,inf,inf,inf,inf,inf,inf,inf,inf,inf,inf,inf,inf,inf,inf,inf,inf,inf,inf,inf,inf,inf,inf,inf,inf,inf,inf,inf,inf,inf,inf,inf,inf,inf,inf,inf,inf,inf,inf,inf,inf,inf,inf,inf,inf,inf,inf,inf,inf,inf,inf,inf,inf,inf,inf,inf,inf,inf,inf,inf,inf,inf,inf,inf,inf,inf,inf,inf,inf,inf,inf,inf,inf,inf,inf,inf,inf,inf,inf,inf,inf,inf,inf,inf,inf,inf,inf,inf,inf,inf,inf,inf,inf,inf,inf,inf,inf,inf,inf,inf,inf,inf,inf,inf,inf,inf,inf,inf,inf,inf,inf,inf,inf,inf,inf,inf,inf,inf,inf,inf,inf,inf,inf,inf,inf,inf,inf,inf,inf,inf,inf,inf,inf,inf,inf,inf,inf,inf,inf,inf,inf,inf,inf
408,inf,inf,inf,inf,inf,inf,inf,inf,inf,inf,inf,inf,inf,inf,inf,inf,inf,inf,inf,inf,inf,inf,inf,inf,inf,inf,inf,inf,inf,inf,inf,inf,inf,inf,inf,inf,inf,inf,inf,inf,inf,inf,inf,inf,inf,inf,inf,inf,inf,inf,inf,inf,inf,inf,inf,inf,inf,inf,inf,inf,inf,inf,inf,inf,inf,inf,inf,inf,inf,inf,inf,inf,inf,inf,inf,inf,inf,inf,inf,inf,inf,inf,inf,inf,inf,inf,inf,inf,inf,inf,inf,inf,inf,inf,inf,inf,inf,inf,inf,inf,inf,inf,inf,inf,inf,inf,inf,inf,inf,inf,inf,inf,inf,inf,inf,inf,inf,inf,inf,inf,inf,inf,inf,inf,inf,inf,inf,inf,inf,inf,inf,inf,inf,inf,inf,inf,inf,inf,inf,inf,inf,inf,inf,inf,inf,inf,inf,inf,inf,inf,inf,inf,inf,inf,inf,inf,inf,inf,inf,inf,inf,inf,inf,inf,inf,inf,inf,inf,inf,inf,inf,inf,inf,inf,inf,inf,inf,inf,inf,inf,inf,inf,inf,inf,inf,inf,inf,inf,inf,inf,inf,inf,inf,inf,inf,inf,inf,inf,inf,inf,inf,inf,inf,inf,inf,inf,inf,inf,inf,inf,inf,inf,inf,inf,inf,inf,inf,inf,inf,inf,inf,inf,inf,inf,inf
409,inf,inf,inf,inf,inf,inf,inf,inf,inf,inf,inf,inf,inf,inf,inf,inf,inf,inf,inf,inf,inf,inf,inf,inf,inf,inf,inf,inf,inf,inf,inf,inf,inf,inf,inf,inf,inf,inf,inf,inf,inf,inf,inf,inf,inf,inf,inf,inf,inf,inf,inf,inf,inf,inf,inf,inf,inf,inf,inf,inf,inf,inf,inf,inf,inf,inf,inf,inf,inf,inf,inf,inf,inf,inf,inf,inf,inf,inf,inf,inf,inf,inf,inf,inf,inf,inf,inf,inf,inf,inf,inf,inf,inf,inf,inf,inf,inf,inf,inf,inf,inf,inf,inf,inf,inf,inf,inf,inf,inf,inf,inf,inf,inf,inf,inf,inf,inf,inf,inf,inf,inf,inf,inf,inf,inf,inf,inf,inf,inf,inf,inf,inf,inf,inf,inf,inf,inf,inf,inf,inf,inf,inf,inf,inf,inf,inf,inf,inf,inf,inf,inf,inf,inf,inf,inf,inf,inf,inf,inf,inf,inf,inf,inf,inf,inf,inf,inf,inf,inf,inf,inf,inf,inf,inf,inf,inf,inf,inf,inf,inf,inf,inf,inf,inf,inf,inf,inf,inf,inf,inf,inf,inf,inf,inf,inf,inf,inf,inf,inf,inf,inf,inf,inf,inf,inf,inf,inf,inf,inf,inf,inf,inf,inf,inf,inf,inf,inf,inf,inf,inf,inf,inf,inf,inf,inf
410,inf,inf,inf,inf,inf,inf,inf,inf,inf,inf,inf,inf,inf,inf,inf,inf,inf,inf,inf,inf,inf,inf,inf,inf,inf,inf,inf,inf,inf,inf,inf,inf,inf,inf,inf,inf,inf,inf,inf,inf,inf,inf,inf,inf,inf,inf,inf,inf,inf,inf,inf,inf,inf,inf,inf,inf,inf,inf,inf,inf,inf,inf,inf,inf,inf,inf,inf,inf,inf,inf,inf,inf,inf,inf,inf,inf,inf,inf,inf,inf,inf,inf,inf,inf,inf,inf,inf,inf,inf,inf,inf,inf,inf,inf,inf,inf,inf,inf,inf,inf,inf,inf,inf,inf,inf,inf,inf,inf,inf,inf,inf,inf,inf,inf,inf,inf,inf,inf,inf,inf,inf,inf,inf,inf,inf,inf,inf,inf,inf,inf,inf,inf,inf,inf,inf,inf,inf,inf,inf,inf,inf,inf,inf,inf,inf,inf,inf,inf,inf,inf,inf,inf,inf,inf,inf,inf,inf,inf,inf,inf,inf,inf,inf,inf,inf,inf,inf,inf,inf,inf,inf,inf,inf,inf,inf,inf,inf,inf,inf,inf,inf,inf,inf,inf,inf,inf,inf,inf,inf,inf,inf,inf,inf,inf,inf,inf,inf,inf,inf,inf,inf,inf,inf,inf,inf,inf,inf,inf,inf,inf,inf,inf,inf,inf,inf,inf,inf,inf,inf,inf,inf,inf,inf,inf,inf
411,inf,inf,inf,inf,inf,inf,inf,inf,inf,inf,inf,inf,inf,inf,inf,inf,inf,inf,inf,inf,inf,inf,inf,inf,inf,inf,inf,inf,inf,inf,inf,inf,inf,inf,inf,inf,inf,inf,inf,inf,inf,inf,inf,inf,inf,inf,inf,inf,inf,inf,inf,inf,inf,inf,inf,inf,inf,inf,inf,inf,inf,inf,inf,inf,inf,inf,inf,inf,inf,inf,inf,inf,inf,inf,inf,inf,inf,inf,inf,inf,inf,inf,inf,inf,inf,inf,inf,inf,inf,inf,inf,inf,inf,inf,inf,inf,inf,inf,inf,inf,inf,inf,inf,inf,inf,inf,inf,inf,inf,inf,inf,inf,inf,inf,inf,inf,inf,inf,inf,inf,inf,inf,inf,inf,inf,inf,inf,inf,inf,inf,inf,inf,inf,inf,inf,inf,inf,inf,inf,inf,inf,inf,inf,inf,inf,inf,inf,inf,inf,inf,inf,inf,inf,inf,inf,inf,inf,inf,inf,inf,inf,inf,inf,inf,inf,inf,inf,inf,inf,inf,inf,inf,inf,inf,inf,inf,inf,inf,inf,inf,inf,inf,inf,inf,inf,inf,inf,inf,inf,inf,inf,inf,inf,inf,inf,inf,inf,inf,inf,inf,inf,inf,inf,inf,inf,inf,inf,inf,inf,inf,inf,inf,inf,inf,inf,inf,inf,inf,inf,inf,inf,inf,inf,inf,inf
412,inf,inf,inf,inf,inf,inf,inf,inf,inf,inf,inf,inf,inf,inf,inf,inf,inf,inf,inf,inf,inf,inf,inf,inf,inf,inf,inf,inf,inf,inf,inf,inf,inf,inf,inf,inf,inf,inf,inf,inf,inf,inf,inf,inf,inf,inf,inf,inf,inf,inf,inf,inf,inf,inf,inf,inf,inf,inf,inf,inf,inf,inf,inf,inf,inf,inf,inf,inf,inf,inf,inf,inf,inf,inf,inf,inf,inf,inf,inf,inf,inf,inf,inf,inf,inf,inf,inf,inf,inf,inf,inf,inf,inf,inf,inf,inf,inf,inf,inf,inf,inf,inf,inf,inf,inf,inf,inf,inf,inf,inf,inf,inf,inf,inf,inf,inf,inf,inf,inf,inf,inf,inf,inf,inf,inf,inf,inf,inf,inf,inf,inf,inf,inf,inf,inf,inf,inf,inf,inf,inf,inf,inf,inf,inf,inf,inf,inf,inf,inf,inf,inf,inf,inf,inf,inf,inf,inf,inf,inf,inf,inf,inf,inf,inf,inf,inf,inf,inf,inf,inf,inf,inf,inf,inf,inf,inf,inf,inf,inf,inf,inf,inf,inf,inf,inf,inf,inf,inf,inf,inf,inf,inf,inf,inf,inf,inf,inf,inf,inf,inf,inf,inf,inf,inf,inf,inf,inf,inf,inf,inf,inf,inf,inf,inf,inf,inf,inf,inf,inf,inf,inf,inf,inf,inf,inf
413,inf,inf,inf,inf,inf,inf,inf,inf,inf,inf,inf,inf,inf,inf,inf,inf,inf,inf,inf,inf,inf,inf,inf,inf,inf,inf,inf,inf,inf,inf,inf,inf,inf,inf,inf,inf,inf,inf,inf,inf,inf,inf,inf,inf,inf,inf,inf,inf,inf,inf,inf,inf,inf,inf,inf,inf,inf,inf,inf,inf,inf,inf,inf,inf,inf,inf,inf,inf,inf,inf,inf,inf,inf,inf,inf,inf,inf,inf,inf,inf,inf,inf,inf,inf,inf,inf,inf,inf,inf,inf,inf,inf,inf,inf,inf,inf,inf,inf,inf,inf,inf,inf,inf,inf,inf,inf,inf,inf,inf,inf,inf,inf,inf,inf,inf,inf,inf,inf,inf,inf,inf,inf,inf,inf,inf,inf,inf,inf,inf,inf,inf,inf,inf,inf,inf,inf,inf,inf,inf,inf,inf,inf,inf,inf,inf,inf,inf,inf,inf,inf,inf,inf,inf,inf,inf,inf,inf,inf,inf,inf,inf,inf,inf,inf,inf,inf,inf,inf,inf,inf,inf,inf,inf,inf,inf,inf,inf,inf,inf,inf,inf,inf,inf,inf,inf,inf,inf,inf,inf,inf,inf,inf,inf,inf,inf,inf,inf,inf,inf,inf,inf,inf,inf,inf,inf,inf,inf,inf,inf,inf,inf,inf,inf,inf,inf,inf,inf,inf,inf,inf,inf,inf,inf,inf,inf
414,0.687209,0.672877,0.661279,0.653524,0.65038,0.652194,0.658755,0.669408,0.68312,0.698634,0.714616,0.729782,0.742989,0.753296,0.76,0.654888,0.636698,0.622047,0.612239,0.608193,0.610295,0.61833,0.631524,0.648668,0.668291,0.688838,0.708805,0.726846,0.741838,0.752918,0.602893,0.580741,0.562934,0.570995,0.566,0.568406,0.57797,0.593789,0.614462,0.638289,0.663476,0.688295,0.711192,0.730859,0.74628,0.651246,0.64502,0.623951,0.649796,0.64381,0.64653,0.657678,0.656213,0.660517,inf,inf,inf,inf,inf,inf,0.739964,0.629551,0.565106,0.588645,0.601622,0.604667,0.59746,0.698806,0.726852,0.73938,inf,inf,inf,inf,inf,0.58907,inf,inf,inf,inf,inf,0.597323,0.681583,0.733482,0.770514,0.810085,inf,inf,inf,inf,inf,inf,inf,inf,inf,inf,inf,0.604555,0.700428,0.762068,0.786585,0.811264,0.813705,inf,inf,inf,inf,inf,inf,inf,inf,inf,0.527739,inf,inf,0.743602,0.773344,0.80068,0.803436,inf,inf,inf,inf,inf,inf,inf,inf,0.531151,inf,inf,inf,0.715995,0.78822,0.815502,0.796018,inf,inf,inf,inf,inf,inf,inf,inf,0.54337,inf,inf,inf,0.716336,0.808102,0.772605,inf,inf,inf,inf,inf,inf,inf,inf,0.471799,inf,inf,inf,inf,0.761244,0.809666,inf,inf,inf,inf,inf,inf,inf,inf,inf,0.486978,inf,inf,inf,inf,0.727204,inf,inf,inf,inf,inf,inf,inf,inf,inf,0.461575,inf,inf,inf,inf,inf,inf,inf,inf,inf,inf,inf,inf,inf,inf,inf,0.397846,inf,inf,inf,inf,inf,inf,inf,inf,inf,inf,inf,inf,inf,inf,0.339137,inf,inf,inf,inf
415,0.620841,0.60706,0.596392,0.589875,0.58811,0.591445,0.59937,0.611152,0.625664,0.6416,0.657616,0.672452,0.685007,0.694401,0.7,0.58731,0.569944,0.556558,0.548369,0.546154,0.550124,0.559888,0.574517,0.592698,0.612908,inf,inf,inf,inf,inf,0.709612,0.655226,0.616808,0.606883,0.70414,0.708829,0.720495,inf,inf,inf,inf,inf,inf,inf,inf,0.754432,0.707364,0.643816,0.609866,0.751016,0.75645,0.770089,0.779579,0.772063,inf,inf,inf,inf,inf,inf,0.732898,inf,0.626477,0.546206,0.709003,0.715212,0.742009,0.754635,0.762204,inf,inf,inf,inf,inf,inf,inf,inf,inf,inf,inf,inf,0.680708,0.718799,inf,inf,0.786411,inf,inf,inf,inf,inf,inf,inf,inf,inf,inf,0.64175,inf,inf,inf,inf,0.786839,inf,inf,inf,inf,inf,inf,inf,inf,inf,inf,0.614516,inf,inf,inf,inf,0.772474,inf,inf,inf,inf,inf,inf,inf,inf,inf,0.590548,inf,inf,inf,inf,inf,0.807102,0.811935,inf,inf,inf,inf,inf,inf,inf,0.533536,inf,inf,inf,inf,inf,inf,0.809848,inf,inf,inf,inf,inf,inf,inf,inf,0.499616,inf,inf,inf,inf,inf,inf,inf,inf,inf,inf,inf,inf,inf,inf,0.470312,inf,inf,inf,inf,inf,inf,inf,inf,inf,inf,inf,inf,inf,inf,inf,0.492649,inf,inf,inf,inf,inf,inf,inf,inf,inf,inf,inf,inf,inf,inf,0.436437,inf,inf,inf,inf,inf,inf,inf,inf,inf,inf,inf,inf,inf,inf,inf,0.434268,inf,inf,inf,inf
416,0.621635,0.60835,0.598176,0.592105,0.590631,0.594254,0.602254,0.613954,0.628239,0.643829,0.659415,0.673775,0.685848,0.694791,0.7,0.587507,0.570708,0.557909,0.550279,0.548545,0.552874,0.562843,0.577513,0.595575,0.615527,0.63584,inf,inf,inf,inf,0.71519,0.671697,0.633104,0.623854,0.737109,0.742297,0.754309,0.74897,0.770912,0.772243,0.774273,0.636883,0.658619,inf,inf,0.762395,0.703635,0.63915,0.616677,0.764135,0.770219,0.784353,0.782185,0.785038,inf,inf,inf,inf,inf,inf,inf,inf,inf,inf,0.721932,0.72895,0.74529,0.769482,0.776435,inf,inf,inf,inf,inf,inf,inf,inf,inf,inf,inf,inf,0.694824,0.722415,inf,inf,0.788742,inf,inf,inf,inf,inf,inf,inf,inf,inf,inf,inf,0.687156,0.72574,inf,inf,0.788759,inf,inf,inf,inf,inf,inf,inf,inf,inf,inf,0.629109,inf,inf,inf,inf,0.77306,0.813622,inf,inf,inf,inf,inf,inf,inf,inf,inf,inf,inf,inf,inf,inf,inf,0.822462,inf,inf,inf,inf,inf,inf,inf,inf,0.566338,inf,inf,inf,inf,inf,inf,inf,inf,inf,inf,inf,inf,inf,inf,inf,inf,inf,inf,inf,inf,inf,inf,inf,inf,inf,inf,inf,inf,inf,inf,0.531333,inf,inf,inf,inf,inf,inf,inf,inf,inf,inf,inf,inf,inf,inf,inf,inf,inf,inf,inf,inf,inf,inf,inf,inf,inf,inf,inf,inf,inf,inf,0.464698,inf,inf,inf,inf,inf,inf,inf,inf,inf,inf,inf,inf,inf,inf,inf,inf,inf,inf,inf
417,inf,inf,inf,inf,inf,inf,inf,inf,inf,inf,inf,inf,inf,inf,inf,inf,inf,inf,inf,inf,inf,inf,inf,inf,inf,inf,inf,inf,inf,inf,inf,inf,inf,inf,inf,inf,inf,inf,inf,inf,inf,inf,inf,inf,inf,inf,inf,inf,inf,inf,inf,inf,inf,inf,inf,inf,inf,inf,inf,inf,inf,inf,inf,inf,inf,inf,inf,inf,inf,inf,inf,inf,inf,inf,inf,inf,inf,inf,inf,inf,inf,inf,inf,inf,inf,inf,inf,inf,inf,inf,inf,inf,inf,inf,inf,inf,inf,inf,inf,inf,inf,inf,inf,inf,inf,inf,inf,inf,inf,inf,inf,inf,inf,inf,inf,inf,inf,inf,inf,inf,inf,inf,inf,inf,inf,inf,inf,inf,inf,inf,inf,inf,inf,inf,inf,inf,inf,inf,inf,inf,inf,inf,inf,inf,inf,inf,inf,inf,inf,inf,inf,inf,inf,inf,inf,inf,inf,inf,inf,inf,inf,inf,inf,inf,inf,inf,inf,inf,inf,inf,inf,inf,inf,inf,inf,inf,inf,inf,inf,inf,inf,inf,inf,inf,inf,inf,inf,inf,inf,inf,inf,inf,inf,inf,inf,inf,inf,inf,inf,inf,inf,inf,inf,inf,inf,inf,inf,inf,inf,inf,inf,inf,inf,inf,inf,inf,inf,inf,inf,inf,inf,inf,inf,inf,inf
418,0.642533,0.632438,0.626167,0.624404,0.62718,0.634361,0.645175,0.658587,0.673384,0.688317,0.702204,0.714015,0.722917,0.72831,0.72984,0.606119,0.593461,0.585651,0.583436,0.587036,0.596104,0.609787,0.626862,inf,inf,inf,inf,inf,inf,inf,0.673312,0.658004,0.648597,0.645969,0.753824,0.764855,0.781507,inf,inf,inf,inf,inf,inf,inf,inf,0.606194,0.58814,0.577076,0.574022,0.713756,0.726831,0.746559,0.781629,0.840481,inf,inf,inf,inf,inf,inf,inf,inf,inf,inf,0.653042,0.668249,0.711855,0.750919,0.772925,0.796364,0.839872,inf,inf,inf,inf,inf,inf,inf,inf,0.582029,0.599463,0.625688,inf,inf,0.744516,0.772235,0.807698,inf,inf,inf,inf,inf,inf,inf,0.573137,0.582554,0.591525,inf,inf,inf,inf,0.776403,0.811972,0.831198,inf,inf,inf,inf,inf,inf,0.565811,0.536975,inf,inf,inf,inf,inf,0.775235,0.808625,0.824137,inf,inf,inf,inf,inf,inf,inf,0.539034,inf,inf,inf,inf,inf,0.807221,0.815563,inf,inf,inf,inf,inf,inf,inf,inf,inf,inf,inf,inf,inf,inf,0.807388,inf,inf,inf,inf,inf,inf,inf,inf,0.502706,inf,inf,inf,inf,inf,inf,inf,inf,inf,inf,inf,inf,inf,inf,0.439063,0.518564,inf,inf,inf,inf,inf,inf,inf,inf,inf,inf,inf,inf,inf,inf,0.46083,inf,inf,inf,inf,inf,inf,inf,inf,inf,inf,inf,inf,inf,inf,0.414173,inf,inf,inf,inf,inf,inf,inf,inf,inf,inf,inf,inf,inf,inf,inf,0.450791,0.53785,inf,inf,inf
419,0.611057,0.603652,0.60022,0.600212,0.60624,0.615078,0.626765,0.640219,0.654269,0.667776,0.679712,0.689219,0.695644,0.698563,0.697786,0.574261,0.565011,0.57048,0.581405,0.568639,0.579946,0.594938,0.612334,inf,inf,inf,inf,inf,inf,inf,0.634336,0.623172,0.618159,0.726234,0.724677,0.738549,inf,inf,inf,inf,inf,inf,inf,inf,inf,0.568708,0.555556,inf,0.687217,0.69694,0.713484,0.745103,0.780376,0.836807,inf,inf,inf,inf,inf,inf,inf,inf,inf,0.619193,0.640276,0.669282,0.694879,inf,0.737395,0.759862,inf,inf,inf,inf,inf,inf,inf,inf,0.560875,0.574049,0.605961,inf,inf,inf,0.714168,0.74929,0.78092,inf,inf,inf,inf,inf,inf,0.531621,0.536978,0.562249,inf,inf,inf,inf,0.728223,0.754517,0.785224,0.790244,inf,inf,inf,inf,0.512078,inf,0.52849,0.546495,inf,inf,inf,inf,inf,0.782615,0.800633,0.791713,inf,inf,inf,0.453864,inf,inf,inf,inf,inf,inf,inf,inf,inf,0.782436,0.776172,inf,inf,inf,0.386016,inf,inf,inf,0.492971,inf,inf,inf,inf,inf,inf,0.770666,inf,inf,inf,0.337569,inf,inf,inf,inf,inf,inf,inf,inf,inf,inf,inf,inf,inf,inf,0.289174,inf,inf,inf,inf,0.445671,inf,inf,inf,inf,inf,inf,inf,inf,inf,0.211807,inf,inf,inf,inf,inf,0.48055,inf,inf,inf,inf,inf,inf,inf,inf,0.144183,inf,inf,inf,inf,inf,0.421033,0.512076,inf,inf,inf,inf,inf,inf,inf,0.0572796,inf,inf,inf,inf,inf,inf,0.486741,inf,inf,inf,inf
420,0.583677,0.577471,0.575653,0.577722,0.584153,0.594062,0.606497,0.620328,0.634379,0.647535,0.658813,0.667416,0.672761,0.674499,0.672514,0.812737,0.805072,0.802636,0.676129,0.684354,0.696994,0.712918,inf,inf,inf,inf,inf,inf,inf,inf,0.775953,0.766776,0.76395,0.706395,0.716492,0.731965,inf,inf,inf,inf,inf,inf,inf,inf,inf,0.691511,0.680765,0.677539,0.648068,0.660122,inf,inf,inf,inf,inf,inf,inf,inf,inf,inf,inf,inf,inf,0.589789,0.610708,0.632178,inf,inf,inf,inf,inf,inf,inf,inf,inf,inf,inf,inf,0.552016,0.568262,0.586094,inf,inf,inf,inf,inf,inf,inf,inf,inf,inf,inf,inf,inf,inf,0.547121,inf,inf,inf,inf,inf,inf,inf,inf,inf,inf,inf,inf,inf,inf,0.508464,inf,inf,inf,inf,inf,inf,inf,inf,inf,inf,inf,inf,inf,inf,inf,0.4933,inf,inf,inf,inf,inf,inf,inf,inf,inf,inf,inf,inf,inf,inf,inf,0.499931,inf,inf,inf,inf,inf,inf,inf,inf,inf,inf,inf,inf,inf,inf,0.451467,inf,inf,inf,inf,inf,inf,inf,inf,inf,inf,inf,inf,inf,inf,inf,0.489952,inf,inf,inf,inf,inf,inf,inf,inf,inf,inf,inf,inf,inf,inf,0.420574,0.510214,inf,inf,inf,inf,inf,inf,inf,inf,inf,inf,inf,inf,inf,inf,0.480341,0.542287,inf,inf,inf,inf,inf,inf,inf,inf,inf,inf,inf,inf,inf,0.430751,inf,inf,inf,inf,inf
421,0.583677,0.577471,0.575653,0.577722,0.584153,0.594062,0.606497,0.620328,0.634379,0.647535,0.658813,0.667416,0.672761,0.674499,0.672514,0.812737,0.805072,0.802636,0.676129,0.684354,0.696994,0.712918,inf,inf,inf,inf,inf,inf,inf,inf,0.775953,0.766776,0.76395,0.706395,0.716492,0.731965,inf,inf,inf,inf,inf,inf,inf,inf,inf,0.691511,0.680765,0.677539,0.648068,0.660122,inf,inf,inf,inf,inf,inf,inf,inf,inf,inf,inf,inf,inf,0.589789,0.610708,0.632178,inf,inf,inf,inf,inf,inf,inf,inf,inf,inf,inf,inf,0.552016,0.568262,0.586094,inf,inf,inf,inf,inf,inf,inf,inf,inf,inf,inf,inf,inf,inf,0.547121,inf,inf,inf,inf,inf,inf,inf,inf,inf,inf,inf,inf,inf,inf,0.508464,inf,inf,inf,inf,inf,inf,inf,inf,inf,inf,inf,inf,inf,inf,inf,0.4933,inf,inf,inf,inf,inf,inf,inf,inf,inf,inf,inf,inf,inf,inf,inf,0.499931,inf,inf,inf,inf,inf,inf,inf,inf,inf,inf,inf,inf,inf,inf,0.451467,inf,inf,inf,inf,inf,inf,inf,inf,inf,inf,inf,inf,inf,inf,inf,0.489952,inf,inf,inf,inf,inf,inf,inf,inf,inf,inf,inf,inf,inf,inf,0.420574,0.510214,inf,inf,inf,inf,inf,inf,inf,inf,inf,inf,inf,inf,inf,inf,0.480341,0.542287,inf,inf,inf,inf,inf,inf,inf,inf,inf,inf,inf,inf,inf,0.430751,inf,inf,inf,inf,inf
