t_idx,cost_0,cost_1,cost_2,cost_3,cost_4,cost_5,cost_6,cost_7,cost_8,cost_9,cost_10,cost_11,cost_12,cost_13,cost_14,cost_15,cost_16,cost_17,cost_18,cost_19,cost_20,cost_21,cost_22,cost_23,cost_24,cost_25,cost_26,cost_27,cost_28,cost_29,cost_30,cost_31,cost_32,cost_33,cost_34,cost_35,cost_36,cost_37,cost_38,cost_39,cost_40,cost_41,cost_42,cost_43,cost_44,cost_45,cost_46,cost_47,cost_48,cost_49,cost_50,cost_51,cost_52,cost_53,cost_54,cost_55,cost_56,cost_57,cost_58,cost_59,cost_60,cost_61,cost_62,cost_63,cost_64,cost_65,cost_66,cost_67,cost_68,cost_69,cost_70,cost_71,cost_72,cost_73,cost_74,cost_75,cost_76,cost_77,cost_78,cost_79,cost_80,cost_81,cost_82,cost_83,cost_84,cost_85,cost_86,cost_87,cost_88,cost_89,cost_90,cost_91,cost_92,cost_93,cost_94,cost_95,cost_96,cost_97,cost_98,cost_99,cost_100,cost_101,cost_102,cost_103,cost_104,cost_105,cost_106,cost_107,cost_108,cost_109,cost_110,cost_111,cost_112,cost_113,cost_114,cost_115,cost_116,cost_117,cost_118,cost_119,cost_120,cost_121,cost_122,cost_123,cost_124,cost_125,cost_126,cost_127,cost_128,cost_129,cost_130,cost_131,cost_132,cost_133,cost_134,cost_135,cost_136,cost_137,cost_138,cost_139,cost_140,cost_141,cost_142,cost_143,cost_144,cost_145,cost_146,cost_147,cost_148,cost_149,cost_150,cost_151,cost_152,cost_153,cost_154,cost_155,cost_156,cost_157,cost_158,cost_159,cost_160,cost_161,cost_162,cost_163,cost_164,cost_165,cost_166,cost_167,cost_168,cost_169,cost_170,cost_171,cost_172,cost_173,cost_174,cost_175,cost_176,cost_177,cost_178,cost_179,cost_180,cost_181,cost_182,cost_183,cost_184,cost_185,cost_186,cost_187,cost_188,cost_189,cost_190,cost_191,cost_192,cost_193,cost_194,cost_195,cost_196,cost_197,cost_198,cost_199,cost_200,cost_201,cost_202,cost_203,cost_204,cost_205,cost_206,cost_207,cost_208,cost_209,cost_210,cost_211,cost_212,cost_213,cost_214,cost_215,cost_216,cost_217,cost_218,cost_219,cost_220,cost_221,cost_222,cost_223,cost_224
0,2.68138,2.59184,2.41312,2.15088,1.81637,1.42571,0.998689,0.577806,1.01916,1.44612,1.83666,2.17101,2.43307,2.6116,2.70094,2.64507,2.552,2.37032,2.10595,1.77037,1.37989,0.954469,0.536534,0.96192,1.38622,1.77612,2.11127,2.37529,2.55662,2.64941,2.6091,2.51248,2.32781,2.06124,1.7245,1.33413,0.910268,0.495262,0.916639,1.3397,1.72963,2.06604,2.33228,2.51669,2.61304,2.57349,2.4733,2.2856,2.01677,1.67879,1.28846,0.866087,0.453991,0.871981,1.29367,1.68363,2.02132,2.28987,2.47728,2.57721,2.53823,2.43447,2.24368,1.97253,1.63324,1.24286,0.821928,0.412719,0.827517,1.24787,1.63792,1.97692,2.24779,2.43835,2.54188,2.50333,2.39598,2.20208,1.92853,1.58785,1.19734,0.777792,0.371447,0.783183,1.20219,1.59241,1.93279,2.20612,2.39979,2.50691,2.48593,2.35785,2.16079,1.88479,1.54263,1.15191,0.73368,0.330175,0.738899,1.15667,1.54706,1.889,2.16478,2.36159,2.48731,2.51731,2.32829,2.11984,1.84131,1.49759,1.10658,0.689592,0.288903,0.694703,1.11124,1.50195,1.84547,2.12376,2.3309,2.5165,2.58981,2.34662,2.08665,1.79811,1.45274,1.06134,0.645532,0.247631,0.650533,1.06591,1.45705,1.80221,2.08945,2.34638,2.58689,2.69846,2.40884,2.10083,1.76883,1.40808,1.0162,0.6015,0.206359,0.606391,1.02069,1.41235,1.77076,2.1004,2.40646,2.69444,2.83576,2.50641,2.15571,1.7823,1.38955,0.97884,0.55942,0.165087,0.563032,0.981141,1.39061,1.78209,2.15316,2.50259,2.82966,2.99733,2.63256,2.24217,1.83076,1.40343,0.966815,0.530225,0.123816,0.530776,0.966102,1.40202,1.8278,2.2375,2.62667,2.99023,3.17808,2.78021,2.35345,1.90462,1.44181,0.973944,0.511583,0.0825437,0.509669,0.971001,1.4381,1.90022,2.34778,2.77333,3.16998,3.37638,2.94746,2.48533,1.99894,1.49798,0.994764,0.500343,0.0412719,0.496388,0.98978,1.49281,1.99248,2.47764,2.93855,3.36658,3.58904,3.12999,2.63249,2.10723,1.56812,1.02552,0.494485,0,0.488847,1.01944,1.56091,2.09979,2.62384,3.12012,3.57793
1,2.68138,2.59184,2.41312,2.15088,1.81637,1.42571,0.998689,0.577806,1.01916,1.44612,1.83666,2.17101,2.43307,2.6116,2.70094,2.64507,2.552,2.37032,2.10595,1.77037,1.37989,0.954469,0.536534,0.96192,1.38622,1.77612,2.11127,2.37529,2.55662,2.64941,2.6091,2.51248,2.32781,2.06124,1.7245,1.33413,0.910268,0.495262,0.916639,1.3397,1.72963,2.06604,2.33228,2.51669,2.61304,2.57349,2.4733,2.2856,2.01677,1.67879,1.28846,0.866087,0.453991,0.871981,1.29367,1.68363,2.02132,2.28987,2.47728,2.57721,2.53823,2.43447,2.24368,1.97253,1.63324,1.24286,0.821928,0.412719,0.827517,1.24787,1.63792,1.97692,2.24779,2.43835,2.54188,2.50333,2.39598,2.20208,1.92853,1.58785,1.19734,0.777792,0.371447,0.783183,1.20219,1.59241,1.93279,2.20612,2.39979,2.50691,2.48593,2.35785,2.16079,1.88479,1.54263,1.15191,0.73368,0.330175,0.738899,1.15667,1.54706,1.889,2.16478,2.36159,2.48731,2.51731,2.32829,2.11984,1.84131,1.49759,1.10658,0.689592,0.288903,0.694703,1.11124,1.50195,1.84547,2.12376,2.3309,2.5165,2.58981,2.34662,2.08665,1.79811,1.45274,1.06134,0.645532,0.247631,0.650533,1.06591,1.45705,1.80221,2.08945,2.34638,2.58689,2.69846,2.40884,2.10083,1.76883,1.40808,1.0162,0.6015,0.206359,0.606391,1.02069,1.41235,1.77076,2.1004,2.40646,2.69444,2.83576,2.50641,2.15571,1.7823,1.38955,0.97884,0.55942,0.165087,0.563032,0.981141,1.39061,1.78209,2.15316,2.50259,2.82966,2.99733,2.63256,2.24217,1.83076,1.40343,0.966815,0.530225,0.123816,0.530776,0.966102,1.40202,1.8278,2.2375,2.62667,2.99023,3.17808,2.78021,2.35345,1.90462,1.44181,0.973944,0.511583,0.0825437,0.509669,0.971001,1.4381,1.90022,2.34778,2.77333,3.16998,3.37638,2.94746,2.48533,1.99894,1.49798,0.994764,0.500343,0.0412719,0.496388,0.98978,1.49281,1.99248,2.47764,2.93855,3.36658,3.58904,3.12999,2.63249,2.10723,1.56812,1.02552,0.494485,0,0.488847,1.01944,1.56091,2.09979,2.62384,3.12012,3.57793
2,2.68138,2.59184,2.41312,2.15088,1.81637,1.42571,0.998689,0.577806,1.01916,1.44612,1.83666,2.17101,2.43307,2.6116,2.70094,2.64507,2.552,2.37032,2.10595,1.77037,1.37989,0.954469,0.536534,0.96192,1.38622,1.77612,2.11127,2.37529,2.55662,2.64941,2.6091,2.51248,2.32781,2.06124,1.7245,1.33413,0.910268,0.495262,0.916639,1.3397,1.72963,2.06604,2.33228,2.51669,2.61304,2.57349,2.4733,2.2856,2.01677,1.67879,1.28846,0.866087,0.453991,0.871981,1.29367,1.68363,2.02132,2.28987,2.47728,2.57721,2.53823,2.43447,2.24368,1.97253,1.63324,1.24286,0.821928,0.412719,0.827517,1.24787,1.63792,1.97692,2.24779,2.43835,2.54188,2.50333,2.39598,2.20208,1.92853,1.58785,1.19734,0.777792,0.371447,0.783183,1.20219,1.59241,1.93279,2.20612,2.39979,2.50691,2.48593,2.35785,2.16079,1.88479,1.54263,1.15191,0.73368,0.330175,0.738899,1.15667,1.54706,1.889,2.16478,2.36159,2.48731,2.51731,2.32829,2.11984,1.84131,1.49759,1.10658,0.689592,0.288903,0.694703,1.11124,1.50195,1.84547,2.12376,2.3309,2.5165,2.58981,2.34662,2.08665,1.79811,1.45274,1.06134,0.645532,0.247631,0.650533,1.06591,1.45705,1.80221,2.08945,2.34638,2.58689,2.69846,2.40884,2.10083,1.76883,1.40808,1.0162,0.6015,0.206359,0.606391,1.02069,1.41235,1.77076,2.1004,2.40646,2.69444,2.83576,2.50641,2.15571,1.7823,1.38955,0.97884,0.55942,0.165087,0.563032,0.981141,1.39061,1.78209,2.15316,2.50259,2.82966,2.99733,2.63256,2.24217,1.83076,1.40343,0.966815,0.530225,0.123816,0.530776,0.966102,1.40202,1.8278,2.2375,2.62667,2.99023,3.17808,2.78021,2.35345,1.90462,1.44181,0.973944,0.511583,0.0825437,0.509669,0.971001,1.4381,1.90022,2.34778,2.77333,3.16998,3.37638,2.94746,2.48533,1.99894,1.49798,0.994764,0.500343,0.0412719,0.496388,0.98978,1.49281,1.99248,2.47764,2.93855,3.36658,3.58904,3.12999,2.63249,2.10723,1.56812,1.02552,0.494485,0,0.488847,1.01944,1.56091,2.09979,2.62384,3.12012,3.57793
3,2.68138,2.59184,2.41312,2.15088,1.81637,1.42571,0.998689,0.577806,1.01916,1.44612,1.83666,2.17101,2.43307,2.6116,2.70094,2.64507,2.552,2.37032,2.10595,1.77037,1.37989,0.954469,0.536534,0.96192,1.38622,1.77612,2.11127,2.37529,2.55662,2.64941,2.6091,2.51248,2.32781,2.06124,1.7245,1.33413,0.910268,0.495262,0.916639,1.3397,1.72963,2.06604,2.33228,2.51669,2.61304,2.57349,2.4733,2.2856,2.01677,1.67879,1.28846,0.866087,0.453991,0.871981,1.29367,1.68363,2.02132,2.28987,2.47728,2.57721,2.53823,2.43447,2.24368,1.97253,1.63324,1.24286,0.821928,0.412719,0.827517,1.24787,1.63792,1.97692,2.24779,2.43835,2.54188,2.50333,2.39598,2.20208,1.92853,1.58785,1.19734,0.777792,0.371447,0.783183,1.20219,1.59241,1.93279,2.20612,2.39979,2.50691,2.48593,2.35785,2.16079,1.88479,1.54263,1.15191,0.73368,0.330175,0.738899,1.15667,1.54706,1.889,2.16478,2.36159,2.48731,2.51731,2.32829,2.11984,1.84131,1.49759,1.10658,0.689592,0.288903,0.694703,1.11124,1.50195,1.84547,2.12376,2.3309,2.5165,2.58981,2.34662,2.08665,1.79811,1.45274,1.06134,0.645532,0.247631,0.650533,1.06591,1.45705,1.80221,2.08945,2.34638,2.58689,2.69846,2.40884,2.10083,1.76883,1.40808,1.0162,0.6015,0.206359,0.606391,1.02069,1.41235,1.77076,2.1004,2.40646,2.69444,2.83576,2.50641,2.15571,1.7823,1.38955,0.97884,0.55942,0.165087,0.563032,0.981141,1.39061,1.78209,2.15316,2.50259,2.82966,2.99733,2.63256,2.24217,1.83076,1.40343,0.966815,0.530225,0.123816,0.530776,0.966102,1.40202,1.8278,2.2375,2.62667,2.99023,3.17808,2.78021,2.35345,1.90462,1.44181,0.973944,0.511583,0.0825437,0.509669,0.971001,1.4381,1.90022,2.34778,2.77333,3.16998,3.37638,2.94746,2.48533,1.99894,1.49798,0.994764,0.500343,0.0412719,0.496388,0.98978,1.49281,1.99248,2.47764,2.93855,3.36658,3.58904,3.12999,2.63249,2.10723,1.56812,1.02552,0.494485,0,0.488847,1.01944,1.56091,2.09979,2.62384,3.12012,3.57793
4,2.68138,2.59184,2.41312,2.15088,1.81637,1.42571,0.998689,0.577806,1.01916,1.44612,1.83666,2.17101,2.43307,2.6116,2.70094,2.64507,2.552,2.37032,2.10595,1.77037,1.37989,0.954469,0.536534,0.96192,1.38622,1.77612,2.11127,2.37529,2.55662,2.64941,2.6091,2.51248,2.32781,2.06124,1.7245,1.33413,0.910268,0.495262,0.916639,1.3397,1.72963,2.06604,2.33228,2.51669,2.61304,2.57349,2.4733,2.2856,2.01677,1.67879,1.28846,0.866087,0.453991,0.871981,1.29367,1.68363,2.02132,2.28987,2.47728,2.57721,2.53823,2.43447,2.24368,1.97253,1.63324,1.24286,0.821928,0.412719,0.827517,1.24787,1.63792,1.97692,2.24779,2.43835,2.54188,2.50333,2.39598,2.20208,1.92853,1.58785,1.19734,0.777792,0.371447,0.783183,1.20219,1.59241,1.93279,2.20612,2.39979,2.50691,2.48593,2.35785,2.16079,1.88479,1.54263,1.15191,0.73368,0.330175,0.738899,1.15667,1.54706,1.889,2.16478,2.36159,2.48731,2.51731,2.32829,2.11984,1.84131,1.49759,1.10658,0.689592,0.288903,0.694703,1.11124,1.50195,1.84547,2.12376,2.3309,2.5165,2.58981,2.34662,2.08665,1.79811,1.45274,1.06134,0.645532,0.247631,0.650533,1.06591,1.45705,1.80221,2.08945,2.34638,2.58689,2.69846,2.40884,2.10083,1.76883,1.40808,1.0162,0.6015,0.206359,0.606391,1.02069,1.41235,1.77076,2.1004,2.40646,2.69444,2.83576,2.50641,2.15571,1.7823,1.38955,0.97884,0.55942,0.165087,0.563032,0.981141,1.39061,1.78209,2.15316,2.50259,2.82966,2.99733,2.63256,2.24217,1.83076,1.40343,0.966815,0.530225,0.123816,0.530776,0.966102,1.40202,1.8278,2.2375,2.62667,2.99023,3.17808,2.78021,2.35345,1.90462,1.44181,0.973944,0.511583,0.0825437,0.509669,0.971001,1.4381,1.90022,2.34778,2.77333,3.16998,3.37638,2.94746,2.48533,1.99894,1.49798,0.994764,0.500343,0.0412719,0.496388,0.98978,1.49281,1.99248,2.47764,2.93855,3.36658,3.58904,3.12999,2.63249,2.10723,1.56812,1.02552,0.494485,0,0.488847,1.01944,1.56091,2.09979,2.62384,3.12012,3.57793
5,2.72366,2.63468,2.45658,2.195,1.86117,1.47115,1.0447,0.603801,0.904978,1.32897,1.71826,2.05271,2.31499,2.49386,2.58361,2.59347,2.50314,2.32489,2.06497,1.7356,1.3549,0.950515,0.562109,0.86056,1.2827,1.67159,2.00692,2.27116,2.45283,2.546,2.54816,2.45371,2.27191,2.00891,1.67703,1.29401,0.885453,0.520416,0.816162,1.23651,1.62507,1.96136,2.22762,2.41213,2.50873,2.50761,2.40958,2.22437,1.95887,1.62526,1.24141,0.831903,0.478723,0.771784,1.19039,1.5787,1.91602,2.18436,2.37176,2.47181,2.46883,2.36724,2.17886,1.91098,1.5758,1.19144,0.782026,0.43703,0.727428,1.14436,1.53249,1.87092,2.14141,2.33174,2.43525,2.43128,2.32589,2.13458,1.86407,1.52746,1.14279,0.733939,0.395337,0.683094,1.0984,1.48644,1.82607,2.09877,2.29207,2.39905,2.40389,2.28542,2.09089,1.81813,1.48,1.09486,0.686791,0.353645,0.638785,1.05254,1.44057,1.78147,2.05645,2.25275,2.38728,2.42409,2.24898,2.0479,1.77248,1.43293,1.0475,0.640305,0.311952,0.594502,1.00677,1.39488,1.73714,2.01447,2.2274,2.42423,2.48735,2.25573,2.00814,1.7276,1.38638,1.00053,0.594239,0.270259,0.550245,0.961094,1.34937,1.69308,1.98642,2.25297,2.50223,2.58589,2.30707,2.00908,1.68868,1.34003,0.953853,0.548433,0.228566,0.50608,0.915523,1.30686,1.67032,2.00719,2.3208,2.61364,2.71345,2.39444,2.05249,1.69033,1.30771,0.908377,0.503006,0.186873,0.473414,0.887011,1.2972,1.69266,2.06783,2.42255,2.75556,2.86749,2.50974,2.12958,1.7277,1.30978,0.883122,0.460713,0.14518,0.45365,0.883733,1.31875,1.74716,2.15997,2.55211,2.91901,3.04206,2.65121,2.23236,1.79193,1.33771,0.879209,0.430388,0.103488,0.44277,0.897876,1.36321,1.8265,2.27599,2.70421,3.10417,3.23347,2.81063,2.35542,1.87683,1.38434,0.890356,0.409307,0.0617948,0.438056,0.924666,1.42488,1.92417,2.41088,2.87441,3.30521,3.43948,2.98554,2.49492,1.97863,1.44674,0.913408,0.395026,0.020102,0.437813,0.960581,1.49884,2.03744,2.56068,3.05887,3.51966
6,2.7237,2.63471,2.45661,2.19503,1.8612,1.47118,1.04473,0.603833,0.904721,1.3287,1.71798,2.05243,2.31472,2.49358,2.58334,2.59332,2.503,2.32477,2.06485,1.7355,1.35484,0.950515,0.56214,0.860303,1.28243,1.67131,2.00664,2.27088,2.45255,2.54572,2.54799,2.45354,2.27174,2.00875,1.67689,1.29389,0.885381,0.520448,0.815904,1.23624,1.62479,1.96108,2.22734,2.41185,2.50845,2.50742,2.4094,2.2242,1.95869,1.62511,1.24127,0.831806,0.478755,0.771526,1.19012,1.57842,1.91574,2.18408,2.37148,2.47153,2.46863,2.36705,2.17868,1.9108,1.57563,1.19129,0.781905,0.437062,0.727169,1.14409,1.53221,1.87064,2.14113,2.33145,2.43496,2.43108,2.32569,2.13438,1.86388,1.52728,1.14263,0.73381,0.395369,0.682836,1.09813,1.48616,1.82578,2.09849,2.29178,2.39876,2.40368,2.28521,2.09068,1.81794,1.47982,1.09468,0.686653,0.353676,0.638526,1.05227,1.44029,1.78118,2.05617,2.25246,2.38701,2.42384,2.24876,2.0477,1.77228,1.43274,1.04732,0.640159,0.311983,0.594242,1.0065,1.39459,1.73685,2.01418,2.22713,2.42397,2.48708,2.25549,2.00793,1.72739,1.38619,1.00034,0.594084,0.270291,0.549985,0.960821,1.34909,1.69279,1.98614,2.25272,2.50199,2.5856,2.30681,2.00884,1.68847,1.33984,0.953671,0.548278,0.228598,0.505829,0.915249,1.30658,1.67006,2.00693,2.32056,2.61342,2.71314,2.39415,2.05223,1.69008,1.30749,0.908176,0.502843,0.186905,0.47319,0.886765,1.29695,1.69241,2.06759,2.42233,2.75534,2.86716,2.50944,2.12929,1.72743,1.30953,0.882902,0.460531,0.145212,0.453454,0.883514,1.31852,1.74694,2.15975,2.55189,2.9188,3.04172,2.65089,2.23205,1.79164,1.33744,0.87896,0.430179,0.103519,0.442592,0.897675,1.363,1.82629,2.27579,2.70401,3.10398,3.23312,2.81029,2.3551,1.87653,1.38406,0.890088,0.409078,0.0618266,0.4379,0.924482,1.42469,1.92398,2.41068,2.87422,3.30503,3.43912,2.98519,2.49458,1.97831,1.44643,0.913122,0.394778,0.0201338,0.437681,0.960415,1.49866,2.03726,2.5605,3.05868,3.51949
7,2.7237,2.63471,2.45661,2.19504,1.86121,1.47119,1.04474,0.603844,0.904718,1.32869,1.71798,2.05243,2.31471,2.49358,2.58334,2.59332,2.503,2.32477,2.06486,1.73551,1.35484,0.950523,0.56215,0.8603,1.28243,1.67131,2.00664,2.27088,2.45255,2.54572,2.54799,2.45354,2.27175,2.00876,1.6769,1.2939,0.885389,0.520456,0.815902,1.23624,1.62479,1.96107,2.22733,2.41184,2.50845,2.50742,2.4094,2.2242,1.9587,1.62511,1.24128,0.831814,0.478761,0.771524,1.19012,1.57842,1.91574,2.18408,2.37148,2.47153,2.46864,2.36706,2.17868,1.9108,1.57563,1.19129,0.781913,0.437067,0.727167,1.14408,1.53221,1.87064,2.14113,2.33145,2.43496,2.43108,2.32569,2.13439,1.86389,1.52729,1.14263,0.733818,0.395373,0.682834,1.09813,1.48616,1.82578,2.09849,2.29178,2.39876,2.40368,2.28522,2.09069,1.81794,1.47982,1.09469,0.686661,0.353679,0.638525,1.05227,1.44028,1.78118,2.05617,2.25246,2.38701,2.42385,2.24876,2.0477,1.77228,1.43275,1.04733,0.640167,0.311985,0.594241,1.00649,1.39459,1.73685,2.01418,2.22713,2.42397,2.48709,2.2555,2.00793,1.7274,1.3862,1.00035,0.594093,0.27029,0.549985,0.96082,1.34909,1.69279,1.98614,2.25272,2.50199,2.58561,2.30682,2.00885,1.68848,1.33985,0.953679,0.548287,0.228596,0.505828,0.915249,1.30658,1.67006,2.00693,2.32056,2.61342,2.71315,2.39416,2.05224,1.69009,1.3075,0.908185,0.502851,0.186902,0.473188,0.886764,1.29695,1.69241,2.06759,2.42233,2.75534,2.86717,2.50945,2.1293,1.72744,1.30954,0.882912,0.46054,0.145208,0.453451,0.883511,1.31851,1.74694,2.15975,2.55189,2.9188,3.04173,2.6509,2.23207,1.79165,1.33745,0.878972,0.430189,0.103514,0.442588,0.897671,1.36299,1.82629,2.27578,2.70401,3.10398,3.23314,2.81031,2.35511,1.87654,1.38407,0.890101,0.40909,0.0618194,0.437895,0.924477,1.42468,1.92397,2.41068,2.87422,3.30503,3.43913,2.98521,2.49459,1.97833,1.44644,0.913137,0.394792,0.0201252,0.437674,0.960409,1.49866,2.03725,2.5605,3.05868,3.51948
8,2.7237,2.63471,2.45661,2.19504,1.86121,1.47119,1.04474,0.603844,0.904718,1.32869,1.71797,2.05242,2.31471,2.49357,2.58333,2.59332,2.503,2.32477,2.06486,1.73551,1.35484,0.950523,0.56215,0.8603,1.28243,1.67131,2.00664,2.27088,2.45255,2.54572,2.54799,2.45354,2.27175,2.00876,1.6769,1.2939,0.885389,0.520456,0.815901,1.23624,1.62479,1.96107,2.22733,2.41184,2.50845,2.50742,2.4094,2.2242,1.9587,1.62511,1.24128,0.831814,0.478761,0.771523,1.19012,1.57842,1.91574,2.18408,2.37148,2.47153,2.46864,2.36706,2.17868,1.9108,1.57563,1.19129,0.781913,0.437067,0.727167,1.14408,1.53221,1.87064,2.14113,2.33145,2.43496,2.43108,2.32569,2.13439,1.86389,1.52729,1.14263,0.733818,0.395373,0.682834,1.09813,1.48616,1.82578,2.09849,2.29178,2.39876,2.40368,2.28522,2.09069,1.81794,1.47982,1.09469,0.686661,0.353679,0.638524,1.05227,1.44028,1.78118,2.05617,2.25246,2.38701,2.42385,2.24876,2.0477,1.77228,1.43275,1.04733,0.640167,0.311985,0.594241,1.00649,1.39459,1.73685,2.01418,2.22713,2.42397,2.48709,2.2555,2.00793,1.7274,1.3862,1.00035,0.594093,0.27029,0.549984,0.96082,1.34908,1.69279,1.98614,2.25272,2.50199,2.58561,2.30682,2.00885,1.68848,1.33985,0.953679,0.548286,0.228596,0.505828,0.915249,1.30658,1.67006,2.00693,2.32056,2.61342,2.71315,2.39416,2.05224,1.69009,1.3075,0.908185,0.502851,0.186902,0.473188,0.886763,1.29695,1.69241,2.06759,2.42233,2.75534,2.86717,2.50945,2.1293,1.72744,1.30954,0.882912,0.46054,0.145208,0.45345,0.883511,1.31851,1.74694,2.15975,2.55189,2.9188,3.04173,2.6509,2.23207,1.79165,1.33745,0.878972,0.430189,0.103514,0.442587,0.897671,1.36299,1.82629,2.27578,2.70401,3.10398,3.23314,2.81031,2.35511,1.87654,1.38407,0.890101,0.40909,0.0618194,0.437894,0.924477,1.42468,1.92397,2.41068,2.87422,3.30502,3.43913,2.98521,2.49459,1.97833,1.44644,0.913136,0.394791,0.0201252,0.437673,0.960409,1.49866,2.03725,2.5605,3.05868,3.51948
9,2.7237,2.63471,2.45661,2.19504,1.86121,1.47119,1.04474,0.603844,0.904718,1.32869,1.71797,2.05242,2.31471,2.49357,2.58333,2.59332,2.503,2.32477,2.06486,1.73551,1.35484,0.950523,0.56215,0.8603,1.28243,1.67131,2.00664,2.27088,2.45255,2.54572,2.54799,2.45354,2.27175,2.00876,1.6769,1.2939,0.885389,0.520456,0.815901,1.23624,1.62479,1.96107,2.22733,2.41184,2.50845,2.50742,2.4094,2.2242,1.9587,1.62511,1.24128,0.831814,0.478761,0.771523,1.19012,1.57842,1.91574,2.18408,2.37148,2.47153,2.46864,2.36706,2.17868,1.9108,1.57563,1.19129,0.781913,0.437067,0.727167,1.14408,1.53221,1.87064,2.14113,2.33145,2.43496,2.43108,2.32569,2.13439,1.86389,1.52729,1.14263,0.733818,0.395373,0.682834,1.09813,1.48616,1.82578,2.09849,2.29178,2.39876,2.40368,2.28522,2.09069,1.81794,1.47982,1.09469,0.686661,0.353679,0.638524,1.05227,1.44028,1.78118,2.05617,2.25246,2.38701,2.42385,2.24876,2.0477,1.77228,1.43275,1.04733,0.640167,0.311985,0.594241,1.00649,1.39459,1.73685,2.01418,2.22713,2.42397,2.48709,2.2555,2.00793,1.7274,1.3862,1.00035,0.594093,0.27029,0.549984,0.96082,1.34908,1.69279,1.98614,2.25272,2.50199,2.58561,2.30682,2.00885,1.68848,1.33985,0.953679,0.548286,0.228596,0.505828,0.915249,1.30658,1.67006,2.00693,2.32056,2.61342,2.71315,2.39416,2.05224,1.69009,1.3075,0.908185,0.502851,0.186902,0.473188,0.886763,1.29695,1.69241,2.06759,2.42233,2.75534,2.86717,2.50945,2.1293,1.72744,1.30954,0.882912,0.46054,0.145208,0.45345,0.883511,1.31851,1.74694,2.15975,2.55189,2.9188,3.04173,2.6509,2.23207,1.79165,1.33745,0.878972,0.430189,0.103514,0.442587,0.897671,1.36299,1.82629,2.27578,2.70401,3.10398,3.23314,2.81031,2.35511,1.87654,1.38407,0.890101,0.40909,0.0618194,0.437894,0.924477,1.42468,1.92397,2.41068,2.87422,3.30502,3.43913,2.98521,2.49459,1.97833,1.44644,0.913136,0.394791,0.0201252,0.437673,0.960409,1.49866,2.03725,2.5605,3.05868,3.51948
10,2.7237,2.63471,2.45661,2.19504,1.86121,1.47119,1.04475,0.603852,0.904716,1.32869,1.71797,2.05242,2.31471,2.49357,2.58333,2.59332,2.503,2.32477,2.06486,1.73551,1.35485,0.950529,0.562157,0.860298,1.28243,1.67131,2.00664,2.27088,2.45254,2.54572,2.54799,2.45354,2.27175,2.00876,1.6769,1.2939,0.885395,0.520461,0.815899,1.23623,1.62478,1.96107,2.22733,2.41184,2.50845,2.50743,2.4094,2.2242,1.9587,1.62512,1.24129,0.83182,0.478766,0.771521,1.19012,1.57842,1.91573,2.18408,2.37147,2.47153,2.46864,2.36706,2.17869,1.91081,1.57564,1.1913,0.781919,0.437071,0.727165,1.14408,1.5322,1.87063,2.14113,2.33145,2.43496,2.43109,2.3257,2.13439,1.86389,1.52729,1.14264,0.733824,0.395376,0.682832,1.09813,1.48616,1.82578,2.09849,2.29178,2.39876,2.40368,2.28522,2.09069,1.81795,1.47983,1.0947,0.686667,0.353681,0.638523,1.05226,1.44028,1.78118,2.05617,2.25246,2.38701,2.42385,2.24877,2.04771,1.77229,1.43275,1.04734,0.640173,0.311985,0.59424,1.00649,1.39459,1.73685,2.01418,2.22713,2.42397,2.4871,2.2555,2.00794,1.72741,1.38621,1.00036,0.594099,0.27029,0.549983,0.960819,1.34908,1.69279,1.98614,2.25272,2.50199,2.58562,2.30682,2.00885,1.68848,1.33985,0.953686,0.548293,0.228595,0.505827,0.915248,1.30658,1.67006,2.00693,2.32056,2.61342,2.71316,2.39417,2.05225,1.6901,1.3075,0.908192,0.502857,0.1869,0.473186,0.886762,1.29694,1.69241,2.06759,2.42233,2.75534,2.86718,2.50946,2.12931,1.72745,1.30955,0.88292,0.460547,0.145205,0.453447,0.883509,1.31851,1.74693,2.15974,2.55189,2.9188,3.04174,2.65091,2.23208,1.79166,1.33746,0.878981,0.430197,0.103509,0.442584,0.897668,1.36299,1.82629,2.27578,2.704,3.10397,3.23315,2.81032,2.35512,1.87655,1.38408,0.890112,0.409099,0.0618143,0.43789,0.924473,1.42468,1.92397,2.41068,2.87422,3.30502,3.43914,2.98522,2.4946,1.97834,1.44646,0.913148,0.394802,0.0201191,0.437668,0.960404,1.49865,2.03725,2.56049,3.05868,3.51948
11,2.68148,2.59194,2.41322,2.15098,1.81647,1.42581,0.998788,0.577788,1.01915,1.4461,1.83665,2.171,2.43306,2.61159,2.70093,2.64517,2.5521,2.37042,2.10605,1.77047,1.37999,0.954567,0.536518,0.961963,1.38627,1.77618,2.11134,2.37536,2.55669,2.64948,2.6092,2.51258,2.32791,2.06134,1.7246,1.33423,0.910366,0.495247,0.916691,1.33976,1.72969,2.06611,2.33235,2.51676,2.61312,2.57359,2.4734,2.2857,2.01687,1.67889,1.28855,0.866186,0.453976,0.872038,1.29373,1.6837,2.02139,2.28994,2.47736,2.57729,2.53833,2.43456,2.24378,1.97262,1.63334,1.24296,0.822027,0.412706,0.827577,1.24794,1.63799,1.97699,2.24786,2.43842,2.54196,2.50343,2.39608,2.20218,1.92863,1.58795,1.19744,0.77789,0.371435,0.783243,1.20225,1.59247,1.93286,2.20619,2.39986,2.50698,2.48603,2.35795,2.16089,1.88489,1.54273,1.15201,0.733778,0.330165,0.738962,1.15673,1.54713,1.88907,2.16485,2.36167,2.48739,2.5174,2.32838,2.11994,1.84141,1.49769,1.10668,0.68969,0.288894,0.694765,1.11131,1.50202,1.84554,2.12383,2.33098,2.51659,2.58989,2.34671,2.08674,1.79821,1.45284,1.06144,0.64563,0.247623,0.650595,1.06598,1.45712,1.80228,2.08952,2.34647,2.58698,2.69854,2.40892,2.10091,1.76892,1.40818,1.0163,0.601598,0.206353,0.606454,1.02075,1.41242,1.77083,2.10048,2.40655,2.69453,2.83584,2.50649,2.1558,1.78239,1.38964,0.978933,0.559513,0.165082,0.5631,0.981216,1.39069,1.78217,2.15325,2.50268,2.82976,2.9974,2.63264,2.24225,1.83084,1.40351,0.9669,0.530312,0.123812,0.530852,0.966182,1.40211,1.82789,2.2376,2.62677,2.99033,3.17815,2.78028,2.35353,1.9047,1.44189,0.974024,0.511662,0.0825412,0.509751,0.971088,1.43818,1.90031,2.34788,2.77343,3.17009,3.37645,2.94752,2.4854,1.99901,1.49806,0.994839,0.500417,0.0412706,0.496474,0.989872,1.4929,1.99258,2.47774,2.93866,3.36669,3.58911,3.13006,2.63256,2.1073,1.56819,1.02559,0.494557,0,0.488938,1.01954,1.56101,2.09989,2.62395,3.12024,3.57805
12,2.71829,2.62917,2.45091,2.18916,1.85514,1.46492,1.0383,0.59723,0.932743,1.35793,1.74838,2.08285,2.34512,2.52393,2.61361,2.60879,2.51757,2.33822,2.07683,1.74533,1.36131,0.949589,0.555692,0.888364,1.31175,1.70185,2.03724,2.3015,2.48315,2.57626,2.56664,2.47155,2.28884,2.02469,1.69118,1.30568,0.891854,0.514154,0.844004,1.26565,1.65546,1.99185,2.25817,2.44269,2.53926,2.52759,2.42898,2.24298,1.97649,1.64144,1.25545,0.84155,0.472617,0.799664,1.21962,1.60922,1.94669,2.21513,2.40257,2.50261,2.48999,2.38769,2.19864,1.92972,1.59329,1.20696,0.793642,0.431079,0.755346,1.17367,1.56315,1.90177,2.17239,2.36279,2.46632,2.45307,2.34713,2.15513,1.88374,1.54585,1.15934,0.746926,0.389541,0.711051,1.1278,1.51723,1.85709,2.12996,2.32336,2.43039,2.42759,2.30733,2.11206,1.83841,1.4991,1.11223,0.700816,0.348003,0.66678,1.08202,1.47149,1.81266,2.08786,2.28429,2.41688,2.45011,2.27268,2.06965,1.79346,1.45256,1.06548,0.655085,0.306466,0.622535,1.03634,1.42593,1.76851,2.04608,2.25717,2.45212,2.5159,2.28173,2.03157,1.74886,1.40657,1.01905,0.609721,0.264928,0.578317,0.990748,1.38055,1.72462,2.01623,2.281,2.52843,2.61714,2.33547,2.03492,1.71151,1.36078,0.972862,0.564526,0.22339,0.534127,0.945263,1.33717,1.69958,2.03524,2.34712,2.63839,2.74637,2.42545,2.08059,1.71673,1.33071,0.928816,0.519536,0.181853,0.497893,0.913824,1.32464,1.71957,2.09413,2.44718,2.77943,2.90275,2.54336,2.1601,1.75645,1.33613,0.906628,0.479637,0.140315,0.47543,0.90765,1.34436,1.77231,2.18456,2.57607,2.94226,3.07864,2.68631,2.2654,1.82289,1.36648,0.905312,0.452059,0.0987772,0.462153,0.919935,1.38703,1.8499,2.29888,2.72651,3.12579,3.27139,2.84702,2.38996,1.90919,1.41548,0.91881,0.433263,0.0572395,0.455543,0.944885,1.44692,1.94618,2.4331,2.89608,3.32622,3.47872,3.02322,2.53193,2.01321,1.47924,0.943135,0.420901,0.0157018,0.453764,0.979465,1.51932,2.0584,2.58168,3.07991,3.54008
13,2.69115,2.52361,2.26995,1.9405,1.55067,1.11982,0.622909,0.890006,1.32368,1.72252,2.06591,2.33631,2.52227,2.61795,2.62338,2.51243,2.35181,2.10817,1.79226,1.42038,1.0154,0.620584,0.831706,1.24948,1.6347,1.96697,2.22882,2.40883,2.50108,2.50543,2.39375,2.23804,2.00172,1.69548,1.33519,0.942502,0.571246,0.773463,1.17538,1.54709,1.86834,2.12175,2.29587,2.3847,2.38798,2.27825,2.12767,1.89897,1.60268,1.25464,0.875878,0.521909,0.715252,1.10138,1.4597,1.77005,2.0151,2.18339,2.26884,2.27797,2.16416,2.01864,1.79758,1.51133,1.17563,0.81131,0.472571,0.657067,1.02749,1.37254,1.6721,1.9089,2.07143,2.1589,2.24265,2.05794,1.91068,1.69698,1.42078,1.0975,0.747678,0.423235,0.598912,0.953725,1.28562,1.57453,1.80317,1.97028,2.1282,2.28925,2.03431,1.82326,1.59724,1.33084,1.01995,0.68463,0.374198,0.540789,0.880089,1.19896,1.4795,1.72861,1.95946,2.18122,2.40078,2.0912,1.824,1.5447,1.25218,0.942689,0.622021,0.326157,0.492745,0.818884,1.14088,1.45023,1.74582,2.02846,2.30183,2.56566,2.20851,1.89356,1.56841,1.23665,0.900053,0.56644,0.278851,0.469039,0.804338,1.14886,1.49164,1.82805,2.15565,2.47169,2.77234,2.37054,2.01289,1.64452,1.27067,0.897911,0.535143,0.232045,0.459888,0.821484,1.19836,1.58037,1.95811,2.32606,2.67974,3.01259,2.56541,2.16756,1.7558,1.33764,0.922309,0.520575,0.185652,0.459461,0.859023,1.27649,1.70058,2.1204,2.52946,2.91869,3.27926,2.78839,2.34925,1.89244,1.42803,0.965291,0.51716,0.139542,0.464881,0.909522,1.37317,1.8434,2.3077,2.75601,3.17947,3.56819,3.02989,2.55082,2.04898,1.53446,1.02122,0.521541,0.093665,0.474106,0.968958,1.48375,2.00258,2.51204,3.0017,3.45789,3.87352,3.28696,2.76838,2.21912,1.65432,1.08621,0.531612,0.0483575,0.48593,1.03551,1.60364,2.17396,2.73112,3.26122,3.75098,4.19232,3.55682,2.99763,2.4005,1.78309,1.1582,0.545916,0.00444894,0.499622,1.10664,1.73154,2.35519,2.96041,3.53204,4.05599,4.52189
14,2.6577,2.5318,2.32171,2.03521,1.68515,1.28862,0.865708,0.650473,1.16352,1.55814,1.90755,2.19318,2.40223,2.527,2.56532,2.47475,2.35499,2.15411,1.88019,1.54667,1.17231,0.789012,0.693787,1.09264,1.4718,1.80828,2.08364,2.28516,2.40508,2.44112,2.34945,2.23422,2.0404,1.77604,1.45432,1.09347,0.721661,0.640791,1.02182,1.38565,1.70931,1.97453,2.16859,2.28371,2.31748,2.22708,2.11652,1.92983,1.67531,1.36591,1.01951,0.662527,0.587804,0.951088,1.29968,1.61067,1.86587,2.05256,2.16292,2.19575,2.10606,2.00017,1.8207,1.57594,1.27885,0.947137,0.606103,0.534829,0.88044,1.21393,1.51239,1.75768,1.93708,2.04817,2.15068,2.05041,1.89048,1.71252,1.47743,1.19265,0.875577,0.550892,0.481865,0.809884,1.1284,1.41447,1.64998,1.84244,2.02225,2.20038,2.09421,1.86769,1.63265,1.38166,1.10696,0.804541,0.496401,0.436374,0.740366,1.04608,1.33295,1.59995,1.84985,2.09111,2.32417,2.20958,1.93216,1.64595,1.34974,1.04598,0.738436,0.442354,0.408534,0.705814,1.021,1.33544,1.64217,1.9397,2.22768,2.50538,2.3788,2.05704,1.72433,1.38467,1.04325,0.70668,0.390952,0.389999,0.706334,1.04864,1.39773,1.74548,2.08633,2.41596,2.72946,2.58687,2.22504,1.84841,1.4637,1.07861,0.701908,0.349998,0.376575,0.727094,1.10766,1.49854,1.88981,2.27292,2.64131,2.98905,2.82668,2.42435,2.0034,1.57179,1.13823,0.714171,0.316765,0.366327,0.760601,1.18765,1.62555,2.06271,2.48828,2.89542,3.27212,3.08732,2.64786,2.18147,1.70036,1.21523,0.738406,0.288805,0.358541,0.802484,1.28175,1.77073,2.2552,2.72579,3.16961,3.57759,3.36633,2.88848,2.37625,1.84429,1.30388,0.770706,0.264659,0.351417,0.849849,1.38561,1.92871,2.46425,2.97888,3.45975,3.8981,3.65929,3.14248,2.58437,1.99894,1.40212,0.809009,0.243107,0.344318,0.90172,1.49654,2.09644,2.68392,3.24406,3.76299,4.23077,3.96268,3.40734,2.80207,2.16247,1.50686,0.851845,0.223636,0.337249,0.956425,1.61272,2.27129,2.9122,3.51898,4.0767,4.573
15,2.1697,2.04995,1.86414,1.61971,1.32805,1.00365,0.610009,0.864659,1.19874,1.50775,1.77606,1.99067,2.1422,2.22546,2.23971,2.06842,1.95208,1.77193,1.53547,1.25409,0.942202,0.617435,0.801611,1.12172,1.41919,1.67834,1.88616,2.03321,2.11418,2.12818,1.96777,1.85478,1.68017,1.45154,1.1803,0.880806,0.570492,0.745469,1.05234,1.33866,1.58895,1.79018,1.93292,2.0117,2.02548,1.86778,1.75808,1.5889,1.36795,1.10669,0.819474,0.523552,0.689618,0.983246,1.25853,1.50008,1.6949,1.83338,1.90998,1.94894,1.78371,1.662,1.49815,1.28473,1.03329,0.758211,0.476613,0.633889,0.914352,1.17875,1.41173,1.60021,1.73597,1.85323,1.97149,1.79919,1.61354,1.41655,1.2019,0.960115,0.697024,0.429678,0.578211,0.845617,1.09931,1.32584,1.53015,1.71994,1.90113,2.0778,1.8997,1.66512,1.42064,1.16716,0.906453,0.642388,0.383295,0.527031,0.790269,1.0534,1.31015,1.55808,1.79783,2.02743,2.24521,2.05979,1.78241,1.49522,1.20228,0.908139,0.619252,0.342274,0.496414,0.780735,1.07303,1.36638,1.65596,1.93757,2.20723,2.46054,2.26004,1.94336,1.61387,1.27877,0.943512,0.616693,0.305268,0.479095,0.799545,1.13142,1.46683,1.7996,2.12184,2.42765,2.71199,2.48932,2.13485,1.76246,1.38134,0.99961,0.626173,0.270592,0.469768,0.835753,1.21406,1.59558,1.97304,2.33529,2.67739,2.98872,2.74023,2.34739,1.93094,1.5015,1.06861,0.643533,0.237336,0.465398,0.882693,1.31258,1.74428,2.16721,2.5718,2.94651,3.2863,3.00613,2.57558,2.11396,1.63321,1.14666,0.666229,0.205008,0.464266,0.936916,1.42161,1.90615,2.37736,2.82289,3.23334,3.59876,3.285,2.81495,2.30729,1.7745,1.23103,0.692195,0.173305,0.465619,0.996665,1.53919,2.07801,2.59821,3.08604,3.53177,3.9233,3.57279,3.06337,2.50844,1.92205,1.32036,0.720928,0.142061,0.468587,1.06025,1.66236,2.25717,2.82775,3.35894,3.83944,4.25737,3.86856,3.31895,2.71584,2.07462,1.41321,0.751624,0.11112,0.472799,1.12674,1.79005,2.44221,3.06423,3.63952,4.15424,4.59868
16,1.65155,1.54835,1.40116,1.21674,1.0044,0.77548,0.625427,0.829137,1.05562,1.26277,1.43974,1.57773,1.67064,1.71546,1.71239,1.57845,1.47648,1.33213,1.15226,0.946292,0.725601,0.552447,0.776511,0.99512,1.19629,1.3691,1.50465,1.59668,1.642,1.6482,1.50611,1.40531,1.26364,1.08815,0.888408,0.675867,0.509533,0.723944,0.934811,1.13016,1.29899,1.43222,1.52343,1.59166,1.66514,1.47417,1.34077,1.1957,1.02441,0.830746,0.626212,0.468069,0.671441,0.874714,1.06443,1.22944,1.37403,1.50785,1.6357,1.75932,1.53381,1.3562,1.16991,0.976492,0.77735,0.576895,0.431071,0.624155,0.826115,1.02611,1.21963,1.40579,1.58389,1.75261,1.91178,1.65476,1.43912,1.21594,0.989194,0.763129,0.543081,0.396086,0.604126,0.826662,1.0539,1.28144,1.5042,1.71858,1.92105,2.10792,1.81608,1.56506,1.3041,1.03986,0.777709,0.524543,0.36204,0.600874,0.856757,1.12013,1.38475,1.64382,1.89206,2.12444,2.33492,2.00372,1.7176,1.41815,1.11249,0.808563,0.514447,0.328479,0.607036,0.904058,1.20895,1.51352,1.81074,2.09247,2.35274,2.58467,2.20951,1.88868,1.54855,1.19915,0.849437,0.509388,0.295201,0.618691,0.961632,1.31185,1.65956,1.99529,2.31145,2.59889,2.85195,2.42965,2.07176,1.69071,1.2952,0.896643,0.507538,0.262081,0.634011,1.02592,1.42411,1.81699,2.19342,2.54329,2.85815,3.13195,2.65921,2.26504,1.84057,1.39778,0.948773,0.507978,0.229078,0.651612,1.09519,1.54348,1.98275,2.40026,2.78479,3.12782,3.42146,2.8962,2.465,1.99688,1.50522,1.00407,0.509948,0.196154,0.671063,1.16783,1.66771,2.15463,2.61419,3.03409,3.40477,3.71843,3.13901,2.67027,2.15805,1.61662,1.06192,0.513134,0.163276,0.691831,1.24323,1.79592,2.33144,2.83376,3.28952,3.68785,4.02102,3.38627,2.87999,2.32344,1.73123,1.12186,0.517277,0.130438,0.713687,1.32091,1.92736,2.51219,3.05774,3.5496,3.97635,4.32929,3.63813,3.09403,2.49204,1.84844,1.18351,0.522168,0.0976342,0.736534,1.40045,2.06141,2.69603,3.28505,3.81311,4.26821,4.64147
17,1.574,1.46489,1.315,1.13148,0.923821,0.70349,0.624262,0.851363,1.06514,1.25848,1.42125,1.5454,1.6256,1.65951,1.64792,1.50487,1.39693,1.24976,1.07059,0.869098,0.65672,0.584067,0.798205,1.00519,1.19357,1.35311,1.47562,1.55559,1.59053,1.61303,1.43649,1.32964,1.18499,1.01006,0.814582,0.610085,0.539532,0.745131,0.945476,1.12907,1.28554,1.40652,1.49366,1.57701,1.66182,1.417,1.27429,1.12076,0.949847,0.760203,0.563512,0.495239,0.692153,0.88602,1.06501,1.22735,1.3766,1.51663,1.6496,1.77786,1.48224,1.29814,1.10759,0.911527,0.712901,0.517427,0.459394,0.65252,0.85271,1.05206,1.24697,1.43527,1.61529,1.78531,1.9432,1.60139,1.38166,1.15516,0.926234,0.700013,0.482687,0.43049,0.643485,0.868348,1.09757,1.3267,1.55023,1.76407,1.96426,2.14676,1.75597,1.50095,1.23778,0.971508,0.709039,0.458098,0.405068,0.650716,0.910607,1.17645,1.44228,1.70055,1.94673,2.17381,2.37755,1.93435,1.64422,1.3423,1.03475,0.73103,0.439086,0.381513,0.667417,0.968398,1.27558,1.58057,1.87489,2.15243,2.40524,2.6287,2.1289,1.80366,1.46097,1.10975,0.760667,0.423603,0.359101,0.689701,1.03598,1.38734,1.73382,2.06575,2.37422,2.65283,2.89449,2.33591,1.97381,1.58937,1.19278,0.795308,0.410453,0.337399,0.715589,1.11033,1.50832,1.89768,2.26733,2.60832,2.91224,3.1715,2.55139,2.15249,1.72487,1.28106,0.833937,0.3987,0.31618,0.744303,1.18899,1.63528,2.06894,2.47778,2.85138,3.18043,3.45752,2.77368,2.33723,1.86596,1.37355,0.875117,0.388082,0.295291,0.774827,1.27128,1.76718,2.24624,2.69471,3.10105,3.45552,3.75054,3.00132,2.52678,2.01113,1.46948,0.91837,0.378327,0.274651,0.806824,1.35639,1.9031,2.4284,2.91682,3.35585,3.73587,4.0488,3.23303,2.72016,2.16024,1.5682,0.963302,0.369264,0.254191,0.840023,1.44397,2.04229,2.61442,3.14348,3.61586,4.0209,4.35076,3.46872,2.91782,2.3123,1.66919,1.00984,0.360712,0.233899,0.874307,1.53354,2.1841,2.80344,3.37331,3.87926,4.3102,4.65809
18,1.51444,1.41975,1.28541,1.11814,0.927694,0.728858,0.63869,0.71245,0.91852,1.10901,1.27327,1.40239,1.49042,1.5343,1.53732,1.44503,1.35109,1.21875,1.05493,0.869399,0.676495,0.541944,0.662397,0.861395,1.04665,1.20741,1.33458,1.42207,1.48008,1.54211,1.38895,1.28399,1.15364,0.99332,0.812876,0.626368,0.511166,0.612407,0.804472,0.984667,1.14208,1.2756,1.39733,1.51301,1.62518,1.41449,1.26136,1.10107,0.933192,0.757205,0.577302,0.480389,0.577774,0.762164,0.947872,1.12777,1.29933,1.46343,1.61909,1.76565,1.50516,1.31433,1.11655,0.915777,0.716477,0.529113,0.449613,0.571697,0.769776,0.977586,1.18625,1.39146,1.58913,1.77632,1.94982,1.63889,1.41347,1.17978,0.94325,0.710467,0.493418,0.418839,0.578824,0.805241,1.04415,1.28605,1.52466,1.75306,1.96835,2.16421,1.80204,1.54294,1.27214,0.996704,0.725305,0.470395,0.388066,0.592649,0.85569,1.13232,1.41121,1.68404,1.94359,2.18495,2.40031,1.9849,1.69242,1.38342,1.06655,0.752516,0.455104,0.357295,0.61018,0.915164,1.23336,1.55188,1.86091,2.15215,2.41829,2.65425,2.18287,1.8557,1.50759,1.14798,0.788175,0.444726,0.326525,0.629947,0.980126,1.34288,1.70287,2.04925,2.37279,2.66528,2.91957,2.39109,2.02936,1.64113,1.23656,0.829386,0.437793,0.295758,0.651283,1.0491,1.45841,1.86205,2.24701,2.60301,2.92119,3.19414,2.60745,2.21078,1.78139,1.33121,0.875041,0.433318,0.264993,0.673813,1.12069,1.57816,2.02652,2.4509,2.83996,3.18421,3.47599,2.83016,2.39792,1.92713,1.43008,0.923752,0.430716,0.234231,0.697116,1.19445,1.70139,2.1953,2.65969,3.0822,3.45274,3.7634,3.05775,2.5898,2.07726,1.53236,0.97495,0.429613,0.203473,0.72067,1.27001,1.82746,2.36753,2.87234,3.32851,3.7254,4.05487,3.28921,2.78648,2.23087,1.63797,1.02816,0.429738,0.17272,0.744523,1.34712,1.95588,2.54254,3.08871,3.57913,4.00255,4.35062,3.52531,2.98609,2.38724,1.74646,1.08382,0.430895,0.141972,0.768738,1.42562,2.08628,2.72081,3.30801,3.83246,4.28243,4.64939
19,1.50932,1.43385,1.31851,1.16869,0.99289,0.802851,0.663371,0.62774,0.82698,1.01776,1.18812,1.32821,1.43105,1.49233,1.52331,1.44706,1.36779,1.25379,1.10671,0.935071,0.750667,0.580881,0.582221,0.773803,0.958943,1.12539,1.26315,1.36794,1.46062,1.55235,1.45661,1.32818,1.19283,1.04583,0.878357,0.69968,0.536527,0.549784,0.722904,0.90334,1.07379,1.23207,1.37996,1.52001,1.65378,1.53647,1.36863,1.19282,1.01241,0.828894,0.64941,0.493274,0.538114,0.710269,0.901691,1.09476,1.28423,1.46735,1.642,1.80628,1.66475,1.4625,1.25138,1.03575,0.820643,0.614675,0.450704,0.535143,0.726876,0.943616,1.16619,1.38734,1.60249,1.80713,1.99679,1.82504,1.59078,1.34463,1.09259,0.841202,0.600229,0.408543,0.536227,0.758271,1.00899,1.26626,1.52142,1.76785,2.00056,2.21281,2.00796,1.74286,1.46121,1.17066,0.87905,0.597722,0.367261,0.537379,0.79813,1.08799,1.38373,1.67499,1.95367,2.2139,2.44819,2.20639,1.91113,1.59311,1.26222,0.927832,0.602575,0.329243,0.538584,0.842854,1.17565,1.51273,1.8419,2.15418,2.44139,2.69665,2.41741,2.0907,1.73605,1.36349,0.984035,0.61258,0.293735,0.539851,0.890729,1.26932,1.64912,2.01768,2.36391,2.67895,2.95613,2.6374,2.27878,1.88699,1.47129,1.04568,0.626234,0.259886,0.541189,0.941017,1.36685,1.79169,2.20025,2.58118,2.9248,3.22309,2.86406,2.47377,2.04391,1.58447,1.11146,0.642421,0.227436,0.542612,0.992898,1.46752,1.93836,2.38814,2.80439,3.17632,3.49586,3.09588,2.67433,2.20562,1.70214,1.18043,0.660753,0.195874,0.544135,1.04614,1.57078,2.08835,2.5802,3.03236,3.43317,3.77381,3.33318,2.87914,2.37111,1.82341,1.25207,0.680829,0.165134,0.545781,1.10057,1.67619,2.2412,2.77579,3.26393,3.69371,4.05597,3.57376,3.08709,2.54048,1.94749,1.3264,0.70222,0.134981,0.547574,1.15605,1.78344,2.3969,2.97402,3.49819,3.95687,4.34056,3.81697,3.29899,2.7128,2.07393,1.40257,0.725021,0.105301,0.549552,1.2126,1.89247,2.55459,3.17461,3.73548,4.22341,4.62863
20,1.45688,1.38893,1.28681,1.1487,0.981969,0.796061,0.60314,0.654586,0.758056,0.948244,1.12221,1.26997,1.38374,1.45819,1.52107,1.47541,1.35506,1.22791,1.08866,0.925947,0.745774,0.560299,0.520445,0.707618,0.891701,1.06122,1.20717,1.33672,1.45717,1.57203,1.56517,1.40511,1.23792,1.06323,0.88299,0.699138,0.517753,0.480329,0.662246,0.847405,1.02969,1.20573,1.37463,1.5352,1.68733,1.70237,1.51012,1.30844,1.10065,0.890995,0.683831,0.485345,0.449542,0.646554,0.852707,1.06177,1.2699,1.47263,1.6665,1.84826,1.87252,1.65126,1.41679,1.17429,0.930466,0.690626,0.462235,0.424275,0.650377,0.887905,1.13068,1.37305,1.60881,1.83254,2.04068,2.06575,1.81597,1.54841,1.27011,0.987884,0.709916,0.444156,0.40217,0.665117,0.940636,1.22163,1.50017,1.77008,2.02358,2.25594,2.27547,1.99663,1.69609,1.37969,1.05678,0.736636,0.428954,0.382032,0.686526,1.00425,1.32645,1.64387,1.94794,2.23182,2.48721,2.49656,2.18985,1.85413,1.49903,1.13328,0.768077,0.415518,0.363146,0.712184,1.07484,1.44053,1.79848,2.1386,2.45185,2.73105,2.7264,2.39125,2.02087,1.62483,1.21488,0.80307,0.403361,0.345176,0.741079,1.15096,1.56189,1.96124,2.33759,2.68106,2.9843,2.96324,2.59912,2.19332,1.75617,1.30038,0.840368,0.391994,0.327863,0.772111,1.23066,1.68812,2.12995,2.54341,2.91762,3.24434,3.20549,2.81206,2.37032,1.89132,1.38907,0.879531,0.381228,0.311032,0.804865,1.3133,1.81835,2.3035,2.75461,3.15994,3.51009,3.45179,3.02891,2.551,2.0301,1.48034,0.920198,0.37091,0.294572,0.839022,1.39834,1.9518,2.48087,2.97,3.40664,3.78098,3.70132,3.24962,2.73556,2.17162,1.5737,0.962091,0.360984,0.278383,0.874324,1.48538,2.08796,2.66123,3.18854,3.65653,4.05496,3.95485,3.47333,2.92244,2.31529,1.66888,1.00546,0.351444,0.2625,0.910773,1.57481,2.22727,2.84533,3.41096,3.91009,4.33205,4.20975,3.69912,3.1119,2.4617,1.76642,1.04987,0.342131,0.246873,0.948404,1.66585,2.36845,3.03137,3.63552,4.16616,4.61225
21,1.54602,1.48742,1.42236,1.31926,1.18013,1.01209,0.824593,0.629471,0.641079,0.773391,0.964966,1.13969,1.28781,1.40154,1.4759,1.60537,1.49454,1.3798,1.25817,1.12078,0.956658,0.774697,0.58694,0.534359,0.72364,0.909208,1.07966,1.22644,1.35672,1.47765,1.7229,1.57544,1.41936,1.25589,1.08516,0.907565,0.725362,0.544516,0.503435,0.682627,0.868948,1.0521,1.22891,1.39801,1.55864,1.8839,1.707,1.51748,1.31861,1.1137,0.906181,0.700644,0.504996,0.480471,0.673686,0.87943,1.08915,1.29687,1.49956,1.6935,2.0751,1.87292,1.65309,1.42068,1.18113,0.939188,0.701173,0.475812,0.461192,0.682997,0.919954,1.16248,1.40402,1.63988,1.86348,2.28798,2.06294,1.81409,1.5486,1.2722,0.99174,0.715528,0.453189,0.443914,0.702522,0.976922,1.25709,1.53553,1.80475,2.05762,2.51807,2.26935,1.99281,1.69276,1.37847,1.057,0.738538,0.434334,0.427738,0.727989,1.04449,1.36578,1.6825,1.98644,2.26934,2.75958,2.48936,2.18306,1.84926,1.49484,1.13074,0.766987,0.417983,0.41223,0.757354,1.11904,1.48389,1.84086,2.17996,2.4922,3.01038,2.71819,2.38298,2.01367,1.61904,1.20979,0.799446,0.403256,0.397215,0.789335,1.19802,1.60809,2.00653,2.38187,2.72502,3.26855,2.95406,2.5897,2.18454,1.74855,1.29354,0.834629,0.389725,0.3825,0.823208,1.28078,1.73721,2.17818,2.59063,2.9644,3.53234,3.1954,2.80154,2.3606,1.88236,1.38047,0.87192,0.377119,0.36801,0.858625,1.36619,1.87036,2.35467,2.80474,3.20894,3.80026,3.44089,3.01843,2.54073,2.01962,1.47018,0.910908,0.365223,0.35373,0.8953,1.45377,2.00676,2.53501,3.02311,3.45861,4.07221,3.69131,3.23872,2.72398,2.15965,1.56246,0.951301,0.353852,0.339559,0.93301,1.54367,2.14579,2.71835,3.24467,3.71152,4.34763,3.94401,3.46139,2.91025,2.30304,1.65665,0.99336,0.342856,0.325546,0.971602,1.63525,2.28694,2.90406,3.46877,3.96679,4.62501,4.19976,3.68787,3.09945,2.44829,1.75284,1.03647,0.332419,0.311622,1.01132,1.72842,2.43078,3.09311,3.69638,4.22591
22,1.54255,1.48276,1.42749,1.36001,1.25517,1.11777,0.954927,0.775897,0.592101,0.632524,0.789909,0.968775,1.13043,1.26593,1.36828,1.63311,1.53092,1.42558,1.31605,1.19919,1.06334,0.903544,0.729086,0.551619,0.562012,0.741827,0.916271,1.07509,1.21104,1.3324,1.76934,1.63776,1.49681,1.34697,1.19074,1.02662,0.856684,0.682569,0.511237,0.526342,0.700571,0.877786,1.05105,1.21788,1.377,1.94057,1.78589,1.61608,1.43444,1.24415,1.04851,0.850981,0.656225,0.472129,0.50335,0.691721,0.88893,1.08851,1.28552,1.47693,2.13696,1.96331,1.76878,1.55785,1.33521,1.10653,0.876613,0.651461,0.439878,0.48657,0.702437,0.929433,1.16085,1.39022,1.61289,2.35342,2.16127,1.94409,1.70483,1.45014,1.18628,0.919707,0.658516,0.412166,0.47316,0.72382,0.986917,1.25393,1.51775,1.77181,2.58308,2.37591,2.13501,1.86834,1.58025,1.27984,0.974143,0.672906,0.387243,0.461647,0.751843,1.05473,1.36052,1.66022,1.9465,2.82446,2.60121,2.33866,2.04282,1.72178,1.38268,1.03604,0.69183,0.36405,0.451355,0.784004,1.12951,1.47617,1.8137,2.13259,3.07408,2.8352,2.55066,2.22622,1.87058,1.49256,1.10277,0.714253,0.342151,0.441834,0.81908,1.20898,1.59811,1.97423,2.32661,3.33009,3.07612,2.76925,2.41603,2.02534,1.60727,1.17356,0.738883,0.321044,0.432868,0.856256,1.29201,1.72481,2.14048,2.52708,3.59213,3.32237,2.99299,2.61064,2.18491,1.72594,1.2472,0.765299,0.300548,0.424338,0.89503,1.37797,1.8554,2.31136,2.73269,3.858,3.57257,3.22063,2.80986,2.3483,1.84779,1.32317,0.793155,0.280514,0.416146,0.935123,1.46636,1.98916,2.4859,2.94228,4.12643,3.82651,3.45289,3.01242,2.51466,1.9722,1.40158,0.822173,0.260815,0.408216,0.976338,1.55675,2.12546,2.66332,3.1549,4.39937,4.08382,3.68744,3.2173,2.68366,2.09958,1.48178,0.852487,0.24152,0.400493,1.01888,1.64884,2.26404,2.84345,3.37033,4.67326,4.34292,3.92475,3.42557,2.85568,2.22894,1.56358,0.883861,0.222451,0.39307,1.06236,1.74301,2.40528,3.02633,3.58868
23,1.53648,1.48171,1.43303,1.37651,1.28297,1.1555,1.00077,0.827521,0.647223,0.637741,0.721458,0.902077,1.06836,1.21106,1.32269,1.63109,1.53606,1.43796,1.33601,1.22842,1.10185,0.949214,0.779517,0.604225,0.504624,0.676015,0.852154,1.01555,1.15679,1.27844,1.77013,1.64629,1.51323,1.37101,1.22226,1.06541,0.901404,0.731867,0.561623,0.479847,0.636722,0.812173,0.985029,1.15109,1.30955,1.94264,1.79725,1.63611,1.46241,1.2793,1.08998,0.897252,0.7056,0.522113,0.456975,0.624472,0.816874,1.01304,1.20851,1.39885,2.13991,1.97704,1.79258,1.59075,1.37601,1.15327,0.928088,0.705886,0.494771,0.434109,0.627743,0.848491,1.07548,1.30248,1.52389,2.35735,2.17755,1.97185,1.7432,1.49714,1.24069,0.979486,0.721177,0.475237,0.411249,0.639479,0.895159,1.15751,1.4187,1.67251,2.58802,2.39483,2.16737,1.91263,1.63516,1.34305,1.04354,0.74574,0.460478,0.388396,0.656006,0.950999,1.25208,1.54984,1.8365,2.83007,2.62311,2.37552,2.09388,1.78484,1.45548,1.11623,0.776294,0.448731,0.365551,0.675717,1.01297,1.35507,1.69122,2.01179,3.08069,2.86018,2.59266,2.28382,1.9426,1.57593,1.19457,0.810914,0.439124,0.342716,0.697408,1.07881,1.46364,1.83929,2.19462,3.33818,3.10426,2.81654,2.48102,2.10662,1.70166,1.27742,0.848594,0.431015,0.319892,0.720611,1.14782,1.57654,1.99272,2.38362,3.60131,3.35373,3.04567,2.68355,2.2757,1.83166,1.36385,0.88861,0.423995,0.297081,0.744907,1.21911,1.693,2.15051,2.57754,3.86828,3.60715,3.27925,2.8906,2.44881,1.96509,1.45326,0.93047,0.417838,0.274287,0.770103,1.29228,1.81237,2.31179,2.77533,4.13814,3.86485,3.5171,3.10092,2.62505,2.10149,1.54512,0.973834,0.41235,0.251512,0.796064,1.36724,1.93411,2.47583,2.97609,4.41235,4.12547,3.75721,3.31371,2.8045,2.24099,1.63896,1.01896,0.407499,0.228762,0.822884,1.44388,2.05781,2.64208,3.17929,4.6875,4.38833,4.00057,3.53023,2.98658,2.38239,1.73487,1.06531,0.403338,0.206043,0.850416,1.52185,2.18381,2.81135,3.38562
24,1.57054,1.55904,1.50945,1.41629,1.28326,1.11666,0.925568,0.721703,0.633311,0.712992,0.918795,1.10982,1.2751,1.40601,1.49642,1.58454,1.51174,1.44304,1.35049,1.21942,1.05627,0.870251,0.672987,0.50999,0.664929,0.863854,1.04979,1.21166,1.34067,1.43178,1.67155,1.55197,1.42752,1.29693,1.15631,0.996555,0.815494,0.624914,0.474069,0.616923,0.809108,0.990134,1.15199,1.29972,1.43728,1.81236,1.65928,1.49537,1.3226,1.14325,0.956876,0.766425,0.577298,0.438147,0.581446,0.775086,0.969916,1.16077,1.3449,1.52185,1.99429,1.81337,1.61716,1.40942,1.19394,0.974596,0.756098,0.544756,0.402227,0.569685,0.784675,1.00653,1.22934,1.44771,1.6578,2.20444,2.00042,1.77521,1.53392,1.28225,1.02667,0.772615,0.527881,0.366306,0.569639,0.817518,1.07429,1.33268,1.58591,1.8285,2.43712,2.2099,1.95739,1.68298,1.39471,1.0992,0.804531,0.519879,0.330386,0.576225,0.863953,1.16078,1.45785,1.74701,2.02156,2.68416,2.43745,2.15605,1.8492,1.52223,1.185,0.846344,0.517391,0.294466,0.586552,0.918387,1.25871,1.59703,1.92394,2.23066,2.94396,2.67641,2.36825,2.02644,1.66089,1.27966,0.894861,0.518692,0.258547,0.5993,0.978025,1.36454,1.74593,2.11121,2.45122,3.2127,2.92469,2.58918,2.21319,1.80686,1.38095,0.947661,0.522318,0.222628,0.613701,1.04172,1.47585,1.9017,2.30689,2.68058,3.4882,3.18039,2.81706,2.40635,1.95886,1.48691,1.00411,0.527851,0.18671,0.629247,1.10805,1.59157,2.06307,2.5086,2.91622,3.77037,3.44182,3.0504,2.60454,2.11572,1.59669,1.0631,0.534791,0.150792,0.645716,1.17656,1.71046,2.22845,2.71484,3.15676,4.05671,3.70747,3.28788,2.80734,2.27645,1.70957,1.12426,0.542934,0.114876,0.662936,1.24686,1.83223,2.39767,2.92559,3.40197,4.34587,3.97696,3.53009,3.01385,2.44025,1.82494,1.18755,0.552065,0.0789608,0.680789,1.31873,1.95656,2.56969,3.13937,3.65065,4.63974,4.25031,3.77496,3.22283,2.60674,1.94324,1.25246,0.561926,0.0430471,0.699219,1.39239,2.08284,2.74391,3.35541,3.9015
25,1.55788,1.50803,1.4138,1.27895,1.11013,0.916809,0.711371,0.646711,0.691867,0.899562,1.09293,1.26066,1.39349,1.48509,1.53558,1.54222,1.44546,1.34332,1.21116,1.04669,0.859352,0.661509,0.506201,0.642929,0.84267,1.02996,1.19337,1.32395,1.43687,1.5441,1.61202,1.46775,1.31568,1.15501,0.984455,0.80254,0.612297,0.470269,0.596658,0.789046,0.976665,1.1549,1.32262,1.48242,1.63398,1.7431,1.56166,1.37064,1.17222,0.969259,0.76547,0.566737,0.434338,0.576202,0.77941,0.98785,1.19604,1.39941,1.59543,1.78164,1.91536,1.70259,1.4767,1.24225,1.00398,0.767693,0.540567,0.398406,0.572962,0.803681,1.04353,1.28506,1.52332,1.75225,1.96759,2.1168,1.87542,1.61551,1.34357,1.067,0.792022,0.527459,0.362475,0.578538,0.846145,1.12385,1.4034,1.67695,1.93866,2.18169,2.33996,2.06942,1.77618,1.4658,1.14784,0.829676,0.522195,0.326544,0.589072,0.899303,1.21954,1.53967,1.85068,2.14451,2.41532,2.57687,2.27961,1.95147,1.60209,1.24017,0.876119,0.521844,0.290613,0.602561,0.959239,1.32489,1.68786,2.03779,2.36539,2.66232,2.82634,2.50037,2.13811,1.74765,1.3407,0.928227,0.524787,0.254682,0.618051,1.02355,1.43735,1.84504,2.23467,2.59587,2.91962,3.08408,2.72976,2.33247,1.90082,1.4469,0.984866,0.530189,0.218752,0.63477,1.0913,1.55452,2.00821,2.43855,2.83411,3.18522,3.34822,2.96607,2.53305,2.05929,1.55781,1.0447,0.537464,0.182823,0.652517,1.16147,1.67553,2.17622,2.64805,3.0785,3.45728,3.61852,3.20776,2.73851,2.22202,1.67262,1.10707,0.546046,0.146894,0.671018,1.23356,1.79967,2.34811,2.86194,3.32761,3.73422,3.89309,3.45341,2.94772,2.38872,1.79048,1.17149,0.555751,0.110966,0.690214,1.30744,1.92634,2.52306,3.07921,3.58024,4.01467,4.17038,3.70252,3.16126,2.55876,1.91078,1.23807,0.566539,0.0750393,0.710025,1.38294,2.0551,2.7009,3.29989,3.83643,4.29846,4.45207,3.9555,3.37746,2.73103,2.03363,1.30641,0.578126,0.0391135,0.730404,1.45975,2.18647,2.88153,3.52336,4.09556,4.58555
26,1.47988,1.41427,1.31293,1.17642,1.01184,0.828913,0.640859,0.66746,0.744925,0.93278,1.10515,1.25162,1.36442,1.44238,1.51499,1.49269,1.37621,1.25295,1.11627,0.955275,0.777518,0.596019,0.519292,0.696268,0.878262,1.04649,1.1954,1.33104,1.45781,1.57954,1.57664,1.42072,1.25615,1.08528,0.907939,0.727637,0.551695,0.494393,0.660871,0.84581,1.03017,1.20947,1.38226,1.54754,1.70378,1.71064,1.52139,1.32254,1.11732,0.909901,0.705042,0.511524,0.475294,0.655247,0.861253,1.07229,1.28304,1.48846,1.68505,1.86934,1.87751,1.65829,1.42671,1.18693,0.944734,0.706887,0.482764,0.456402,0.66509,0.902404,1.14674,1.39119,1.62894,1.85551,2.06475,2.06821,1.82029,1.5557,1.27933,0.999023,0.722796,0.460904,0.437521,0.683297,0.958601,1.24079,1.52125,1.7922,2.04788,2.28116,2.27508,1.99979,1.70097,1.38695,1.0658,0.747339,0.443542,0.418654,0.7065,1.02372,1.34679,1.66559,1.97125,2.25557,2.51266,2.49485,2.19047,1.8581,1.50468,1.14095,0.7776,0.428951,0.399803,0.732779,1.09464,1.46102,1.81968,2.16033,2.47497,2.75538,2.72348,2.39089,2.02322,1.63007,1.22186,0.812156,0.416491,0.38097,0.761368,1.17005,1.58113,1.98096,2.35811,2.70269,3.00635,2.95929,2.59787,2.19489,1.76089,1.30736,0.849514,0.40541,0.362158,0.791424,1.24841,1.70576,2.14778,2.56166,2.93661,3.2638,3.20058,2.81002,2.37183,1.89614,1.39619,0.88917,0.395379,0.343373,0.822682,1.32919,1.83374,2.31864,2.76973,3.17536,3.52621,3.44599,3.02708,2.55292,2.03494,1.48773,0.930715,0.38629,0.324619,0.854948,1.41198,1.96457,2.49327,2.98206,3.41842,3.79254,3.69617,3.24793,2.73719,2.17655,1.58224,0.973862,0.377848,0.305904,0.888067,1.49646,2.0982,2.67087,3.19761,3.66516,4.06329,3.94894,3.47118,2.92427,2.32147,1.67883,1.01861,0.370009,0.287236,0.922052,1.58295,2.23384,2.85065,3.41536,3.91399,4.33592,4.20449,3.69803,3.11475,2.46855,1.77725,1.06481,0.362775,0.268629,0.956955,1.67086,2.37159,3.03323,3.63633,4.16618,4.61179
27,1.44121,1.37004,1.26194,1.12256,0.960877,0.79033,0.743142,0.597508,0.753658,0.927653,1.0862,1.21808,1.31582,1.39092,1.46709,1.40829,1.3088,1.19872,1.06132,0.902712,0.736128,0.603159,0.593385,0.704927,0.872941,1.0307,1.17458,1.30706,1.43163,1.55142,1.45501,1.31158,1.16129,1.00583,0.846296,0.684106,0.554037,0.590409,0.693281,0.863479,1.03931,1.21197,1.37902,1.53872,1.68954,1.55642,1.37736,1.19178,1.00174,0.812851,0.635197,0.507256,0.587465,0.712372,0.901445,1.10239,1.30402,1.50136,1.68934,1.86487,1.69524,1.48527,1.26471,1.03945,0.816267,0.606667,0.461925,0.584557,0.745934,0.963762,1.19566,1.42858,1.65522,1.87027,2.06755,1.86004,1.6195,1.36467,1.10258,0.841707,0.594345,0.417669,0.581691,0.787063,1.03952,1.30646,1.57301,1.83011,2.0711,2.28974,2.04251,1.77273,1.48333,1.18266,0.881198,0.592243,0.374131,0.578872,0.833436,1.12333,1.42872,1.7308,2.01946,2.28632,2.52466,2.23941,1.93902,1.61442,1.27445,0.930176,0.597133,0.333712,0.57611,0.881388,1.21248,1.55851,1.89725,2.21794,2.51151,2.77076,2.4459,2.11529,1.75502,1.37403,0.985507,0.60663,0.296361,0.573412,0.929653,1.30506,1.6932,2.07049,2.42429,2.7447,3.02413,2.6603,2.29921,1.9026,1.47993,1.04628,0.620026,0.261482,0.57079,0.978281,1.40039,1.83178,2.24837,2.63581,2.9834,3.2832,2.88074,2.48881,2.05572,1.59063,1.11079,0.636174,0.228247,0.568259,1.02733,1.49787,1.97356,2.42998,2.85141,3.22639,3.54659,3.10579,2.68397,2.21327,1.70554,1.17825,0.654384,0.196549,0.565837,1.07686,1.5972,2.11795,2.61457,3.07058,3.47367,3.81462,3.3353,2.88307,2.37426,1.82407,1.24898,0.674341,0.16595,0.563546,1.12696,1.69837,2.26453,2.80183,3.29286,3.72366,4.08521,3.56853,3.08491,2.53905,1.94521,1.32203,0.69629,0.136399,0.561418,1.17772,1.80117,2.41301,2.99166,3.51717,3.97562,4.35801,3.80383,3.29048,2.70686,2.06904,1.39689,0.71963,0.107577,0.559493,1.22927,1.90515,2.56336,3.18318,3.74398,4.23074,4.63366
28,1.49462,1.43868,1.34246,1.21059,1.05073,0.874498,0.704495,0.738769,0.681622,0.864792,1.03863,1.18824,1.30515,1.38547,1.4572,1.47313,1.37654,1.27434,1.14445,0.987994,0.816244,0.650576,0.595212,0.636189,0.80928,0.978301,1.13061,1.26854,1.39655,1.5193,1.53179,1.38983,1.24191,1.08737,0.927179,0.76005,0.599728,0.572131,0.628031,0.791363,0.970839,1.14893,1.32174,1.48734,1.64472,1.64654,1.46881,1.28246,1.09119,0.897951,0.710952,0.550581,0.549057,0.644276,0.820369,1.02244,1.22847,1.4321,1.62892,1.81465,1.79945,1.59076,1.36967,1.14187,0.913074,0.692509,0.503508,0.525989,0.672489,0.872394,1.10516,1.34309,1.57843,1.80347,2.01474,1.98001,1.7414,1.48638,1.22155,0.954009,0.69465,0.467088,0.502929,0.701552,0.936678,1.20548,1.4789,1.74698,2.00108,2.23604,2.1794,1.91299,1.62374,1.32027,1.0117,0.709689,0.439434,0.479877,0.730765,1.00797,1.3169,1.62828,1.93067,2.21449,2.47242,2.3938,2.09815,1.77519,1.43262,1.08084,0.733659,0.417451,0.456836,0.760148,1.0838,1.43541,1.78655,2.12423,2.43793,2.71981,2.61879,2.29471,1.93695,1.55368,1.15787,0.763498,0.399461,0.433806,0.789729,1.16276,1.55881,1.95153,2.3258,2.67,2.97577,2.85216,2.49927,2.10636,1.68225,1.2408,0.797948,0.384639,0.410791,0.819539,1.24418,1.68588,2.12113,2.53277,2.90794,3.23772,3.09205,2.71027,2.28197,1.81621,1.32844,0.836065,0.372048,0.387792,0.849617,1.32775,1.81572,2.29448,2.74392,3.15035,3.50444,3.33686,2.92682,2.46248,1.95456,1.41981,0.876751,0.361332,0.364813,0.880012,1.41208,1.94792,2.47084,2.95847,3.39713,3.77574,3.5862,3.1479,2.64683,2.0973,1.5141,0.920033,0.351919,0.34186,0.910783,1.49722,2.08225,2.64966,3.17643,3.64679,4.04981,3.83973,3.37188,2.83518,2.24296,1.6117,0.965527,0.34374,0.318937,0.942006,1.58328,2.21848,2.83099,3.39655,3.89852,4.32623,4.09518,3.5996,3.02686,2.39105,1.71158,1.01258,0.336914,0.296053,0.973774,1.67039,2.35667,3.0144,3.61887,4.15343,4.60566
29,1.54979,1.50613,1.42094,1.29823,1.14577,0.975741,0.81211,0.814556,0.649972,0.805793,0.981643,1.13928,1.26662,1.35515,1.42757,1.51343,1.4343,1.34672,1.22548,1.07571,0.909098,0.748288,0.68055,0.659279,0.753761,0.921971,1.07943,1.22175,1.35309,1.47887,1.56156,1.43248,1.298,1.15777,1.00922,0.846474,0.689789,0.643595,0.675047,0.754565,0.920402,1.09657,1.27072,1.43875,1.60055,1.6693,1.50236,1.3261,1.14535,0.962936,0.787368,0.634468,0.60664,0.690884,0.796624,0.977229,1.17764,1.38092,1.57955,1.77041,1.81913,1.61966,1.40762,1.18868,0.968595,0.757423,0.580961,0.569685,0.706798,0.859673,1.06292,1.29378,1.52758,1.75582,1.97226,1.99901,1.77028,1.52409,1.26696,1.00675,0.755668,0.539541,0.532731,0.7228,0.92904,1.16456,1.42987,1.69706,1.95494,2.1965,2.20171,1.9439,1.66364,1.36819,1.06664,0.772234,0.511633,0.495777,0.738904,0.998732,1.27534,1.57844,1.88078,2.1692,2.43592,2.41882,2.13458,1.82012,1.48528,1.14054,0.800309,0.492677,0.458824,0.755124,1.06879,1.39227,1.73534,2.07409,2.39453,2.68661,2.64928,2.33719,1.98835,1.61419,1.22505,0.83697,0.480099,0.421871,0.771479,1.13927,1.51425,1.89759,2.2746,2.62714,2.9451,2.88897,2.54918,2.1662,1.75146,1.31682,0.879521,0.472186,0.384919,0.787992,1.21022,1.63802,2.06415,2.4801,2.86559,3.20977,3.13593,2.76893,2.35093,1.89536,1.41441,0.927404,0.46791,0.347967,0.80469,1.28171,1.76264,2.23399,2.68942,3.10862,3.47922,3.38946,2.9944,2.54173,2.04476,1.51697,0.97877,0.466292,0.311016,0.821607,1.35382,1.88818,2.40644,2.90185,3.35522,3.75228,3.64735,3.22414,2.73777,2.19823,1.62324,1.03322,0.467312,0.274067,0.838789,1.42664,2.01475,2.58171,3.117,3.60456,4.02804,3.9088,3.4594,2.93729,2.35631,1.73267,1.09105,0.470094,0.237118,0.856289,1.50029,2.14246,2.75887,3.33465,3.85606,4.3071,4.17551,3.69715,3.14042,2.5173,1.84583,1.15099,0.47444,0.200171,0.874181,1.57488,2.27141,2.93733,3.55434,4.11028,4.58781
30,1.48603,1.44108,1.3576,1.24045,1.0978,0.943949,0.812255,0.860174,0.699053,0.765811,0.921212,1.06482,1.18167,1.28231,1.37833,1.46149,1.37507,1.28554,1.16913,1.02814,0.876281,0.744761,0.718897,0.71842,0.750808,0.890059,1.04296,1.1915,1.33356,1.4711,1.51327,1.38164,1.24492,1.10498,0.962642,0.813737,0.684126,0.687811,0.737861,0.802962,0.935139,1.10499,1.28003,1.45253,1.61935,1.61783,1.45113,1.27527,1.09561,0.917695,0.754091,0.627498,0.656725,0.757383,0.873186,1.01966,1.21237,1.41432,1.61359,1.80484,1.76116,1.56274,1.35158,1.13452,0.918103,0.718099,0.573461,0.625642,0.776997,0.943692,1.12451,1.34447,1.57529,1.80123,2.01614,1.93147,1.70387,1.45896,1.20368,0.948602,0.707172,0.522659,0.594561,0.796718,1.01451,1.24292,1.49177,1.75328,2.00682,2.24429,2.12238,1.86661,1.58777,1.29457,0.997756,0.713095,0.483522,0.563481,0.816558,1.08569,1.36376,1.64791,1.94195,2.22463,2.4853,2.32727,2.04394,1.73187,1.40005,1.06025,0.730268,0.453462,0.532405,0.836538,1.15727,1.48525,1.81067,2.13827,2.45031,2.73432,2.54366,2.23311,1.88749,1.51608,1.13252,0.755588,0.42993,0.501331,0.85668,1.2293,1.60747,1.97891,2.34004,2.68226,2.98977,2.76907,2.43134,2.05153,1.64001,1.21208,0.78709,0.411707,0.47026,0.87701,1.30185,1.73048,2.14845,2.54573,2.91856,3.25027,3.00158,2.63637,2.2224,1.77065,1.2973,0.823504,0.397063,0.439194,0.897561,1.37498,1.85436,2.31901,2.75473,3.15833,3.51467,3.23988,2.84668,2.399,1.9071,1.38756,0.86377,0.385667,0.408133,0.918377,1.44879,1.97921,2.49066,2.96718,3.40091,3.78204,3.48235,3.06286,2.58012,2.04776,1.4819,0.907747,0.376631,0.377079,0.939508,1.52337,2.10513,2.66347,3.18098,3.64587,4.0517,3.72993,3.28232,2.76561,2.19166,1.57926,0.954341,0.369887,0.346032,0.961021,1.59883,2.23221,2.8375,3.39593,3.89317,4.32334,3.98009,3.50556,2.9546,2.3394,1.67983,1.0032,0.364786,0.314995,0.983002,1.67531,2.36056,3.01283,3.61208,4.14284,4.59739
31,1.34351,1.21149,1.07472,0.935127,0.798288,0.671576,0.578173,0.781032,0.697453,0.781757,0.917756,1.07694,1.23915,1.39823,1.54925,1.44419,1.2835,1.11456,0.942232,0.773934,0.624057,0.530171,0.609494,0.723656,0.850868,1.00327,1.18557,1.37166,1.55255,1.72362,1.57233,1.38499,1.18594,0.981567,0.779699,0.596483,0.484289,0.592585,0.749995,0.920307,1.10225,1.31042,1.52197,1.72535,1.91475,1.72091,1.50751,1.27859,1.04105,0.80447,0.584936,0.439871,0.575693,0.776488,0.990111,1.21067,1.44539,1.68365,1.9101,2.11788,1.88255,1.6452,1.38651,1.11515,0.841535,0.583979,0.398804,0.558818,0.803156,1.06032,1.32257,1.58715,1.85307,2.10331,2.32962,2.05647,1.79371,1.50441,1.19865,0.888309,0.590595,0.363734,0.541966,0.830025,1.13099,1.43515,1.73359,2.02795,2.30244,2.54773,2.23839,1.95026,1.63109,1.29075,0.941026,0.602925,0.333082,0.525138,0.857129,1.20218,1.54845,1.88439,2.20691,2.50606,2.7704,2.42655,2.11399,1.76415,1.38842,0.999506,0.619285,0.30627,0.50834,0.884504,1.27395,1.66256,2.03703,2.38907,2.71316,2.99664,2.61963,2.28297,1.90222,1.49052,1.06198,0.639218,0.282046,0.491579,0.912197,1.34637,1.77754,2.19063,2.57373,2.92301,3.22563,2.81845,2.45596,2.04491,1.59689,1.12803,0.662074,0.259892,0.474861,0.940266,1.41953,1.89348,2.34523,2.76107,3.13507,3.45728,3.02043,2.63251,2.19119,1.70716,1.19735,0.687148,0.239764,0.458198,0.968782,1.49354,2.01045,2.5009,2.95012,3.34899,3.69084,3.22514,2.81291,2.34001,1.81994,1.26906,0.714443,0.220946,0.441603,0.997833,1.5685,2.12855,2.65769,3.14018,3.56461,3.92576,3.43331,2.99532,2.49265,1.93528,1.34321,0.743557,0.203584,0.425094,1.02753,1.64453,2.24786,2.81565,3.33129,3.78209,4.16258,3.6431,3.18165,2.64661,2.05354,1.41985,0.774816,0.187321,0.4087,1.05801,1.72178,2.36848,2.97484,3.52347,4.00119,4.40042,3.85553,3.36902,2.80419,2.17416,1.4986,0.807346,0.172281,0.392461,1.08944,1.8004,2.4905,3.1353,3.71674,4.2212,4.63983
32,1.29199,1.16259,1.02824,0.893302,0.764318,0.647707,0.577698,0.792481,0.716484,0.806602,0.914041,1.06352,1.22389,1.38298,1.53511,1.38817,1.22945,1.06288,0.89508,0.733472,0.596451,0.52668,0.623145,0.742744,0.875224,1.01786,1.18392,1.36617,1.54619,1.71649,1.5112,1.32587,1.12917,0.927837,0.732345,0.561007,0.478331,0.606847,0.769146,0.944184,1.12757,1.31785,1.52327,1.72482,1.91268,1.65364,1.44265,1.21613,0.981531,0.750616,0.542513,0.432024,0.590567,0.795711,1.01352,1.23786,1.46198,1.69038,1.91363,2.11918,1.81045,1.57408,1.31769,1.04958,0.781983,0.535445,0.387087,0.574308,0.822462,1.08328,1.34877,1.61059,1.86431,2.10993,2.33343,1.97805,1.7172,1.43099,1.12843,0.822837,0.536404,0.345404,0.558075,0.849427,1.15351,1.46037,1.75999,2.04338,2.31136,2.553,2.15415,1.86897,1.55249,1.21516,0.870891,0.543459,0.308995,0.541871,0.876639,1.22428,1.57272,1.91025,2.22662,2.5168,2.77655,2.33733,2.02729,1.68032,1.30776,0.924659,0.555363,0.276891,0.525703,0.904139,1.29565,1.68588,2.06142,2.41081,2.72519,3.00325,2.52641,2.19064,1.8135,1.40548,0.982723,0.570761,0.247862,0.509578,0.931977,1.36769,1.79993,2.21354,2.59593,2.93694,3.23246,2.71952,2.35872,1.95121,1.50753,1.04414,0.589645,0.221405,0.493504,0.960212,1.4405,1.91495,2.36668,2.782,3.1501,3.46388,2.91563,2.53143,2.09255,1.6127,1.10938,0.611027,0.197269,0.477495,0.988921,1.51417,2.03102,2.52089,2.96907,3.36412,3.6974,3.11633,2.70645,2.23769,1.72154,1.17757,0.634482,0.174763,0.461566,1.0182,1.58882,2.14823,2.67622,3.15716,3.57901,3.93279,3.31837,2.88536,2.38471,1.83309,1.24776,0.660305,0.154057,0.445741,1.04815,1.66457,2.26667,2.83273,3.34629,3.7948,4.16896,3.52479,3.06572,2.5358,1.94749,1.32093,0.688416,0.13438,0.430053,1.07894,1.74157,2.38642,2.99046,3.53648,4.01147,4.40585,3.73206,3.24954,2.68829,2.06446,1.39642,0.71786,0.11637,0.414549,1.11073,1.81996,2.50758,3.14945,3.72776,4.22903,4.64346
33,1.47346,1.32043,1.15716,0.989017,0.819908,0.660123,0.531506,0.732417,0.621076,0.737934,0.870768,1.04409,1.22799,1.40982,1.58409,1.6133,1.43562,1.2443,1.04431,0.842662,0.649862,0.489409,0.480445,0.626949,0.787304,0.958325,1.1549,1.36448,1.57042,1.76541,1.7717,1.5716,1.35269,1.12142,0.885837,0.657654,0.460893,0.443398,0.632895,0.836928,1.05059,1.27543,1.51276,1.74382,1.95959,1.9458,1.72289,1.47606,1.2132,0.942748,0.677287,0.44215,0.406351,0.638925,0.88684,1.14336,1.40216,1.66872,1.92556,2.16204,2.13034,1.88467,1.61138,1.3164,1.00997,0.705657,0.430129,0.369304,0.645052,0.93708,1.23669,1.53425,1.83012,2.11346,2.37154,2.32302,2.05562,1.75478,1.42698,1.08388,0.739892,0.423116,0.332257,0.651292,0.987691,1.33064,1.66861,1.99519,2.30562,2.58561,2.5223,2.23326,1.90462,1.5442,1.16365,0.779318,0.419765,0.29521,0.657666,1.03873,1.42528,1.8038,2.16328,2.50121,2.80324,2.72708,2.41651,2.05994,1.66637,1.24799,0.822178,0.419517,0.258163,0.664198,1.09026,1.52069,1.93989,2.33443,2.69952,3.02365,2.93604,2.604,2.21917,1.79248,1.33595,0.868176,0.421673,0.221116,0.67092,1.14235,1.61694,2.07695,2.50755,2.90004,3.24672,3.14954,2.79498,2.38287,1.92175,1.42696,0.916981,0.425895,0.184069,0.677873,1.1951,1.71412,2.21503,2.68168,3.10244,3.4717,3.36495,2.98961,2.5492,2.05495,1.52088,0.968311,0.432042,0.147023,0.685109,1.2486,1.81234,2.35421,2.85684,3.30683,3.69812,3.58409,3.18672,2.71818,2.19065,1.61791,1.02137,0.439435,0.109976,0.692698,1.30299,1.91169,2.49456,3.03307,3.51302,3.92649,3.80431,3.38634,2.89035,2.32873,1.71651,1.07703,0.448181,0.0729976,0.700731,1.3584,2.0123,2.63613,3.2104,3.72029,4.15605,4.02835,3.58778,3.06452,2.46922,1.81831,1.13465,0.458798,0.0363537,0.709334,1.41501,2.11426,2.779,3.38887,3.92851,4.38686,4.2532,3.7919,3.24066,2.61204,1.92154,1.19442,0.470416,0,0.71868,1.473,2.21772,2.92321,3.56849,4.13768,4.61891
34,1.5182,1.36101,1.19274,1.01779,0.841683,0.674287,0.53791,0.745712,0.635218,0.763386,0.903143,1.0785,1.26632,1.45245,1.63061,1.66285,1.48188,1.28619,1.08063,0.872453,0.671616,0.50172,0.48243,0.639241,0.810036,0.991215,1.18994,1.40369,1.61406,1.81246,1.82448,1.62199,1.39889,1.16233,0.92071,0.684445,0.478061,0.444507,0.643328,0.85693,1.08,1.30945,1.55106,1.78622,2.00498,1.9989,1.7742,1.52521,1.2578,0.981124,0.707981,0.462989,0.406586,0.647488,0.9041,1.16929,1.43479,1.70503,1.96571,2.2057,2.1828,1.93728,1.66135,1.36205,1.05019,0.738904,0.454098,0.368665,0.651734,0.951586,1.25913,1.56427,1.8633,2.15038,2.41178,2.37442,2.10796,1.80483,1.47358,1.12558,0.775615,0.449809,0.330745,0.656082,0.999433,1.34958,1.69451,2.02515,2.33913,2.62211,2.57233,2.28443,1.95453,1.59125,1.20675,0.816653,0.448892,0.292827,0.660548,1.04769,1.44072,1.82559,2.18995,2.5308,2.83576,2.7753,2.46539,2.10933,1.71364,1.29176,0.861032,0.450969,0.25491,0.665156,1.09643,1.53261,1.95757,2.35745,2.72488,3.05199,2.98165,2.65148,2.26779,1.8398,1.38054,0.908608,0.455067,0.217295,0.669937,1.14572,1.62535,2.09051,2.52596,2.92101,3.27024,3.19219,2.84081,2.42962,1.969,1.47231,0.958509,0.461153,0.180141,0.674927,1.19566,1.71903,2.22448,2.69547,3.11926,3.49056,3.40511,3.03267,2.5949,2.10121,1.56652,1.01093,0.469001,0.143365,0.680176,1.24634,1.81373,2.35955,2.86602,3.31943,3.71261,3.62069,3.22782,2.76196,2.23655,1.66378,1.06542,0.478403,0.1069,0.685752,1.29791,1.90958,2.49578,3.03764,3.52076,3.93585,3.83811,3.42457,2.93281,2.3736,1.76285,1.12203,0.489135,0.0708391,0.691744,1.3505,2.00669,2.63325,3.21036,3.72303,4.16065,4.05847,3.62377,3.10494,2.51356,1.86461,1.18104,0.501672,0.034971,0.698278,1.4043,2.10518,2.77203,3.38422,3.92626,4.38653,4.27961,3.82492,3.27953,2.65527,1.96787,1.24184,0.515385,0,0.705528,1.4595,2.20517,2.91216,3.55924,4.13043,4.61378
35,1.47398,1.3084,1.1322,0.949935,0.768689,0.598187,0.470135,0.708035,0.641341,0.78206,0.944569,1.13328,1.32492,1.51078,1.68421,1.61382,1.42531,1.22173,1.0094,0.795763,0.592589,0.431624,0.489275,0.658194,0.839988,1.03313,1.24908,1.46618,1.67466,1.867,1.76907,1.55736,1.32694,1.08397,0.836926,0.599038,0.401825,0.46527,0.675164,0.898234,1.12821,1.37233,1.61653,1.84805,2.05912,1.93529,1.70172,1.44382,1.1692,0.888012,0.613368,0.37841,0.441271,0.692268,0.956841,1.22689,1.50061,1.77276,2.02837,2.25851,2.1104,1.85455,1.56864,1.26259,0.945918,0.633822,0.359709,0.417277,0.709527,1.01585,1.32619,1.6326,1.93375,2.21348,2.46297,2.292,2.01397,1.70045,1.36231,1.0093,0.658382,0.344082,0.39329,0.726968,1.07533,1.42619,1.76773,2.09794,2.40242,2.67141,2.47904,2.17867,1.83752,1.46663,1.07702,0.686621,0.331524,0.369312,0.744622,1.13532,1.52693,1.90559,2.26474,2.59437,2.88293,2.67109,2.3476,1.97913,1.57464,1.14797,0.717514,0.320796,0.345344,0.762529,1.19592,1.62851,2.04462,2.43372,2.78869,3.09679,2.86623,2.52013,2.12405,1.68609,1.2217,0.75069,0.311976,0.32139,0.780739,1.25719,1.731,2.18463,2.6047,2.98489,3.31317,3.06387,2.69666,2.27144,1.80105,1.29871,0.785986,0.304386,0.297451,0.799314,1.31925,1.83449,2.32567,2.77758,3.18287,3.53111,3.26513,2.87486,2.42227,1.91798,1.37775,0.823497,0.298412,0.273532,0.818334,1.3822,1.93906,2.4678,2.95223,3.3827,3.75048,3.46771,3.05628,2.57523,2.03793,1.45909,0.86253,0.293464,0.249641,0.837902,1.44617,2.04481,2.61107,3.12791,3.58371,3.97142,3.67356,3.23877,2.73085,2.15943,1.54255,0.903372,0.289307,0.225785,0.858152,1.51132,2.15185,2.75555,3.30463,3.78622,4.19339,3.88068,3.42444,2.88776,2.28379,1.62814,0.946328,0.286697,0.201979,0.879259,1.5778,2.26026,2.90127,3.48243,3.9899,4.41658,4.08916,3.6111,3.04763,2.4095,1.71566,0.991201,0.284879,0.178246,0.901451,1.64579,2.37016,3.04828,3.6613,4.19494,4.64082
36,1.41237,1.25518,1.08734,0.914033,0.744446,0.592256,0.496402,0.760791,0.688377,0.830862,0.983408,1.142,1.3161,1.49705,1.67054,1.54506,1.36406,1.16841,0.964893,0.76209,0.575936,0.451217,0.530726,0.700313,0.883336,1.07527,1.27056,1.46678,1.6682,1.85933,1.69239,1.48945,1.26698,1.03239,0.795925,0.574051,0.411656,0.502578,0.712342,0.9361,1.16762,1.39975,1.62546,1.84675,2.05586,1.85241,1.62713,1.3773,1.11178,0.841161,0.582102,0.380876,0.474431,0.724477,0.989192,1.26052,1.52964,1.78822,2.0313,2.25827,2.02129,1.7736,1.49733,1.20038,0.894391,0.597892,0.356545,0.446285,0.736735,1.04266,1.35402,1.66028,1.95177,2.22017,2.46492,2.19707,1.92815,1.62481,1.29612,0.954019,0.618805,0.336899,0.418139,0.74914,1.09655,1.44819,1.79171,2.11616,2.41231,2.67488,2.37849,2.08855,1.75757,1.39693,1.01894,0.644393,0.320895,0.389994,0.761716,1.15092,1.5431,1.92401,2.28141,2.60526,2.88768,2.5646,2.2535,1.89567,1.50251,1.08797,0.673618,0.308255,0.361851,0.774498,1.20585,1.63882,2.05722,2.44758,2.79905,3.10315,2.75581,2.42186,2.03799,1.61244,1.16095,0.705909,0.297904,0.333708,0.787527,1.26142,1.73543,2.19141,2.61469,2.99368,3.31948,2.94934,2.59467,2.18305,1.72538,1.23675,0.741028,0.289819,0.305568,0.800857,1.31774,1.83304,2.32665,2.78278,3.18918,3.53655,3.14595,2.77024,2.33138,1.8405,1.31494,0.778098,0.283578,0.277429,0.814559,1.37491,1.93172,2.46298,2.95188,3.38557,3.75435,3.34484,2.94815,2.48221,1.95979,1.39629,0.817784,0.279153,0.249293,0.828725,1.43306,2.0316,2.60049,3.12204,3.58284,3.97288,3.54667,3.12851,2.63584,2.08049,1.47967,0.859766,0.275846,0.221162,0.843479,1.49237,2.13276,2.73921,3.29326,3.78102,4.19215,3.74959,3.31106,2.79151,2.20458,1.56638,0.903977,0.274632,0.193035,0.858987,1.55299,2.23533,2.87921,3.46557,3.98009,4.41215,3.95569,3.49462,2.94985,2.33,1.65458,0.950198,0.274768,0.164917,0.875474,1.61513,2.3394,3.02054,3.639,4.18008,4.63288
37,1.37077,1.2208,1.06204,0.899474,0.741179,0.601854,0.51389,0.768484,0.689139,0.816088,0.953615,1.10075,1.2727,1.44792,1.61655,1.49612,1.32123,1.13377,0.940102,0.748701,0.575325,0.466649,0.54789,0.703106,0.871527,1.04922,1.23127,1.42208,1.61843,1.80493,1.64031,1.44156,1.22611,1.00074,0.775241,0.566567,0.422056,0.520696,0.717179,0.927269,1.14533,1.36486,1.58095,1.79847,2.00298,1.79734,1.57603,1.33291,1.07568,0.815405,0.569459,0.38554,0.493505,0.731374,0.983353,1.24199,1.49914,1.74701,1.98508,2.20771,1.96535,1.7217,1.45076,1.16136,0.865202,0.580577,0.356406,0.466317,0.745711,1.03982,1.33927,1.63418,1.91546,2.17669,2.41756,2.14162,1.87571,1.57691,1.25486,0.922277,0.598655,0.332553,0.439135,0.760213,1.09673,1.43721,1.77002,2.08475,2.37258,2.63152,2.32437,2.03629,1.70941,1.3544,0.985176,0.621407,0.313511,0.411957,0.774908,1.15414,1.5359,1.90671,2.2549,2.5708,2.84831,2.51329,2.20184,1.84729,1.45937,1.05241,0.648244,0.297556,0.384787,0.789832,1.21212,1.6354,2.04432,2.42597,2.76986,3.06771,2.70609,2.3718,1.98967,1.5686,1.1236,0.678058,0.284328,0.357624,0.805031,1.27075,1.73579,2.18291,2.59797,2.96976,3.28955,2.9016,2.5465,2.13536,1.68097,1.19796,0.710946,0.273438,0.330472,0.820559,1.33012,1.83717,2.32253,2.77096,3.17053,3.51212,3.10181,2.7235,2.28515,1.79661,1.27568,0.746377,0.264398,0.303333,0.836489,1.39036,1.93962,2.46324,2.94495,3.37219,3.73543,3.30311,2.9042,2.4367,1.9156,1.35574,0.784095,0.25694,0.27621,0.852915,1.45157,2.04323,2.6051,3.11998,3.57473,3.95948,3.50866,3.08637,2.5921,2.03684,1.43852,0.823788,0.251563,0.24911,0.869957,1.51392,2.14812,2.74818,3.29608,3.77817,4.18426,3.71509,3.27185,2.74884,2.16102,1.52407,0.866347,0.247225,0.22204,0.887775,1.57756,2.25439,2.89252,3.47327,3.98251,4.40977,3.92442,3.45826,2.90911,2.28717,1.61174,0.910318,0.244558,0.195013,0.906579,1.64267,2.36213,3.03817,3.65156,4.18776,4.63601
38,1.42668,1.27156,1.10551,0.933771,0.764267,0.608693,0.498735,0.747083,0.649584,0.784017,0.929288,1.08313,1.26165,1.44412,1.62,1.56339,1.38408,1.19039,0.987868,0.785086,0.595336,0.453367,0.494094,0.656668,0.833044,1.01922,1.21006,1.40896,1.61381,1.8085,1.71613,1.51517,1.29412,1.06053,0.823682,0.59806,0.418351,0.459821,0.663831,0.882341,1.10962,1.3389,1.56474,1.79209,2.00626,1.88328,1.6595,1.41131,1.14643,0.875016,0.61212,0.393072,0.425548,0.671086,0.931943,1.20056,1.46843,1.72736,1.97666,2.21017,2.05953,1.81396,1.53891,1.24247,0.935045,0.633676,0.374811,0.391274,0.678448,0.981893,1.29208,1.5987,1.89218,2.16588,2.41903,2.24336,1.97646,1.67429,1.3458,1.00251,0.662069,0.361369,0.357001,0.685935,1.03224,1.38424,1.72976,2.05783,2.35911,2.63172,2.43368,2.14527,1.8159,1.45538,1.07516,0.694759,0.352321,0.322728,0.69357,1.08304,1.47712,1.86168,2.22436,2.55492,2.84731,2.62844,2.31915,1.96252,1.56946,1.15235,0.731534,0.346247,0.288455,0.701381,1.13437,1.5708,1.9945,2.3918,2.75158,3.06522,2.82841,2.49727,2.11385,1.68728,1.2331,0.771195,0.342842,0.254181,0.709406,1.18629,1.66534,2.12831,2.5602,2.94911,3.28573,3.0312,2.67889,2.26819,1.8095,1.31734,0.813606,0.341498,0.219908,0.71769,1.23892,1.76086,2.26315,2.7296,3.14752,3.50718,3.23691,2.86406,2.42543,1.93439,1.40452,0.859197,0.342107,0.185635,0.726294,1.29235,1.85744,2.39911,2.90002,3.34684,3.72938,3.446,3.05099,2.58649,2.06212,1.49426,0.90658,0.344666,0.151362,0.735299,1.34673,1.95519,2.53623,3.07151,3.54707,3.95234,3.65703,3.24127,2.74916,2.19235,1.58666,0.956157,0.348795,0.117089,0.744813,1.40221,2.05422,2.67459,3.24409,3.74822,4.17606,3.86989,3.43327,2.9148,2.32496,1.68114,1.0083,0.354404,0.0828154,0.754983,1.45895,2.15465,2.81424,3.41779,3.9503,4.40054,4.0853,3.62746,3.08221,2.45946,1.77812,1.06268,0.361803,0.0485423,0.76601,1.51716,2.25659,2.95524,3.59263,4.15332,4.62577
39,1.44213,1.29001,1.12409,0.951704,0.780512,0.625882,0.524499,0.822868,0.698913,0.855778,1.02352,1.19777,1.37357,1.54586,1.71058,1.57918,1.40541,1.21377,1.0114,0.806701,0.61718,0.478957,0.511965,0.694067,0.891168,1.09871,1.31069,1.52076,1.72279,1.91114,1.73086,1.53731,1.3203,1.08756,0.849542,0.623682,0.446743,0.468021,0.689259,0.926771,1.17432,1.42421,1.66865,1.90045,2.11323,1.89425,1.68035,1.43783,1.17555,0.904265,0.640904,0.424505,0.424088,0.684496,0.962617,1.25041,1.53839,1.81729,2.07887,2.31602,2.06601,1.83233,1.56519,1.27297,0.967414,0.666885,0.410263,0.380169,0.679786,0.998742,1.32705,1.65328,1.96672,2.25807,2.51954,2.24432,1.99219,1.6999,1.37759,1.038,0.699132,0.40139,0.33717,0.67514,1.03519,1.40428,1.76896,2.117,2.43808,2.72379,2.42866,2.15762,1.84055,1.48834,1.11392,0.736568,0.397377,0.295377,0.670569,1.07202,1.48219,1.88547,2.26815,2.61894,2.9288,2.61871,2.3273,1.98671,1.60443,1.19465,0.778417,0.397385,0.254606,0.666091,1.10928,1.56085,2.0029,2.42024,2.80066,3.13457,2.81209,2.50203,2.13634,1.72418,1.27939,0.8241,0.400531,0.214683,0.661726,1.14707,1.64036,2.1213,2.5733,2.98328,3.34111,3.00808,2.68054,2.28972,1.8467,1.36736,0.872497,0.406778,0.175449,0.657504,1.18547,1.72081,2.24077,2.72738,3.1668,3.54842,3.20842,2.86103,2.44624,1.97417,1.45896,0.924386,0.415427,0.137184,0.653462,1.2246,1.80233,2.36136,2.88252,3.35126,3.75653,3.41051,3.04532,2.60576,2.10342,1.5531,0.979191,0.425871,0.101001,0.649655,1.26461,1.88503,2.48316,3.03876,3.53666,3.96541,3.61558,3.23093,2.76817,2.23614,1.65084,1.036,0.439382,0.0665295,0.646162,1.30565,1.96904,2.60624,3.19614,3.72303,4.17509,3.82238,3.41962,2.93264,2.37006,1.74993,1.09588,0.4547,0.0337838,0.643098,1.34795,2.0545,2.73067,3.35468,3.91036,4.38555,4.02995,3.61051,3.09862,2.50757,1.8526,1.1583,0.472209,0.00258432,0.640641,1.39175,2.14155,2.85652,3.5144,4.09866,4.59679
40,1.44492,1.2896,1.12086,0.945778,0.77217,0.615886,0.51425,0.821611,0.700857,0.859184,1.02785,1.20237,1.37779,1.5491,1.71798,1.5816,1.4044,1.20972,1.0046,0.798315,0.606618,0.468546,0.515115,0.699268,0.897969,1.10635,1.31832,1.52757,1.72808,1.91436,1.73387,1.53609,1.31545,1.08004,0.839577,0.61219,0.435402,0.474105,0.697744,0.937008,1.18532,1.4349,1.67808,1.9078,2.11782,1.89699,1.67809,1.43201,1.16659,0.893056,0.628266,0.411707,0.433098,0.696293,0.976338,1.26481,1.55217,1.82935,2.08827,2.32205,2.06833,1.82977,1.55832,1.26266,0.954478,0.651928,0.395588,0.392093,0.694928,1.016,1.34488,1.67019,1.98142,2.26953,2.52699,2.24696,1.98865,1.69143,1.36549,1.02272,0.682081,0.384542,0.351091,0.693666,1.05605,1.4256,1.789,2.13433,2.4516,2.73265,2.43106,2.15314,1.83095,1.47443,1.09632,0.71684,0.378131,0.310093,0.692527,1.09653,1.50705,1.90868,2.28813,2.63449,2.93905,2.61981,2.3226,1.97559,1.58818,1.17503,0.75637,0.375495,0.269099,0.691536,1.13754,1.58929,2.02929,2.44286,2.81825,3.1462,2.81295,2.49552,2.12376,1.70588,1.25722,0.799145,0.375559,0.228639,0.690726,1.17913,1.67243,2.15089,2.59856,3.00288,3.3541,3.00853,2.6732,2.27465,1.82696,1.3422,0.844834,0.378763,0.188928,0.690141,1.22144,1.75655,2.27355,2.75527,3.1884,3.56276,3.2087,2.85244,2.43052,1.95149,1.43135,0.893184,0.384097,0.149832,0.689839,1.26456,1.84177,2.39735,2.91302,3.37483,3.77217,3.40967,3.03536,2.58764,2.07876,1.52291,0.944776,0.391264,0.11124,0.689899,1.30865,1.92821,2.52235,3.07185,3.56218,3.98235,3.6146,3.21978,2.74863,2.2084,1.61701,0.998054,0.400798,0.0733357,0.690432,1.35387,2.01597,2.6486,3.23179,3.75046,4.19329,3.82021,3.40804,2.91066,2.34035,1.7135,1.05476,0.412271,0.0360244,0.691596,1.40043,2.10518,2.77619,3.39286,3.93968,4.40498,4.02787,3.59713,3.07544,2.47552,1.813,1.11331,0.425585,0,0.693619,1.44855,2.19596,2.90515,3.55508,4.12984,4.61743
41,1.44107,1.29457,1.13577,0.970702,0.807395,0.659748,0.558397,0.841559,0.699595,0.840657,0.993093,1.15326,1.31681,1.47918,1.64614,1.57744,1.40802,1.22199,1.02574,0.829498,0.645602,0.509764,0.524488,0.692437,0.875144,1.06874,1.26796,1.46704,1.6603,1.84324,1.72983,1.5394,1.32735,1.10129,0.870438,0.650307,0.475196,0.476799,0.685319,0.909843,1.14482,1.38327,1.61798,1.84215,2.04963,1.89589,1.68531,1.4476,1.19075,0.925106,0.66761,0.452439,0.429154,0.67825,0.944781,1.22137,1.49923,1.76965,2.02476,2.25764,2.07207,1.8416,1.57837,1.29097,0.990756,0.694849,0.43851,0.383153,0.671236,0.979996,1.29845,1.61589,1.92212,2.20816,2.46637,2.25593,2.0061,1.71708,1.39889,1.064,0.729243,0.43113,0.338583,0.664288,1.01553,1.37611,1.73333,2.07543,2.39238,2.67585,2.44695,2.17681,1.86296,1.51418,1.1433,0.769186,0.429235,0.295243,0.657418,1.05143,1.45444,1.85159,2.22961,2.57744,2.8861,2.64339,2.35284,2.01433,1.63474,1.2282,0.81425,0.431181,0.252945,0.650643,1.08776,1.53351,1.97076,2.38473,2.76338,3.09711,2.84338,2.5345,2.16966,1.7594,1.31702,0.862987,0.43695,0.211511,0.643984,1.1246,1.6134,2.0909,2.54082,2.95021,3.30891,3.04717,2.71961,2.32923,1.88787,1.4092,0.915477,0.44527,0.17225,0.637469,1.16203,1.69422,2.21208,2.69793,3.13796,3.52149,3.25522,2.90718,2.49287,2.0209,1.50613,0.970541,0.456488,0.135448,0.631133,1.20016,1.77607,2.33437,2.85609,3.32665,3.73487,3.46508,3.09867,2.65885,2.15601,1.60517,1.02905,0.470335,0.101055,0.62503,1.23913,1.85908,2.45787,3.01536,3.5163,3.94905,3.67805,3.29224,2.82815,2.29433,1.70728,1.08992,0.485873,0.068378,0.619231,1.27909,1.94336,2.58263,3.17577,3.70691,4.16402,3.89285,3.48886,2.99931,2.43459,1.81162,1.15384,0.504127,0.0373166,0.61384,1.32024,2.02905,2.70873,3.33735,3.8985,4.3798,4.10877,3.68732,3.1726,2.5786,1.91951,1.21985,0.524495,0.00764154,0.609014,1.3628,2.1163,2.83625,3.50012,4.09108,4.59637
42,1.43986,1.29324,1.13427,0.967956,0.804391,0.656258,0.555956,0.57122,0.850708,0.848908,1.00604,1.17072,1.33847,1.50455,1.6664,1.57667,1.4079,1.22176,1.02506,0.827597,0.643363,0.507332,0.522144,0.69425,0.881345,1.07943,1.28305,1.48627,1.68326,1.86852,1.72895,1.53919,1.32758,1.10091,0.869437,0.648721,0.473474,0.473078,0.685373,0.913985,1.15324,1.39597,1.63478,1.8627,2.07348,1.89447,1.68524,1.44783,1.19085,0.924707,0.666514,0.451188,0.424809,0.676537,0.946857,1.22752,1.50955,1.78402,2.0429,2.27915,2.07007,1.84078,1.57853,1.29132,0.990573,0.694288,0.437808,0.378475,0.667751,0.979996,1.30233,1.62382,1.93406,2.22389,2.48555,2.25277,2.00494,1.71727,1.39962,1.06447,0.729381,0.431126,0.33373,0.659023,1.01344,1.37771,1.73887,2.08494,2.4057,2.69271,2.44292,2.17517,1.86251,1.51468,1.14414,0.769859,0.429853,0.290198,0.650365,1.04725,1.45376,1.85475,2.2367,2.58836,2.90062,2.63844,2.35007,2.01371,1.63545,1.22932,0.815654,0.432739,0.247683,0.641792,1.08148,1.53054,1.97153,2.38939,2.7719,3.10931,2.83739,2.5313,2.16875,1.76025,1.31865,0.865238,0.439231,0.20671,0.633322,1.1162,1.60814,2.08928,2.54306,2.95633,3.31879,3.04008,2.71567,2.32838,1.88849,1.41156,0.918109,0.448595,0.168759,0.624981,1.1515,1.68667,2.20808,2.69776,3.14169,3.52906,3.24661,2.90285,2.49102,2.02175,1.50864,0.974366,0.460884,0.133389,0.616804,1.1875,1.76623,2.328,2.85351,3.32799,3.74012,3.45566,3.09348,2.65705,2.15684,1.60812,1.03385,0.475917,0.100058,0.608837,1.22433,1.84695,2.44913,3.01038,3.51525,3.95199,3.6673,3.28599,2.82584,2.29567,1.71119,1.09513,0.492618,0.0686846,0.601149,1.26214,1.92896,2.57153,3.16839,3.70349,4.16466,3.88125,3.48161,2.99702,2.43569,1.81588,1.16044,0.512247,0.0388727,0.593838,1.30114,2.01239,2.69528,3.32758,3.89271,4.37813,4.09585,3.67962,3.1697,2.57972,1.92423,1.22734,0.533995,0.0108611,0.587058,1.34157,2.09738,2.82045,3.48797,4.08292,4.5924
43,1.48441,1.32009,1.14157,0.955288,0.769641,0.59965,0.483085,0.80957,0.690855,0.8625,1.04372,1.22945,1.41428,1.59292,1.77021,1.6263,1.44097,1.23663,1.02072,0.802012,0.597142,0.443334,0.494486,0.691525,0.902961,1.1232,1.34557,1.56336,1.77032,1.96266,1.78041,1.57453,1.34523,1.09932,0.847718,0.606898,0.414672,0.456222,0.692276,0.943707,1.20317,1.46234,1.71318,1.94845,2.16183,1.94439,1.71913,1.4642,1.18847,0.903001,0.62514,0.393975,0.417959,0.693121,0.984777,1.2837,1.57982,1.86376,2.12732,2.36359,2.1165,1.87117,1.59064,1.2849,0.965732,0.650744,0.379282,0.379696,0.694076,1.02622,1.36484,1.69806,2.01514,2.30697,2.56604,2.29516,2.02916,1.72417,1.38812,1.03406,0.68105,0.369548,0.341434,0.695161,1.06809,1.44667,1.81712,2.16738,2.48742,2.7692,2.47877,2.19268,1.8626,1.4962,1.10745,0.716126,0.363383,0.303171,0.696403,1.11045,1.52926,1.93707,2.32049,2.6687,2.97308,2.66594,2.36105,2.00484,1.60827,1.18445,0.754453,0.360368,0.26491,0.697834,1.15337,1.61269,2.05795,2.47454,2.85081,3.17769,2.85708,2.5328,2.15137,1.72405,1.2648,0.795928,0.360074,0.226649,0.699496,1.19696,1.69704,2.17984,2.62954,3.03378,3.38303,3.05197,2.70676,2.30152,1.84379,1.34925,0.840215,0.361975,0.188389,0.701445,1.24132,1.78242,2.3028,2.78554,3.21762,3.5891,3.24839,2.88511,2.45371,1.96568,1.43574,0.887291,0.365656,0.150131,0.703756,1.28658,1.86894,2.4269,2.94258,3.40235,3.7959,3.44812,3.06484,2.60932,2.09039,1.52504,0.936321,0.371912,0.111874,0.706528,1.33289,1.95669,2.55219,3.10067,3.58798,4.00345,3.64925,3.24779,2.76642,2.21762,1.61676,0.98852,0.379546,0.0742065,0.709901,1.38042,2.04579,2.67873,3.25984,3.7745,4.21172,3.85198,3.43212,2.92616,2.34775,1.71148,1.04239,0.389133,0.0369445,0.71407,1.42937,2.13637,2.80659,3.42012,3.96194,4.42072,4.05782,3.61784,3.0884,2.47916,1.80783,1.09925,0.401001,0,0.719307,1.47996,2.22851,2.9358,3.58152,4.15028,4.63045
44,1.51628,1.35246,1.1739,0.98623,0.799375,0.626025,0.503142,0.827047,0.701485,0.874621,1.05756,1.24517,1.43195,1.61253,1.78899,1.65904,1.47456,1.27046,1.05415,0.834406,0.626407,0.466634,0.501984,0.699931,0.912592,1.1344,1.35863,1.57844,1.78749,1.98064,1.81413,1.60982,1.38116,1.13513,0.881988,0.638795,0.440758,0.461874,0.698444,0.950827,1.21173,1.47273,1.72566,1.96317,2.17883,1.97893,1.75537,1.50143,1.2259,0.939811,0.659723,0.422702,0.421766,0.697034,0.989364,1.28959,1.58753,1.87364,2.1396,2.37835,2.15145,1.90823,1.62915,1.32403,1.00443,0.687449,0.410689,0.381661,0.695715,1.02825,1.36804,1.70308,2.02242,2.31681,2.57858,2.33002,2.06699,1.76386,1.42883,1.07479,0.720078,0.402998,0.34156,0.694504,1.06753,1.44717,1.81944,2.17205,2.49481,2.77951,2.5139,2.23116,1.90342,1.53846,1.15009,0.757333,0.399471,0.301462,0.693423,1.10727,1.52703,1.93667,2.32256,2.67365,2.98118,2.70123,2.39986,2.04672,1.6521,1.22901,0.797882,0.398876,0.26137,0.692501,1.14755,1.60771,2.05484,2.474,2.85332,3.18357,2.89222,2.57218,2.19405,1.76937,1.31123,0.841809,0.401308,0.222011,0.691772,1.18846,1.68931,2.17401,2.6264,3.03387,3.3867,3.08718,2.74643,2.3452,1.89035,1.39748,0.88809,0.405713,0.183359,0.691286,1.2301,1.77192,2.29425,2.7798,3.21529,3.59057,3.28342,2.92525,2.49814,2.01368,1.4859,0.93751,0.412409,0.145295,0.691108,1.27261,1.85565,2.41563,2.93424,3.3976,3.79519,3.48311,3.10524,2.65467,2.13963,1.57692,0.989096,0.420762,0.107711,0.691327,1.31614,1.94061,2.5382,3.08975,3.58082,4.00055,3.68402,3.28857,2.81251,2.26827,1.67062,1.04344,0.431325,0.0705139,0.692071,1.36085,2.02693,2.66205,3.24635,3.76496,4.20665,3.88661,3.47313,2.97307,2.39962,1.76707,1.09977,0.443637,0.0347278,0.693519,1.40697,2.11472,2.78721,3.40408,3.95001,4.41349,4.09215,3.65913,3.13601,2.53223,1.86528,1.15885,0.458527,0,0.695937,1.45472,2.2041,2.91375,3.56293,4.13598,4.62106
45,1.49212,1.32231,1.13693,0.942792,0.74899,0.572327,0.456478,0.809191,0.704613,0.892496,1.08915,1.28872,1.48523,1.67298,1.84725,1.63257,1.44304,1.23257,1.00896,0.783012,0.571528,0.418243,0.495157,0.707105,0.933471,1.16781,1.40271,1.63092,1.84579,2.0415,1.78505,1.57481,1.3392,1.08662,0.827975,0.580816,0.389383,0.460018,0.709684,0.974748,1.247,1.51738,1.77733,2.01933,2.23692,1.94534,1.71537,1.45506,1.17314,0.881237,0.598223,0.36787,0.424878,0.712365,1.01637,1.32676,1.63276,1.92452,2.1936,2.43301,2.11228,1.86313,1.57774,1.26623,0.941251,0.62121,0.351248,0.389739,0.715168,1.05838,1.40716,1.74892,2.07251,2.36865,2.62978,2.28478,2.01625,1.70637,1.36526,1.00617,0.649134,0.339227,0.3546,0.718114,1.10085,1.48827,1.86591,2.22135,2.54449,2.82725,2.46247,2.17382,1.83996,1.46912,1.07559,0.680678,0.330848,0.319462,0.721233,1.14385,1.57017,1.98379,2.37108,2.72113,3.02542,2.64359,2.33572,1.97693,1.57648,1.14869,0.715924,0.325029,0.284323,0.724563,1.18745,1.65294,2.10263,2.52172,2.8986,3.2243,2.82709,2.50144,2.11715,1.68669,1.22471,0.753606,0.3219,0.249186,0.728153,1.23176,1.73666,2.22248,2.67333,3.07692,3.4239,3.01533,2.66874,2.26117,1.80123,1.30433,0.794507,0.320889,0.214049,0.732067,1.27689,1.82144,2.34341,2.82592,3.25609,3.6242,3.20449,2.84009,2.40723,1.91773,1.38625,0.837913,0.322282,0.178912,0.736392,1.32298,1.90739,2.46548,2.97953,3.43614,3.82523,3.39708,3.01264,2.55657,2.03712,1.47131,0.883367,0.325049,0.143777,0.741248,1.37019,1.99461,2.58875,3.13419,3.61705,4.02697,3.59076,3.18857,2.70741,2.15814,1.55794,0.931415,0.329975,0.108644,0.746799,1.4187,2.08321,2.71327,3.28991,3.79885,4.22942,3.78596,3.36585,2.86037,2.28246,1.64776,0.981908,0.336924,0.0735134,0.753276,1.46872,2.1733,2.83909,3.44672,3.98153,4.43257,3.98364,3.54422,3.01562,2.4084,1.73961,1.03509,0.3459,0.0383871,0.761004,1.52046,2.26498,2.96626,3.60462,4.1651,4.63643
46,1.45438,1.28521,1.10179,0.911065,0.723943,0.557982,0.467041,0.820824,0.743272,0.92743,1.11949,1.31369,1.50422,1.68559,1.85505,1.58856,1.39818,1.18941,0.969852,0.750202,0.549717,0.42287,0.543053,0.751851,0.97402,1.20303,1.43161,1.65276,1.8601,2.04804,1.73462,1.52392,1.28953,1.04025,0.787527,0.551471,0.386308,0.514199,0.76055,1.02095,1.28712,1.55021,1.80202,2.03532,2.24397,1.88934,1.6579,1.39837,1.11932,0.833195,0.56095,0.356617,0.485347,0.76939,1.06827,1.37181,1.66955,1.95205,2.21128,2.44057,2.05032,1.79933,1.51421,1.20529,0.885364,0.576349,0.332821,0.456498,0.778393,1.11603,1.45718,1.78967,2.10288,2.38799,2.63783,2.21775,1.94606,1.6355,1.29649,0.942893,0.596138,0.313008,0.427653,0.787592,1.1643,1.54328,1.91063,2.25456,2.56547,2.83577,2.39001,2.0969,1.76197,1.39283,1.00424,0.62033,0.296512,0.398812,0.797022,1.21314,1.63019,2.03248,2.4071,2.74375,3.03439,2.56537,2.25314,1.89185,1.49262,1.06952,0.647548,0.283146,0.369978,0.806732,1.26265,1.71799,2.15529,2.56056,2.92283,3.2337,2.74378,2.41231,2.02581,1.59572,1.13849,0.677914,0.272187,0.34115,0.816784,1.31292,1.80677,2.2791,2.71495,3.10274,3.43369,2.92606,2.57389,2.1622,1.70241,1.20976,0.710524,0.263405,0.312332,0.827256,1.36407,1.89662,2.40398,2.8703,3.28347,3.63438,3.1102,2.73869,2.30187,1.81122,1.28375,0.745338,0.256326,0.283526,0.838251,1.41623,1.98763,2.52997,3.02665,3.46505,3.83576,3.29701,2.90512,2.44396,1.92359,1.36086,0.783141,0.251065,0.254737,0.849906,1.46955,2.0799,2.65714,3.18401,3.64747,4.03782,3.48563,3.07451,2.58835,2.03726,1.44,0.822702,0.247664,0.225973,0.862404,1.52419,2.17352,2.78552,3.3424,3.83074,4.24057,3.67513,3.24596,2.73412,2.1539,1.52166,0.865069,0.245896,0.197244,0.875984,1.58036,2.26861,2.91516,3.50184,4.01486,4.444,3.86772,3.41829,2.88291,2.2726,1.60567,0.90933,0.246306,0.168574,0.890965,1.63822,2.36524,3.0461,3.66234,4.19983,4.6481
47,1.5983,1.4178,1.21632,1.00077,0.782203,0.577704,0.430464,0.833312,0.716801,0.945505,1.18193,1.41835,1.6473,1.86208,2.05687,1.74115,1.54281,1.31819,1.07578,0.826052,0.588036,0.404387,0.466175,0.715377,0.980177,1.25213,1.52191,1.78083,2.0213,2.23694,1.89204,1.67522,1.42742,1.15786,0.877977,0.605466,0.385017,0.429796,0.714044,1.01518,1.32289,1.62618,1.91511,2.18124,2.41765,2.04846,1.81394,1.54386,1.24686,0.935276,0.628725,0.370444,0.393419,0.712819,1.05056,1.39427,1.73119,2.05016,2.34192,2.59902,2.20911,1.95806,1.66525,1.34083,0.997857,0.656132,0.360691,0.357043,0.711724,1.08638,1.46634,1.83702,2.18603,2.50335,2.78105,2.37558,2.10574,1.79051,1.43888,1.06425,0.687553,0.354028,0.32067,0.710787,1.1227,1.53917,1.94371,2.32276,2.66557,2.96376,2.5449,2.25733,1.91953,1.54079,1.1337,0.721708,0.350247,0.2843,0.710044,1.15962,1.61286,2.05133,2.46038,2.82858,3.14715,2.71669,2.41237,2.0523,1.64565,1.2075,0.759516,0.349018,0.247933,0.709542,1.19723,1.68749,2.15994,2.59892,2.9924,3.33122,2.89162,2.5698,2.18735,1.75371,1.28355,0.799828,0.350295,0.211572,0.709345,1.23566,1.76316,2.2696,2.73842,3.15704,3.51597,3.06822,2.73013,2.32492,1.86365,1.36193,0.841877,0.353247,0.175217,0.70954,1.27504,1.83997,2.38037,2.8789,3.32252,3.70141,3.24764,2.89212,2.4648,1.97735,1.44329,0.887504,0.358346,0.139253,0.71025,1.31553,1.91803,2.4923,3.02039,3.48884,3.88753,3.42905,3.05586,2.60752,2.09245,1.52702,0.934719,0.365657,0.103732,0.711647,1.35732,1.99745,2.60544,3.1629,3.65599,4.07433,3.61106,3.22203,2.75119,2.20997,1.61299,0.984966,0.374494,0.0687678,0.71398,1.40063,2.07834,2.71985,3.30645,3.824,4.2618,3.79572,3.38954,2.89774,2.32954,1.70145,1.03687,0.386533,0.0342419,0.717606,1.44567,2.16079,2.83556,3.45106,3.99284,4.44993,3.98143,3.55884,3.04554,2.45035,1.79143,1.09227,0.40044,0,0.723028,1.49267,2.24489,2.9526,3.59673,4.16252,4.63873
48,1.43708,1.28955,1.12913,0.961755,0.796687,0.648921,0.553622,0.878562,0.723337,0.876708,1.04114,1.21243,1.38581,1.55635,1.71925,1.57302,1.40364,1.21646,1.0185,0.819648,0.635864,0.504215,0.535425,0.714528,0.908688,1.11349,1.32311,1.53136,1.73223,1.92016,1.72368,1.53336,1.32084,1.09263,0.860699,0.639966,0.468626,0.487005,0.705763,0.940887,1.18627,1.43439,1.67761,1.90885,2.12176,1.887,1.67746,1.43931,1.18131,0.914107,0.656092,0.444758,0.438595,0.697047,0.973335,1.25954,1.54634,1.82462,2.08622,2.32407,2.06023,1.83055,1.56733,1.27931,0.978257,0.682348,0.429748,0.390995,0.68839,1.00607,1.33336,1.65901,1.97242,2.26438,2.52711,2.24032,1.99182,1.7038,1.38555,1.04976,0.715249,0.420889,0.34507,0.679801,1.03913,1.40778,1.77246,2.12107,2.44335,2.7309,2.427,2.15938,1.84643,1.49791,1.12744,0.754045,0.417429,0.300619,0.671296,1.07258,1.48287,1.88675,2.2706,2.62318,2.93543,2.61964,2.33146,1.99447,1.6161,1.20985,0.797379,0.41858,0.257271,0.66289,1.10648,1.55873,2.00195,2.42106,2.80386,3.14073,2.81554,2.50923,2.14673,1.73838,1.29695,0.845064,0.422896,0.214846,0.654608,1.14091,1.63544,2.11813,2.57249,2.98545,3.3468,3.01526,2.69056,2.30378,1.86426,1.38796,0.895684,0.430902,0.174415,0.646479,1.17595,1.71309,2.23538,2.72495,3.16794,3.55366,3.21805,2.8749,2.46329,1.9943,1.4822,0.950078,0.441434,0.136647,0.638545,1.21174,1.79181,2.35375,2.87846,3.35137,3.76129,3.42392,3.06234,2.62622,2.12667,1.57921,1.00752,0.454376,0.101105,0.630862,1.2484,1.8717,2.47332,3.03308,3.53574,3.96972,3.63219,3.25196,2.79197,2.26315,1.68026,1.06704,0.469623,0.067581,0.623512,1.28611,1.95291,2.59418,3.18883,3.72107,4.17893,3.84307,3.44362,2.96048,2.40083,1.78274,1.12989,0.48741,0.0358867,0.616614,1.32507,2.03555,2.71637,3.34574,3.90737,4.38893,4.0546,3.63871,3.13004,2.54186,1.88876,1.19525,0.507224,0.00546783,0.610348,1.36551,2.11978,2.83999,3.50384,4.09464,4.59971
49,1.31553,1.1567,0.988134,0.816536,0.656449,0.532133,0.509757,0.850765,0.806799,0.976213,1.15278,1.33126,1.50636,1.67306,1.82663,1.43377,1.25181,1.0558,0.854029,0.660513,0.501246,0.46059,0.629392,0.824541,1.03155,1.24426,1.45603,1.66046,1.85171,2.02459,1.56469,1.36036,1.13743,0.905856,0.678495,0.482849,0.413874,0.609694,0.842451,1.08728,1.33633,1.5815,1.81528,2.03106,2.22318,1.70623,1.48001,1.23053,0.967313,0.706051,0.473562,0.36892,0.590016,0.860557,1.14345,1.42904,1.70771,1.97086,2.21114,2.42242,1.85586,1.60797,1.33167,1.03776,0.741752,0.471662,0.325767,0.570362,0.87889,1.20011,1.52244,1.83471,2.12724,2.39195,2.6223,2.01176,1.74203,1.43899,1.11405,0.782908,0.474973,0.287361,0.550737,0.897487,1.25734,1.6166,1.96255,2.28444,2.57352,2.82284,2.17337,1.8816,1.55227,1.1957,0.829488,0.483012,0.253202,0.531147,0.916396,1.31519,1.71159,2.09128,2.4425,2.75586,3.02404,2.33935,2.02597,1.66951,1.2816,0.879836,0.494562,0.222763,0.5116,0.935674,1.37377,1.80748,2.22094,2.60145,2.93899,3.2259,2.50874,2.17449,1.79087,1.37152,0.933949,0.509699,0.19534,0.492105,0.955394,1.43315,1.90435,2.3516,2.7613,3.1229,3.42843,2.68205,2.32529,1.91612,1.46501,0.990934,0.527311,0.170425,0.472679,0.975645,1.49345,2.00228,2.4833,2.9221,3.30762,3.63162,2.85742,2.48029,2.04365,1.56096,1.05138,0.547262,0.147414,0.453339,0.996541,1.55479,2.10135,2.61608,3.08385,3.49315,3.83547,3.03568,2.63721,2.17489,1.66067,1.11414,0.570356,0.126725,0.434117,1.01822,1.61731,2.20166,2.74999,3.24657,3.67949,4.03999,3.21544,2.79724,2.30747,1.76171,1.18008,0.595208,0.107628,0.415055,1.04087,1.68114,2.30328,2.88507,3.41029,3.86665,4.24515,3.39885,2.9582,2.4432,1.86653,1.24802,0.622633,0.0903728,0.396223,1.0647,1.74645,2.40629,3.02136,3.57501,4.05462,4.45097,3.58302,3.12237,2.58122,1.97315,1.31889,0.652678,0.0743945,0.377736,1.09,1.8134,2.51077,3.15888,3.74074,4.2434,4.65743
50,1.26538,1.11111,0.949598,0.78796,0.640046,0.535224,0.539569,0.844419,0.819186,0.977176,1.14218,1.30939,1.47393,1.63104,1.78123,1.37532,1.19708,1.00779,0.815347,0.633698,0.493592,0.489324,0.658619,0.843226,1.03889,1.23988,1.44003,1.63338,1.81442,1.97821,1.50123,1.29962,1.08217,0.857871,0.642743,0.466192,0.441169,0.644874,0.867459,1.10102,1.33818,1.57136,1.79355,1.9985,2.18082,1.63767,1.41246,1.16754,0.912882,0.662927,0.448826,0.394955,0.631166,0.891915,1.16361,1.43712,1.70343,1.95447,2.18329,2.38407,1.78272,1.53494,1.26245,0.975759,0.690574,0.439228,0.350584,0.617499,0.916628,1.22671,1.53676,1.83628,2.11618,2.36881,2.58796,1.9354,1.66449,1.36433,1.04572,0.725055,0.435074,0.307504,0.603881,0.941638,1.29039,1.63716,1.96997,2.27871,2.55507,2.79248,2.09348,1.8,1.47196,1.12098,0.764542,0.435785,0.265513,0.590324,0.966996,1.35472,1.73839,2.10454,2.44207,2.74209,2.99766,2.25571,1.94076,1.58496,1.20158,0.808385,0.44031,0.226776,0.576839,0.992762,1.41978,1.84051,2.24003,2.60631,2.92988,3.20348,2.42256,2.08494,1.7016,1.28573,0.855886,0.448257,0.191149,0.563444,1.01901,1.48566,1.94361,2.37649,2.77144,3.11844,3.40995,2.59339,2.23226,1.82126,1.3727,0.90699,0.458915,0.158337,0.550161,1.04583,1.55247,2.04775,2.51398,2.93749,3.30779,3.61707,2.76572,2.3835,1.94499,1.46383,0.960556,0.47217,0.127689,0.537022,1.07334,1.62031,2.15301,2.65252,3.10447,3.49793,3.82484,2.94221,2.53683,2.07112,1.55749,1.01686,0.487235,0.0988788,0.524071,1.10167,1.6893,2.25948,2.79217,3.27241,3.68886,4.03325,3.11956,2.69362,2.19987,1.65364,1.07601,0.505427,0.0719502,0.51137,1.13099,1.75959,2.36722,2.93296,3.44132,3.88059,4.24231,3.3006,2.8518,2.33058,1.75223,1.13771,0.525296,0.0465149,0.499017,1.1615,1.83132,2.47632,3.07492,3.6112,4.07312,4.45199,3.48306,3.01216,2.46444,1.85373,1.20196,0.547748,0.0229023,0.487161,1.19346,1.90462,2.58684,3.21808,3.78206,4.26643,4.6623
51,1.18791,1.03481,0.875566,0.719442,0.582865,0.505233,0.841319,0.702963,0.858564,1.02435,1.19565,1.36736,1.53443,1.69205,1.83577,1.29012,1.11294,0.925357,0.738271,0.568084,0.45776,0.518408,0.695936,0.888189,1.09029,1.29605,1.49907,1.69332,1.87331,2.03418,1.40656,1.20549,0.990109,0.771724,0.567701,0.420511,0.475885,0.688956,0.918041,1.15667,1.39706,1.63148,1.85293,2.05524,2.23318,1.53351,1.30946,1.06645,0.816432,0.577971,0.392994,0.433371,0.68203,0.948151,1.22354,1.49873,1.76463,2.01327,2.23786,2.43279,1.66932,1.42191,1.15139,0.869222,0.595796,0.373241,0.390865,0.675168,0.978559,1.29096,1.60111,1.89856,2.17438,2.42118,2.63301,1.81136,1.5409,1.24269,0.929209,0.620163,0.358883,0.348371,0.668382,1.00931,1.359,1.70427,2.03332,2.33629,2.60522,2.83384,1.95872,1.66614,1.34022,0.993994,0.649531,0.349954,0.30589,0.661688,1.04046,1.42773,1.80827,2.16894,2.49902,2.78998,3.03529,2.11136,1.79547,1.44193,1.06379,0.683184,0.344638,0.264275,0.655104,1.07209,1.49722,1.91318,2.30548,2.66259,2.97548,3.23735,2.26813,1.92887,1.54729,1.13777,0.72087,0.342585,0.223671,0.648659,1.10426,1.56757,2.01906,2.44297,2.82702,3.16172,3.44003,2.42707,2.06652,1.65758,1.21477,0.761505,0.343566,0.183917,0.642385,1.13708,1.63888,2.12598,2.58146,2.99233,3.34871,3.64332,2.59022,2.20628,1.76999,1.29478,0.805177,0.347298,0.144865,0.636331,1.17067,1.71125,2.23401,2.72097,3.15855,3.53645,3.84723,2.75524,2.34995,1.88564,1.37858,0.851634,0.352955,0.106377,0.630562,1.20517,1.78481,2.34323,2.86156,3.32567,3.72495,4.05174,2.92366,2.49474,2.00322,1.46383,0.90052,0.361193,0.0694072,0.625175,1.24077,1.85968,2.4537,3.00324,3.49372,3.9142,4.25685,3.09288,2.64272,2.1245,1.55273,0.952394,0.371841,0.03402,0.620308,1.27765,1.93598,2.56549,3.14604,3.6627,4.1042,4.46256,3.26492,2.7929,2.24698,1.64357,1.00689,0.384251,5.07232e-05,0.616174,1.31607,2.01385,2.67865,3.28999,3.83261,4.29495,4.66886
52,1.26497,1.10878,0.943613,0.778393,0.626607,0.520208,0.527573,0.855804,0.833386,1.00498,1.18318,1.36262,1.53796,1.70414,1.85648,1.37672,1.19732,1.00466,0.808891,0.624265,0.482284,0.477079,0.65636,0.853442,1.06197,1.27561,1.4876,1.69152,1.88157,2.0526,1.50128,1.29936,1.08023,0.85366,0.635175,0.457055,0.429193,0.639576,0.873685,1.11938,1.36863,1.61328,1.84582,2.05971,2.24935,1.63628,1.41199,1.16617,0.909131,0.656558,0.441085,0.383269,0.62282,0.894143,1.17724,1.46231,1.73971,2.00088,2.23856,2.44673,1.77931,1.53271,1.26025,0.972542,0.685481,0.432854,0.339091,0.606098,0.914851,1.23563,1.5567,1.86694,2.15674,2.41816,2.64476,1.92883,1.6609,1.36163,1.04239,0.720414,0.430323,0.296178,0.589415,0.93585,1.2946,1.65187,1.99501,2.31343,2.5985,2.84344,2.08423,1.79455,1.46824,1.118,0.760733,0.432287,0.255805,0.572781,0.957192,1.35423,1.74788,2.12398,2.47097,2.77961,3.04277,2.24335,1.93233,1.57967,1.19774,0.805205,0.438174,0.219421,0.556205,0.978939,1.4146,1.84481,2.2539,2.62939,2.96149,3.24276,2.40646,2.07402,1.69509,1.28148,0.853756,0.447476,0.186369,0.539703,1.00117,1.47582,1.94273,2.38481,2.78872,3.14417,3.4434,2.57314,2.21956,1.81321,1.36859,0.904999,0.459593,0.155817,0.523294,1.02398,1.53799,2.04173,2.51675,2.94898,3.32763,3.64469,2.74248,2.36773,1.93533,1.45917,0.95912,0.473923,0.127589,0.507006,1.04748,1.60122,2.14188,2.64978,3.11019,3.5119,3.84664,2.91492,2.51841,2.05922,1.55158,1.0169,0.491679,0.1017,0.490879,1.07183,1.66566,2.24326,2.78394,3.27237,3.69696,4.04924,3.0891,2.67155,2.18727,1.64838,1.07636,0.511216,0.0774701,0.474973,1.09722,1.73144,2.34596,2.91925,3.43552,3.88283,4.25248,3.26499,2.8277,2.31647,1.74651,1.13927,0.533227,0.0549555,0.459381,1.12386,1.79872,2.45004,3.05576,3.59967,4.0695,4.45635,3.44351,2.98481,2.44856,1.84785,1.20425,0.558095,0.0340092,0.444257,1.15203,1.86763,2.55559,3.19349,3.7648,4.25697,4.66086
53,1.18582,1.04186,0.890534,0.742448,0.613547,0.538138,0.570108,0.890763,0.863135,1.02847,1.20087,1.37519,1.54624,1.7091,1.85914,1.28704,1.11898,0.939856,0.760591,0.597352,0.487753,0.516566,0.69109,0.881722,1.08405,1.29201,1.49906,1.69894,1.88594,2.05496,1.40262,1.21175,1.00577,0.795024,0.597585,0.450671,0.464192,0.672845,0.900493,1.14004,1.38374,1.62364,1.85238,2.06349,2.25141,1.53005,1.31684,1.08382,0.842101,0.610096,0.425444,0.414624,0.654626,0.919473,1.19648,1.47612,1.74897,2.00659,2.24177,2.44851,1.66664,1.43141,1.17116,0.898975,0.632017,0.408937,0.367073,0.636438,0.938697,1.25343,1.56922,1.87511,2.16161,2.4208,2.64626,1.81096,1.55399,1.26707,0.962798,0.660708,0.399672,0.321183,0.618288,0.958206,1.31097,1.66309,2.00209,2.31745,2.60058,2.84467,1.96178,1.6821,1.3684,1.03352,0.695979,0.396017,0.276692,0.600184,0.978049,1.36915,1.7578,2.12998,2.47416,2.78114,3.04375,2.11702,1.81623,1.47584,1.10897,0.735825,0.397185,0.234412,0.582135,0.998286,1.42808,1.85343,2.25881,2.63176,2.96249,3.24349,2.27595,1.95476,1.58779,1.18905,0.780396,0.401878,0.19593,0.564155,1.01899,1.48783,1.95005,2.38864,2.79028,3.14463,3.44389,2.43992,2.09593,1.7027,1.27261,0.828255,0.410326,0.161007,0.546262,1.04026,1.54853,2.04774,2.51951,2.94974,3.32758,3.64497,2.60625,2.24172,1.82158,1.36043,0.879354,0.421892,0.128958,0.528483,1.06221,1.61029,2.14659,2.65148,3.11015,3.51134,3.8467,2.77557,2.38946,1.94386,1.45077,0.934549,0.436493,0.0991556,0.510853,1.08499,1.67323,2.24668,2.78458,3.27155,3.69592,4.04909,2.94665,2.54138,2.06885,1.54492,0.991593,0.45336,0.0718904,0.493428,1.10876,1.73752,2.34808,2.91885,3.43394,3.8813,4.25214,3.12157,2.69424,2.19606,1.64101,1.05239,0.473258,0.04629,0.476291,1.13377,1.80328,2.45088,3.05433,3.59732,4.06751,4.45584,3.29738,2.85042,2.32611,1.74039,1.11536,0.495763,0.023336,0.459583,1.16027,1.87069,2.55515,3.19103,3.76172,4.25452,4.66018
54,1.24364,1.06619,0.877684,0.689173,0.519477,0.416268,0.820592,0.700361,0.908789,1.12521,1.34256,1.55388,1.75291,1.93417,2.09302,1.35249,1.15363,0.939802,0.722111,0.520767,0.382846,0.46939,0.696099,0.938073,1.18768,1.43633,1.67591,1.89928,2.10041,2.27435,1.46938,1.24892,1.00997,0.763387,0.530051,0.356847,0.432797,0.691918,0.967661,1.25067,1.53078,1.79865,2.04635,2.26729,2.45623,1.59295,1.35155,1.0869,0.811413,0.545148,0.337323,0.396208,0.687831,0.997598,1.31425,1.62595,1.92216,2.19414,2.43482,2.63867,1.72231,1.45969,1.16957,0.864342,0.565691,0.32222,0.359621,0.683858,1.02794,1.37849,1.72189,2.04645,2.34267,2.603,2.82165,1.85553,1.57198,1.25642,0.921972,0.590325,0.31135,0.323038,0.680022,1.05875,1.44345,1.81867,2.17158,2.49197,2.77184,3.00519,1.99181,1.68848,1.34751,0.983037,0.618921,0.30363,0.28646,0.676356,1.09011,1.50922,1.91635,2.29758,2.64205,2.94135,3.18929,2.13327,1.80809,1.44161,1.04822,0.650262,0.298826,0.249888,0.672899,1.12212,1.57588,2.01498,2.42448,2.79292,3.11154,3.37393,2.27621,1.93093,1.53925,1.11601,0.684709,0.296378,0.213324,0.669707,1.15487,1.64354,2.11462,2.55231,2.9446,3.28239,3.55912,2.4224,2.05551,1.63881,1.18644,0.721645,0.296375,0.177171,0.666857,1.18851,1.71229,2.21534,2.6811,3.0971,3.45393,3.74485,2.56956,2.184,1.74227,1.25956,0.761087,0.298566,0.141559,0.664453,1.2232,1.78224,2.31719,2.81088,3.25042,3.62613,3.93111,2.72039,2.31384,1.84679,1.3354,0.803125,0.302911,0.106662,0.662649,1.2591,1.85349,2.42022,2.94166,3.40458,3.79901,4.11791,2.87234,2.4458,1.95451,1.41354,0.847931,0.309557,0.072228,0.661663,1.29643,1.92616,2.52449,3.07346,3.55956,3.97255,4.30523,3.02612,2.57984,2.06354,1.49406,0.894714,0.318153,0.0381473,0.661816,1.3354,2.00034,2.63002,3.2063,3.71537,4.14674,4.49307,3.1819,2.71481,2.17469,1.57603,0.944122,0.329979,0.00477276,0.663569,1.37624,2.07613,2.73686,3.34018,3.87201,4.32159,4.68141
55,1.05089,0.903745,0.755611,0.61953,0.521369,0.507453,0.839525,0.780494,0.939753,1.10672,1.27646,1.44391,1.60421,1.75282,1.8856,1.13406,0.962069,0.785006,0.617175,0.485467,0.458038,0.606958,0.78913,0.983664,1.18495,1.38666,1.58261,1.76712,1.93513,2.08221,1.23223,1.03486,0.829312,0.629734,0.463547,0.410989,0.580861,0.797887,1.02791,1.2637,1.49751,1.72201,1.93073,2.11807,2.27936,1.34031,1.11868,0.884665,0.65326,0.451868,0.365964,0.554768,0.806784,1.07252,1.34304,1.60906,1.86215,2.09504,2.30165,2.47707,1.45751,1.21151,0.948819,0.685215,0.448592,0.323952,0.528682,0.815845,1.11756,1.42301,1.72137,2.00307,2.26009,2.48589,2.67532,1.58105,1.31071,1.01979,0.723537,0.451516,0.287825,0.502602,0.825098,1.16307,1.50368,1.83447,2.14479,2.42589,2.67078,2.87413,1.71031,1.41612,1.09603,0.767552,0.459557,0.257062,0.476531,0.83458,1.20914,1.58512,1.94844,2.28736,2.59245,2.85634,3.07348,1.84409,1.52595,1.17729,0.816036,0.47184,0.230189,0.45047,0.844336,1.25584,1.66741,2.06331,2.4308,2.7598,3.04256,3.27339,1.98222,1.6393,1.26253,0.8682,0.487999,0.206577,0.424422,0.854422,1.30325,1.75062,2.17915,2.57514,2.92794,3.22945,3.47384,2.12345,1.75754,1.35159,0.92399,0.507182,0.186238,0.39839,0.864912,1.35149,1.83485,2.29601,2.72041,3.09689,3.41702,3.67484,2.2679,1.87803,1.44354,0.983384,0.528843,0.168048,0.372381,0.8759,1.40068,1.92017,2.41393,2.86664,3.26665,3.60526,3.87637,2.41568,2.00195,1.53901,1.04496,0.554224,0.15239,0.3464,0.887508,1.45095,2.00669,2.53297,3.01384,3.43724,3.79417,4.07844,2.56505,2.1274,1.63623,1.11019,0.581505,0.138882,0.320459,0.899898,1.50245,2.09449,2.65318,3.16204,3.60864,3.98374,4.28103,2.71679,2.25641,1.73687,1.17744,0.611456,0.127549,0.294577,0.91328,1.55536,2.18367,2.77459,3.31125,3.78087,4.17397,4.48414,2.87065,2.38694,1.8393,1.24763,0.644329,0.117909,0.268787,0.927927,1.60985,2.2743,2.89725,3.46148,3.95392,4.36485,4.68776
56,0.968691,0.842139,0.718656,0.613671,0.551009,0.564893,0.860883,0.809567,0.950277,1.09926,1.25232,1.40498,1.55281,1.69155,1.81719,1.03416,0.880196,0.725996,0.588479,0.498442,0.508791,0.656075,0.820604,0.997205,1.18103,1.3665,1.54803,1.72036,1.87868,2.01871,1.11761,0.937643,0.753539,0.582828,0.456824,0.456356,0.631653,0.831769,1.04447,1.26332,1.48134,1.69178,1.8886,2.06646,2.22078,1.21464,1.00846,0.79586,0.59155,0.42966,0.406747,0.607239,0.843083,1.0921,1.3462,1.59687,1.83628,2.05757,2.25488,2.42342,1.32317,1.0917,0.848183,0.61089,0.413073,0.359434,0.582837,0.854569,1.14016,1.4297,1.71316,1.98156,2.22727,2.44397,2.62661,1.43926,1.18265,0.909818,0.639097,0.404323,0.313848,0.558446,0.866256,1.1887,1.51391,1.83025,2.12766,2.39773,2.63372,2.83037,1.56282,1.28111,0.978056,0.673925,0.402215,0.271163,0.53407,0.87818,1.23779,1.59887,1.9482,2.27459,2.56897,2.82415,3.03469,1.6915,1.38484,1.05275,0.714652,0.405613,0.233537,0.509712,0.890385,1.2875,1.68468,2.06705,2.42241,2.741,3.01526,3.23957,1.8249,1.49319,1.13213,0.759486,0.413384,0.20061,0.485376,0.902927,1.33791,1.77139,2.18686,2.57113,2.91383,3.20704,3.44501,1.9636,1.60713,1.21567,0.809567,0.425419,0.171333,0.461069,0.915874,1.38914,1.85911,2.30769,2.72078,3.08748,3.39952,3.651,2.10457,1.72369,1.30257,0.86268,0.440658,0.145135,0.436797,0.929318,1.44128,1.94791,2.42958,2.8714,3.26196,3.59267,3.85754,2.2497,1.84351,1.39343,0.918331,0.458658,0.122104,0.412572,0.94337,1.49448,2.03788,2.55259,3.02301,3.43726,3.78651,4.06463,2.39615,1.96668,1.48652,0.978676,0.479859,0.101062,0.388411,0.958178,1.54887,2.12911,2.67676,3.17561,3.61341,3.98103,4.27225,2.54714,2.09272,1.58359,1.04077,0.50384,0.08254,0.36434,0.97393,1.60462,2.2217,2.80213,3.32924,3.79038,4.17621,4.4804,2.69911,2.22074,1.68252,1.10626,0.530162,0.0659461,0.340403,0.990868,1.66189,2.31573,2.92875,3.48389,3.9682,4.37207,4.68908
57,1.0374,0.899409,0.760531,0.633187,0.54279,0.521761,0.851544,0.771849,0.924195,1.08541,1.25088,1.4157,1.57509,1.7245,1.85972,1.11859,0.954826,0.787054,0.628016,0.50291,0.470078,0.599282,0.774128,0.962274,1.15862,1.35711,1.55165,1.73656,1.9067,2.05752,1.2145,1.02672,0.83045,0.639481,0.479682,0.42103,0.566581,0.776498,1.00064,1.23232,1.46398,1.6883,1.89874,2.08955,2.25589,1.32317,1.11081,0.886412,0.663389,0.468596,0.374218,0.533881,0.778972,1.03934,1.30658,1.57154,1.82571,2.06165,2.27308,2.45484,1.44078,1.20476,0.951586,0.696435,0.466629,0.333782,0.50118,0.781569,1.07842,1.38144,1.67985,1.96389,2.22531,2.45728,2.65437,1.56634,1.30659,1.02481,0.737957,0.472385,0.300323,0.46848,0.784312,1.11793,1.45698,1.78896,2.10291,2.38975,2.64218,2.85449,1.6972,1.4139,1.10448,0.784781,0.48361,0.272642,0.435781,0.787227,1.15793,1.53326,1.89892,2.24278,2.55499,2.82777,3.05519,1.83425,1.52724,1.18941,0.837249,0.499811,0.249618,0.403081,0.790349,1.1985,1.61036,2.0098,2.38354,2.72104,3.01406,3.25647,1.97562,1.64527,1.27912,0.893606,0.520072,0.230487,0.370383,0.793725,1.23973,1.68837,2.12166,2.52524,2.88792,3.20106,3.45833,2.11948,1.7662,1.37189,0.954517,0.54393,0.21465,0.337685,0.797413,1.28173,1.76738,2.23455,2.66791,3.05565,3.38877,3.66077,2.26793,1.89097,1.46849,1.01858,0.570702,0.201647,0.304988,0.801488,1.32461,1.84748,2.34853,2.81156,3.22422,3.57719,3.86378,2.41811,2.01917,1.56869,1.08538,0.601486,0.191684,0.272292,0.806056,1.36851,1.92878,2.46367,2.95624,3.39367,3.76632,4.06736,2.57254,2.14972,1.67138,1.15561,0.634164,0.183758,0.239597,0.811254,1.41361,2.01138,2.58001,3.10195,3.56398,3.95615,4.2715,2.72778,2.28261,1.7767,1.22849,0.670003,0.177942,0.206905,0.817272,1.46007,2.09538,2.6976,3.24873,3.73516,4.14668,4.4762,2.88611,2.41804,1.88447,1.30443,0.708567,0.17517,0.174216,0.824371,1.5081,2.18089,2.8165,3.39658,3.90721,4.33791,4.68144
58,1.05631,0.939953,0.822963,0.715552,0.634364,0.58689,0.644366,0.87908,0.867421,0.997179,1.13552,1.27866,1.42251,1.56286,1.69554,1.12908,0.985114,0.836459,0.694785,0.580374,0.527961,0.595236,0.737194,0.893707,1.06169,1.23659,1.41325,1.5865,1.75135,1.90313,1.22483,1.05467,0.875646,0.700856,0.550273,0.472427,0.546116,0.725149,0.920186,1.12661,1.33824,1.54854,1.75123,1.94055,2.11136,1.33648,1.14114,0.933453,0.725122,0.538465,0.421887,0.497007,0.713142,0.946885,1.19198,1.44054,1.68458,1.91673,2.13049,2.32026,1.46131,1.24176,1.00474,0.763719,0.539917,0.383887,0.447912,0.701181,0.973837,1.25785,1.54353,1.82141,2.08303,2.32117,2.52981,1.59629,1.35308,1.08723,0.812706,0.552397,0.355815,0.398833,0.689274,1.00108,1.32429,1.64729,1.95908,2.25016,2.51263,2.74004,1.73929,1.47226,1.17793,0.869849,0.572586,0.33593,0.350388,0.677429,1.02866,1.39137,1.75186,2.09763,2.41816,2.70487,2.95094,1.88832,1.59852,1.27536,0.934239,0.59959,0.321954,0.303542,0.665661,1.05664,1.45916,1.85733,2.23712,2.58705,2.8979,3.16252,2.04349,1.7303,1.37869,1.00418,0.631852,0.313263,0.258037,0.653987,1.08508,1.52775,1.96376,2.3776,2.75686,3.09174,3.37478,2.20423,1.86687,1.48679,1.07949,0.669061,0.309125,0.213632,0.642427,1.11407,1.59724,2.07123,2.51911,2.9276,3.2864,3.58772,2.36769,2.00826,1.59979,1.15825,0.710032,0.308561,0.170222,0.631012,1.14371,1.66773,2.17982,2.66169,3.09931,3.48187,3.80133,2.53528,2.15245,1.71593,1.24099,0.754509,0.311375,0.127887,0.619782,1.17412,1.73935,2.2896,2.8054,3.27201,3.67818,4.01562,2.70618,2.30124,1.83614,1.32796,0.803361,0.317045,0.0878224,0.608794,1.20546,1.81223,2.40066,2.95027,3.4457,3.87531,4.23058,2.87989,2.45103,1.95834,1.41716,0.854241,0.325981,0.0502091,0.59813,1.23792,1.88649,2.51308,3.09633,3.62039,4.07326,4.4462,3.05513,2.60524,2.08466,1.51004,0.909007,0.337528,0.0147696,0.587914,1.2717,1.9623,2.62692,3.24362,3.79611,4.27205,4.66248
59,1.10073,0.963208,0.821587,0.687185,0.578337,0.526025,0.590906,0.841515,0.863696,1.01741,1.17762,1.33968,1.49886,1.65057,1.79047,1.19054,1.0275,0.857128,0.690454,0.547619,0.474105,0.547178,0.712694,0.892841,1.08334,1.27858,1.47257,1.65958,1.8343,1.99197,1.29674,1.10927,0.91122,0.712682,0.53485,0.425814,0.503456,0.70484,0.922209,1.14972,1.38014,1.60616,1.82102,2.01872,2.19407,1.41581,1.20501,0.9778,0.74831,0.535108,0.388153,0.459741,0.697039,0.951831,1.21658,1.48237,1.74051,1.98322,2.20385,2.39681,1.54493,1.31063,1.05598,0.793461,0.545729,0.359878,0.416034,0.6893,0.981746,1.284,1.58532,1.87564,2.14621,2.3897,2.60017,1.68129,1.42401,1.14135,0.847045,0.563382,0.339414,0.372337,0.681636,1.012,1.35202,1.68906,2.01162,2.31001,2.57629,2.80417,1.82452,1.54446,1.23402,0.906817,0.587634,0.324473,0.328652,0.674061,1.04264,1.42072,1.79363,2.14848,2.47465,2.76363,3.00881,1.97251,1.66974,1.33153,0.972632,0.616618,0.314322,0.285755,0.666594,1.07375,1.49019,1.89912,2.28626,2.64015,2.95172,3.21408,2.12582,1.79945,1.43343,1.04283,0.650437,0.308312,0.243951,0.659259,1.10539,1.56051,2.00558,2.42502,2.80654,3.14059,3.41999,2.2826,1.93456,1.54074,1.11645,0.687425,0.305511,0.20304,0.652089,1.13766,1.63178,2.1131,2.56479,2.97383,3.33022,3.62654,2.44274,2.07189,1.65059,1.19384,0.727847,0.305808,0.162844,0.645127,1.17068,1.70411,2.22174,2.70561,3.14205,3.52063,3.83372,2.60629,2.2128,1.76354,1.27515,0.77216,0.308779,0.123647,0.638436,1.20459,1.77762,2.33158,2.84752,3.3112,3.71182,4.04153,2.77169,2.35586,1.87988,1.35815,0.818415,0.314552,0.0849215,0.6321,1.23956,1.85244,2.44268,2.99055,3.48129,3.90378,4.24996,2.93955,2.50273,1.99898,1.44526,0.868224,0.322597,0.0482531,0.626248,1.27579,1.92869,2.55512,3.13472,3.65235,4.09652,4.45901,3.11015,2.65057,2.12013,1.53419,0.920498,0.33339,0.0133821,0.621068,1.31351,2.00651,2.66895,3.28007,3.82436,4.29003,4.66867
60,1.02155,0.907789,0.795422,0.69502,0.62069,0.582509,0.65177,0.865684,0.871328,0.998984,1.13499,1.27563,1.41684,1.5545,1.68447,1.08853,0.946875,0.802535,0.667474,0.563662,0.522934,0.607233,0.747505,0.901976,1.06752,1.23963,1.41322,1.58321,1.74471,1.89311,1.17837,1.00994,0.835179,0.666497,0.526439,0.467231,0.562702,0.740016,0.93283,1.13648,1.34485,1.55151,1.75032,1.93563,2.10239,1.28439,1.09127,0.886945,0.684593,0.508071,0.414369,0.518178,0.732575,0.963916,1.20589,1.45072,1.69055,1.91818,2.12726,2.31232,1.40464,1.18633,0.952816,0.716771,0.503621,0.369832,0.473663,0.725189,0.995271,1.27583,1.55729,1.83037,2.08684,2.31964,2.5229,1.53476,1.29243,1.0288,0.760491,0.50989,0.335478,0.429158,0.717866,1.02693,1.34634,1.66462,1.97103,2.25633,2.51278,2.73414,1.6737,1.40721,1.11471,0.812379,0.524154,0.309613,0.384665,0.710621,1.05895,1.41749,1.77277,2.11257,2.42666,2.70669,2.94604,1.81854,1.52813,1.20685,0.871275,0.545441,0.289782,0.340187,0.703467,1.09139,1.48937,1.88181,2.25504,2.59788,2.90138,3.15861,1.97023,1.6558,1.3057,0.935894,0.57224,0.275278,0.295727,0.696424,1.1243,1.56205,1.99181,2.39848,2.77,3.09686,3.37184,2.12664,1.78867,1.40955,1.00494,0.603769,0.2655,0.251299,0.689519,1.15779,1.63564,2.10284,2.54294,2.94304,3.29314,3.58574,2.28575,1.92472,1.51682,1.07922,0.639688,0.259255,0.208118,0.682786,1.19195,1.71023,2.21498,2.68846,3.11704,3.49023,3.8003,2.45003,2.06506,1.62832,1.15721,0.679281,0.256666,0.16583,0.676271,1.22691,1.78596,2.32831,2.83509,3.29199,3.68813,4.01552,2.61603,2.20912,1.74386,1.23757,0.72142,0.256546,0.124231,0.670041,1.26282,1.86293,2.4429,2.98286,3.46793,3.88684,4.2314,2.78681,2.35562,1.86168,1.32305,0.768031,0.26004,0.0833972,0.664188,1.29986,1.94128,2.55882,3.1318,3.64486,4.08636,4.44793,2.95842,2.50474,1.98281,1.41013,0.816853,0.266092,0.0433805,0.658851,1.33824,2.02115,2.67614,3.28195,3.82278,4.28669,4.6651
61,0.963374,0.868055,0.777425,0.702786,0.640889,0.628442,0.706231,0.885723,0.902587,1.01817,1.14225,1.27151,1.40226,1.5306,1.65259,1.00855,0.882246,0.757527,0.649048,0.578402,0.563235,0.667594,0.7968,0.939465,1.09273,1.25249,1.41414,1.57297,1.72439,1.864,1.08011,0.925678,0.768862,0.625259,0.522058,0.503259,0.628957,0.795518,0.976574,1.16773,1.36333,1.55746,1.74441,1.91887,2.07604,1.17178,0.990625,0.802915,0.624635,0.483801,0.446839,0.590321,0.794304,1.01395,1.24321,1.47483,1.70153,1.91661,2.11407,2.28872,1.27871,1.07136,0.853921,0.641008,0.462185,0.393553,0.551687,0.793168,1.05162,1.31923,1.58704,1.84639,2.08959,2.30999,2.50204,1.39811,1.16515,0.916663,0.66914,0.452494,0.343695,0.513054,0.792124,1.08963,1.39585,1.7,1.99208,2.26338,2.50666,2.716,1.52679,1.26866,0.989903,0.708378,0.453623,0.302116,0.474423,0.791188,1.12803,1.47313,1.8138,2.13863,2.43802,2.70409,2.93061,1.66266,1.37981,1.07086,0.755057,0.462034,0.268702,0.435794,0.790382,1.16689,1.55114,1.92848,2.28611,2.61352,2.90229,3.14587,1.80534,1.49756,1.15935,0.808436,0.476505,0.241512,0.397167,0.789731,1.20627,1.62998,2.04411,2.43454,2.78991,3.10126,3.36178,1.95406,1.62114,1.25318,0.866614,0.49674,0.219138,0.358544,0.78927,1.24626,1.70973,2.16077,2.58398,2.9672,3.30101,3.57835,2.10644,1.74973,1.35123,0.930992,0.521087,0.201145,0.319924,0.789042,1.28696,1.79049,2.27852,2.73445,3.14542,3.50155,3.79555,2.26315,1.88162,1.45358,0.998936,0.549422,0.186896,0.281309,0.789107,1.3285,1.87236,2.39743,2.88601,3.32459,3.70288,4.01341,2.42404,2.01822,1.56071,1.06991,0.582311,0.175652,0.242701,0.789544,1.37101,1.95547,2.51757,3.03868,3.50471,3.90501,4.2319,2.5867,2.15657,1.66965,1.14595,0.617735,0.168239,0.204103,0.790464,1.41467,2.03993,2.63901,3.19249,3.68579,4.10792,4.45102,2.75289,2.29974,1.78334,1.22406,0.656938,0.163377,0.165517,0.792021,1.45967,2.12587,2.76181,3.34747,3.86784,4.31162,4.67077
62,0.988681,0.877928,0.770019,0.676713,0.610963,0.587388,0.670383,0.878952,0.900662,1.03307,1.17306,1.31673,1.45995,1.59857,1.72846,1.05097,0.912061,0.772827,0.644423,0.552728,0.526817,0.628373,0.773551,0.932684,1.10231,1.27767,1.45357,1.62487,1.78667,1.93442,1.13496,0.970161,0.800737,0.638863,0.510532,0.470531,0.586365,0.768057,0.964934,1.17199,1.3829,1.59113,1.79052,1.97547,2.14101,1.23684,1.04696,0.846533,0.651621,0.487031,0.417192,0.544361,0.762624,0.997445,1.24216,1.48879,1.72944,1.95693,2.16499,2.34823,1.35056,1.13622,0.907396,0.678889,0.477414,0.368139,0.502359,0.757264,1.03025,1.31287,1.59539,1.86854,2.12413,2.35523,2.55609,1.47514,1.23634,0.978845,0.71676,0.478442,0.328826,0.460362,0.751988,1.0634,1.38419,1.70277,2.00847,2.29215,2.54623,2.7646,1.60776,1.34498,1.05841,0.763076,0.488252,0.297937,0.41837,0.746812,1.09694,1.45618,1.81099,2.14929,2.46102,2.73798,2.97375,1.74822,1.46138,1.14572,0.816681,0.504279,0.273274,0.376383,0.741757,1.13094,1.52893,1.92011,2.29104,2.63075,2.9305,3.18355,1.89365,1.58307,1.23861,0.87605,0.526367,0.254126,0.334404,0.736848,1.16548,1.60251,2.0302,2.43376,2.80138,3.1238,3.39401,2.04287,1.70965,1.33601,0.941018,0.552719,0.239852,0.292434,0.732119,1.20063,1.67703,2.14133,2.57749,2.97291,3.31788,3.60511,2.1979,1.84035,1.43852,1.00959,0.583564,0.229189,0.250475,0.727614,1.23652,1.75258,2.25358,2.72227,3.14538,3.51274,3.81685,2.35589,1.97553,1.54505,1.08172,0.618242,0.222398,0.208532,0.723394,1.27327,1.82929,2.36701,2.86814,3.31879,3.7084,4.02924,2.51676,2.11226,1.65357,1.15876,0.656568,0.218044,0.166703,0.719542,1.31103,1.90726,2.48169,3.01513,3.49316,3.90485,4.24226,2.68021,2.25458,1.76748,1.23775,0.697595,0.21704,0.125908,0.716175,1.34999,1.98663,2.59768,3.16327,3.6685,4.10208,4.45592,2.84727,2.39801,1.88282,1.32051,0.742457,0.218985,0.0856927,0.713464,1.39037,2.06752,2.71506,3.31259,3.8448,4.3001,4.67019
63,0.962872,0.858231,0.758359,0.675939,0.613716,0.603028,0.869709,0.791236,0.90527,1.02978,1.16174,1.29752,1.43325,1.56494,1.6886,1.01505,0.881813,0.749138,0.630788,0.554705,0.541211,0.65397,0.792536,0.944294,1.10589,1.27284,1.44027,1.60333,1.75736,1.89797,1.0923,0.931125,0.767044,0.614857,0.502861,0.483934,0.618372,0.79391,0.983578,1.18246,1.38456,1.58372,1.77413,1.95046,2.10795,1.18702,0.999118,0.804928,0.618908,0.470038,0.430002,0.582773,0.795372,1.02315,1.25955,1.49695,1.72792,1.94568,2.14427,2.31855,1.29551,1.08226,0.857675,0.637654,0.451763,0.378811,0.547174,0.796934,1.06306,1.3372,1.61007,1.87292,2.11801,2.33879,2.52977,1.41547,1.17697,0.92203,0.668311,0.444857,0.331219,0.511576,0.798615,1.10335,1.41548,1.72397,2.01874,2.29115,2.53404,2.74162,1.54343,1.27981,0.995678,0.707564,0.446305,0.29133,0.475977,0.800435,1.14408,1.49446,1.83871,2.16543,2.46511,2.73002,2.9541,1.67906,1.3907,1.07616,0.754209,0.454994,0.259016,0.440379,0.802422,1.1853,1.57421,1.95435,2.31303,2.63992,2.92676,3.1672,1.82017,1.50712,1.16298,0.806611,0.469051,0.232104,0.40478,0.804607,1.22711,1.65481,2.07095,2.46159,2.8156,3.12425,3.38093,1.96572,1.6279,1.25466,0.864068,0.488682,0.209532,0.369182,0.807036,1.26958,1.73635,2.18857,2.61114,2.99217,3.32249,3.59529,2.1171,1.75501,1.35167,0.925735,0.511889,0.191129,0.333583,0.809764,1.31282,1.81893,2.30729,2.76171,3.16964,3.5215,3.81028,2.27095,1.88495,1.45199,0.992007,0.539109,0.175881,0.297985,0.812864,1.35697,1.90266,2.42717,2.91334,3.34803,3.72128,4.02588,2.42909,2.01801,1.55596,1.0616,0.569672,0.163722,0.262386,0.816436,1.40217,1.98763,2.54827,3.06606,3.52734,3.92181,4.24209,2.58854,2.15462,1.6629,1.1346,0.603479,0.154667,0.226788,0.820614,1.44859,2.07398,2.67065,3.21989,3.70759,4.12311,4.45891,2.75243,2.29429,1.77355,1.21058,0.640216,0.148183,0.19119,0.825584,1.49641,2.16179,2.79436,3.37485,3.88877,4.32516,4.67633
64,1.01258,0.894477,0.776403,0.670922,0.597089,0.565861,0.645237,0.86737,0.892017,1.03291,1.18113,1.33247,1.48255,1.62701,1.76163,1.08394,0.939029,0.790455,0.651027,0.54401,0.50823,0.601346,0.754128,0.921321,1.09921,1.28271,1.46629,1.64452,1.81233,1.96503,1.17529,1.00528,0.826729,0.654699,0.51211,0.454089,0.557461,0.746261,0.950843,1.16595,1.38491,1.60082,1.80724,1.99835,2.16906,1.28145,1.08649,0.880778,0.675763,0.496562,0.40265,0.513582,0.738446,0.980615,1.23317,1.48776,1.7361,1.97071,2.18509,2.37373,1.40044,1.18183,0.946143,0.709204,0.494536,0.360924,0.469711,0.730693,1.01067,1.30093,1.59133,1.87218,2.13499,2.37258,2.57904,1.52804,1.28583,1.02224,0.752372,0.501313,0.328454,0.425849,0.723012,1.04106,1.3693,1.69569,2.00911,2.30009,2.56081,2.78501,1.66349,1.39826,1.10608,0.803874,0.515678,0.303537,0.381998,0.715417,1.07183,1.43833,1.80088,2.14693,2.46604,2.74981,2.99163,1.80483,1.51652,1.19639,0.861188,0.537018,0.284317,0.33816,0.707925,1.10304,1.50812,1.90699,2.28568,2.63287,2.93959,3.19891,1.952,1.64017,1.2923,0.924613,0.562783,0.270656,0.294338,0.700561,1.13477,1.57875,2.01407,2.42541,2.8006,3.13014,3.40684,2.10389,1.76974,1.39364,0.991896,0.594227,0.260887,0.251116,0.693354,1.16712,1.65032,2.12221,2.56616,2.96925,3.32149,3.61542,2.2587,1.90211,1.49813,1.06419,0.62903,0.255075,0.20882,0.686344,1.20019,1.72294,2.23147,2.70798,3.13885,3.51364,3.82466,2.41829,2.03826,1.60655,1.14021,0.667289,0.251983,0.167541,0.679588,1.23412,1.79672,2.34194,2.8509,3.30939,3.70658,4.03455,2.57889,2.17773,1.7184,1.21885,0.709163,0.252468,0.127098,0.673164,1.26907,1.8718,2.45367,2.99496,3.48091,3.90032,4.24507,2.74428,2.3205,1.83354,1.30121,0.754004,0.25566,0.0871077,0.667186,1.30523,1.94829,2.56675,3.14018,3.65339,4.09485,4.45623,2.91118,2.465,1.95104,1.38649,0.801772,0.261289,0.0481332,0.661821,1.34284,2.02635,2.68123,3.2866,3.82686,4.29018,4.66802
65,0.94621,0.847804,0.755141,0.680292,0.624462,0.619924,0.707259,0.888057,0.923444,1.04842,1.18101,1.31756,1.45416,1.58681,1.71151,0.994176,0.866021,0.740408,0.630958,0.563296,0.555966,0.66941,0.807784,0.959602,1.12156,1.28917,1.45751,1.62168,1.77698,1.919,1.06666,0.910884,0.754466,0.610078,0.508455,0.497114,0.631562,0.806527,0.996007,1.19516,1.39796,1.59818,1.78994,1.96786,2.12711,1.15691,0.976358,0.788591,0.610575,0.471809,0.44161,0.593714,0.805346,1.03269,1.26926,1.50741,1.7396,1.95896,2.15944,2.33586,1.26274,1.0558,0.838775,0.626921,0.45073,0.388923,0.555866,0.804255,1.0697,1.34392,1.61759,1.88181,2.12876,2.35175,2.54524,1.37899,1.14734,0.900561,0.654667,0.441185,0.339629,0.518019,0.803268,1.10707,1.4192,1.72854,2.02486,2.29938,2.54481,2.75526,1.50484,1.24861,0.971514,0.692232,0.441542,0.298524,0.480172,0.802405,1.14485,1.49517,1.84034,2.16879,2.47083,2.73861,2.96592,1.63708,1.35646,1.05064,0.737169,0.448681,0.264711,0.442326,0.80169,1.18313,1.5719,1.95304,2.31364,2.64315,2.93317,3.17722,1.77591,1.47101,1.13593,0.788531,0.462465,0.236989,0.404481,0.801153,1.22196,1.64949,2.06671,2.45945,2.81635,3.1285,3.38916,1.9208,1.59169,1.22721,0.845369,0.480752,0.214131,0.366637,0.800833,1.26144,1.72801,2.18142,2.60627,2.99045,3.32461,3.60174,2.06884,1.71593,1.32221,0.906962,0.503888,0.195596,0.328795,0.800782,1.30168,1.80757,2.29723,2.75412,3.16548,3.52149,3.81496,2.221,1.8442,1.4215,0.97264,0.531015,0.18039,0.290954,0.801068,1.34281,1.88828,2.41421,2.90306,3.34143,3.71915,4.02881,2.37729,1.97725,1.52538,1.04161,0.562147,0.169317,0.253116,0.801784,1.38497,1.97025,2.53243,3.05309,3.51833,3.91759,4.24329,2.53613,2.11176,1.63154,1.11453,0.595844,0.160641,0.215281,0.803057,1.42834,2.0536,2.65195,3.20426,3.69617,4.1168,4.45838,2.69737,2.25045,1.74147,1.19044,0.633524,0.154565,0.177451,0.805067,1.47312,2.13845,2.77282,3.35659,3.87497,4.31679,4.67409
66,0.998572,0.865403,0.731229,0.610042,0.529975,0.523609,0.643557,0.867488,0.959083,1.13243,1.30963,1.48526,1.65413,1.81144,1.95288,1.07679,0.918567,0.756467,0.604206,0.489686,0.471637,0.6087,0.793404,0.992304,1.19985,1.4094,1.61432,1.80852,1.98658,2.14382,1.16859,0.9874,0.797096,0.61393,0.465519,0.422559,0.573844,0.792116,1.02581,1.26777,1.50983,1.74411,1.96363,2.16238,2.33534,1.2713,1.06734,0.850295,0.635992,0.453051,0.375712,0.538988,0.790917,1.05963,1.33624,1.61096,1.87467,2.11949,2.33887,2.52745,1.38301,1.15627,0.912185,0.666671,0.449385,0.334564,0.504133,0.789824,1.09382,1.40533,1.71285,2.00602,2.27613,2.51605,2.72016,1.50232,1.25296,0.98195,0.705436,0.453359,0.300851,0.469279,0.788856,1.12843,1.4751,1.81556,2.13822,2.43355,2.69393,2.91346,1.62701,1.35544,1.05751,0.749748,0.463161,0.272996,0.434426,0.78804,1.16353,1.54563,1.91915,2.2713,2.59179,2.87252,3.10736,1.75722,1.46359,1.13819,0.799969,0.478281,0.250105,0.399575,0.787407,1.19921,1.617,2.02368,2.4053,2.75086,3.05183,3.30185,1.89094,1.57511,1.22377,0.85391,0.497691,0.231059,0.364725,0.787001,1.23555,1.68931,2.12921,2.54025,2.91078,3.23187,3.49694,2.02919,1.69138,1.31335,0.911985,0.520974,0.21605,0.329878,0.786878,1.27266,1.76264,2.23581,2.67619,3.07156,3.41262,3.69261,2.16953,1.81102,1.4058,0.974428,0.546823,0.2036,0.295033,0.787115,1.31068,1.83711,2.34353,2.81314,3.23321,3.5941,3.88887,2.31463,1.93385,1.50267,1.03892,0.577284,0.194295,0.260194,0.787817,1.34977,1.91282,2.45245,2.95114,3.39574,3.7763,4.0857,2.46051,2.05872,1.60127,1.10747,0.610033,0.187868,0.22536,0.789129,1.3901,1.98988,2.5626,3.09021,3.55916,3.95922,4.28311,2.61003,2.18661,1.70332,1.17837,0.645536,0.183974,0.190536,0.79126,1.43187,2.0684,2.67405,3.23036,3.72346,4.14285,4.48108,2.76069,2.31623,1.80705,1.25279,0.684515,0.182821,0.155727,0.794506,1.4753,2.1485,2.78683,3.37161,3.88865,4.32718,4.6796
67,0.977357,0.862376,0.749047,0.650035,0.586281,0.570348,0.664411,0.881786,0.925254,1.07281,1.227,1.38331,1.5372,1.68422,1.82012,1.04403,0.903189,0.759353,0.62729,0.531915,0.512093,0.622526,0.781482,0.954863,1.13858,1.32723,1.51501,1.69635,1.86611,2.0196,1.13099,0.964739,0.791797,0.626831,0.495805,0.457576,0.580646,0.774775,0.984703,1.2048,1.42808,1.64742,1.85624,2.0487,2.2197,1.23149,1.0415,0.839832,0.642625,0.476079,0.405876,0.53877,0.768127,1.01481,1.27153,1.52961,1.78059,2.0169,2.23201,2.42043,1.34361,1.12958,0.900965,0.671098,0.46827,0.359358,0.4969,0.761549,1.04522,1.3388,1.63187,1.91457,2.17836,2.41605,2.62181,1.46549,1.22829,0.971038,0.708986,0.47122,0.322813,0.455037,0.755053,1.07597,1.4067,1.73493,2.0494,2.34064,2.60084,2.82383,1.5944,1.33417,1.04959,0.754901,0.481265,0.293514,0.413182,0.748655,1.10714,1.4753,1.83884,2.18513,2.50376,2.78639,3.0265,1.73005,1.44719,1.13413,0.807634,0.497727,0.27018,0.371336,0.742375,1.13877,1.54467,1.94367,2.32179,2.66777,2.97271,3.22981,1.87115,1.56565,1.2249,0.865978,0.519427,0.252523,0.329503,0.736241,1.17096,1.61491,2.04949,2.45943,2.83266,3.1598,3.43376,2.01541,1.68769,1.31943,0.928924,0.545634,0.238919,0.287685,0.730288,1.2038,1.68612,2.15638,2.59809,2.99847,3.34767,3.63836,2.1645,1.81434,1.41874,0.99595,0.575766,0.229458,0.245887,0.724562,1.23741,1.7584,2.2644,2.73782,3.16521,3.53632,3.8436,2.31682,1.94509,1.52209,1.06652,0.610512,0.222826,0.204657,0.719129,1.27192,1.83187,2.37363,2.87864,3.3329,3.72576,4.04948,2.47276,2.07815,1.6283,1.14089,0.64759,0.219493,0.164135,0.71408,1.30751,1.90665,2.48413,3.02059,3.50153,3.91599,4.25598,2.63005,2.21446,1.73764,1.21829,0.688524,0.219378,0.12469,0.709548,1.34437,1.98288,2.59597,3.16369,3.67113,4.10699,4.46311,2.79108,2.35334,1.84971,1.29918,0.732545,0.221895,0.0856048,0.705726,1.38274,2.06067,2.70921,3.30797,3.84169,4.29877,4.67085
68,1.00732,0.859117,0.708496,0.571693,0.479109,0.488555,0.853382,0.818016,1.00856,1.20611,1.4043,1.59687,1.77816,1.94318,2.08762,1.0894,0.917651,0.740763,0.573569,0.448615,0.441447,0.612623,0.822445,1.04578,1.27552,1.50387,1.72348,1.9279,2.1116,2.27002,1.18187,0.987788,0.78378,0.587276,0.429332,0.396565,0.585174,0.826995,1.08336,1.34549,1.60413,1.85082,2.07833,2.28066,2.45297,1.28221,1.06615,0.835831,0.609264,0.418408,0.353538,0.557727,0.831687,1.12133,1.41608,1.70512,1.97892,2.22949,2.45036,2.63647,1.38988,1.15174,0.894965,0.638593,0.41469,0.313714,0.530282,0.836548,1.15976,1.48735,1.80691,2.10782,2.38139,2.62071,2.82051,1.50289,1.24298,0.960475,0.674031,0.416695,0.279337,0.502839,0.841609,1.19872,1.55938,1.90954,2.23754,2.53404,2.79172,3.0051,1.61975,1.33841,1.03098,0.714135,0.42347,0.249994,0.4754,0.846912,1.23828,1.63224,2.01307,2.36814,2.68747,2.96339,3.19023,1.74284,1.43979,1.10546,0.759023,0.434682,0.224494,0.447964,0.852512,1.27854,1.70601,2.11755,2.49962,2.84169,3.13573,3.37591,1.8683,1.54398,1.18363,0.807369,0.449369,0.202488,0.420533,0.858478,1.31961,1.78077,2.22304,2.63202,2.9967,3.30872,3.56212,1.9967,1.65073,1.26556,0.858133,0.466898,0.183553,0.393109,0.8649,1.3616,1.85663,2.32959,2.76537,3.15251,3.48238,3.74886,2.12802,1.76171,1.3498,0.91379,0.487793,0.166983,0.365693,0.871902,1.40466,1.93368,2.43724,2.89968,3.30913,3.6567,3.93613,2.26236,1.87461,1.43784,0.971161,0.51157,0.152764,0.33829,0.879644,1.44896,2.012,2.54605,3.03497,3.46657,3.83168,4.12392,2.39825,1.99031,1.52798,1.0319,0.537614,0.141578,0.310905,0.888347,1.49465,2.09168,2.65605,3.17126,3.62481,4.0073,4.31222,2.53703,2.10793,1.62091,1.09439,0.567536,0.132002,0.28355,0.898301,1.54194,2.17282,2.76727,3.30855,3.78386,4.18356,4.50102,2.67658,2.22689,1.71503,1.16111,0.599262,0.125853,0.256247,0.909883,1.59099,2.2555,3.17975,3.44685,3.94371,4.36046,4.69032
69,1.00732,0.859117,0.708496,0.571693,0.479109,0.488555,0.853382,0.818016,1.00856,1.20611,1.4043,1.59687,1.77816,1.94318,2.08762,1.0894,0.917651,0.740763,0.573569,0.448615,0.441447,0.612623,0.822445,1.04578,1.27552,1.50387,1.72348,1.9279,2.1116,2.27002,1.18187,0.987788,0.78378,0.587276,0.429332,0.396565,0.585174,0.826995,1.08336,1.34549,1.60413,1.85082,2.07833,2.28066,2.45297,1.28221,1.06615,0.835831,0.609264,0.418408,0.353538,0.557727,0.831687,1.12133,1.41608,1.70512,1.97892,2.22949,2.45036,2.63647,1.38988,1.15174,0.894965,0.638593,0.41469,0.313714,0.530282,0.836548,1.15976,1.48735,1.80691,2.10782,2.38139,2.62071,2.82051,1.50289,1.24298,0.960475,0.674031,0.416695,0.279337,0.502839,0.841609,1.19872,1.55938,1.90954,2.23754,2.53404,2.79172,3.0051,1.61975,1.33841,1.03098,0.714135,0.42347,0.249994,0.4754,0.846912,1.23828,1.63224,2.01307,2.36814,2.68747,2.96339,3.19023,1.74284,1.43979,1.10546,0.759023,0.434682,0.224494,0.447964,0.852512,1.27854,1.70601,2.11755,2.49962,2.84169,3.13573,3.37591,1.8683,1.54398,1.18363,0.807369,0.449369,0.202488,0.420533,0.858478,1.31961,1.78077,2.22304,2.63202,2.9967,3.30872,3.56212,1.9967,1.65073,1.26556,0.858133,0.466898,0.183553,0.393109,0.8649,1.3616,1.85663,2.32959,2.76537,3.15251,3.48238,3.74886,2.12802,1.76171,1.3498,0.91379,0.487793,0.166983,0.365693,0.871902,1.40466,1.93368,2.43724,2.89968,3.30913,3.6567,3.93613,2.26236,1.87461,1.43784,0.971161,0.51157,0.152764,0.33829,0.879644,1.44896,2.012,2.54605,3.03497,3.46657,3.83168,4.12392,2.39825,1.99031,1.52798,1.0319,0.537614,0.141578,0.310905,0.888347,1.49465,2.09168,2.65605,3.17126,3.62481,4.0073,4.31222,2.53703,2.10793,1.62091,1.09439,0.567536,0.132002,0.28355,0.898301,1.54194,2.17282,2.76727,3.30855,3.78386,4.18356,4.50102,2.67658,2.22689,1.71503,1.16111,0.599262,0.125853,0.256247,0.909883,1.59099,2.2555,3.17975,3.44685,3.94371,4.36046,4.69032
70,1.00732,0.859117,0.708496,0.571693,0.479109,0.488555,0.853382,0.818016,1.00856,1.20611,1.4043,1.59687,1.77816,1.94318,2.08762,1.0894,0.917651,0.740763,0.573569,0.448615,0.441447,0.612623,0.822445,1.04578,1.27552,1.50387,1.72348,1.9279,2.1116,2.27002,1.18187,0.987788,0.78378,0.587276,0.429332,0.396565,0.585174,0.826995,1.08336,1.34549,1.60413,1.85082,2.07833,2.28066,2.45297,1.28221,1.06615,0.835831,0.609264,0.418408,0.353538,0.557727,0.831687,1.12133,1.41608,1.70512,1.97892,2.22949,2.45036,2.63647,1.38988,1.15174,0.894965,0.638593,0.41469,0.313714,0.530282,0.836548,1.15976,1.48735,1.80691,2.10782,2.38139,2.62071,2.82051,1.50289,1.24298,0.960475,0.674031,0.416695,0.279337,0.502839,0.841609,1.19872,1.55938,1.90954,2.23754,2.53404,2.79172,3.0051,1.61975,1.33841,1.03098,0.714135,0.42347,0.249994,0.4754,0.846912,1.23828,1.63224,2.01307,2.36814,2.68747,2.96339,3.19023,1.74284,1.43979,1.10546,0.759023,0.434682,0.224494,0.447964,0.852512,1.27854,1.70601,2.11755,2.49962,2.84169,3.13573,3.37591,1.8683,1.54398,1.18363,0.807369,0.449369,0.202488,0.420533,0.858478,1.31961,1.78077,2.22304,2.63202,2.9967,3.30872,3.56212,1.9967,1.65073,1.26556,0.858133,0.466898,0.183553,0.393109,0.8649,1.3616,1.85663,2.32959,2.76537,3.15251,3.48238,3.74886,2.12802,1.76171,1.3498,0.91379,0.487793,0.166983,0.365693,0.871902,1.40466,1.93368,2.43724,2.89968,3.30913,3.6567,3.93613,2.26236,1.87461,1.43784,0.971161,0.51157,0.152764,0.33829,0.879644,1.44896,2.012,2.54605,3.03497,3.46657,3.83168,4.12392,2.39825,1.99031,1.52798,1.0319,0.537614,0.141578,0.310905,0.888347,1.49465,2.09168,2.65605,3.17126,3.62481,4.0073,4.31222,2.53703,2.10793,1.62091,1.09439,0.567536,0.132002,0.28355,0.898301,1.54194,2.17282,2.76727,3.30855,3.78386,4.18356,4.50102,2.67658,2.22689,1.71503,1.16111,0.599262,0.125853,0.256247,0.909883,1.59099,2.2555,3.17975,3.44685,3.94371,4.36046,4.69032
71,1.00732,0.859117,0.708496,0.571693,0.479109,0.488555,0.853382,0.818016,1.00856,1.20611,1.4043,1.59687,1.77816,1.94318,2.08762,1.0894,0.917651,0.740763,0.573569,0.448615,0.441447,0.612623,0.822445,1.04578,1.27552,1.50387,1.72348,1.9279,2.1116,2.27002,1.18187,0.987788,0.78378,0.587276,0.429332,0.396565,0.585174,0.826995,1.08336,1.34549,1.60413,1.85082,2.07833,2.28066,2.45297,1.28221,1.06615,0.835831,0.609264,0.418408,0.353538,0.557727,0.831687,1.12133,1.41608,1.70512,1.97892,2.22949,2.45036,2.63647,1.38988,1.15174,0.894965,0.638593,0.41469,0.313714,0.530282,0.836548,1.15976,1.48735,1.80691,2.10782,2.38139,2.62071,2.82051,1.50289,1.24298,0.960475,0.674031,0.416695,0.279337,0.502839,0.841609,1.19872,1.55938,1.90954,2.23754,2.53404,2.79172,3.0051,1.61975,1.33841,1.03098,0.714135,0.42347,0.249994,0.4754,0.846912,1.23828,1.63224,2.01307,2.36814,2.68747,2.96339,3.19023,1.74284,1.43979,1.10546,0.759023,0.434682,0.224494,0.447964,0.852512,1.27854,1.70601,2.11755,2.49962,2.84169,3.13573,3.37591,1.8683,1.54398,1.18363,0.807369,0.449369,0.202488,0.420533,0.858478,1.31961,1.78077,2.22304,2.63202,2.9967,3.30872,3.56212,1.9967,1.65073,1.26556,0.858133,0.466898,0.183553,0.393109,0.8649,1.3616,1.85663,2.32959,2.76537,3.15251,3.48238,3.74886,2.12802,1.76171,1.3498,0.91379,0.487793,0.166983,0.365693,0.871902,1.40466,1.93368,2.43724,2.89968,3.30913,3.6567,3.93613,2.26236,1.87461,1.43784,0.971161,0.51157,0.152764,0.33829,0.879644,1.44896,2.012,2.54605,3.03497,3.46657,3.83168,4.12392,2.39825,1.99031,1.52798,1.0319,0.537614,0.141578,0.310905,0.888347,1.49465,2.09168,2.65605,3.17126,3.62481,4.0073,4.31222,2.53703,2.10793,1.62091,1.09439,0.567536,0.132002,0.28355,0.898301,1.54194,2.17282,2.76727,3.30855,3.78386,4.18356,4.50102,2.67658,2.22689,1.71503,1.16111,0.599262,0.125853,0.256247,0.909883,1.59099,2.2555,3.17975,3.44685,3.94371,4.36046,4.69032
72,1.00732,0.859117,0.708496,0.571693,0.479109,0.488555,0.853382,0.818016,1.00856,1.20611,1.4043,1.59687,1.77816,1.94318,2.08762,1.0894,0.917651,0.740763,0.573569,0.448615,0.441447,0.612623,0.822445,1.04578,1.27552,1.50387,1.72348,1.9279,2.1116,2.27002,1.18187,0.987788,0.78378,0.587276,0.429332,0.396565,0.585174,0.826995,1.08336,1.34549,1.60413,1.85082,2.07833,2.28066,2.45297,1.28221,1.06615,0.835831,0.609264,0.418408,0.353538,0.557727,0.831687,1.12133,1.41608,1.70512,1.97892,2.22949,2.45036,2.63647,1.38988,1.15174,0.894965,0.638593,0.41469,0.313714,0.530282,0.836548,1.15976,1.48735,1.80691,2.10782,2.38139,2.62071,2.82051,1.50289,1.24298,0.960475,0.674031,0.416695,0.279337,0.502839,0.841609,1.19872,1.55938,1.90954,2.23754,2.53404,2.79172,3.0051,1.61975,1.33841,1.03098,0.714135,0.42347,0.249994,0.4754,0.846912,1.23828,1.63224,2.01307,2.36814,2.68747,2.96339,3.19023,1.74284,1.43979,1.10546,0.759023,0.434682,0.224494,0.447964,0.852512,1.27854,1.70601,2.11755,2.49962,2.84169,3.13573,3.37591,1.8683,1.54398,1.18363,0.807369,0.449369,0.202488,0.420533,0.858478,1.31961,1.78077,2.22304,2.63202,2.9967,3.30872,3.56212,1.9967,1.65073,1.26556,0.858133,0.466898,0.183553,0.393109,0.8649,1.3616,1.85663,2.32959,2.76537,3.15251,3.48238,3.74886,2.12802,1.76171,1.3498,0.91379,0.487793,0.166983,0.365693,0.871902,1.40466,1.93368,2.43724,2.89968,3.30913,3.6567,3.93613,2.26236,1.87461,1.43784,0.971161,0.51157,0.152764,0.33829,0.879644,1.44896,2.012,2.54605,3.03497,3.46657,3.83168,4.12392,2.39825,1.99031,1.52798,1.0319,0.537614,0.141578,0.310905,0.888347,1.49465,2.09168,2.65605,3.17126,3.62481,4.0073,4.31222,2.53703,2.10793,1.62091,1.09439,0.567536,0.132002,0.28355,0.898301,1.54194,2.17282,2.76727,3.30855,3.78386,4.18356,4.50102,2.67658,2.22689,1.71503,1.16111,0.599262,0.125853,0.256247,0.909883,1.59099,2.2555,3.17975,3.44685,3.94371,4.36046,4.69032
73,1.00732,0.859117,0.708496,0.571693,0.479109,0.488555,0.853382,0.818016,1.00856,1.20611,1.4043,1.59687,1.77816,1.94318,2.08762,1.0894,0.917651,0.740763,0.573569,0.448615,0.441447,0.612623,0.822445,1.04578,1.27552,1.50387,1.72348,1.9279,2.1116,2.27002,1.18187,0.987788,0.78378,0.587276,0.429332,0.396565,0.585174,0.826995,1.08336,1.34549,1.60413,1.85082,2.07833,2.28066,2.45297,1.28221,1.06615,0.835831,0.609264,0.418408,0.353538,0.557727,0.831687,1.12133,1.41608,1.70512,1.97892,2.22949,2.45036,2.63647,1.38988,1.15174,0.894965,0.638593,0.41469,0.313714,0.530282,0.836548,1.15976,1.48735,1.80691,2.10782,2.38139,2.62071,2.82051,1.50289,1.24298,0.960475,0.674031,0.416695,0.279337,0.502839,0.841609,1.19872,1.55938,1.90954,2.23754,2.53404,2.79172,3.0051,1.61975,1.33841,1.03098,0.714135,0.42347,0.249994,0.4754,0.846912,1.23828,1.63224,2.01307,2.36814,2.68747,2.96339,3.19023,1.74284,1.43979,1.10546,0.759023,0.434682,0.224494,0.447964,0.852512,1.27854,1.70601,2.11755,2.49962,2.84169,3.13573,3.37591,1.8683,1.54398,1.18363,0.807369,0.449369,0.202488,0.420533,0.858478,1.31961,1.78077,2.22304,2.63202,2.9967,3.30872,3.56212,1.9967,1.65073,1.26556,0.858133,0.466898,0.183553,0.393109,0.8649,1.3616,1.85663,2.32959,2.76537,3.15251,3.48238,3.74886,2.12802,1.76171,1.3498,0.91379,0.487793,0.166983,0.365693,0.871902,1.40466,1.93368,2.43724,2.89968,3.30913,3.6567,3.93613,2.26236,1.87461,1.43784,0.971161,0.51157,0.152764,0.33829,0.879644,1.44896,2.012,2.54605,3.03497,3.46657,3.83168,4.12392,2.39825,1.99031,1.52798,1.0319,0.537614,0.141578,0.310905,0.888347,1.49465,2.09168,2.65605,3.17126,3.62481,4.0073,4.31222,2.53703,2.10793,1.62091,1.09439,0.567536,0.132002,0.28355,0.898301,1.54194,2.17282,2.76727,3.30855,3.78386,4.18356,4.50102,2.67658,2.22689,1.71503,1.16111,0.599262,0.125853,0.256247,0.909883,1.59099,2.2555,3.17975,3.44685,3.94371,4.36046,4.69032
74,1.00732,0.859117,0.708496,0.571693,0.479109,0.488555,0.853382,0.818016,1.00856,1.20611,1.4043,1.59687,1.77816,1.94318,2.08762,1.0894,0.917651,0.740763,0.573569,0.448615,0.441447,0.612623,0.822445,1.04578,1.27552,1.50387,1.72348,1.9279,2.1116,2.27002,1.18187,0.987788,0.78378,0.587276,0.429332,0.396565,0.585174,0.826995,1.08336,1.34549,1.60413,1.85082,2.07833,2.28066,2.45297,1.28221,1.06615,0.835831,0.609264,0.418408,0.353538,0.557727,0.831687,1.12133,1.41608,1.70512,1.97892,2.22949,2.45036,2.63647,1.38988,1.15174,0.894965,0.638593,0.41469,0.313714,0.530282,0.836548,1.15976,1.48735,1.80691,2.10782,2.38139,2.62071,2.82051,1.50289,1.24298,0.960475,0.674031,0.416695,0.279337,0.502839,0.841609,1.19872,1.55938,1.90954,2.23754,2.53404,2.79172,3.0051,1.61975,1.33841,1.03098,0.714135,0.42347,0.249994,0.4754,0.846912,1.23828,1.63224,2.01307,2.36814,2.68747,2.96339,3.19023,1.74284,1.43979,1.10546,0.759023,0.434682,0.224494,0.447964,0.852512,1.27854,1.70601,2.11755,2.49962,2.84169,3.13573,3.37591,1.8683,1.54398,1.18363,0.807369,0.449369,0.202488,0.420533,0.858478,1.31961,1.78077,2.22304,2.63202,2.9967,3.30872,3.56212,1.9967,1.65073,1.26556,0.858133,0.466898,0.183553,0.393109,0.8649,1.3616,1.85663,2.32959,2.76537,3.15251,3.48238,3.74886,2.12802,1.76171,1.3498,0.91379,0.487793,0.166983,0.365693,0.871902,1.40466,1.93368,2.43724,2.89968,3.30913,3.6567,3.93613,2.26236,1.87461,1.43784,0.971161,0.51157,0.152764,0.33829,0.879644,1.44896,2.012,2.54605,3.03497,3.46657,3.83168,4.12392,2.39825,1.99031,1.52798,1.0319,0.537614,0.141578,0.310905,0.888347,1.49465,2.09168,2.65605,3.17126,3.62481,4.0073,4.31222,2.53703,2.10793,1.62091,1.09439,0.567536,0.132002,0.28355,0.898301,1.54194,2.17282,2.76727,3.30855,3.78386,4.18356,4.50102,2.67658,2.22689,1.71503,1.16111,0.599262,0.125853,0.256247,0.909883,1.59099,2.2555,3.17975,3.44685,3.94371,4.36046,4.69032
75,1.00732,0.859117,0.708496,0.571693,0.479109,0.488555,0.853382,0.818016,1.00856,1.20611,1.4043,1.59687,1.77816,1.94318,2.08762,1.0894,0.917651,0.740763,0.573569,0.448615,0.441447,0.612623,0.822445,1.04578,1.27552,1.50387,1.72348,1.9279,2.1116,2.27002,1.18187,0.987788,0.78378,0.587276,0.429332,0.396565,0.585174,0.826995,1.08336,1.34549,1.60413,1.85082,2.07833,2.28066,2.45297,1.28221,1.06615,0.835831,0.609264,0.418408,0.353538,0.557727,0.831687,1.12133,1.41608,1.70512,1.97892,2.22949,2.45036,2.63647,1.38988,1.15174,0.894965,0.638593,0.41469,0.313714,0.530282,0.836548,1.15976,1.48735,1.80691,2.10782,2.38139,2.62071,2.82051,1.50289,1.24298,0.960475,0.674031,0.416695,0.279337,0.502839,0.841609,1.19872,1.55938,1.90954,2.23754,2.53404,2.79172,3.0051,1.61975,1.33841,1.03098,0.714135,0.42347,0.249994,0.4754,0.846912,1.23828,1.63224,2.01307,2.36814,2.68747,2.96339,3.19023,1.74284,1.43979,1.10546,0.759023,0.434682,0.224494,0.447964,0.852512,1.27854,1.70601,2.11755,2.49962,2.84169,3.13573,3.37591,1.8683,1.54398,1.18363,0.807369,0.449369,0.202488,0.420533,0.858478,1.31961,1.78077,2.22304,2.63202,2.9967,3.30872,3.56212,1.9967,1.65073,1.26556,0.858133,0.466898,0.183553,0.393109,0.8649,1.3616,1.85663,2.32959,2.76537,3.15251,3.48238,3.74886,2.12802,1.76171,1.3498,0.91379,0.487793,0.166983,0.365693,0.871902,1.40466,1.93368,2.43724,2.89968,3.30913,3.6567,3.93613,2.26236,1.87461,1.43784,0.971161,0.51157,0.152764,0.33829,0.879644,1.44896,2.012,2.54605,3.03497,3.46657,3.83168,4.12392,2.39825,1.99031,1.52798,1.0319,0.537614,0.141578,0.310905,0.888347,1.49465,2.09168,2.65605,3.17126,3.62481,4.0073,4.31222,2.53703,2.10793,1.62091,1.09439,0.567536,0.132002,0.28355,0.898301,1.54194,2.17282,2.76727,3.30855,3.78386,4.18356,4.50102,2.67658,2.22689,1.71503,1.16111,0.599262,0.125853,0.256247,0.909883,1.59099,2.2555,3.17975,3.44685,3.94371,4.36046,4.69032
76,1.00732,0.859117,0.708496,0.571693,0.479109,0.488555,0.853382,0.818016,1.00856,1.20611,1.4043,1.59687,1.77816,1.94318,2.08762,1.0894,0.917651,0.740763,0.573569,0.448615,0.441447,0.612623,0.822445,1.04578,1.27552,1.50387,1.72348,1.9279,2.1116,2.27002,1.18187,0.987788,0.78378,0.587276,0.429332,0.396565,0.585174,0.826995,1.08336,1.34549,1.60413,1.85082,2.07833,2.28066,2.45297,1.28221,1.06615,0.835831,0.609264,0.418408,0.353538,0.557727,0.831687,1.12133,1.41608,1.70512,1.97892,2.22949,2.45036,2.63647,1.38988,1.15174,0.894965,0.638593,0.41469,0.313714,0.530282,0.836548,1.15976,1.48735,1.80691,2.10782,2.38139,2.62071,2.82051,1.50289,1.24298,0.960475,0.674031,0.416695,0.279337,0.502839,0.841609,1.19872,1.55938,1.90954,2.23754,2.53404,2.79172,3.0051,1.61975,1.33841,1.03098,0.714135,0.42347,0.249994,0.4754,0.846912,1.23828,1.63224,2.01307,2.36814,2.68747,2.96339,3.19023,1.74284,1.43979,1.10546,0.759023,0.434682,0.224494,0.447964,0.852512,1.27854,1.70601,2.11755,2.49962,2.84169,3.13573,3.37591,1.8683,1.54398,1.18363,0.807369,0.449369,0.202488,0.420533,0.858478,1.31961,1.78077,2.22304,2.63202,2.9967,3.30872,3.56212,1.9967,1.65073,1.26556,0.858133,0.466898,0.183553,0.393109,0.8649,1.3616,1.85663,2.32959,2.76537,3.15251,3.48238,3.74886,2.12802,1.76171,1.3498,0.91379,0.487793,0.166983,0.365693,0.871902,1.40466,1.93368,2.43724,2.89968,3.30913,3.6567,3.93613,2.26236,1.87461,1.43784,0.971161,0.51157,0.152764,0.33829,0.879644,1.44896,2.012,2.54605,3.03497,3.46657,3.83168,4.12392,2.39825,1.99031,1.52798,1.0319,0.537614,0.141578,0.310905,0.888347,1.49465,2.09168,2.65605,3.17126,3.62481,4.0073,4.31222,2.53703,2.10793,1.62091,1.09439,0.567536,0.132002,0.28355,0.898301,1.54194,2.17282,2.76727,3.30855,3.78386,4.18356,4.50102,2.67658,2.22689,1.71503,1.16111,0.599262,0.125853,0.256247,0.909883,1.59099,2.2555,3.17975,3.44685,3.94371,4.36046,4.69032
77,1.00732,0.859117,0.708496,0.571693,0.479109,0.488555,0.853382,0.818016,1.00856,1.20611,1.4043,1.59687,1.77816,1.94318,2.08762,1.0894,0.917651,0.740763,0.573569,0.448615,0.441447,0.612623,0.822445,1.04578,1.27552,1.50387,1.72348,1.9279,2.1116,2.27002,1.18187,0.987788,0.78378,0.587276,0.429332,0.396565,0.585174,0.826995,1.08336,1.34549,1.60413,1.85082,2.07833,2.28066,2.45297,1.28221,1.06615,0.835831,0.609264,0.418408,0.353538,0.557727,0.831687,1.12133,1.41608,1.70512,1.97892,2.22949,2.45036,2.63647,1.38988,1.15174,0.894965,0.638593,0.41469,0.313714,0.530282,0.836548,1.15976,1.48735,1.80691,2.10782,2.38139,2.62071,2.82051,1.50289,1.24298,0.960475,0.674031,0.416695,0.279337,0.502839,0.841609,1.19872,1.55938,1.90954,2.23754,2.53404,2.79172,3.0051,1.61975,1.33841,1.03098,0.714135,0.42347,0.249994,0.4754,0.846912,1.23828,1.63224,2.01307,2.36814,2.68747,2.96339,3.19023,1.74284,1.43979,1.10546,0.759023,0.434682,0.224494,0.447964,0.852512,1.27854,1.70601,2.11755,2.49962,2.84169,3.13573,3.37591,1.8683,1.54398,1.18363,0.807369,0.449369,0.202488,0.420533,0.858478,1.31961,1.78077,2.22304,2.63202,2.9967,3.30872,3.56212,1.9967,1.65073,1.26556,0.858133,0.466898,0.183553,0.393109,0.8649,1.3616,1.85663,2.32959,2.76537,3.15251,3.48238,3.74886,2.12802,1.76171,1.3498,0.91379,0.487793,0.166983,0.365693,0.871902,1.40466,1.93368,2.43724,2.89968,3.30913,3.6567,3.93613,2.26236,1.87461,1.43784,0.971161,0.51157,0.152764,0.33829,0.879644,1.44896,2.012,2.54605,3.03497,3.46657,3.83168,4.12392,2.39825,1.99031,1.52798,1.0319,0.537614,0.141578,0.310905,0.888347,1.49465,2.09168,2.65605,3.17126,3.62481,4.0073,4.31222,2.53703,2.10793,1.62091,1.09439,0.567536,0.132002,0.28355,0.898301,1.54194,2.17282,2.76727,3.30855,3.78386,4.18356,4.50102,2.67658,2.22689,1.71503,1.16111,0.599262,0.125853,0.256247,0.909883,1.59099,2.2555,3.17975,3.44685,3.94371,4.36046,4.69032
78,1.00732,0.859117,0.708496,0.571693,0.479109,0.488555,0.853382,0.818016,1.00856,1.20611,1.4043,1.59687,1.77816,1.94318,2.08762,1.0894,0.917651,0.740763,0.573569,0.448615,0.441447,0.612623,0.822445,1.04578,1.27552,1.50387,1.72348,1.9279,2.1116,2.27002,1.18187,0.987788,0.78378,0.587276,0.429332,0.396565,0.585174,0.826995,1.08336,1.34549,1.60413,1.85082,2.07833,2.28066,2.45297,1.28221,1.06615,0.835831,0.609264,0.418408,0.353538,0.557727,0.831687,1.12133,1.41608,1.70512,1.97892,2.22949,2.45036,2.63647,1.38988,1.15174,0.894965,0.638593,0.41469,0.313714,0.530282,0.836548,1.15976,1.48735,1.80691,2.10782,2.38139,2.62071,2.82051,1.50289,1.24298,0.960475,0.674031,0.416695,0.279337,0.502839,0.841609,1.19872,1.55938,1.90954,2.23754,2.53404,2.79172,3.0051,1.61975,1.33841,1.03098,0.714135,0.42347,0.249994,0.4754,0.846912,1.23828,1.63224,2.01307,2.36814,2.68747,2.96339,3.19023,1.74284,1.43979,1.10546,0.759023,0.434682,0.224494,0.447964,0.852512,1.27854,1.70601,2.11755,2.49962,2.84169,3.13573,3.37591,1.8683,1.54398,1.18363,0.807369,0.449369,0.202488,0.420533,0.858478,1.31961,1.78077,2.22304,2.63202,2.9967,3.30872,3.56212,1.9967,1.65073,1.26556,0.858133,0.466898,0.183553,0.393109,0.8649,1.3616,1.85663,2.32959,2.76537,3.15251,3.48238,3.74886,2.12802,1.76171,1.3498,0.91379,0.487793,0.166983,0.365693,0.871902,1.40466,1.93368,2.43724,2.89968,3.30913,3.6567,3.93613,2.26236,1.87461,1.43784,0.971161,0.51157,0.152764,0.33829,0.879644,1.44896,2.012,2.54605,3.03497,3.46657,3.83168,4.12392,2.39825,1.99031,1.52798,1.0319,0.537614,0.141578,0.310905,0.888347,1.49465,2.09168,2.65605,3.17126,3.62481,4.0073,4.31222,2.53703,2.10793,1.62091,1.09439,0.567536,0.132002,0.28355,0.898301,1.54194,2.17282,2.76727,3.30855,3.78386,4.18356,4.50102,2.67658,2.22689,1.71503,1.16111,0.599262,0.125853,0.256247,0.909883,1.59099,2.2555,3.17975,3.44685,3.94371,4.36046,4.69032
79,1.00732,0.859117,0.708496,0.571693,0.479109,0.488555,0.853382,0.818016,1.00856,1.20611,1.4043,1.59687,1.77816,1.94318,2.08762,1.0894,0.917651,0.740763,0.573569,0.448615,0.441447,0.612623,0.822445,1.04578,1.27552,1.50387,1.72348,1.9279,2.1116,2.27002,1.18187,0.987788,0.78378,0.587276,0.429332,0.396565,0.585174,0.826995,1.08336,1.34549,1.60413,1.85082,2.07833,2.28066,2.45297,1.28221,1.06615,0.835831,0.609264,0.418408,0.353538,0.557727,0.831687,1.12133,1.41608,1.70512,1.97892,2.22949,2.45036,2.63647,1.38988,1.15174,0.894965,0.638593,0.41469,0.313714,0.530282,0.836548,1.15976,1.48735,1.80691,2.10782,2.38139,2.62071,2.82051,1.50289,1.24298,0.960475,0.674031,0.416695,0.279337,0.502839,0.841609,1.19872,1.55938,1.90954,2.23754,2.53404,2.79172,3.0051,1.61975,1.33841,1.03098,0.714135,0.42347,0.249994,0.4754,0.846912,1.23828,1.63224,2.01307,2.36814,2.68747,2.96339,3.19023,1.74284,1.43979,1.10546,0.759023,0.434682,0.224494,0.447964,0.852512,1.27854,1.70601,2.11755,2.49962,2.84169,3.13573,3.37591,1.8683,1.54398,1.18363,0.807369,0.449369,0.202488,0.420533,0.858478,1.31961,1.78077,2.22304,2.63202,2.9967,3.30872,3.56212,1.9967,1.65073,1.26556,0.858133,0.466898,0.183553,0.393109,0.8649,1.3616,1.85663,2.32959,2.76537,3.15251,3.48238,3.74886,2.12802,1.76171,1.3498,0.91379,0.487793,0.166983,0.365693,0.871902,1.40466,1.93368,2.43724,2.89968,3.30913,3.6567,3.93613,2.26236,1.87461,1.43784,0.971161,0.51157,0.152764,0.33829,0.879644,1.44896,2.012,2.54605,3.03497,3.46657,3.83168,4.12392,2.39825,1.99031,1.52798,1.0319,0.537614,0.141578,0.310905,0.888347,1.49465,2.09168,2.65605,3.17126,3.62481,4.0073,4.31222,2.53703,2.10793,1.62091,1.09439,0.567536,0.132002,0.28355,0.898301,1.54194,2.17282,2.76727,3.30855,3.78386,4.18356,4.50102,2.67658,2.22689,1.71503,1.16111,0.599262,0.125853,0.256247,0.909883,1.59099,2.2555,3.17975,3.44685,3.94371,4.36046,4.69032
80,1.00732,0.859117,0.708496,0.571693,0.479109,0.488555,0.853382,0.818016,1.00856,1.20611,1.4043,1.59687,1.77816,1.94318,2.08762,1.0894,0.917651,0.740763,0.573569,0.448615,0.441447,0.612623,0.822445,1.04578,1.27552,1.50387,1.72348,1.9279,2.1116,2.27002,1.18187,0.987788,0.78378,0.587276,0.429332,0.396565,0.585174,0.826995,1.08336,1.34549,1.60413,1.85082,2.07833,2.28066,2.45297,1.28221,1.06615,0.835831,0.609264,0.418408,0.353538,0.557727,0.831687,1.12133,1.41608,1.70512,1.97892,2.22949,2.45036,2.63647,1.38988,1.15174,0.894965,0.638593,0.41469,0.313714,0.530282,0.836548,1.15976,1.48735,1.80691,2.10782,2.38139,2.62071,2.82051,1.50289,1.24298,0.960475,0.674031,0.416695,0.279337,0.502839,0.841609,1.19872,1.55938,1.90954,2.23754,2.53404,2.79172,3.0051,1.61975,1.33841,1.03098,0.714135,0.42347,0.249994,0.4754,0.846912,1.23828,1.63224,2.01307,2.36814,2.68747,2.96339,3.19023,1.74284,1.43979,1.10546,0.759023,0.434682,0.224494,0.447964,0.852512,1.27854,1.70601,2.11755,2.49962,2.84169,3.13573,3.37591,1.8683,1.54398,1.18363,0.807369,0.449369,0.202488,0.420533,0.858478,1.31961,1.78077,2.22304,2.63202,2.9967,3.30872,3.56212,1.9967,1.65073,1.26556,0.858133,0.466898,0.183553,0.393109,0.8649,1.3616,1.85663,2.32959,2.76537,3.15251,3.48238,3.74886,2.12802,1.76171,1.3498,0.91379,0.487793,0.166983,0.365693,0.871902,1.40466,1.93368,2.43724,2.89968,3.30913,3.6567,3.93613,2.26236,1.87461,1.43784,0.971161,0.51157,0.152764,0.33829,0.879644,1.44896,2.012,2.54605,3.03497,3.46657,3.83168,4.12392,2.39825,1.99031,1.52798,1.0319,0.537614,0.141578,0.310905,0.888347,1.49465,2.09168,2.65605,3.17126,3.62481,4.0073,4.31222,2.53703,2.10793,1.62091,1.09439,0.567536,0.132002,0.28355,0.898301,1.54194,2.17282,2.76727,3.30855,3.78386,4.18356,4.50102,2.67658,2.22689,1.71503,1.16111,0.599262,0.125853,0.256247,0.909883,1.59099,2.2555,3.17975,3.44685,3.94371,4.36046,4.69032
81,1.00732,0.859117,0.708496,0.571693,0.479109,0.488555,0.853382,0.818016,1.00856,1.20611,1.4043,1.59687,1.77816,1.94318,2.08762,1.0894,0.917651,0.740763,0.573569,0.448615,0.441447,0.612623,0.822445,1.04578,1.27552,1.50387,1.72348,1.9279,2.1116,2.27002,1.18187,0.987788,0.78378,0.587276,0.429332,0.396565,0.585174,0.826995,1.08336,1.34549,1.60413,1.85082,2.07833,2.28066,2.45297,1.28221,1.06615,0.835831,0.609264,0.418408,0.353538,0.557727,0.831687,1.12133,1.41608,1.70512,1.97892,2.22949,2.45036,2.63647,1.38988,1.15174,0.894965,0.638593,0.41469,0.313714,0.530282,0.836548,1.15976,1.48735,1.80691,2.10782,2.38139,2.62071,2.82051,1.50289,1.24298,0.960475,0.674031,0.416695,0.279337,0.502839,0.841609,1.19872,1.55938,1.90954,2.23754,2.53404,2.79172,3.0051,1.61975,1.33841,1.03098,0.714135,0.42347,0.249994,0.4754,0.846912,1.23828,1.63224,2.01307,2.36814,2.68747,2.96339,3.19023,1.74284,1.43979,1.10546,0.759023,0.434682,0.224494,0.447964,0.852512,1.27854,1.70601,2.11755,2.49962,2.84169,3.13573,3.37591,1.8683,1.54398,1.18363,0.807369,0.449369,0.202488,0.420533,0.858478,1.31961,1.78077,2.22304,2.63202,2.9967,3.30872,3.56212,1.9967,1.65073,1.26556,0.858133,0.466898,0.183553,0.393109,0.8649,1.3616,1.85663,2.32959,2.76537,3.15251,3.48238,3.74886,2.12802,1.76171,1.3498,0.91379,0.487793,0.166983,0.365693,0.871902,1.40466,1.93368,2.43724,2.89968,3.30913,3.6567,3.93613,2.26236,1.87461,1.43784,0.971161,0.51157,0.152764,0.33829,0.879644,1.44896,2.012,2.54605,3.03497,3.46657,3.83168,4.12392,2.39825,1.99031,1.52798,1.0319,0.537614,0.141578,0.310905,0.888347,1.49465,2.09168,2.65605,3.17126,3.62481,4.0073,4.31222,2.53703,2.10793,1.62091,1.09439,0.567536,0.132002,0.28355,0.898301,1.54194,2.17282,2.76727,3.30855,3.78386,4.18356,4.50102,2.67658,2.22689,1.71503,1.16111,0.599262,0.125853,0.256247,0.909883,1.59099,2.2555,3.17975,3.44685,3.94371,4.36046,4.69032
82,1.00732,0.859117,0.708496,0.571693,0.479109,0.488555,0.853382,0.818016,1.00856,1.20611,1.4043,1.59687,1.77816,1.94318,2.08762,1.0894,0.917651,0.740763,0.573569,0.448615,0.441447,0.612623,0.822445,1.04578,1.27552,1.50387,1.72348,1.9279,2.1116,2.27002,1.18187,0.987788,0.78378,0.587276,0.429332,0.396565,0.585174,0.826995,1.08336,1.34549,1.60413,1.85082,2.07833,2.28066,2.45297,1.28221,1.06615,0.835831,0.609264,0.418408,0.353538,0.557727,0.831687,1.12133,1.41608,1.70512,1.97892,2.22949,2.45036,2.63647,1.38988,1.15174,0.894965,0.638593,0.41469,0.313714,0.530282,0.836548,1.15976,1.48735,1.80691,2.10782,2.38139,2.62071,2.82051,1.50289,1.24298,0.960475,0.674031,0.416695,0.279337,0.502839,0.841609,1.19872,1.55938,1.90954,2.23754,2.53404,2.79172,3.0051,1.61975,1.33841,1.03098,0.714135,0.42347,0.249994,0.4754,0.846912,1.23828,1.63224,2.01307,2.36814,2.68747,2.96339,3.19023,1.74284,1.43979,1.10546,0.759023,0.434682,0.224494,0.447964,0.852512,1.27854,1.70601,2.11755,2.49962,2.84169,3.13573,3.37591,1.8683,1.54398,1.18363,0.807369,0.449369,0.202488,0.420533,0.858478,1.31961,1.78077,2.22304,2.63202,2.9967,3.30872,3.56212,1.9967,1.65073,1.26556,0.858133,0.466898,0.183553,0.393109,0.8649,1.3616,1.85663,2.32959,2.76537,3.15251,3.48238,3.74886,2.12802,1.76171,1.3498,0.91379,0.487793,0.166983,0.365693,0.871902,1.40466,1.93368,2.43724,2.89968,3.30913,3.6567,3.93613,2.26236,1.87461,1.43784,0.971161,0.51157,0.152764,0.33829,0.879644,1.44896,2.012,2.54605,3.03497,3.46657,3.83168,4.12392,2.39825,1.99031,1.52798,1.0319,0.537614,0.141578,0.310905,0.888347,1.49465,2.09168,2.65605,3.17126,3.62481,4.0073,4.31222,2.53703,2.10793,1.62091,1.09439,0.567536,0.132002,0.28355,0.898301,1.54194,2.17282,2.76727,3.30855,3.78386,4.18356,4.50102,2.67658,2.22689,1.71503,1.16111,0.599262,0.125853,0.256247,0.909883,1.59099,2.2555,3.17975,3.44685,3.94371,4.36046,4.69032
83,1.00732,0.859117,0.708496,0.571693,0.479109,0.488555,0.853382,0.818016,1.00856,1.20611,1.4043,1.59687,1.77816,1.94318,2.08762,1.0894,0.917651,0.740763,0.573569,0.448615,0.441447,0.612623,0.822445,1.04578,1.27552,1.50387,1.72348,1.9279,2.1116,2.27002,1.18187,0.987788,0.78378,0.587276,0.429332,0.396565,0.585174,0.826995,1.08336,1.34549,1.60413,1.85082,2.07833,2.28066,2.45297,1.28221,1.06615,0.835831,0.609264,0.418408,0.353538,0.557727,0.831687,1.12133,1.41608,1.70512,1.97892,2.22949,2.45036,2.63647,1.38988,1.15174,0.894965,0.638593,0.41469,0.313714,0.530282,0.836548,1.15976,1.48735,1.80691,2.10782,2.38139,2.62071,2.82051,1.50289,1.24298,0.960475,0.674031,0.416695,0.279337,0.502839,0.841609,1.19872,1.55938,1.90954,2.23754,2.53404,2.79172,3.0051,1.61975,1.33841,1.03098,0.714135,0.42347,0.249994,0.4754,0.846912,1.23828,1.63224,2.01307,2.36814,2.68747,2.96339,3.19023,1.74284,1.43979,1.10546,0.759023,0.434682,0.224494,0.447964,0.852512,1.27854,1.70601,2.11755,2.49962,2.84169,3.13573,3.37591,1.8683,1.54398,1.18363,0.807369,0.449369,0.202488,0.420533,0.858478,1.31961,1.78077,2.22304,2.63202,2.9967,3.30872,3.56212,1.9967,1.65073,1.26556,0.858133,0.466898,0.183553,0.393109,0.8649,1.3616,1.85663,2.32959,2.76537,3.15251,3.48238,3.74886,2.12802,1.76171,1.3498,0.91379,0.487793,0.166983,0.365693,0.871902,1.40466,1.93368,2.43724,2.89968,3.30913,3.6567,3.93613,2.26236,1.87461,1.43784,0.971161,0.51157,0.152764,0.33829,0.879644,1.44896,2.012,2.54605,3.03497,3.46657,3.83168,4.12392,2.39825,1.99031,1.52798,1.0319,0.537614,0.141578,0.310905,0.888347,1.49465,2.09168,2.65605,3.17126,3.62481,4.0073,4.31222,2.53703,2.10793,1.62091,1.09439,0.567536,0.132002,0.28355,0.898301,1.54194,2.17282,2.76727,3.30855,3.78386,4.18356,4.50102,2.67658,2.22689,1.71503,1.16111,0.599262,0.125853,0.256247,0.909883,1.59099,2.2555,3.17975,3.44685,3.94371,4.36046,4.69032
84,1.00732,0.859117,0.708496,0.571693,0.479109,0.488555,0.853382,0.818016,1.00856,1.20611,1.4043,1.59687,1.77816,1.94318,2.08762,1.0894,0.917651,0.740763,0.573569,0.448615,0.441447,0.612623,0.822445,1.04578,1.27552,1.50387,1.72348,1.9279,2.1116,2.27002,1.18187,0.987788,0.78378,0.587276,0.429332,0.396565,0.585174,0.826995,1.08336,1.34549,1.60413,1.85082,2.07833,2.28066,2.45297,1.28221,1.06615,0.835831,0.609264,0.418408,0.353538,0.557727,0.831687,1.12133,1.41608,1.70512,1.97892,2.22949,2.45036,2.63647,1.38988,1.15174,0.894965,0.638593,0.41469,0.313714,0.530282,0.836548,1.15976,1.48735,1.80691,2.10782,2.38139,2.62071,2.82051,1.50289,1.24298,0.960475,0.674031,0.416695,0.279337,0.502839,0.841609,1.19872,1.55938,1.90954,2.23754,2.53404,2.79172,3.0051,1.61975,1.33841,1.03098,0.714135,0.42347,0.249994,0.4754,0.846912,1.23828,1.63224,2.01307,2.36814,2.68747,2.96339,3.19023,1.74284,1.43979,1.10546,0.759023,0.434682,0.224494,0.447964,0.852512,1.27854,1.70601,2.11755,2.49962,2.84169,3.13573,3.37591,1.8683,1.54398,1.18363,0.807369,0.449369,0.202488,0.420533,0.858478,1.31961,1.78077,2.22304,2.63202,2.9967,3.30872,3.56212,1.9967,1.65073,1.26556,0.858133,0.466898,0.183553,0.393109,0.8649,1.3616,1.85663,2.32959,2.76537,3.15251,3.48238,3.74886,2.12802,1.76171,1.3498,0.91379,0.487793,0.166983,0.365693,0.871902,1.40466,1.93368,2.43724,2.89968,3.30913,3.6567,3.93613,2.26236,1.87461,1.43784,0.971161,0.51157,0.152764,0.33829,0.879644,1.44896,2.012,2.54605,3.03497,3.46657,3.83168,4.12392,2.39825,1.99031,1.52798,1.0319,0.537614,0.141578,0.310905,0.888347,1.49465,2.09168,2.65605,3.17126,3.62481,4.0073,4.31222,2.53703,2.10793,1.62091,1.09439,0.567536,0.132002,0.28355,0.898301,1.54194,2.17282,2.76727,3.30855,3.78386,4.18356,4.50102,2.67658,2.22689,1.71503,1.16111,0.599262,0.125853,0.256247,0.909883,1.59099,2.2555,3.17975,3.44685,3.94371,4.36046,4.69032
85,1.00732,0.859117,0.708496,0.571693,0.479109,0.488555,0.853382,0.818016,1.00856,1.20611,1.4043,1.59687,1.77816,1.94318,2.08762,1.0894,0.917651,0.740763,0.573569,0.448615,0.441447,0.612623,0.822445,1.04578,1.27552,1.50387,1.72348,1.9279,2.1116,2.27002,1.18187,0.987788,0.78378,0.587276,0.429332,0.396565,0.585174,0.826995,1.08336,1.34549,1.60413,1.85082,2.07833,2.28066,2.45297,1.28221,1.06615,0.835831,0.609264,0.418408,0.353538,0.557727,0.831687,1.12133,1.41608,1.70512,1.97892,2.22949,2.45036,2.63647,1.38988,1.15174,0.894965,0.638593,0.41469,0.313714,0.530282,0.836548,1.15976,1.48735,1.80691,2.10782,2.38139,2.62071,2.82051,1.50289,1.24298,0.960475,0.674031,0.416695,0.279337,0.502839,0.841609,1.19872,1.55938,1.90954,2.23754,2.53404,2.79172,3.0051,1.61975,1.33841,1.03098,0.714135,0.42347,0.249994,0.4754,0.846912,1.23828,1.63224,2.01307,2.36814,2.68747,2.96339,3.19023,1.74284,1.43979,1.10546,0.759023,0.434682,0.224494,0.447964,0.852512,1.27854,1.70601,2.11755,2.49962,2.84169,3.13573,3.37591,1.8683,1.54398,1.18363,0.807369,0.449369,0.202488,0.420533,0.858478,1.31961,1.78077,2.22304,2.63202,2.9967,3.30872,3.56212,1.9967,1.65073,1.26556,0.858133,0.466898,0.183553,0.393109,0.8649,1.3616,1.85663,2.32959,2.76537,3.15251,3.48238,3.74886,2.12802,1.76171,1.3498,0.91379,0.487793,0.166983,0.365693,0.871902,1.40466,1.93368,2.43724,2.89968,3.30913,3.6567,3.93613,2.26236,1.87461,1.43784,0.971161,0.51157,0.152764,0.33829,0.879644,1.44896,2.012,2.54605,3.03497,3.46657,3.83168,4.12392,2.39825,1.99031,1.52798,1.0319,0.537614,0.141578,0.310905,0.888347,1.49465,2.09168,2.65605,3.17126,3.62481,4.0073,4.31222,2.53703,2.10793,1.62091,1.09439,0.567536,0.132002,0.28355,0.898301,1.54194,2.17282,2.76727,3.30855,3.78386,4.18356,4.50102,2.67658,2.22689,1.71503,1.16111,0.599262,0.125853,0.256247,0.909883,1.59099,2.2555,3.17975,3.44685,3.94371,4.36046,4.69032
86,1.00732,0.859117,0.708496,0.571693,0.479109,0.488555,0.853382,0.818016,1.00856,1.20611,1.4043,1.59687,1.77816,1.94318,2.08762,1.0894,0.917651,0.740763,0.573569,0.448615,0.441447,0.612623,0.822445,1.04578,1.27552,1.50387,1.72348,1.9279,2.1116,2.27002,1.18187,0.987788,0.78378,0.587276,0.429332,0.396565,0.585174,0.826995,1.08336,1.34549,1.60413,1.85082,2.07833,2.28066,2.45297,1.28221,1.06615,0.835831,0.609264,0.418408,0.353538,0.557727,0.831687,1.12133,1.41608,1.70512,1.97892,2.22949,2.45036,2.63647,1.38988,1.15174,0.894965,0.638593,0.41469,0.313714,0.530282,0.836548,1.15976,1.48735,1.80691,2.10782,2.38139,2.62071,2.82051,1.50289,1.24298,0.960475,0.674031,0.416695,0.279337,0.502839,0.841609,1.19872,1.55938,1.90954,2.23754,2.53404,2.79172,3.0051,1.61975,1.33841,1.03098,0.714135,0.42347,0.249994,0.4754,0.846912,1.23828,1.63224,2.01307,2.36814,2.68747,2.96339,3.19023,1.74284,1.43979,1.10546,0.759023,0.434682,0.224494,0.447964,0.852512,1.27854,1.70601,2.11755,2.49962,2.84169,3.13573,3.37591,1.8683,1.54398,1.18363,0.807369,0.449369,0.202488,0.420533,0.858478,1.31961,1.78077,2.22304,2.63202,2.9967,3.30872,3.56212,1.9967,1.65073,1.26556,0.858133,0.466898,0.183553,0.393109,0.8649,1.3616,1.85663,2.32959,2.76537,3.15251,3.48238,3.74886,2.12802,1.76171,1.3498,0.91379,0.487793,0.166983,0.365693,0.871902,1.40466,1.93368,2.43724,2.89968,3.30913,3.6567,3.93613,2.26236,1.87461,1.43784,0.971161,0.51157,0.152764,0.33829,0.879644,1.44896,2.012,2.54605,3.03497,3.46657,3.83168,4.12392,2.39825,1.99031,1.52798,1.0319,0.537614,0.141578,0.310905,0.888347,1.49465,2.09168,2.65605,3.17126,3.62481,4.0073,4.31222,2.53703,2.10793,1.62091,1.09439,0.567536,0.132002,0.28355,0.898301,1.54194,2.17282,2.76727,3.30855,3.78386,4.18356,4.50102,2.67658,2.22689,1.71503,1.16111,0.599262,0.125853,0.256247,0.909883,1.59099,2.2555,3.17975,3.44685,3.94371,4.36046,4.69032
87,1.00732,0.859117,0.708496,0.571693,0.479109,0.488555,0.853382,0.818016,1.00856,1.20611,1.4043,1.59687,1.77816,1.94318,2.08762,1.0894,0.917651,0.740763,0.573569,0.448615,0.441447,0.612623,0.822445,1.04578,1.27552,1.50387,1.72348,1.9279,2.1116,2.27002,1.18187,0.987788,0.78378,0.587276,0.429332,0.396565,0.585174,0.826995,1.08336,1.34549,1.60413,1.85082,2.07833,2.28066,2.45297,1.28221,1.06615,0.835831,0.609264,0.418408,0.353538,0.557727,0.831687,1.12133,1.41608,1.70512,1.97892,2.22949,2.45036,2.63647,1.38988,1.15174,0.894965,0.638593,0.41469,0.313714,0.530282,0.836548,1.15976,1.48735,1.80691,2.10782,2.38139,2.62071,2.82051,1.50289,1.24298,0.960475,0.674031,0.416695,0.279337,0.502839,0.841609,1.19872,1.55938,1.90954,2.23754,2.53404,2.79172,3.0051,1.61975,1.33841,1.03098,0.714135,0.42347,0.249994,0.4754,0.846912,1.23828,1.63224,2.01307,2.36814,2.68747,2.96339,3.19023,1.74284,1.43979,1.10546,0.759023,0.434682,0.224494,0.447964,0.852512,1.27854,1.70601,2.11755,2.49962,2.84169,3.13573,3.37591,1.8683,1.54398,1.18363,0.807369,0.449369,0.202488,0.420533,0.858478,1.31961,1.78077,2.22304,2.63202,2.9967,3.30872,3.56212,1.9967,1.65073,1.26556,0.858133,0.466898,0.183553,0.393109,0.8649,1.3616,1.85663,2.32959,2.76537,3.15251,3.48238,3.74886,2.12802,1.76171,1.3498,0.91379,0.487793,0.166983,0.365693,0.871902,1.40466,1.93368,2.43724,2.89968,3.30913,3.6567,3.93613,2.26236,1.87461,1.43784,0.971161,0.51157,0.152764,0.33829,0.879644,1.44896,2.012,2.54605,3.03497,3.46657,3.83168,4.12392,2.39825,1.99031,1.52798,1.0319,0.537614,0.141578,0.310905,0.888347,1.49465,2.09168,2.65605,3.17126,3.62481,4.0073,4.31222,2.53703,2.10793,1.62091,1.09439,0.567536,0.132002,0.28355,0.898301,1.54194,2.17282,2.76727,3.30855,3.78386,4.18356,4.50102,2.67658,2.22689,1.71503,1.16111,0.599262,0.125853,0.256247,0.909883,1.59099,2.2555,3.17975,3.44685,3.94371,4.36046,4.69032
88,1.00732,0.859117,0.708496,0.571693,0.479109,0.488555,0.853382,0.818016,1.00856,1.20611,1.4043,1.59687,1.77816,1.94318,2.08762,1.0894,0.917651,0.740763,0.573569,0.448615,0.441447,0.612623,0.822445,1.04578,1.27552,1.50387,1.72348,1.9279,2.1116,2.27002,1.18187,0.987788,0.78378,0.587276,0.429332,0.396565,0.585174,0.826995,1.08336,1.34549,1.60413,1.85082,2.07833,2.28066,2.45297,1.28221,1.06615,0.835831,0.609264,0.418408,0.353538,0.557727,0.831687,1.12133,1.41608,1.70512,1.97892,2.22949,2.45036,2.63647,1.38988,1.15174,0.894965,0.638593,0.41469,0.313714,0.530282,0.836548,1.15976,1.48735,1.80691,2.10782,2.38139,2.62071,2.82051,1.50289,1.24298,0.960475,0.674031,0.416695,0.279337,0.502839,0.841609,1.19872,1.55938,1.90954,2.23754,2.53404,2.79172,3.0051,1.61975,1.33841,1.03098,0.714135,0.42347,0.249994,0.4754,0.846912,1.23828,1.63224,2.01307,2.36814,2.68747,2.96339,3.19023,1.74284,1.43979,1.10546,0.759023,0.434682,0.224494,0.447964,0.852512,1.27854,1.70601,2.11755,2.49962,2.84169,3.13573,3.37591,1.8683,1.54398,1.18363,0.807369,0.449369,0.202488,0.420533,0.858478,1.31961,1.78077,2.22304,2.63202,2.9967,3.30872,3.56212,1.9967,1.65073,1.26556,0.858133,0.466898,0.183553,0.393109,0.8649,1.3616,1.85663,2.32959,2.76537,3.15251,3.48238,3.74886,2.12802,1.76171,1.3498,0.91379,0.487793,0.166983,0.365693,0.871902,1.40466,1.93368,2.43724,2.89968,3.30913,3.6567,3.93613,2.26236,1.87461,1.43784,0.971161,0.51157,0.152764,0.33829,0.879644,1.44896,2.012,2.54605,3.03497,3.46657,3.83168,4.12392,2.39825,1.99031,1.52798,1.0319,0.537614,0.141578,0.310905,0.888347,1.49465,2.09168,2.65605,3.17126,3.62481,4.0073,4.31222,2.53703,2.10793,1.62091,1.09439,0.567536,0.132002,0.28355,0.898301,1.54194,2.17282,2.76727,3.30855,3.78386,4.18356,4.50102,2.67658,2.22689,1.71503,1.16111,0.599262,0.125853,0.256247,0.909883,1.59099,2.2555,3.17975,3.44685,3.94371,4.36046,4.69032
89,1.00732,0.859117,0.708496,0.571693,0.479109,0.488555,0.853382,0.818016,1.00856,1.20611,1.4043,1.59687,1.77816,1.94318,2.08762,1.0894,0.917651,0.740763,0.573569,0.448615,0.441447,0.612623,0.822445,1.04578,1.27552,1.50387,1.72348,1.9279,2.1116,2.27002,1.18187,0.987788,0.78378,0.587276,0.429332,0.396565,0.585174,0.826995,1.08336,1.34549,1.60413,1.85082,2.07833,2.28066,2.45297,1.28221,1.06615,0.835831,0.609264,0.418408,0.353538,0.557727,0.831687,1.12133,1.41608,1.70512,1.97892,2.22949,2.45036,2.63647,1.38988,1.15174,0.894965,0.638593,0.41469,0.313714,0.530282,0.836548,1.15976,1.48735,1.80691,2.10782,2.38139,2.62071,2.82051,1.50289,1.24298,0.960475,0.674031,0.416695,0.279337,0.502839,0.841609,1.19872,1.55938,1.90954,2.23754,2.53404,2.79172,3.0051,1.61975,1.33841,1.03098,0.714135,0.42347,0.249994,0.4754,0.846912,1.23828,1.63224,2.01307,2.36814,2.68747,2.96339,3.19023,1.74284,1.43979,1.10546,0.759023,0.434682,0.224494,0.447964,0.852512,1.27854,1.70601,2.11755,2.49962,2.84169,3.13573,3.37591,1.8683,1.54398,1.18363,0.807369,0.449369,0.202488,0.420533,0.858478,1.31961,1.78077,2.22304,2.63202,2.9967,3.30872,3.56212,1.9967,1.65073,1.26556,0.858133,0.466898,0.183553,0.393109,0.8649,1.3616,1.85663,2.32959,2.76537,3.15251,3.48238,3.74886,2.12802,1.76171,1.3498,0.91379,0.487793,0.166983,0.365693,0.871902,1.40466,1.93368,2.43724,2.89968,3.30913,3.6567,3.93613,2.26236,1.87461,1.43784,0.971161,0.51157,0.152764,0.33829,0.879644,1.44896,2.012,2.54605,3.03497,3.46657,3.83168,4.12392,2.39825,1.99031,1.52798,1.0319,0.537614,0.141578,0.310905,0.888347,1.49465,2.09168,2.65605,3.17126,3.62481,4.0073,4.31222,2.53703,2.10793,1.62091,1.09439,0.567536,0.132002,0.28355,0.898301,1.54194,2.17282,2.76727,3.30855,3.78386,4.18356,4.50102,2.67658,2.22689,1.71503,1.16111,0.599262,0.125853,0.256247,0.909883,1.59099,2.2555,3.17975,3.44685,3.94371,4.36046,4.69032
90,1.00732,0.859117,0.708496,0.571693,0.479109,0.488555,0.853382,0.818016,1.00856,1.20611,1.4043,1.59687,1.77816,1.94318,2.08762,1.0894,0.917651,0.740763,0.573569,0.448615,0.441447,0.612623,0.822445,1.04578,1.27552,1.50387,1.72348,1.9279,2.1116,2.27002,1.18187,0.987788,0.78378,0.587276,0.429332,0.396565,0.585174,0.826995,1.08336,1.34549,1.60413,1.85082,2.07833,2.28066,2.45297,1.28221,1.06615,0.835831,0.609264,0.418408,0.353538,0.557727,0.831687,1.12133,1.41608,1.70512,1.97892,2.22949,2.45036,2.63647,1.38988,1.15174,0.894965,0.638593,0.41469,0.313714,0.530282,0.836548,1.15976,1.48735,1.80691,2.10782,2.38139,2.62071,2.82051,1.50289,1.24298,0.960475,0.674031,0.416695,0.279337,0.502839,0.841609,1.19872,1.55938,1.90954,2.23754,2.53404,2.79172,3.0051,1.61975,1.33841,1.03098,0.714135,0.42347,0.249994,0.4754,0.846912,1.23828,1.63224,2.01307,2.36814,2.68747,2.96339,3.19023,1.74284,1.43979,1.10546,0.759023,0.434682,0.224494,0.447964,0.852512,1.27854,1.70601,2.11755,2.49962,2.84169,3.13573,3.37591,1.8683,1.54398,1.18363,0.807369,0.449369,0.202488,0.420533,0.858478,1.31961,1.78077,2.22304,2.63202,2.9967,3.30872,3.56212,1.9967,1.65073,1.26556,0.858133,0.466898,0.183553,0.393109,0.8649,1.3616,1.85663,2.32959,2.76537,3.15251,3.48238,3.74886,2.12802,1.76171,1.3498,0.91379,0.487793,0.166983,0.365693,0.871902,1.40466,1.93368,2.43724,2.89968,3.30913,3.6567,3.93613,2.26236,1.87461,1.43784,0.971161,0.51157,0.152764,0.33829,0.879644,1.44896,2.012,2.54605,3.03497,3.46657,3.83168,4.12392,2.39825,1.99031,1.52798,1.0319,0.537614,0.141578,0.310905,0.888347,1.49465,2.09168,2.65605,3.17126,3.62481,4.0073,4.31222,2.53703,2.10793,1.62091,1.09439,0.567536,0.132002,0.28355,0.898301,1.54194,2.17282,2.76727,3.30855,3.78386,4.18356,4.50102,2.67658,2.22689,1.71503,1.16111,0.599262,0.125853,0.256247,0.909883,1.59099,2.2555,3.17975,3.44685,3.94371,4.36046,4.69032
91,1.00732,0.859117,0.708496,0.571693,0.479109,0.488555,0.853382,0.818016,1.00856,1.20611,1.4043,1.59687,1.77816,1.94318,2.08762,1.0894,0.917651,0.740763,0.573569,0.448615,0.441447,0.612623,0.822445,1.04578,1.27552,1.50387,1.72348,1.9279,2.1116,2.27002,1.18187,0.987788,0.78378,0.587276,0.429332,0.396565,0.585174,0.826995,1.08336,1.34549,1.60413,1.85082,2.07833,2.28066,2.45297,1.28221,1.06615,0.835831,0.609264,0.418408,0.353538,0.557727,0.831687,1.12133,1.41608,1.70512,1.97892,2.22949,2.45036,2.63647,1.38988,1.15174,0.894965,0.638593,0.41469,0.313714,0.530282,0.836548,1.15976,1.48735,1.80691,2.10782,2.38139,2.62071,2.82051,1.50289,1.24298,0.960475,0.674031,0.416695,0.279337,0.502839,0.841609,1.19872,1.55938,1.90954,2.23754,2.53404,2.79172,3.0051,1.61975,1.33841,1.03098,0.714135,0.42347,0.249994,0.4754,0.846912,1.23828,1.63224,2.01307,2.36814,2.68747,2.96339,3.19023,1.74284,1.43979,1.10546,0.759023,0.434682,0.224494,0.447964,0.852512,1.27854,1.70601,2.11755,2.49962,2.84169,3.13573,3.37591,1.8683,1.54398,1.18363,0.807369,0.449369,0.202488,0.420533,0.858478,1.31961,1.78077,2.22304,2.63202,2.9967,3.30872,3.56212,1.9967,1.65073,1.26556,0.858133,0.466898,0.183553,0.393109,0.8649,1.3616,1.85663,2.32959,2.76537,3.15251,3.48238,3.74886,2.12802,1.76171,1.3498,0.91379,0.487793,0.166983,0.365693,0.871902,1.40466,1.93368,2.43724,2.89968,3.30913,3.6567,3.93613,2.26236,1.87461,1.43784,0.971161,0.51157,0.152764,0.33829,0.879644,1.44896,2.012,2.54605,3.03497,3.46657,3.83168,4.12392,2.39825,1.99031,1.52798,1.0319,0.537614,0.141578,0.310905,0.888347,1.49465,2.09168,2.65605,3.17126,3.62481,4.0073,4.31222,2.53703,2.10793,1.62091,1.09439,0.567536,0.132002,0.28355,0.898301,1.54194,2.17282,2.76727,3.30855,3.78386,4.18356,4.50102,2.67658,2.22689,1.71503,1.16111,0.599262,0.125853,0.256247,0.909883,1.59099,2.2555,3.17975,3.44685,3.94371,4.36046,4.69032
92,1.00732,0.859117,0.708496,0.571693,0.479109,0.488555,0.853382,0.818016,1.00856,1.20611,1.4043,1.59687,1.77816,1.94318,2.08762,1.0894,0.917651,0.740763,0.573569,0.448615,0.441447,0.612623,0.822445,1.04578,1.27552,1.50387,1.72348,1.9279,2.1116,2.27002,1.18187,0.987788,0.78378,0.587276,0.429332,0.396565,0.585174,0.826995,1.08336,1.34549,1.60413,1.85082,2.07833,2.28066,2.45297,1.28221,1.06615,0.835831,0.609264,0.418408,0.353538,0.557727,0.831687,1.12133,1.41608,1.70512,1.97892,2.22949,2.45036,2.63647,1.38988,1.15174,0.894965,0.638593,0.41469,0.313714,0.530282,0.836548,1.15976,1.48735,1.80691,2.10782,2.38139,2.62071,2.82051,1.50289,1.24298,0.960475,0.674031,0.416695,0.279337,0.502839,0.841609,1.19872,1.55938,1.90954,2.23754,2.53404,2.79172,3.0051,1.61975,1.33841,1.03098,0.714135,0.42347,0.249994,0.4754,0.846912,1.23828,1.63224,2.01307,2.36814,2.68747,2.96339,3.19023,1.74284,1.43979,1.10546,0.759023,0.434682,0.224494,0.447964,0.852512,1.27854,1.70601,2.11755,2.49962,2.84169,3.13573,3.37591,1.8683,1.54398,1.18363,0.807369,0.449369,0.202488,0.420533,0.858478,1.31961,1.78077,2.22304,2.63202,2.9967,3.30872,3.56212,1.9967,1.65073,1.26556,0.858133,0.466898,0.183553,0.393109,0.8649,1.3616,1.85663,2.32959,2.76537,3.15251,3.48238,3.74886,2.12802,1.76171,1.3498,0.91379,0.487793,0.166983,0.365693,0.871902,1.40466,1.93368,2.43724,2.89968,3.30913,3.6567,3.93613,2.26236,1.87461,1.43784,0.971161,0.51157,0.152764,0.33829,0.879644,1.44896,2.012,2.54605,3.03497,3.46657,3.83168,4.12392,2.39825,1.99031,1.52798,1.0319,0.537614,0.141578,0.310905,0.888347,1.49465,2.09168,2.65605,3.17126,3.62481,4.0073,4.31222,2.53703,2.10793,1.62091,1.09439,0.567536,0.132002,0.28355,0.898301,1.54194,2.17282,2.76727,3.30855,3.78386,4.18356,4.50102,2.67658,2.22689,1.71503,1.16111,0.599262,0.125853,0.256247,0.909883,1.59099,2.2555,3.17975,3.44685,3.94371,4.36046,4.69032
93,1.00732,0.859117,0.708496,0.571693,0.479109,0.488555,0.853382,0.818016,1.00856,1.20611,1.4043,1.59687,1.77816,1.94318,2.08762,1.0894,0.917651,0.740763,0.573569,0.448615,0.441447,0.612623,0.822445,1.04578,1.27552,1.50387,1.72348,1.9279,2.1116,2.27002,1.18187,0.987788,0.78378,0.587276,0.429332,0.396565,0.585174,0.826995,1.08336,1.34549,1.60413,1.85082,2.07833,2.28066,2.45297,1.28221,1.06615,0.835831,0.609264,0.418408,0.353538,0.557727,0.831687,1.12133,1.41608,1.70512,1.97892,2.22949,2.45036,2.63647,1.38988,1.15174,0.894965,0.638593,0.41469,0.313714,0.530282,0.836548,1.15976,1.48735,1.80691,2.10782,2.38139,2.62071,2.82051,1.50289,1.24298,0.960475,0.674031,0.416695,0.279337,0.502839,0.841609,1.19872,1.55938,1.90954,2.23754,2.53404,2.79172,3.0051,1.61975,1.33841,1.03098,0.714135,0.42347,0.249994,0.4754,0.846912,1.23828,1.63224,2.01307,2.36814,2.68747,2.96339,3.19023,1.74284,1.43979,1.10546,0.759023,0.434682,0.224494,0.447964,0.852512,1.27854,1.70601,2.11755,2.49962,2.84169,3.13573,3.37591,1.8683,1.54398,1.18363,0.807369,0.449369,0.202488,0.420533,0.858478,1.31961,1.78077,2.22304,2.63202,2.9967,3.30872,3.56212,1.9967,1.65073,1.26556,0.858133,0.466898,0.183553,0.393109,0.8649,1.3616,1.85663,2.32959,2.76537,3.15251,3.48238,3.74886,2.12802,1.76171,1.3498,0.91379,0.487793,0.166983,0.365693,0.871902,1.40466,1.93368,2.43724,2.89968,3.30913,3.6567,3.93613,2.26236,1.87461,1.43784,0.971161,0.51157,0.152764,0.33829,0.879644,1.44896,2.012,2.54605,3.03497,3.46657,3.83168,4.12392,2.39825,1.99031,1.52798,1.0319,0.537614,0.141578,0.310905,0.888347,1.49465,2.09168,2.65605,3.17126,3.62481,4.0073,4.31222,2.53703,2.10793,1.62091,1.09439,0.567536,0.132002,0.28355,0.898301,1.54194,2.17282,2.76727,3.30855,3.78386,4.18356,4.50102,2.67658,2.22689,1.71503,1.16111,0.599262,0.125853,0.256247,0.909883,1.59099,2.2555,3.17975,3.44685,3.94371,4.36046,4.69032
94,1.00732,0.859117,0.708496,0.571693,0.479109,0.488555,0.853382,0.818016,1.00856,1.20611,1.4043,1.59687,1.77816,1.94318,2.08762,1.0894,0.917651,0.740763,0.573569,0.448615,0.441447,0.612623,0.822445,1.04578,1.27552,1.50387,1.72348,1.9279,2.1116,2.27002,1.18187,0.987788,0.78378,0.587276,0.429332,0.396565,0.585174,0.826995,1.08336,1.34549,1.60413,1.85082,2.07833,2.28066,2.45297,1.28221,1.06615,0.835831,0.609264,0.418408,0.353538,0.557727,0.831687,1.12133,1.41608,1.70512,1.97892,2.22949,2.45036,2.63647,1.38988,1.15174,0.894965,0.638593,0.41469,0.313714,0.530282,0.836548,1.15976,1.48735,1.80691,2.10782,2.38139,2.62071,2.82051,1.50289,1.24298,0.960475,0.674031,0.416695,0.279337,0.502839,0.841609,1.19872,1.55938,1.90954,2.23754,2.53404,2.79172,3.0051,1.61975,1.33841,1.03098,0.714135,0.42347,0.249994,0.4754,0.846912,1.23828,1.63224,2.01307,2.36814,2.68747,2.96339,3.19023,1.74284,1.43979,1.10546,0.759023,0.434682,0.224494,0.447964,0.852512,1.27854,1.70601,2.11755,2.49962,2.84169,3.13573,3.37591,1.8683,1.54398,1.18363,0.807369,0.449369,0.202488,0.420533,0.858478,1.31961,1.78077,2.22304,2.63202,2.9967,3.30872,3.56212,1.9967,1.65073,1.26556,0.858133,0.466898,0.183553,0.393109,0.8649,1.3616,1.85663,2.32959,2.76537,3.15251,3.48238,3.74886,2.12802,1.76171,1.3498,0.91379,0.487793,0.166983,0.365693,0.871902,1.40466,1.93368,2.43724,2.89968,3.30913,3.6567,3.93613,2.26236,1.87461,1.43784,0.971161,0.51157,0.152764,0.33829,0.879644,1.44896,2.012,2.54605,3.03497,3.46657,3.83168,4.12392,2.39825,1.99031,1.52798,1.0319,0.537614,0.141578,0.310905,0.888347,1.49465,2.09168,2.65605,3.17126,3.62481,4.0073,4.31222,2.53703,2.10793,1.62091,1.09439,0.567536,0.132002,0.28355,0.898301,1.54194,2.17282,2.76727,3.30855,3.78386,4.18356,4.50102,2.67658,2.22689,1.71503,1.16111,0.599262,0.125853,0.256247,0.909883,1.59099,2.2555,3.17975,3.44685,3.94371,4.36046,4.69032
95,1.00732,0.859117,0.708496,0.571693,0.479109,0.488555,0.853382,0.818016,1.00856,1.20611,1.4043,1.59687,1.77816,1.94318,2.08762,1.0894,0.917651,0.740763,0.573569,0.448615,0.441447,0.612623,0.822445,1.04578,1.27552,1.50387,1.72348,1.9279,2.1116,2.27002,1.18187,0.987788,0.78378,0.587276,0.429332,0.396565,0.585174,0.826995,1.08336,1.34549,1.60413,1.85082,2.07833,2.28066,2.45297,1.28221,1.06615,0.835831,0.609264,0.418408,0.353538,0.557727,0.831687,1.12133,1.41608,1.70512,1.97892,2.22949,2.45036,2.63647,1.38988,1.15174,0.894965,0.638593,0.41469,0.313714,0.530282,0.836548,1.15976,1.48735,1.80691,2.10782,2.38139,2.62071,2.82051,1.50289,1.24298,0.960475,0.674031,0.416695,0.279337,0.502839,0.841609,1.19872,1.55938,1.90954,2.23754,2.53404,2.79172,3.0051,1.61975,1.33841,1.03098,0.714135,0.42347,0.249994,0.4754,0.846912,1.23828,1.63224,2.01307,2.36814,2.68747,2.96339,3.19023,1.74284,1.43979,1.10546,0.759023,0.434682,0.224494,0.447964,0.852512,1.27854,1.70601,2.11755,2.49962,2.84169,3.13573,3.37591,1.8683,1.54398,1.18363,0.807369,0.449369,0.202488,0.420533,0.858478,1.31961,1.78077,2.22304,2.63202,2.9967,3.30872,3.56212,1.9967,1.65073,1.26556,0.858133,0.466898,0.183553,0.393109,0.8649,1.3616,1.85663,2.32959,2.76537,3.15251,3.48238,3.74886,2.12802,1.76171,1.3498,0.91379,0.487793,0.166983,0.365693,0.871902,1.40466,1.93368,2.43724,2.89968,3.30913,3.6567,3.93613,2.26236,1.87461,1.43784,0.971161,0.51157,0.152764,0.33829,0.879644,1.44896,2.012,2.54605,3.03497,3.46657,3.83168,4.12392,2.39825,1.99031,1.52798,1.0319,0.537614,0.141578,0.310905,0.888347,1.49465,2.09168,2.65605,3.17126,3.62481,4.0073,4.31222,2.53703,2.10793,1.62091,1.09439,0.567536,0.132002,0.28355,0.898301,1.54194,2.17282,2.76727,3.30855,3.78386,4.18356,4.50102,2.67658,2.22689,1.71503,1.16111,0.599262,0.125853,0.256247,0.909883,1.59099,2.2555,3.17975,3.44685,3.94371,4.36046,4.69032
96,1.00732,0.859117,0.708496,0.571693,0.479109,0.488555,0.853382,0.818016,1.00856,1.20611,1.4043,1.59687,1.77816,1.94318,2.08762,1.0894,0.917651,0.740763,0.573569,0.448615,0.441447,0.612623,0.822445,1.04578,1.27552,1.50387,1.72348,1.9279,2.1116,2.27002,1.18187,0.987788,0.78378,0.587276,0.429332,0.396565,0.585174,0.826995,1.08336,1.34549,1.60413,1.85082,2.07833,2.28066,2.45297,1.28221,1.06615,0.835831,0.609264,0.418408,0.353538,0.557727,0.831687,1.12133,1.41608,1.70512,1.97892,2.22949,2.45036,2.63647,1.38988,1.15174,0.894965,0.638593,0.41469,0.313714,0.530282,0.836548,1.15976,1.48735,1.80691,2.10782,2.38139,2.62071,2.82051,1.50289,1.24298,0.960475,0.674031,0.416695,0.279337,0.502839,0.841609,1.19872,1.55938,1.90954,2.23754,2.53404,2.79172,3.0051,1.61975,1.33841,1.03098,0.714135,0.42347,0.249994,0.4754,0.846912,1.23828,1.63224,2.01307,2.36814,2.68747,2.96339,3.19023,1.74284,1.43979,1.10546,0.759023,0.434682,0.224494,0.447964,0.852512,1.27854,1.70601,2.11755,2.49962,2.84169,3.13573,3.37591,1.8683,1.54398,1.18363,0.807369,0.449369,0.202488,0.420533,0.858478,1.31961,1.78077,2.22304,2.63202,2.9967,3.30872,3.56212,1.9967,1.65073,1.26556,0.858133,0.466898,0.183553,0.393109,0.8649,1.3616,1.85663,2.32959,2.76537,3.15251,3.48238,3.74886,2.12802,1.76171,1.3498,0.91379,0.487793,0.166983,0.365693,0.871902,1.40466,1.93368,2.43724,2.89968,3.30913,3.6567,3.93613,2.26236,1.87461,1.43784,0.971161,0.51157,0.152764,0.33829,0.879644,1.44896,2.012,2.54605,3.03497,3.46657,3.83168,4.12392,2.39825,1.99031,1.52798,1.0319,0.537614,0.141578,0.310905,0.888347,1.49465,2.09168,2.65605,3.17126,3.62481,4.0073,4.31222,2.53703,2.10793,1.62091,1.09439,0.567536,0.132002,0.28355,0.898301,1.54194,2.17282,2.76727,3.30855,3.78386,4.18356,4.50102,2.67658,2.22689,1.71503,1.16111,0.599262,0.125853,0.256247,0.909883,1.59099,2.2555,3.17975,3.44685,3.94371,4.36046,4.69032
97,1.00732,0.859117,0.708496,0.571693,0.479109,0.488555,0.853382,0.818016,1.00856,1.20611,1.4043,1.59687,1.77816,1.94318,2.08762,1.0894,0.917651,0.740763,0.573569,0.448615,0.441447,0.612623,0.822445,1.04578,1.27552,1.50387,1.72348,1.9279,2.1116,2.27002,1.18187,0.987788,0.78378,0.587276,0.429332,0.396565,0.585174,0.826995,1.08336,1.34549,1.60413,1.85082,2.07833,2.28066,2.45297,1.28221,1.06615,0.835831,0.609264,0.418408,0.353538,0.557727,0.831687,1.12133,1.41608,1.70512,1.97892,2.22949,2.45036,2.63647,1.38988,1.15174,0.894965,0.638593,0.41469,0.313714,0.530282,0.836548,1.15976,1.48735,1.80691,2.10782,2.38139,2.62071,2.82051,1.50289,1.24298,0.960475,0.674031,0.416695,0.279337,0.502839,0.841609,1.19872,1.55938,1.90954,2.23754,2.53404,2.79172,3.0051,1.61975,1.33841,1.03098,0.714135,0.42347,0.249994,0.4754,0.846912,1.23828,1.63224,2.01307,2.36814,2.68747,2.96339,3.19023,1.74284,1.43979,1.10546,0.759023,0.434682,0.224494,0.447964,0.852512,1.27854,1.70601,2.11755,2.49962,2.84169,3.13573,3.37591,1.8683,1.54398,1.18363,0.807369,0.449369,0.202488,0.420533,0.858478,1.31961,1.78077,2.22304,2.63202,2.9967,3.30872,3.56212,1.9967,1.65073,1.26556,0.858133,0.466898,0.183553,0.393109,0.8649,1.3616,1.85663,2.32959,2.76537,3.15251,3.48238,3.74886,2.12802,1.76171,1.3498,0.91379,0.487793,0.166983,0.365693,0.871902,1.40466,1.93368,2.43724,2.89968,3.30913,3.6567,3.93613,2.26236,1.87461,1.43784,0.971161,0.51157,0.152764,0.33829,0.879644,1.44896,2.012,2.54605,3.03497,3.46657,3.83168,4.12392,2.39825,1.99031,1.52798,1.0319,0.537614,0.141578,0.310905,0.888347,1.49465,2.09168,2.65605,3.17126,3.62481,4.0073,4.31222,2.53703,2.10793,1.62091,1.09439,0.567536,0.132002,0.28355,0.898301,1.54194,2.17282,2.76727,3.30855,3.78386,4.18356,4.50102,2.67658,2.22689,1.71503,1.16111,0.599262,0.125853,0.256247,0.909883,1.59099,2.2555,3.17975,3.44685,3.94371,4.36046,4.69032
98,1.00732,0.859117,0.708496,0.571693,0.479109,0.488555,0.853382,0.818016,1.00856,1.20611,1.4043,1.59687,1.77816,1.94318,2.08762,1.0894,0.917651,0.740763,0.573569,0.448615,0.441447,0.612623,0.822445,1.04578,1.27552,1.50387,1.72348,1.9279,2.1116,2.27002,1.18187,0.987788,0.78378,0.587276,0.429332,0.396565,0.585174,0.826995,1.08336,1.34549,1.60413,1.85082,2.07833,2.28066,2.45297,1.28221,1.06615,0.835831,0.609264,0.418408,0.353538,0.557727,0.831687,1.12133,1.41608,1.70512,1.97892,2.22949,2.45036,2.63647,1.38988,1.15174,0.894965,0.638593,0.41469,0.313714,0.530282,0.836548,1.15976,1.48735,1.80691,2.10782,2.38139,2.62071,2.82051,1.50289,1.24298,0.960475,0.674031,0.416695,0.279337,0.502839,0.841609,1.19872,1.55938,1.90954,2.23754,2.53404,2.79172,3.0051,1.61975,1.33841,1.03098,0.714135,0.42347,0.249994,0.4754,0.846912,1.23828,1.63224,2.01307,2.36814,2.68747,2.96339,3.19023,1.74284,1.43979,1.10546,0.759023,0.434682,0.224494,0.447964,0.852512,1.27854,1.70601,2.11755,2.49962,2.84169,3.13573,3.37591,1.8683,1.54398,1.18363,0.807369,0.449369,0.202488,0.420533,0.858478,1.31961,1.78077,2.22304,2.63202,2.9967,3.30872,3.56212,1.9967,1.65073,1.26556,0.858133,0.466898,0.183553,0.393109,0.8649,1.3616,1.85663,2.32959,2.76537,3.15251,3.48238,3.74886,2.12802,1.76171,1.3498,0.91379,0.487793,0.166983,0.365693,0.871902,1.40466,1.93368,2.43724,2.89968,3.30913,3.6567,3.93613,2.26236,1.87461,1.43784,0.971161,0.51157,0.152764,0.33829,0.879644,1.44896,2.012,2.54605,3.03497,3.46657,3.83168,4.12392,2.39825,1.99031,1.52798,1.0319,0.537614,0.141578,0.310905,0.888347,1.49465,2.09168,2.65605,3.17126,3.62481,4.0073,4.31222,2.53703,2.10793,1.62091,1.09439,0.567536,0.132002,0.28355,0.898301,1.54194,2.17282,2.76727,3.30855,3.78386,4.18356,4.50102,2.67658,2.22689,1.71503,1.16111,0.599262,0.125853,0.256247,0.909883,1.59099,2.2555,3.17975,3.44685,3.94371,4.36046,4.69032
99,1.00732,0.859117,0.708496,0.571693,0.479109,0.488555,0.853382,0.818016,1.00856,1.20611,1.4043,1.59687,1.77816,1.94318,2.08762,1.0894,0.917651,0.740763,0.573569,0.448615,0.441447,0.612623,0.822445,1.04578,1.27552,1.50387,1.72348,1.9279,2.1116,2.27002,1.18187,0.987788,0.78378,0.587276,0.429332,0.396565,0.585174,0.826995,1.08336,1.34549,1.60413,1.85082,2.07833,2.28066,2.45297,1.28221,1.06615,0.835831,0.609264,0.418408,0.353538,0.557727,0.831687,1.12133,1.41608,1.70512,1.97892,2.22949,2.45036,2.63647,1.38988,1.15174,0.894965,0.638593,0.41469,0.313714,0.530282,0.836548,1.15976,1.48735,1.80691,2.10782,2.38139,2.62071,2.82051,1.50289,1.24298,0.960475,0.674031,0.416695,0.279337,0.502839,0.841609,1.19872,1.55938,1.90954,2.23754,2.53404,2.79172,3.0051,1.61975,1.33841,1.03098,0.714135,0.42347,0.249994,0.4754,0.846912,1.23828,1.63224,2.01307,2.36814,2.68747,2.96339,3.19023,1.74284,1.43979,1.10546,0.759023,0.434682,0.224494,0.447964,0.852512,1.27854,1.70601,2.11755,2.49962,2.84169,3.13573,3.37591,1.8683,1.54398,1.18363,0.807369,0.449369,0.202488,0.420533,0.858478,1.31961,1.78077,2.22304,2.63202,2.9967,3.30872,3.56212,1.9967,1.65073,1.26556,0.858133,0.466898,0.183553,0.393109,0.8649,1.3616,1.85663,2.32959,2.76537,3.15251,3.48238,3.74886,2.12802,1.76171,1.3498,0.91379,0.487793,0.166983,0.365693,0.871902,1.40466,1.93368,2.43724,2.89968,3.30913,3.6567,3.93613,2.26236,1.87461,1.43784,0.971161,0.51157,0.152764,0.33829,0.879644,1.44896,2.012,2.54605,3.03497,3.46657,3.83168,4.12392,2.39825,1.99031,1.52798,1.0319,0.537614,0.141578,0.310905,0.888347,1.49465,2.09168,2.65605,3.17126,3.62481,4.0073,4.31222,2.53703,2.10793,1.62091,1.09439,0.567536,0.132002,0.28355,0.898301,1.54194,2.17282,2.76727,3.30855,3.78386,4.18356,4.50102,2.67658,2.22689,1.71503,1.16111,0.599262,0.125853,0.256247,0.909883,1.59099,2.2555,3.17975,3.44685,3.94371,4.36046,4.69032
100,1.00732,0.859117,0.708496,0.571693,0.479109,0.488555,0.853382,0.818016,1.00856,1.20611,1.4043,1.59687,1.77816,1.94318,2.08762,1.0894,0.917651,0.740763,0.573569,0.448615,0.441447,0.612623,0.822445,1.04578,1.27552,1.50387,1.72348,1.9279,2.1116,2.27002,1.18187,0.987788,0.78378,0.587276,0.429332,0.396565,0.585174,0.826995,1.08336,1.34549,1.60413,1.85082,2.07833,2.28066,2.45297,1.28221,1.06615,0.835831,0.609264,0.418408,0.353538,0.557727,0.831687,1.12133,1.41608,1.70512,1.97892,2.22949,2.45036,2.63647,1.38988,1.15174,0.894965,0.638593,0.41469,0.313714,0.530282,0.836548,1.15976,1.48735,1.80691,2.10782,2.38139,2.62071,2.82051,1.50289,1.24298,0.960475,0.674031,0.416695,0.279337,0.502839,0.841609,1.19872,1.55938,1.90954,2.23754,2.53404,2.79172,3.0051,1.61975,1.33841,1.03098,0.714135,0.42347,0.249994,0.4754,0.846912,1.23828,1.63224,2.01307,2.36814,2.68747,2.96339,3.19023,1.74284,1.43979,1.10546,0.759023,0.434682,0.224494,0.447964,0.852512,1.27854,1.70601,2.11755,2.49962,2.84169,3.13573,3.37591,1.8683,1.54398,1.18363,0.807369,0.449369,0.202488,0.420533,0.858478,1.31961,1.78077,2.22304,2.63202,2.9967,3.30872,3.56212,1.9967,1.65073,1.26556,0.858133,0.466898,0.183553,0.393109,0.8649,1.3616,1.85663,2.32959,2.76537,3.15251,3.48238,3.74886,2.12802,1.76171,1.3498,0.91379,0.487793,0.166983,0.365693,0.871902,1.40466,1.93368,2.43724,2.89968,3.30913,3.6567,3.93613,2.26236,1.87461,1.43784,0.971161,0.51157,0.152764,0.33829,0.879644,1.44896,2.012,2.54605,3.03497,3.46657,3.83168,4.12392,2.39825,1.99031,1.52798,1.0319,0.537614,0.141578,0.310905,0.888347,1.49465,2.09168,2.65605,3.17126,3.62481,4.0073,4.31222,2.53703,2.10793,1.62091,1.09439,0.567536,0.132002,0.28355,0.898301,1.54194,2.17282,2.76727,3.30855,3.78386,4.18356,4.50102,2.67658,2.22689,1.71503,1.16111,0.599262,0.125853,0.256247,0.909883,1.59099,2.2555,3.17975,3.44685,3.94371,4.36046,4.69032
101,1.00732,0.859117,0.708496,0.571693,0.479109,0.488555,0.853382,0.818016,1.00856,1.20611,1.4043,1.59687,1.77816,1.94318,2.08762,1.0894,0.917651,0.740763,0.573569,0.448615,0.441447,0.612623,0.822445,1.04578,1.27552,1.50387,1.72348,1.9279,2.1116,2.27002,1.18187,0.987788,0.78378,0.587276,0.429332,0.396565,0.585174,0.826995,1.08336,1.34549,1.60413,1.85082,2.07833,2.28066,2.45297,1.28221,1.06615,0.835831,0.609264,0.418408,0.353538,0.557727,0.831687,1.12133,1.41608,1.70512,1.97892,2.22949,2.45036,2.63647,1.38988,1.15174,0.894965,0.638593,0.41469,0.313714,0.530282,0.836548,1.15976,1.48735,1.80691,2.10782,2.38139,2.62071,2.82051,1.50289,1.24298,0.960475,0.674031,0.416695,0.279337,0.502839,0.841609,1.19872,1.55938,1.90954,2.23754,2.53404,2.79172,3.0051,1.61975,1.33841,1.03098,0.714135,0.42347,0.249994,0.4754,0.846912,1.23828,1.63224,2.01307,2.36814,2.68747,2.96339,3.19023,1.74284,1.43979,1.10546,0.759023,0.434682,0.224494,0.447964,0.852512,1.27854,1.70601,2.11755,2.49962,2.84169,3.13573,3.37591,1.8683,1.54398,1.18363,0.807369,0.449369,0.202488,0.420533,0.858478,1.31961,1.78077,2.22304,2.63202,2.9967,3.30872,3.56212,1.9967,1.65073,1.26556,0.858133,0.466898,0.183553,0.393109,0.8649,1.3616,1.85663,2.32959,2.76537,3.15251,3.48238,3.74886,2.12802,1.76171,1.3498,0.91379,0.487793,0.166983,0.365693,0.871902,1.40466,1.93368,2.43724,2.89968,3.30913,3.6567,3.93613,2.26236,1.87461,1.43784,0.971161,0.51157,0.152764,0.33829,0.879644,1.44896,2.012,2.54605,3.03497,3.46657,3.83168,4.12392,2.39825,1.99031,1.52798,1.0319,0.537614,0.141578,0.310905,0.888347,1.49465,2.09168,2.65605,3.17126,3.62481,4.0073,4.31222,2.53703,2.10793,1.62091,1.09439,0.567536,0.132002,0.28355,0.898301,1.54194,2.17282,2.76727,3.30855,3.78386,4.18356,4.50102,2.67658,2.22689,1.71503,1.16111,0.599262,0.125853,0.256247,0.909883,1.59099,2.2555,3.17975,3.44685,3.94371,4.36046,4.69032
102,1.00732,0.859117,0.708496,0.571693,0.479109,0.488555,0.853382,0.818016,1.00856,1.20611,1.4043,1.59687,1.77816,1.94318,2.08762,1.0894,0.917651,0.740763,0.573569,0.448615,0.441447,0.612623,0.822445,1.04578,1.27552,1.50387,1.72348,1.9279,2.1116,2.27002,1.18187,0.987788,0.78378,0.587276,0.429332,0.396565,0.585174,0.826995,1.08336,1.34549,1.60413,1.85082,2.07833,2.28066,2.45297,1.28221,1.06615,0.835831,0.609264,0.418408,0.353538,0.557727,0.831687,1.12133,1.41608,1.70512,1.97892,2.22949,2.45036,2.63647,1.38988,1.15174,0.894965,0.638593,0.41469,0.313714,0.530282,0.836548,1.15976,1.48735,1.80691,2.10782,2.38139,2.62071,2.82051,1.50289,1.24298,0.960475,0.674031,0.416695,0.279337,0.502839,0.841609,1.19872,1.55938,1.90954,2.23754,2.53404,2.79172,3.0051,1.61975,1.33841,1.03098,0.714135,0.42347,0.249994,0.4754,0.846912,1.23828,1.63224,2.01307,2.36814,2.68747,2.96339,3.19023,1.74284,1.43979,1.10546,0.759023,0.434682,0.224494,0.447964,0.852512,1.27854,1.70601,2.11755,2.49962,2.84169,3.13573,3.37591,1.8683,1.54398,1.18363,0.807369,0.449369,0.202488,0.420533,0.858478,1.31961,1.78077,2.22304,2.63202,2.9967,3.30872,3.56212,1.9967,1.65073,1.26556,0.858133,0.466898,0.183553,0.393109,0.8649,1.3616,1.85663,2.32959,2.76537,3.15251,3.48238,3.74886,2.12802,1.76171,1.3498,0.91379,0.487793,0.166983,0.365693,0.871902,1.40466,1.93368,2.43724,2.89968,3.30913,3.6567,3.93613,2.26236,1.87461,1.43784,0.971161,0.51157,0.152764,0.33829,0.879644,1.44896,2.012,2.54605,3.03497,3.46657,3.83168,4.12392,2.39825,1.99031,1.52798,1.0319,0.537614,0.141578,0.310905,0.888347,1.49465,2.09168,2.65605,3.17126,3.62481,4.0073,4.31222,2.53703,2.10793,1.62091,1.09439,0.567536,0.132002,0.28355,0.898301,1.54194,2.17282,2.76727,3.30855,3.78386,4.18356,4.50102,2.67658,2.22689,1.71503,1.16111,0.599262,0.125853,0.256247,0.909883,1.59099,2.2555,3.17975,3.44685,3.94371,4.36046,4.69032
103,1.00732,0.859117,0.708496,0.571693,0.479109,0.488555,0.853382,0.818016,1.00856,1.20611,1.4043,1.59687,1.77816,1.94318,2.08762,1.0894,0.917651,0.740763,0.573569,0.448615,0.441447,0.612623,0.822445,1.04578,1.27552,1.50387,1.72348,1.9279,2.1116,2.27002,1.18187,0.987788,0.78378,0.587276,0.429332,0.396565,0.585174,0.826995,1.08336,1.34549,1.60413,1.85082,2.07833,2.28066,2.45297,1.28221,1.06615,0.835831,0.609264,0.418408,0.353538,0.557727,0.831687,1.12133,1.41608,1.70512,1.97892,2.22949,2.45036,2.63647,1.38988,1.15174,0.894965,0.638593,0.41469,0.313714,0.530282,0.836548,1.15976,1.48735,1.80691,2.10782,2.38139,2.62071,2.82051,1.50289,1.24298,0.960475,0.674031,0.416695,0.279337,0.502839,0.841609,1.19872,1.55938,1.90954,2.23754,2.53404,2.79172,3.0051,1.61975,1.33841,1.03098,0.714135,0.42347,0.249994,0.4754,0.846912,1.23828,1.63224,2.01307,2.36814,2.68747,2.96339,3.19023,1.74284,1.43979,1.10546,0.759023,0.434682,0.224494,0.447964,0.852512,1.27854,1.70601,2.11755,2.49962,2.84169,3.13573,3.37591,1.8683,1.54398,1.18363,0.807369,0.449369,0.202488,0.420533,0.858478,1.31961,1.78077,2.22304,2.63202,2.9967,3.30872,3.56212,1.9967,1.65073,1.26556,0.858133,0.466898,0.183553,0.393109,0.8649,1.3616,1.85663,2.32959,2.76537,3.15251,3.48238,3.74886,2.12802,1.76171,1.3498,0.91379,0.487793,0.166983,0.365693,0.871902,1.40466,1.93368,2.43724,2.89968,3.30913,3.6567,3.93613,2.26236,1.87461,1.43784,0.971161,0.51157,0.152764,0.33829,0.879644,1.44896,2.012,2.54605,3.03497,3.46657,3.83168,4.12392,2.39825,1.99031,1.52798,1.0319,0.537614,0.141578,0.310905,0.888347,1.49465,2.09168,2.65605,3.17126,3.62481,4.0073,4.31222,2.53703,2.10793,1.62091,1.09439,0.567536,0.132002,0.28355,0.898301,1.54194,2.17282,2.76727,3.30855,3.78386,4.18356,4.50102,2.67658,2.22689,1.71503,1.16111,0.599262,0.125853,0.256247,0.909883,1.59099,2.2555,3.17975,3.44685,3.94371,4.36046,4.69032
104,1.00732,0.859117,0.708496,0.571693,0.479109,0.488555,0.853382,0.818016,1.00856,1.20611,1.4043,1.59687,1.77816,1.94318,2.08762,1.0894,0.917651,0.740763,0.573569,0.448615,0.441447,0.612623,0.822445,1.04578,1.27552,1.50387,1.72348,1.9279,2.1116,2.27002,1.18187,0.987788,0.78378,0.587276,0.429332,0.396565,0.585174,0.826995,1.08336,1.34549,1.60413,1.85082,2.07833,2.28066,2.45297,1.28221,1.06615,0.835831,0.609264,0.418408,0.353538,0.557727,0.831687,1.12133,1.41608,1.70512,1.97892,2.22949,2.45036,2.63647,1.38988,1.15174,0.894965,0.638593,0.41469,0.313714,0.530282,0.836548,1.15976,1.48735,1.80691,2.10782,2.38139,2.62071,2.82051,1.50289,1.24298,0.960475,0.674031,0.416695,0.279337,0.502839,0.841609,1.19872,1.55938,1.90954,2.23754,2.53404,2.79172,3.0051,1.61975,1.33841,1.03098,0.714135,0.42347,0.249994,0.4754,0.846912,1.23828,1.63224,2.01307,2.36814,2.68747,2.96339,3.19023,1.74284,1.43979,1.10546,0.759023,0.434682,0.224494,0.447964,0.852512,1.27854,1.70601,2.11755,2.49962,2.84169,3.13573,3.37591,1.8683,1.54398,1.18363,0.807369,0.449369,0.202488,0.420533,0.858478,1.31961,1.78077,2.22304,2.63202,2.9967,3.30872,3.56212,1.9967,1.65073,1.26556,0.858133,0.466898,0.183553,0.393109,0.8649,1.3616,1.85663,2.32959,2.76537,3.15251,3.48238,3.74886,2.12802,1.76171,1.3498,0.91379,0.487793,0.166983,0.365693,0.871902,1.40466,1.93368,2.43724,2.89968,3.30913,3.6567,3.93613,2.26236,1.87461,1.43784,0.971161,0.51157,0.152764,0.33829,0.879644,1.44896,2.012,2.54605,3.03497,3.46657,3.83168,4.12392,2.39825,1.99031,1.52798,1.0319,0.537614,0.141578,0.310905,0.888347,1.49465,2.09168,2.65605,3.17126,3.62481,4.0073,4.31222,2.53703,2.10793,1.62091,1.09439,0.567536,0.132002,0.28355,0.898301,1.54194,2.17282,2.76727,3.30855,3.78386,4.18356,4.50102,2.67658,2.22689,1.71503,1.16111,0.599262,0.125853,0.256247,0.909883,1.59099,2.2555,3.17975,3.44685,3.94371,4.36046,4.69032
105,1.00732,0.859117,0.708496,0.571693,0.479109,0.488555,0.853382,0.818016,1.00856,1.20611,1.4043,1.59687,1.77816,1.94318,2.08762,1.0894,0.917651,0.740763,0.573569,0.448615,0.441447,0.612623,0.822445,1.04578,1.27552,1.50387,1.72348,1.9279,2.1116,2.27002,1.18187,0.987788,0.78378,0.587276,0.429332,0.396565,0.585174,0.826995,1.08336,1.34549,1.60413,1.85082,2.07833,2.28066,2.45297,1.28221,1.06615,0.835831,0.609264,0.418408,0.353538,0.557727,0.831687,1.12133,1.41608,1.70512,1.97892,2.22949,2.45036,2.63647,1.38988,1.15174,0.894965,0.638593,0.41469,0.313714,0.530282,0.836548,1.15976,1.48735,1.80691,2.10782,2.38139,2.62071,2.82051,1.50289,1.24298,0.960475,0.674031,0.416695,0.279337,0.502839,0.841609,1.19872,1.55938,1.90954,2.23754,2.53404,2.79172,3.0051,1.61975,1.33841,1.03098,0.714135,0.42347,0.249994,0.4754,0.846912,1.23828,1.63224,2.01307,2.36814,2.68747,2.96339,3.19023,1.74284,1.43979,1.10546,0.759023,0.434682,0.224494,0.447964,0.852512,1.27854,1.70601,2.11755,2.49962,2.84169,3.13573,3.37591,1.8683,1.54398,1.18363,0.807369,0.449369,0.202488,0.420533,0.858478,1.31961,1.78077,2.22304,2.63202,2.9967,3.30872,3.56212,1.9967,1.65073,1.26556,0.858133,0.466898,0.183553,0.393109,0.8649,1.3616,1.85663,2.32959,2.76537,3.15251,3.48238,3.74886,2.12802,1.76171,1.3498,0.91379,0.487793,0.166983,0.365693,0.871902,1.40466,1.93368,2.43724,2.89968,3.30913,3.6567,3.93613,2.26236,1.87461,1.43784,0.971161,0.51157,0.152764,0.33829,0.879644,1.44896,2.012,2.54605,3.03497,3.46657,3.83168,4.12392,2.39825,1.99031,1.52798,1.0319,0.537614,0.141578,0.310905,0.888347,1.49465,2.09168,2.65605,3.17126,3.62481,4.0073,4.31222,2.53703,2.10793,1.62091,1.09439,0.567536,0.132002,0.28355,0.898301,1.54194,2.17282,2.76727,3.30855,3.78386,4.18356,4.50102,2.67658,2.22689,1.71503,1.16111,0.599262,0.125853,0.256247,0.909883,1.59099,2.2555,3.17975,3.44685,3.94371,4.36046,4.69032
106,1.00732,0.859117,0.708496,0.571693,0.479109,0.488555,0.853382,0.818016,1.00856,1.20611,1.4043,1.59687,1.77816,1.94318,2.08762,1.0894,0.917651,0.740763,0.573569,0.448615,0.441447,0.612623,0.822445,1.04578,1.27552,1.50387,1.72348,1.9279,2.1116,2.27002,1.18187,0.987788,0.78378,0.587276,0.429332,0.396565,0.585174,0.826995,1.08336,1.34549,1.60413,1.85082,2.07833,2.28066,2.45297,1.28221,1.06615,0.835831,0.609264,0.418408,0.353538,0.557727,0.831687,1.12133,1.41608,1.70512,1.97892,2.22949,2.45036,2.63647,1.38988,1.15174,0.894965,0.638593,0.41469,0.313714,0.530282,0.836548,1.15976,1.48735,1.80691,2.10782,2.38139,2.62071,2.82051,1.50289,1.24298,0.960475,0.674031,0.416695,0.279337,0.502839,0.841609,1.19872,1.55938,1.90954,2.23754,2.53404,2.79172,3.0051,1.61975,1.33841,1.03098,0.714135,0.42347,0.249994,0.4754,0.846912,1.23828,1.63224,2.01307,2.36814,2.68747,2.96339,3.19023,1.74284,1.43979,1.10546,0.759023,0.434682,0.224494,0.447964,0.852512,1.27854,1.70601,2.11755,2.49962,2.84169,3.13573,3.37591,1.8683,1.54398,1.18363,0.807369,0.449369,0.202488,0.420533,0.858478,1.31961,1.78077,2.22304,2.63202,2.9967,3.30872,3.56212,1.9967,1.65073,1.26556,0.858133,0.466898,0.183553,0.393109,0.8649,1.3616,1.85663,2.32959,2.76537,3.15251,3.48238,3.74886,2.12802,1.76171,1.3498,0.91379,0.487793,0.166983,0.365693,0.871902,1.40466,1.93368,2.43724,2.89968,3.30913,3.6567,3.93613,2.26236,1.87461,1.43784,0.971161,0.51157,0.152764,0.33829,0.879644,1.44896,2.012,2.54605,3.03497,3.46657,3.83168,4.12392,2.39825,1.99031,1.52798,1.0319,0.537614,0.141578,0.310905,0.888347,1.49465,2.09168,2.65605,3.17126,3.62481,4.0073,4.31222,2.53703,2.10793,1.62091,1.09439,0.567536,0.132002,0.28355,0.898301,1.54194,2.17282,2.76727,3.30855,3.78386,4.18356,4.50102,2.67658,2.22689,1.71503,1.16111,0.599262,0.125853,0.256247,0.909883,1.59099,2.2555,3.17975,3.44685,3.94371,4.36046,4.69032
107,1.00732,0.859117,0.708496,0.571693,0.479109,0.488555,0.853382,0.818016,1.00856,1.20611,1.4043,1.59687,1.77816,1.94318,2.08762,1.0894,0.917651,0.740763,0.573569,0.448615,0.441447,0.612623,0.822445,1.04578,1.27552,1.50387,1.72348,1.9279,2.1116,2.27002,1.18187,0.987788,0.78378,0.587276,0.429332,0.396565,0.585174,0.826995,1.08336,1.34549,1.60413,1.85082,2.07833,2.28066,2.45297,1.28221,1.06615,0.835831,0.609264,0.418408,0.353538,0.557727,0.831687,1.12133,1.41608,1.70512,1.97892,2.22949,2.45036,2.63647,1.38988,1.15174,0.894965,0.638593,0.41469,0.313714,0.530282,0.836548,1.15976,1.48735,1.80691,2.10782,2.38139,2.62071,2.82051,1.50289,1.24298,0.960475,0.674031,0.416695,0.279337,0.502839,0.841609,1.19872,1.55938,1.90954,2.23754,2.53404,2.79172,3.0051,1.61975,1.33841,1.03098,0.714135,0.42347,0.249994,0.4754,0.846912,1.23828,1.63224,2.01307,2.36814,2.68747,2.96339,3.19023,1.74284,1.43979,1.10546,0.759023,0.434682,0.224494,0.447964,0.852512,1.27854,1.70601,2.11755,2.49962,2.84169,3.13573,3.37591,1.8683,1.54398,1.18363,0.807369,0.449369,0.202488,0.420533,0.858478,1.31961,1.78077,2.22304,2.63202,2.9967,3.30872,3.56212,1.9967,1.65073,1.26556,0.858133,0.466898,0.183553,0.393109,0.8649,1.3616,1.85663,2.32959,2.76537,3.15251,3.48238,3.74886,2.12802,1.76171,1.3498,0.91379,0.487793,0.166983,0.365693,0.871902,1.40466,1.93368,2.43724,2.89968,3.30913,3.6567,3.93613,2.26236,1.87461,1.43784,0.971161,0.51157,0.152764,0.33829,0.879644,1.44896,2.012,2.54605,3.03497,3.46657,3.83168,4.12392,2.39825,1.99031,1.52798,1.0319,0.537614,0.141578,0.310905,0.888347,1.49465,2.09168,2.65605,3.17126,3.62481,4.0073,4.31222,2.53703,2.10793,1.62091,1.09439,0.567536,0.132002,0.28355,0.898301,1.54194,2.17282,2.76727,3.30855,3.78386,4.18356,4.50102,2.67658,2.22689,1.71503,1.16111,0.599262,0.125853,0.256247,0.909883,1.59099,2.2555,3.17975,3.44685,3.94371,4.36046,4.69032
108,1.00732,0.859117,0.708496,0.571693,0.479109,0.488555,0.853382,0.818016,1.00856,1.20611,1.4043,1.59687,1.77816,1.94318,2.08762,1.0894,0.917651,0.740763,0.573569,0.448615,0.441447,0.612623,0.822445,1.04578,1.27552,1.50387,1.72348,1.9279,2.1116,2.27002,1.18187,0.987788,0.78378,0.587276,0.429332,0.396565,0.585174,0.826995,1.08336,1.34549,1.60413,1.85082,2.07833,2.28066,2.45297,1.28221,1.06615,0.835831,0.609264,0.418408,0.353538,0.557727,0.831687,1.12133,1.41608,1.70512,1.97892,2.22949,2.45036,2.63647,1.38988,1.15174,0.894965,0.638593,0.41469,0.313714,0.530282,0.836548,1.15976,1.48735,1.80691,2.10782,2.38139,2.62071,2.82051,1.50289,1.24298,0.960475,0.674031,0.416695,0.279337,0.502839,0.841609,1.19872,1.55938,1.90954,2.23754,2.53404,2.79172,3.0051,1.61975,1.33841,1.03098,0.714135,0.42347,0.249994,0.4754,0.846912,1.23828,1.63224,2.01307,2.36814,2.68747,2.96339,3.19023,1.74284,1.43979,1.10546,0.759023,0.434682,0.224494,0.447964,0.852512,1.27854,1.70601,2.11755,2.49962,2.84169,3.13573,3.37591,1.8683,1.54398,1.18363,0.807369,0.449369,0.202488,0.420533,0.858478,1.31961,1.78077,2.22304,2.63202,2.9967,3.30872,3.56212,1.9967,1.65073,1.26556,0.858133,0.466898,0.183553,0.393109,0.8649,1.3616,1.85663,2.32959,2.76537,3.15251,3.48238,3.74886,2.12802,1.76171,1.3498,0.91379,0.487793,0.166983,0.365693,0.871902,1.40466,1.93368,2.43724,2.89968,3.30913,3.6567,3.93613,2.26236,1.87461,1.43784,0.971161,0.51157,0.152764,0.33829,0.879644,1.44896,2.012,2.54605,3.03497,3.46657,3.83168,4.12392,2.39825,1.99031,1.52798,1.0319,0.537614,0.141578,0.310905,0.888347,1.49465,2.09168,2.65605,3.17126,3.62481,4.0073,4.31222,2.53703,2.10793,1.62091,1.09439,0.567536,0.132002,0.28355,0.898301,1.54194,2.17282,2.76727,3.30855,3.78386,4.18356,4.50102,2.67658,2.22689,1.71503,1.16111,0.599262,0.125853,0.256247,0.909883,1.59099,2.2555,3.17975,3.44685,3.94371,4.36046,4.69032
109,1.00732,0.859117,0.708496,0.571693,0.479109,0.488555,0.853382,0.818016,1.00856,1.20611,1.4043,1.59687,1.77816,1.94318,2.08762,1.0894,0.917651,0.740763,0.573569,0.448615,0.441447,0.612623,0.822445,1.04578,1.27552,1.50387,1.72348,1.9279,2.1116,2.27002,1.18187,0.987788,0.78378,0.587276,0.429332,0.396565,0.585174,0.826995,1.08336,1.34549,1.60413,1.85082,2.07833,2.28066,2.45297,1.28221,1.06615,0.835831,0.609264,0.418408,0.353538,0.557727,0.831687,1.12133,1.41608,1.70512,1.97892,2.22949,2.45036,2.63647,1.38988,1.15174,0.894965,0.638593,0.41469,0.313714,0.530282,0.836548,1.15976,1.48735,1.80691,2.10782,2.38139,2.62071,2.82051,1.50289,1.24298,0.960475,0.674031,0.416695,0.279337,0.502839,0.841609,1.19872,1.55938,1.90954,2.23754,2.53404,2.79172,3.0051,1.61975,1.33841,1.03098,0.714135,0.42347,0.249994,0.4754,0.846912,1.23828,1.63224,2.01307,2.36814,2.68747,2.96339,3.19023,1.74284,1.43979,1.10546,0.759023,0.434682,0.224494,0.447964,0.852512,1.27854,1.70601,2.11755,2.49962,2.84169,3.13573,3.37591,1.8683,1.54398,1.18363,0.807369,0.449369,0.202488,0.420533,0.858478,1.31961,1.78077,2.22304,2.63202,2.9967,3.30872,3.56212,1.9967,1.65073,1.26556,0.858133,0.466898,0.183553,0.393109,0.8649,1.3616,1.85663,2.32959,2.76537,3.15251,3.48238,3.74886,2.12802,1.76171,1.3498,0.91379,0.487793,0.166983,0.365693,0.871902,1.40466,1.93368,2.43724,2.89968,3.30913,3.6567,3.93613,2.26236,1.87461,1.43784,0.971161,0.51157,0.152764,0.33829,0.879644,1.44896,2.012,2.54605,3.03497,3.46657,3.83168,4.12392,2.39825,1.99031,1.52798,1.0319,0.537614,0.141578,0.310905,0.888347,1.49465,2.09168,2.65605,3.17126,3.62481,4.0073,4.31222,2.53703,2.10793,1.62091,1.09439,0.567536,0.132002,0.28355,0.898301,1.54194,2.17282,2.76727,3.30855,3.78386,4.18356,4.50102,2.67658,2.22689,1.71503,1.16111,0.599262,0.125853,0.256247,0.909883,1.59099,2.2555,3.17975,3.44685,3.94371,4.36046,4.69032
110,1.00732,0.859117,0.708496,0.571693,0.479109,0.488555,0.853382,0.818016,1.00856,1.20611,1.4043,1.59687,1.77816,1.94318,2.08762,1.0894,0.917651,0.740763,0.573569,0.448615,0.441447,0.612623,0.822445,1.04578,1.27552,1.50387,1.72348,1.9279,2.1116,2.27002,1.18187,0.987788,0.78378,0.587276,0.429332,0.396565,0.585174,0.826995,1.08336,1.34549,1.60413,1.85082,2.07833,2.28066,2.45297,1.28221,1.06615,0.835831,0.609264,0.418408,0.353538,0.557727,0.831687,1.12133,1.41608,1.70512,1.97892,2.22949,2.45036,2.63647,1.38988,1.15174,0.894965,0.638593,0.41469,0.313714,0.530282,0.836548,1.15976,1.48735,1.80691,2.10782,2.38139,2.62071,2.82051,1.50289,1.24298,0.960475,0.674031,0.416695,0.279337,0.502839,0.841609,1.19872,1.55938,1.90954,2.23754,2.53404,2.79172,3.0051,1.61975,1.33841,1.03098,0.714135,0.42347,0.249994,0.4754,0.846912,1.23828,1.63224,2.01307,2.36814,2.68747,2.96339,3.19023,1.74284,1.43979,1.10546,0.759023,0.434682,0.224494,0.447964,0.852512,1.27854,1.70601,2.11755,2.49962,2.84169,3.13573,3.37591,1.8683,1.54398,1.18363,0.807369,0.449369,0.202488,0.420533,0.858478,1.31961,1.78077,2.22304,2.63202,2.9967,3.30872,3.56212,1.9967,1.65073,1.26556,0.858133,0.466898,0.183553,0.393109,0.8649,1.3616,1.85663,2.32959,2.76537,3.15251,3.48238,3.74886,2.12802,1.76171,1.3498,0.91379,0.487793,0.166983,0.365693,0.871902,1.40466,1.93368,2.43724,2.89968,3.30913,3.6567,3.93613,2.26236,1.87461,1.43784,0.971161,0.51157,0.152764,0.33829,0.879644,1.44896,2.012,2.54605,3.03497,3.46657,3.83168,4.12392,2.39825,1.99031,1.52798,1.0319,0.537614,0.141578,0.310905,0.888347,1.49465,2.09168,2.65605,3.17126,3.62481,4.0073,4.31222,2.53703,2.10793,1.62091,1.09439,0.567536,0.132002,0.28355,0.898301,1.54194,2.17282,2.76727,3.30855,3.78386,4.18356,4.50102,2.67658,2.22689,1.71503,1.16111,0.599262,0.125853,0.256247,0.909883,1.59099,2.2555,3.17975,3.44685,3.94371,4.36046,4.69032
111,1.00732,0.859117,0.708496,0.571693,0.479109,0.488555,0.853382,0.818016,1.00856,1.20611,1.4043,1.59687,1.77816,1.94318,2.08762,1.0894,0.917651,0.740763,0.573569,0.448615,0.441447,0.612623,0.822445,1.04578,1.27552,1.50387,1.72348,1.9279,2.1116,2.27002,1.18187,0.987788,0.78378,0.587276,0.429332,0.396565,0.585174,0.826995,1.08336,1.34549,1.60413,1.85082,2.07833,2.28066,2.45297,1.28221,1.06615,0.835831,0.609264,0.418408,0.353538,0.557727,0.831687,1.12133,1.41608,1.70512,1.97892,2.22949,2.45036,2.63647,1.38988,1.15174,0.894965,0.638593,0.41469,0.313714,0.530282,0.836548,1.15976,1.48735,1.80691,2.10782,2.38139,2.62071,2.82051,1.50289,1.24298,0.960475,0.674031,0.416695,0.279337,0.502839,0.841609,1.19872,1.55938,1.90954,2.23754,2.53404,2.79172,3.0051,1.61975,1.33841,1.03098,0.714135,0.42347,0.249994,0.4754,0.846912,1.23828,1.63224,2.01307,2.36814,2.68747,2.96339,3.19023,1.74284,1.43979,1.10546,0.759023,0.434682,0.224494,0.447964,0.852512,1.27854,1.70601,2.11755,2.49962,2.84169,3.13573,3.37591,1.8683,1.54398,1.18363,0.807369,0.449369,0.202488,0.420533,0.858478,1.31961,1.78077,2.22304,2.63202,2.9967,3.30872,3.56212,1.9967,1.65073,1.26556,0.858133,0.466898,0.183553,0.393109,0.8649,1.3616,1.85663,2.32959,2.76537,3.15251,3.48238,3.74886,2.12802,1.76171,1.3498,0.91379,0.487793,0.166983,0.365693,0.871902,1.40466,1.93368,2.43724,2.89968,3.30913,3.6567,3.93613,2.26236,1.87461,1.43784,0.971161,0.51157,0.152764,0.33829,0.879644,1.44896,2.012,2.54605,3.03497,3.46657,3.83168,4.12392,2.39825,1.99031,1.52798,1.0319,0.537614,0.141578,0.310905,0.888347,1.49465,2.09168,2.65605,3.17126,3.62481,4.0073,4.31222,2.53703,2.10793,1.62091,1.09439,0.567536,0.132002,0.28355,0.898301,1.54194,2.17282,2.76727,3.30855,3.78386,4.18356,4.50102,2.67658,2.22689,1.71503,1.16111,0.599262,0.125853,0.256247,0.909883,1.59099,2.2555,3.17975,3.44685,3.94371,4.36046,4.69032
112,1.00732,0.859117,0.708496,0.571693,0.479109,0.488555,0.853382,0.818016,1.00856,1.20611,1.4043,1.59687,1.77816,1.94318,2.08762,1.0894,0.917651,0.740763,0.573569,0.448615,0.441447,0.612623,0.822445,1.04578,1.27552,1.50387,1.72348,1.9279,2.1116,2.27002,1.18187,0.987788,0.78378,0.587276,0.429332,0.396565,0.585174,0.826995,1.08336,1.34549,1.60413,1.85082,2.07833,2.28066,2.45297,1.28221,1.06615,0.835831,0.609264,0.418408,0.353538,0.557727,0.831687,1.12133,1.41608,1.70512,1.97892,2.22949,2.45036,2.63647,1.38988,1.15174,0.894965,0.638593,0.41469,0.313714,0.530282,0.836548,1.15976,1.48735,1.80691,2.10782,2.38139,2.62071,2.82051,1.50289,1.24298,0.960475,0.674031,0.416695,0.279337,0.502839,0.841609,1.19872,1.55938,1.90954,2.23754,2.53404,2.79172,3.0051,1.61975,1.33841,1.03098,0.714135,0.42347,0.249994,0.4754,0.846912,1.23828,1.63224,2.01307,2.36814,2.68747,2.96339,3.19023,1.74284,1.43979,1.10546,0.759023,0.434682,0.224494,0.447964,0.852512,1.27854,1.70601,2.11755,2.49962,2.84169,3.13573,3.37591,1.8683,1.54398,1.18363,0.807369,0.449369,0.202488,0.420533,0.858478,1.31961,1.78077,2.22304,2.63202,2.9967,3.30872,3.56212,1.9967,1.65073,1.26556,0.858133,0.466898,0.183553,0.393109,0.8649,1.3616,1.85663,2.32959,2.76537,3.15251,3.48238,3.74886,2.12802,1.76171,1.3498,0.91379,0.487793,0.166983,0.365693,0.871902,1.40466,1.93368,2.43724,2.89968,3.30913,3.6567,3.93613,2.26236,1.87461,1.43784,0.971161,0.51157,0.152764,0.33829,0.879644,1.44896,2.012,2.54605,3.03497,3.46657,3.83168,4.12392,2.39825,1.99031,1.52798,1.0319,0.537614,0.141578,0.310905,0.888347,1.49465,2.09168,2.65605,3.17126,3.62481,4.0073,4.31222,2.53703,2.10793,1.62091,1.09439,0.567536,0.132002,0.28355,0.898301,1.54194,2.17282,2.76727,3.30855,3.78386,4.18356,4.50102,2.67658,2.22689,1.71503,1.16111,0.599262,0.125853,0.256247,0.909883,1.59099,2.2555,3.17975,3.44685,3.94371,4.36046,4.69032
113,1.00732,0.859117,0.708496,0.571693,0.479109,0.488555,0.853382,0.818016,1.00856,1.20611,1.4043,1.59687,1.77816,1.94318,2.08762,1.0894,0.917651,0.740763,0.573569,0.448615,0.441447,0.612623,0.822445,1.04578,1.27552,1.50387,1.72348,1.9279,2.1116,2.27002,1.18187,0.987788,0.78378,0.587276,0.429332,0.396565,0.585174,0.826995,1.08336,1.34549,1.60413,1.85082,2.07833,2.28066,2.45297,1.28221,1.06615,0.835831,0.609264,0.418408,0.353538,0.557727,0.831687,1.12133,1.41608,1.70512,1.97892,2.22949,2.45036,2.63647,1.38988,1.15174,0.894965,0.638593,0.41469,0.313714,0.530282,0.836548,1.15976,1.48735,1.80691,2.10782,2.38139,2.62071,2.82051,1.50289,1.24298,0.960475,0.674031,0.416695,0.279337,0.502839,0.841609,1.19872,1.55938,1.90954,2.23754,2.53404,2.79172,3.0051,1.61975,1.33841,1.03098,0.714135,0.42347,0.249994,0.4754,0.846912,1.23828,1.63224,2.01307,2.36814,2.68747,2.96339,3.19023,1.74284,1.43979,1.10546,0.759023,0.434682,0.224494,0.447964,0.852512,1.27854,1.70601,2.11755,2.49962,2.84169,3.13573,3.37591,1.8683,1.54398,1.18363,0.807369,0.449369,0.202488,0.420533,0.858478,1.31961,1.78077,2.22304,2.63202,2.9967,3.30872,3.56212,1.9967,1.65073,1.26556,0.858133,0.466898,0.183553,0.393109,0.8649,1.3616,1.85663,2.32959,2.76537,3.15251,3.48238,3.74886,2.12802,1.76171,1.3498,0.91379,0.487793,0.166983,0.365693,0.871902,1.40466,1.93368,2.43724,2.89968,3.30913,3.6567,3.93613,2.26236,1.87461,1.43784,0.971161,0.51157,0.152764,0.33829,0.879644,1.44896,2.012,2.54605,3.03497,3.46657,3.83168,4.12392,2.39825,1.99031,1.52798,1.0319,0.537614,0.141578,0.310905,0.888347,1.49465,2.09168,2.65605,3.17126,3.62481,4.0073,4.31222,2.53703,2.10793,1.62091,1.09439,0.567536,0.132002,0.28355,0.898301,1.54194,2.17282,2.76727,3.30855,3.78386,4.18356,4.50102,2.67658,2.22689,1.71503,1.16111,0.599262,0.125853,0.256247,0.909883,1.59099,2.2555,3.17975,3.44685,3.94371,4.36046,4.69032
114,1.00732,0.859117,0.708496,0.571693,0.479109,0.488555,0.853382,0.818016,1.00856,1.20611,1.4043,1.59687,1.77816,1.94318,2.08762,1.0894,0.917651,0.740763,0.573569,0.448615,0.441447,0.612623,0.822445,1.04578,1.27552,1.50387,1.72348,1.9279,2.1116,2.27002,1.18187,0.987788,0.78378,0.587276,0.429332,0.396565,0.585174,0.826995,1.08336,1.34549,1.60413,1.85082,2.07833,2.28066,2.45297,1.28221,1.06615,0.835831,0.609264,0.418408,0.353538,0.557727,0.831687,1.12133,1.41608,1.70512,1.97892,2.22949,2.45036,2.63647,1.38988,1.15174,0.894965,0.638593,0.41469,0.313714,0.530282,0.836548,1.15976,1.48735,1.80691,2.10782,2.38139,2.62071,2.82051,1.50289,1.24298,0.960475,0.674031,0.416695,0.279337,0.502839,0.841609,1.19872,1.55938,1.90954,2.23754,2.53404,2.79172,3.0051,1.61975,1.33841,1.03098,0.714135,0.42347,0.249994,0.4754,0.846912,1.23828,1.63224,2.01307,2.36814,2.68747,2.96339,3.19023,1.74284,1.43979,1.10546,0.759023,0.434682,0.224494,0.447964,0.852512,1.27854,1.70601,2.11755,2.49962,2.84169,3.13573,3.37591,1.8683,1.54398,1.18363,0.807369,0.449369,0.202488,0.420533,0.858478,1.31961,1.78077,2.22304,2.63202,2.9967,3.30872,3.56212,1.9967,1.65073,1.26556,0.858133,0.466898,0.183553,0.393109,0.8649,1.3616,1.85663,2.32959,2.76537,3.15251,3.48238,3.74886,2.12802,1.76171,1.3498,0.91379,0.487793,0.166983,0.365693,0.871902,1.40466,1.93368,2.43724,2.89968,3.30913,3.6567,3.93613,2.26236,1.87461,1.43784,0.971161,0.51157,0.152764,0.33829,0.879644,1.44896,2.012,2.54605,3.03497,3.46657,3.83168,4.12392,2.39825,1.99031,1.52798,1.0319,0.537614,0.141578,0.310905,0.888347,1.49465,2.09168,2.65605,3.17126,3.62481,4.0073,4.31222,2.53703,2.10793,1.62091,1.09439,0.567536,0.132002,0.28355,0.898301,1.54194,2.17282,2.76727,3.30855,3.78386,4.18356,4.50102,2.67658,2.22689,1.71503,1.16111,0.599262,0.125853,0.256247,0.909883,1.59099,2.2555,3.17975,3.44685,3.94371,4.36046,4.69032
115,1.00732,0.859117,0.708496,0.571693,0.479109,0.488555,0.853382,0.818016,1.00856,1.20611,1.4043,1.59687,1.77816,1.94318,2.08762,1.0894,0.917651,0.740763,0.573569,0.448615,0.441447,0.612623,0.822445,1.04578,1.27552,1.50387,1.72348,1.9279,2.1116,2.27002,1.18187,0.987788,0.78378,0.587276,0.429332,0.396565,0.585174,0.826995,1.08336,1.34549,1.60413,1.85082,2.07833,2.28066,2.45297,1.28221,1.06615,0.835831,0.609264,0.418408,0.353538,0.557727,0.831687,1.12133,1.41608,1.70512,1.97892,2.22949,2.45036,2.63647,1.38988,1.15174,0.894965,0.638593,0.41469,0.313714,0.530282,0.836548,1.15976,1.48735,1.80691,2.10782,2.38139,2.62071,2.82051,1.50289,1.24298,0.960475,0.674031,0.416695,0.279337,0.502839,0.841609,1.19872,1.55938,1.90954,2.23754,2.53404,2.79172,3.0051,1.61975,1.33841,1.03098,0.714135,0.42347,0.249994,0.4754,0.846912,1.23828,1.63224,2.01307,2.36814,2.68747,2.96339,3.19023,1.74284,1.43979,1.10546,0.759023,0.434682,0.224494,0.447964,0.852512,1.27854,1.70601,2.11755,2.49962,2.84169,3.13573,3.37591,1.8683,1.54398,1.18363,0.807369,0.449369,0.202488,0.420533,0.858478,1.31961,1.78077,2.22304,2.63202,2.9967,3.30872,3.56212,1.9967,1.65073,1.26556,0.858133,0.466898,0.183553,0.393109,0.8649,1.3616,1.85663,2.32959,2.76537,3.15251,3.48238,3.74886,2.12802,1.76171,1.3498,0.91379,0.487793,0.166983,0.365693,0.871902,1.40466,1.93368,2.43724,2.89968,3.30913,3.6567,3.93613,2.26236,1.87461,1.43784,0.971161,0.51157,0.152764,0.33829,0.879644,1.44896,2.012,2.54605,3.03497,3.46657,3.83168,4.12392,2.39825,1.99031,1.52798,1.0319,0.537614,0.141578,0.310905,0.888347,1.49465,2.09168,2.65605,3.17126,3.62481,4.0073,4.31222,2.53703,2.10793,1.62091,1.09439,0.567536,0.132002,0.28355,0.898301,1.54194,2.17282,2.76727,3.30855,3.78386,4.18356,4.50102,2.67658,2.22689,1.71503,1.16111,0.599262,0.125853,0.256247,0.909883,1.59099,2.2555,3.17975,3.44685,3.94371,4.36046,4.69032
116,1.00732,0.859117,0.708496,0.571693,0.479109,0.488555,0.853382,0.818016,1.00856,1.20611,1.4043,1.59687,1.77816,1.94318,2.08762,1.0894,0.917651,0.740763,0.573569,0.448615,0.441447,0.612623,0.822445,1.04578,1.27552,1.50387,1.72348,1.9279,2.1116,2.27002,1.18187,0.987788,0.78378,0.587276,0.429332,0.396565,0.585174,0.826995,1.08336,1.34549,1.60413,1.85082,2.07833,2.28066,2.45297,1.28221,1.06615,0.835831,0.609264,0.418408,0.353538,0.557727,0.831687,1.12133,1.41608,1.70512,1.97892,2.22949,2.45036,2.63647,1.38988,1.15174,0.894965,0.638593,0.41469,0.313714,0.530282,0.836548,1.15976,1.48735,1.80691,2.10782,2.38139,2.62071,2.82051,1.50289,1.24298,0.960475,0.674031,0.416695,0.279337,0.502839,0.841609,1.19872,1.55938,1.90954,2.23754,2.53404,2.79172,3.0051,1.61975,1.33841,1.03098,0.714135,0.42347,0.249994,0.4754,0.846912,1.23828,1.63224,2.01307,2.36814,2.68747,2.96339,3.19023,1.74284,1.43979,1.10546,0.759023,0.434682,0.224494,0.447964,0.852512,1.27854,1.70601,2.11755,2.49962,2.84169,3.13573,3.37591,1.8683,1.54398,1.18363,0.807369,0.449369,0.202488,0.420533,0.858478,1.31961,1.78077,2.22304,2.63202,2.9967,3.30872,3.56212,1.9967,1.65073,1.26556,0.858133,0.466898,0.183553,0.393109,0.8649,1.3616,1.85663,2.32959,2.76537,3.15251,3.48238,3.74886,2.12802,1.76171,1.3498,0.91379,0.487793,0.166983,0.365693,0.871902,1.40466,1.93368,2.43724,2.89968,3.30913,3.6567,3.93613,2.26236,1.87461,1.43784,0.971161,0.51157,0.152764,0.33829,0.879644,1.44896,2.012,2.54605,3.03497,3.46657,3.83168,4.12392,2.39825,1.99031,1.52798,1.0319,0.537614,0.141578,0.310905,0.888347,1.49465,2.09168,2.65605,3.17126,3.62481,4.0073,4.31222,2.53703,2.10793,1.62091,1.09439,0.567536,0.132002,0.28355,0.898301,1.54194,2.17282,2.76727,3.30855,3.78386,4.18356,4.50102,2.67658,2.22689,1.71503,1.16111,0.599262,0.125853,0.256247,0.909883,1.59099,2.2555,3.17975,3.44685,3.94371,4.36046,4.69032
117,1.00732,0.859117,0.708496,0.571693,0.479109,0.488555,0.853382,0.818016,1.00856,1.20611,1.4043,1.59687,1.77816,1.94318,2.08762,1.0894,0.917651,0.740763,0.573569,0.448615,0.441447,0.612623,0.822445,1.04578,1.27552,1.50387,1.72348,1.9279,2.1116,2.27002,1.18187,0.987788,0.78378,0.587276,0.429332,0.396565,0.585174,0.826995,1.08336,1.34549,1.60413,1.85082,2.07833,2.28066,2.45297,1.28221,1.06615,0.835831,0.609264,0.418408,0.353538,0.557727,0.831687,1.12133,1.41608,1.70512,1.97892,2.22949,2.45036,2.63647,1.38988,1.15174,0.894965,0.638593,0.41469,0.313714,0.530282,0.836548,1.15976,1.48735,1.80691,2.10782,2.38139,2.62071,2.82051,1.50289,1.24298,0.960475,0.674031,0.416695,0.279337,0.502839,0.841609,1.19872,1.55938,1.90954,2.23754,2.53404,2.79172,3.0051,1.61975,1.33841,1.03098,0.714135,0.42347,0.249994,0.4754,0.846912,1.23828,1.63224,2.01307,2.36814,2.68747,2.96339,3.19023,1.74284,1.43979,1.10546,0.759023,0.434682,0.224494,0.447964,0.852512,1.27854,1.70601,2.11755,2.49962,2.84169,3.13573,3.37591,1.8683,1.54398,1.18363,0.807369,0.449369,0.202488,0.420533,0.858478,1.31961,1.78077,2.22304,2.63202,2.9967,3.30872,3.56212,1.9967,1.65073,1.26556,0.858133,0.466898,0.183553,0.393109,0.8649,1.3616,1.85663,2.32959,2.76537,3.15251,3.48238,3.74886,2.12802,1.76171,1.3498,0.91379,0.487793,0.166983,0.365693,0.871902,1.40466,1.93368,2.43724,2.89968,3.30913,3.6567,3.93613,2.26236,1.87461,1.43784,0.971161,0.51157,0.152764,0.33829,0.879644,1.44896,2.012,2.54605,3.03497,3.46657,3.83168,4.12392,2.39825,1.99031,1.52798,1.0319,0.537614,0.141578,0.310905,0.888347,1.49465,2.09168,2.65605,3.17126,3.62481,4.0073,4.31222,2.53703,2.10793,1.62091,1.09439,0.567536,0.132002,0.28355,0.898301,1.54194,2.17282,2.76727,3.30855,3.78386,4.18356,4.50102,2.67658,2.22689,1.71503,1.16111,0.599262,0.125853,0.256247,0.909883,1.59099,2.2555,3.17975,3.44685,3.94371,4.36046,4.69032
118,1.00732,0.859117,0.708496,0.571693,0.479109,0.488555,0.853382,0.818016,1.00856,1.20611,1.4043,1.59687,1.77816,1.94318,2.08762,1.0894,0.917651,0.740763,0.573569,0.448615,0.441447,0.612623,0.822445,1.04578,1.27552,1.50387,1.72348,1.9279,2.1116,2.27002,1.18187,0.987788,0.78378,0.587276,0.429332,0.396565,0.585174,0.826995,1.08336,1.34549,1.60413,1.85082,2.07833,2.28066,2.45297,1.28221,1.06615,0.835831,0.609264,0.418408,0.353538,0.557727,0.831687,1.12133,1.41608,1.70512,1.97892,2.22949,2.45036,2.63647,1.38988,1.15174,0.894965,0.638593,0.41469,0.313714,0.530282,0.836548,1.15976,1.48735,1.80691,2.10782,2.38139,2.62071,2.82051,1.50289,1.24298,0.960475,0.674031,0.416695,0.279337,0.502839,0.841609,1.19872,1.55938,1.90954,2.23754,2.53404,2.79172,3.0051,1.61975,1.33841,1.03098,0.714135,0.42347,0.249994,0.4754,0.846912,1.23828,1.63224,2.01307,2.36814,2.68747,2.96339,3.19023,1.74284,1.43979,1.10546,0.759023,0.434682,0.224494,0.447964,0.852512,1.27854,1.70601,2.11755,2.49962,2.84169,3.13573,3.37591,1.8683,1.54398,1.18363,0.807369,0.449369,0.202488,0.420533,0.858478,1.31961,1.78077,2.22304,2.63202,2.9967,3.30872,3.56212,1.9967,1.65073,1.26556,0.858133,0.466898,0.183553,0.393109,0.8649,1.3616,1.85663,2.32959,2.76537,3.15251,3.48238,3.74886,2.12802,1.76171,1.3498,0.91379,0.487793,0.166983,0.365693,0.871902,1.40466,1.93368,2.43724,2.89968,3.30913,3.6567,3.93613,2.26236,1.87461,1.43784,0.971161,0.51157,0.152764,0.33829,0.879644,1.44896,2.012,2.54605,3.03497,3.46657,3.83168,4.12392,2.39825,1.99031,1.52798,1.0319,0.537614,0.141578,0.310905,0.888347,1.49465,2.09168,2.65605,3.17126,3.62481,4.0073,4.31222,2.53703,2.10793,1.62091,1.09439,0.567536,0.132002,0.28355,0.898301,1.54194,2.17282,2.76727,3.30855,3.78386,4.18356,4.50102,2.67658,2.22689,1.71503,1.16111,0.599262,0.125853,0.256247,0.909883,1.59099,2.2555,3.17975,3.44685,3.94371,4.36046,4.69032
119,1.00732,0.859117,0.708496,0.571693,0.479109,0.488555,0.853382,0.818016,1.00856,1.20611,1.4043,1.59687,1.77816,1.94318,2.08762,1.0894,0.917651,0.740763,0.573569,0.448615,0.441447,0.612623,0.822445,1.04578,1.27552,1.50387,1.72348,1.9279,2.1116,2.27002,1.18187,0.987788,0.78378,0.587276,0.429332,0.396565,0.585174,0.826995,1.08336,1.34549,1.60413,1.85082,2.07833,2.28066,2.45297,1.28221,1.06615,0.835831,0.609264,0.418408,0.353538,0.557727,0.831687,1.12133,1.41608,1.70512,1.97892,2.22949,2.45036,2.63647,1.38988,1.15174,0.894965,0.638593,0.41469,0.313714,0.530282,0.836548,1.15976,1.48735,1.80691,2.10782,2.38139,2.62071,2.82051,1.50289,1.24298,0.960475,0.674031,0.416695,0.279337,0.502839,0.841609,1.19872,1.55938,1.90954,2.23754,2.53404,2.79172,3.0051,1.61975,1.33841,1.03098,0.714135,0.42347,0.249994,0.4754,0.846912,1.23828,1.63224,2.01307,2.36814,2.68747,2.96339,3.19023,1.74284,1.43979,1.10546,0.759023,0.434682,0.224494,0.447964,0.852512,1.27854,1.70601,2.11755,2.49962,2.84169,3.13573,3.37591,1.8683,1.54398,1.18363,0.807369,0.449369,0.202488,0.420533,0.858478,1.31961,1.78077,2.22304,2.63202,2.9967,3.30872,3.56212,1.9967,1.65073,1.26556,0.858133,0.466898,0.183553,0.393109,0.8649,1.3616,1.85663,2.32959,2.76537,3.15251,3.48238,3.74886,2.12802,1.76171,1.3498,0.91379,0.487793,0.166983,0.365693,0.871902,1.40466,1.93368,2.43724,2.89968,3.30913,3.6567,3.93613,2.26236,1.87461,1.43784,0.971161,0.51157,0.152764,0.33829,0.879644,1.44896,2.012,2.54605,3.03497,3.46657,3.83168,4.12392,2.39825,1.99031,1.52798,1.0319,0.537614,0.141578,0.310905,0.888347,1.49465,2.09168,2.65605,3.17126,3.62481,4.0073,4.31222,2.53703,2.10793,1.62091,1.09439,0.567536,0.132002,0.28355,0.898301,1.54194,2.17282,2.76727,3.30855,3.78386,4.18356,4.50102,2.67658,2.22689,1.71503,1.16111,0.599262,0.125853,0.256247,0.909883,1.59099,2.2555,3.17975,3.44685,3.94371,4.36046,4.69032
120,1.00732,0.859117,0.708496,0.571693,0.479109,0.488555,0.853382,0.818016,1.00856,1.20611,1.4043,1.59687,1.77816,1.94318,2.08762,1.0894,0.917651,0.740763,0.573569,0.448615,0.441447,0.612623,0.822445,1.04578,1.27552,1.50387,1.72348,1.9279,2.1116,2.27002,1.18187,0.987788,0.78378,0.587276,0.429332,0.396565,0.585174,0.826995,1.08336,1.34549,1.60413,1.85082,2.07833,2.28066,2.45297,1.28221,1.06615,0.835831,0.609264,0.418408,0.353538,0.557727,0.831687,1.12133,1.41608,1.70512,1.97892,2.22949,2.45036,2.63647,1.38988,1.15174,0.894965,0.638593,0.41469,0.313714,0.530282,0.836548,1.15976,1.48735,1.80691,2.10782,2.38139,2.62071,2.82051,1.50289,1.24298,0.960475,0.674031,0.416695,0.279337,0.502839,0.841609,1.19872,1.55938,1.90954,2.23754,2.53404,2.79172,3.0051,1.61975,1.33841,1.03098,0.714135,0.42347,0.249994,0.4754,0.846912,1.23828,1.63224,2.01307,2.36814,2.68747,2.96339,3.19023,1.74284,1.43979,1.10546,0.759023,0.434682,0.224494,0.447964,0.852512,1.27854,1.70601,2.11755,2.49962,2.84169,3.13573,3.37591,1.8683,1.54398,1.18363,0.807369,0.449369,0.202488,0.420533,0.858478,1.31961,1.78077,2.22304,2.63202,2.9967,3.30872,3.56212,1.9967,1.65073,1.26556,0.858133,0.466898,0.183553,0.393109,0.8649,1.3616,1.85663,2.32959,2.76537,3.15251,3.48238,3.74886,2.12802,1.76171,1.3498,0.91379,0.487793,0.166983,0.365693,0.871902,1.40466,1.93368,2.43724,2.89968,3.30913,3.6567,3.93613,2.26236,1.87461,1.43784,0.971161,0.51157,0.152764,0.33829,0.879644,1.44896,2.012,2.54605,3.03497,3.46657,3.83168,4.12392,2.39825,1.99031,1.52798,1.0319,0.537614,0.141578,0.310905,0.888347,1.49465,2.09168,2.65605,3.17126,3.62481,4.0073,4.31222,2.53703,2.10793,1.62091,1.09439,0.567536,0.132002,0.28355,0.898301,1.54194,2.17282,2.76727,3.30855,3.78386,4.18356,4.50102,2.67658,2.22689,1.71503,1.16111,0.599262,0.125853,0.256247,0.909883,1.59099,2.2555,3.17975,3.44685,3.94371,4.36046,4.69032
121,1.00732,0.859117,0.708496,0.571693,0.479109,0.488555,0.853382,0.818016,1.00856,1.20611,1.4043,1.59687,1.77816,1.94318,2.08762,1.0894,0.917651,0.740763,0.573569,0.448615,0.441447,0.612623,0.822445,1.04578,1.27552,1.50387,1.72348,1.9279,2.1116,2.27002,1.18187,0.987788,0.78378,0.587276,0.429332,0.396565,0.585174,0.826995,1.08336,1.34549,1.60413,1.85082,2.07833,2.28066,2.45297,1.28221,1.06615,0.835831,0.609264,0.418408,0.353538,0.557727,0.831687,1.12133,1.41608,1.70512,1.97892,2.22949,2.45036,2.63647,1.38988,1.15174,0.894965,0.638593,0.41469,0.313714,0.530282,0.836548,1.15976,1.48735,1.80691,2.10782,2.38139,2.62071,2.82051,1.50289,1.24298,0.960475,0.674031,0.416695,0.279337,0.502839,0.841609,1.19872,1.55938,1.90954,2.23754,2.53404,2.79172,3.0051,1.61975,1.33841,1.03098,0.714135,0.42347,0.249994,0.4754,0.846912,1.23828,1.63224,2.01307,2.36814,2.68747,2.96339,3.19023,1.74284,1.43979,1.10546,0.759023,0.434682,0.224494,0.447964,0.852512,1.27854,1.70601,2.11755,2.49962,2.84169,3.13573,3.37591,1.8683,1.54398,1.18363,0.807369,0.449369,0.202488,0.420533,0.858478,1.31961,1.78077,2.22304,2.63202,2.9967,3.30872,3.56212,1.9967,1.65073,1.26556,0.858133,0.466898,0.183553,0.393109,0.8649,1.3616,1.85663,2.32959,2.76537,3.15251,3.48238,3.74886,2.12802,1.76171,1.3498,0.91379,0.487793,0.166983,0.365693,0.871902,1.40466,1.93368,2.43724,2.89968,3.30913,3.6567,3.93613,2.26236,1.87461,1.43784,0.971161,0.51157,0.152764,0.33829,0.879644,1.44896,2.012,2.54605,3.03497,3.46657,3.83168,4.12392,2.39825,1.99031,1.52798,1.0319,0.537614,0.141578,0.310905,0.888347,1.49465,2.09168,2.65605,3.17126,3.62481,4.0073,4.31222,2.53703,2.10793,1.62091,1.09439,0.567536,0.132002,0.28355,0.898301,1.54194,2.17282,2.76727,3.30855,3.78386,4.18356,4.50102,2.67658,2.22689,1.71503,1.16111,0.599262,0.125853,0.256247,0.909883,1.59099,2.2555,3.17975,3.44685,3.94371,4.36046,4.69032
122,1.00732,0.859117,0.708496,0.571693,0.479109,0.488555,0.853382,0.818016,1.00856,1.20611,1.4043,1.59687,1.77816,1.94318,2.08762,1.0894,0.917651,0.740763,0.573569,0.448615,0.441447,0.612623,0.822445,1.04578,1.27552,1.50387,1.72348,1.9279,2.1116,2.27002,1.18187,0.987788,0.78378,0.587276,0.429332,0.396565,0.585174,0.826995,1.08336,1.34549,1.60413,1.85082,2.07833,2.28066,2.45297,1.28221,1.06615,0.835831,0.609264,0.418408,0.353538,0.557727,0.831687,1.12133,1.41608,1.70512,1.97892,2.22949,2.45036,2.63647,1.38988,1.15174,0.894965,0.638593,0.41469,0.313714,0.530282,0.836548,1.15976,1.48735,1.80691,2.10782,2.38139,2.62071,2.82051,1.50289,1.24298,0.960475,0.674031,0.416695,0.279337,0.502839,0.841609,1.19872,1.55938,1.90954,2.23754,2.53404,2.79172,3.0051,1.61975,1.33841,1.03098,0.714135,0.42347,0.249994,0.4754,0.846912,1.23828,1.63224,2.01307,2.36814,2.68747,2.96339,3.19023,1.74284,1.43979,1.10546,0.759023,0.434682,0.224494,0.447964,0.852512,1.27854,1.70601,2.11755,2.49962,2.84169,3.13573,3.37591,1.8683,1.54398,1.18363,0.807369,0.449369,0.202488,0.420533,0.858478,1.31961,1.78077,2.22304,2.63202,2.9967,3.30872,3.56212,1.9967,1.65073,1.26556,0.858133,0.466898,0.183553,0.393109,0.8649,1.3616,1.85663,2.32959,2.76537,3.15251,3.48238,3.74886,2.12802,1.76171,1.3498,0.91379,0.487793,0.166983,0.365693,0.871902,1.40466,1.93368,2.43724,2.89968,3.30913,3.6567,3.93613,2.26236,1.87461,1.43784,0.971161,0.51157,0.152764,0.33829,0.879644,1.44896,2.012,2.54605,3.03497,3.46657,3.83168,4.12392,2.39825,1.99031,1.52798,1.0319,0.537614,0.141578,0.310905,0.888347,1.49465,2.09168,2.65605,3.17126,3.62481,4.0073,4.31222,2.53703,2.10793,1.62091,1.09439,0.567536,0.132002,0.28355,0.898301,1.54194,2.17282,2.76727,3.30855,3.78386,4.18356,4.50102,2.67658,2.22689,1.71503,1.16111,0.599262,0.125853,0.256247,0.909883,1.59099,2.2555,3.17975,3.44685,3.94371,4.36046,4.69032
123,1.00732,0.859117,0.708496,0.571693,0.479109,0.488555,0.853382,0.818016,1.00856,1.20611,1.4043,1.59687,1.77816,1.94318,2.08762,1.0894,0.917651,0.740763,0.573569,0.448615,0.441447,0.612623,0.822445,1.04578,1.27552,1.50387,1.72348,1.9279,2.1116,2.27002,1.18187,0.987788,0.78378,0.587276,0.429332,0.396565,0.585174,0.826995,1.08336,1.34549,1.60413,1.85082,2.07833,2.28066,2.45297,1.28221,1.06615,0.835831,0.609264,0.418408,0.353538,0.557727,0.831687,1.12133,1.41608,1.70512,1.97892,2.22949,2.45036,2.63647,1.38988,1.15174,0.894965,0.638593,0.41469,0.313714,0.530282,0.836548,1.15976,1.48735,1.80691,2.10782,2.38139,2.62071,2.82051,1.50289,1.24298,0.960475,0.674031,0.416695,0.279337,0.502839,0.841609,1.19872,1.55938,1.90954,2.23754,2.53404,2.79172,3.0051,1.61975,1.33841,1.03098,0.714135,0.42347,0.249994,0.4754,0.846912,1.23828,1.63224,2.01307,2.36814,2.68747,2.96339,3.19023,1.74284,1.43979,1.10546,0.759023,0.434682,0.224494,0.447964,0.852512,1.27854,1.70601,2.11755,2.49962,2.84169,3.13573,3.37591,1.8683,1.54398,1.18363,0.807369,0.449369,0.202488,0.420533,0.858478,1.31961,1.78077,2.22304,2.63202,2.9967,3.30872,3.56212,1.9967,1.65073,1.26556,0.858133,0.466898,0.183553,0.393109,0.8649,1.3616,1.85663,2.32959,2.76537,3.15251,3.48238,3.74886,2.12802,1.76171,1.3498,0.91379,0.487793,0.166983,0.365693,0.871902,1.40466,1.93368,2.43724,2.89968,3.30913,3.6567,3.93613,2.26236,1.87461,1.43784,0.971161,0.51157,0.152764,0.33829,0.879644,1.44896,2.012,2.54605,3.03497,3.46657,3.83168,4.12392,2.39825,1.99031,1.52798,1.0319,0.537614,0.141578,0.310905,0.888347,1.49465,2.09168,2.65605,3.17126,3.62481,4.0073,4.31222,2.53703,2.10793,1.62091,1.09439,0.567536,0.132002,0.28355,0.898301,1.54194,2.17282,2.76727,3.30855,3.78386,4.18356,4.50102,2.67658,2.22689,1.71503,1.16111,0.599262,0.125853,0.256247,0.909883,1.59099,2.2555,3.17975,3.44685,3.94371,4.36046,4.69032
124,1.00732,0.859117,0.708496,0.571693,0.479109,0.488555,0.853382,0.818016,1.00856,1.20611,1.4043,1.59687,1.77816,1.94318,2.08762,1.0894,0.917651,0.740763,0.573569,0.448615,0.441447,0.612623,0.822445,1.04578,1.27552,1.50387,1.72348,1.9279,2.1116,2.27002,1.18187,0.987788,0.78378,0.587276,0.429332,0.396565,0.585174,0.826995,1.08336,1.34549,1.60413,1.85082,2.07833,2.28066,2.45297,1.28221,1.06615,0.835831,0.609264,0.418408,0.353538,0.557727,0.831687,1.12133,1.41608,1.70512,1.97892,2.22949,2.45036,2.63647,1.38988,1.15174,0.894965,0.638593,0.41469,0.313714,0.530282,0.836548,1.15976,1.48735,1.80691,2.10782,2.38139,2.62071,2.82051,1.50289,1.24298,0.960475,0.674031,0.416695,0.279337,0.502839,0.841609,1.19872,1.55938,1.90954,2.23754,2.53404,2.79172,3.0051,1.61975,1.33841,1.03098,0.714135,0.42347,0.249994,0.4754,0.846912,1.23828,1.63224,2.01307,2.36814,2.68747,2.96339,3.19023,1.74284,1.43979,1.10546,0.759023,0.434682,0.224494,0.447964,0.852512,1.27854,1.70601,2.11755,2.49962,2.84169,3.13573,3.37591,1.8683,1.54398,1.18363,0.807369,0.449369,0.202488,0.420533,0.858478,1.31961,1.78077,2.22304,2.63202,2.9967,3.30872,3.56212,1.9967,1.65073,1.26556,0.858133,0.466898,0.183553,0.393109,0.8649,1.3616,1.85663,2.32959,2.76537,3.15251,3.48238,3.74886,2.12802,1.76171,1.3498,0.91379,0.487793,0.166983,0.365693,0.871902,1.40466,1.93368,2.43724,2.89968,3.30913,3.6567,3.93613,2.26236,1.87461,1.43784,0.971161,0.51157,0.152764,0.33829,0.879644,1.44896,2.012,2.54605,3.03497,3.46657,3.83168,4.12392,2.39825,1.99031,1.52798,1.0319,0.537614,0.141578,0.310905,0.888347,1.49465,2.09168,2.65605,3.17126,3.62481,4.0073,4.31222,2.53703,2.10793,1.62091,1.09439,0.567536,0.132002,0.28355,0.898301,1.54194,2.17282,2.76727,3.30855,3.78386,4.18356,4.50102,2.67658,2.22689,1.71503,1.16111,0.599262,0.125853,0.256247,0.909883,1.59099,2.2555,3.17975,3.44685,3.94371,4.36046,4.69032
125,1.00732,0.859117,0.708496,0.571693,0.479109,0.488555,0.853382,0.818016,1.00856,1.20611,1.4043,1.59687,1.77816,1.94318,2.08762,1.0894,0.917651,0.740763,0.573569,0.448615,0.441447,0.612623,0.822445,1.04578,1.27552,1.50387,1.72348,1.9279,2.1116,2.27002,1.18187,0.987788,0.78378,0.587276,0.429332,0.396565,0.585174,0.826995,1.08336,1.34549,1.60413,1.85082,2.07833,2.28066,2.45297,1.28221,1.06615,0.835831,0.609264,0.418408,0.353538,0.557727,0.831687,1.12133,1.41608,1.70512,1.97892,2.22949,2.45036,2.63647,1.38988,1.15174,0.894965,0.638593,0.41469,0.313714,0.530282,0.836548,1.15976,1.48735,1.80691,2.10782,2.38139,2.62071,2.82051,1.50289,1.24298,0.960475,0.674031,0.416695,0.279337,0.502839,0.841609,1.19872,1.55938,1.90954,2.23754,2.53404,2.79172,3.0051,1.61975,1.33841,1.03098,0.714135,0.42347,0.249994,0.4754,0.846912,1.23828,1.63224,2.01307,2.36814,2.68747,2.96339,3.19023,1.74284,1.43979,1.10546,0.759023,0.434682,0.224494,0.447964,0.852512,1.27854,1.70601,2.11755,2.49962,2.84169,3.13573,3.37591,1.8683,1.54398,1.18363,0.807369,0.449369,0.202488,0.420533,0.858478,1.31961,1.78077,2.22304,2.63202,2.9967,3.30872,3.56212,1.9967,1.65073,1.26556,0.858133,0.466898,0.183553,0.393109,0.8649,1.3616,1.85663,2.32959,2.76537,3.15251,3.48238,3.74886,2.12802,1.76171,1.3498,0.91379,0.487793,0.166983,0.365693,0.871902,1.40466,1.93368,2.43724,2.89968,3.30913,3.6567,3.93613,2.26236,1.87461,1.43784,0.971161,0.51157,0.152764,0.33829,0.879644,1.44896,2.012,2.54605,3.03497,3.46657,3.83168,4.12392,2.39825,1.99031,1.52798,1.0319,0.537614,0.141578,0.310905,0.888347,1.49465,2.09168,2.65605,3.17126,3.62481,4.0073,4.31222,2.53703,2.10793,1.62091,1.09439,0.567536,0.132002,0.28355,0.898301,1.54194,2.17282,2.76727,3.30855,3.78386,4.18356,4.50102,2.67658,2.22689,1.71503,1.16111,0.599262,0.125853,0.256247,0.909883,1.59099,2.2555,3.17975,3.44685,3.94371,4.36046,4.69032
126,1.00732,0.859117,0.708496,0.571693,0.479109,0.488555,0.853382,0.818016,1.00856,1.20611,1.4043,1.59687,1.77816,1.94318,2.08762,1.0894,0.917651,0.740763,0.573569,0.448615,0.441447,0.612623,0.822445,1.04578,1.27552,1.50387,1.72348,1.9279,2.1116,2.27002,1.18187,0.987788,0.78378,0.587276,0.429332,0.396565,0.585174,0.826995,1.08336,1.34549,1.60413,1.85082,2.07833,2.28066,2.45297,1.28221,1.06615,0.835831,0.609264,0.418408,0.353538,0.557727,0.831687,1.12133,1.41608,1.70512,1.97892,2.22949,2.45036,2.63647,1.38988,1.15174,0.894965,0.638593,0.41469,0.313714,0.530282,0.836548,1.15976,1.48735,1.80691,2.10782,2.38139,2.62071,2.82051,1.50289,1.24298,0.960475,0.674031,0.416695,0.279337,0.502839,0.841609,1.19872,1.55938,1.90954,2.23754,2.53404,2.79172,3.0051,1.61975,1.33841,1.03098,0.714135,0.42347,0.249994,0.4754,0.846912,1.23828,1.63224,2.01307,2.36814,2.68747,2.96339,3.19023,1.74284,1.43979,1.10546,0.759023,0.434682,0.224494,0.447964,0.852512,1.27854,1.70601,2.11755,2.49962,2.84169,3.13573,3.37591,1.8683,1.54398,1.18363,0.807369,0.449369,0.202488,0.420533,0.858478,1.31961,1.78077,2.22304,2.63202,2.9967,3.30872,3.56212,1.9967,1.65073,1.26556,0.858133,0.466898,0.183553,0.393109,0.8649,1.3616,1.85663,2.32959,2.76537,3.15251,3.48238,3.74886,2.12802,1.76171,1.3498,0.91379,0.487793,0.166983,0.365693,0.871902,1.40466,1.93368,2.43724,2.89968,3.30913,3.6567,3.93613,2.26236,1.87461,1.43784,0.971161,0.51157,0.152764,0.33829,0.879644,1.44896,2.012,2.54605,3.03497,3.46657,3.83168,4.12392,2.39825,1.99031,1.52798,1.0319,0.537614,0.141578,0.310905,0.888347,1.49465,2.09168,2.65605,3.17126,3.62481,4.0073,4.31222,2.53703,2.10793,1.62091,1.09439,0.567536,0.132002,0.28355,0.898301,1.54194,2.17282,2.76727,3.30855,3.78386,4.18356,4.50102,2.67658,2.22689,1.71503,1.16111,0.599262,0.125853,0.256247,0.909883,1.59099,2.2555,3.17975,3.44685,3.94371,4.36046,4.69032
127,1.00732,0.859117,0.708496,0.571693,0.479109,0.488555,0.853382,0.818016,1.00856,1.20611,1.4043,1.59687,1.77816,1.94318,2.08762,1.0894,0.917651,0.740763,0.573569,0.448615,0.441447,0.612623,0.822445,1.04578,1.27552,1.50387,1.72348,1.9279,2.1116,2.27002,1.18187,0.987788,0.78378,0.587276,0.429332,0.396565,0.585174,0.826995,1.08336,1.34549,1.60413,1.85082,2.07833,2.28066,2.45297,1.28221,1.06615,0.835831,0.609264,0.418408,0.353538,0.557727,0.831687,1.12133,1.41608,1.70512,1.97892,2.22949,2.45036,2.63647,1.38988,1.15174,0.894965,0.638593,0.41469,0.313714,0.530282,0.836548,1.15976,1.48735,1.80691,2.10782,2.38139,2.62071,2.82051,1.50289,1.24298,0.960475,0.674031,0.416695,0.279337,0.502839,0.841609,1.19872,1.55938,1.90954,2.23754,2.53404,2.79172,3.0051,1.61975,1.33841,1.03098,0.714135,0.42347,0.249994,0.4754,0.846912,1.23828,1.63224,2.01307,2.36814,2.68747,2.96339,3.19023,1.74284,1.43979,1.10546,0.759023,0.434682,0.224494,0.447964,0.852512,1.27854,1.70601,2.11755,2.49962,2.84169,3.13573,3.37591,1.8683,1.54398,1.18363,0.807369,0.449369,0.202488,0.420533,0.858478,1.31961,1.78077,2.22304,2.63202,2.9967,3.30872,3.56212,1.9967,1.65073,1.26556,0.858133,0.466898,0.183553,0.393109,0.8649,1.3616,1.85663,2.32959,2.76537,3.15251,3.48238,3.74886,2.12802,1.76171,1.3498,0.91379,0.487793,0.166983,0.365693,0.871902,1.40466,1.93368,2.43724,2.89968,3.30913,3.6567,3.93613,2.26236,1.87461,1.43784,0.971161,0.51157,0.152764,0.33829,0.879644,1.44896,2.012,2.54605,3.03497,3.46657,3.83168,4.12392,2.39825,1.99031,1.52798,1.0319,0.537614,0.141578,0.310905,0.888347,1.49465,2.09168,2.65605,3.17126,3.62481,4.0073,4.31222,2.53703,2.10793,1.62091,1.09439,0.567536,0.132002,0.28355,0.898301,1.54194,2.17282,2.76727,3.30855,3.78386,4.18356,4.50102,2.67658,2.22689,1.71503,1.16111,0.599262,0.125853,0.256247,0.909883,1.59099,2.2555,3.17975,3.44685,3.94371,4.36046,4.69032
128,1.00732,0.859117,0.708496,0.571693,0.479109,0.488555,0.853382,0.818016,1.00856,1.20611,1.4043,1.59687,1.77816,1.94318,2.08762,1.0894,0.917651,0.740763,0.573569,0.448615,0.441447,0.612623,0.822445,1.04578,1.27552,1.50387,1.72348,1.9279,2.1116,2.27002,1.18187,0.987788,0.78378,0.587276,0.429332,0.396565,0.585174,0.826995,1.08336,1.34549,1.60413,1.85082,2.07833,2.28066,2.45297,1.28221,1.06615,0.835831,0.609264,0.418408,0.353538,0.557727,0.831687,1.12133,1.41608,1.70512,1.97892,2.22949,2.45036,2.63647,1.38988,1.15174,0.894965,0.638593,0.41469,0.313714,0.530282,0.836548,1.15976,1.48735,1.80691,2.10782,2.38139,2.62071,2.82051,1.50289,1.24298,0.960475,0.674031,0.416695,0.279337,0.502839,0.841609,1.19872,1.55938,1.90954,2.23754,2.53404,2.79172,3.0051,1.61975,1.33841,1.03098,0.714135,0.42347,0.249994,0.4754,0.846912,1.23828,1.63224,2.01307,2.36814,2.68747,2.96339,3.19023,1.74284,1.43979,1.10546,0.759023,0.434682,0.224494,0.447964,0.852512,1.27854,1.70601,2.11755,2.49962,2.84169,3.13573,3.37591,1.8683,1.54398,1.18363,0.807369,0.449369,0.202488,0.420533,0.858478,1.31961,1.78077,2.22304,2.63202,2.9967,3.30872,3.56212,1.9967,1.65073,1.26556,0.858133,0.466898,0.183553,0.393109,0.8649,1.3616,1.85663,2.32959,2.76537,3.15251,3.48238,3.74886,2.12802,1.76171,1.3498,0.91379,0.487793,0.166983,0.365693,0.871902,1.40466,1.93368,2.43724,2.89968,3.30913,3.6567,3.93613,2.26236,1.87461,1.43784,0.971161,0.51157,0.152764,0.33829,0.879644,1.44896,2.012,2.54605,3.03497,3.46657,3.83168,4.12392,2.39825,1.99031,1.52798,1.0319,0.537614,0.141578,0.310905,0.888347,1.49465,2.09168,2.65605,3.17126,3.62481,4.0073,4.31222,2.53703,2.10793,1.62091,1.09439,0.567536,0.132002,0.28355,0.898301,1.54194,2.17282,2.76727,3.30855,3.78386,4.18356,4.50102,2.67658,2.22689,1.71503,1.16111,0.599262,0.125853,0.256247,0.909883,1.59099,2.2555,3.17975,3.44685,3.94371,4.36046,4.69032
129,1.00732,0.859117,0.708496,0.571693,0.479109,0.488555,0.853382,0.818016,1.00856,1.20611,1.4043,1.59687,1.77816,1.94318,2.08762,1.0894,0.917651,0.740763,0.573569,0.448615,0.441447,0.612623,0.822445,1.04578,1.27552,1.50387,1.72348,1.9279,2.1116,2.27002,1.18187,0.987788,0.78378,0.587276,0.429332,0.396565,0.585174,0.826995,1.08336,1.34549,1.60413,1.85082,2.07833,2.28066,2.45297,1.28221,1.06615,0.835831,0.609264,0.418408,0.353538,0.557727,0.831687,1.12133,1.41608,1.70512,1.97892,2.22949,2.45036,2.63647,1.38988,1.15174,0.894965,0.638593,0.41469,0.313714,0.530282,0.836548,1.15976,1.48735,1.80691,2.10782,2.38139,2.62071,2.82051,1.50289,1.24298,0.960475,0.674031,0.416695,0.279337,0.502839,0.841609,1.19872,1.55938,1.90954,2.23754,2.53404,2.79172,3.0051,1.61975,1.33841,1.03098,0.714135,0.42347,0.249994,0.4754,0.846912,1.23828,1.63224,2.01307,2.36814,2.68747,2.96339,3.19023,1.74284,1.43979,1.10546,0.759023,0.434682,0.224494,0.447964,0.852512,1.27854,1.70601,2.11755,2.49962,2.84169,3.13573,3.37591,1.8683,1.54398,1.18363,0.807369,0.449369,0.202488,0.420533,0.858478,1.31961,1.78077,2.22304,2.63202,2.9967,3.30872,3.56212,1.9967,1.65073,1.26556,0.858133,0.466898,0.183553,0.393109,0.8649,1.3616,1.85663,2.32959,2.76537,3.15251,3.48238,3.74886,2.12802,1.76171,1.3498,0.91379,0.487793,0.166983,0.365693,0.871902,1.40466,1.93368,2.43724,2.89968,3.30913,3.6567,3.93613,2.26236,1.87461,1.43784,0.971161,0.51157,0.152764,0.33829,0.879644,1.44896,2.012,2.54605,3.03497,3.46657,3.83168,4.12392,2.39825,1.99031,1.52798,1.0319,0.537614,0.141578,0.310905,0.888347,1.49465,2.09168,2.65605,3.17126,3.62481,4.0073,4.31222,2.53703,2.10793,1.62091,1.09439,0.567536,0.132002,0.28355,0.898301,1.54194,2.17282,2.76727,3.30855,3.78386,4.18356,4.50102,2.67658,2.22689,1.71503,1.16111,0.599262,0.125853,0.256247,0.909883,1.59099,2.2555,3.17975,3.44685,3.94371,4.36046,4.69032
130,1.00732,0.859117,0.708496,0.571693,0.479109,0.488555,0.853382,0.818016,1.00856,1.20611,1.4043,1.59687,1.77816,1.94318,2.08762,1.0894,0.917651,0.740763,0.573569,0.448615,0.441447,0.612623,0.822445,1.04578,1.27552,1.50387,1.72348,1.9279,2.1116,2.27002,1.18187,0.987788,0.78378,0.587276,0.429332,0.396565,0.585174,0.826995,1.08336,1.34549,1.60413,1.85082,2.07833,2.28066,2.45297,1.28221,1.06615,0.835831,0.609264,0.418408,0.353538,0.557727,0.831687,1.12133,1.41608,1.70512,1.97892,2.22949,2.45036,2.63647,1.38988,1.15174,0.894965,0.638593,0.41469,0.313714,0.530282,0.836548,1.15976,1.48735,1.80691,2.10782,2.38139,2.62071,2.82051,1.50289,1.24298,0.960475,0.674031,0.416695,0.279337,0.502839,0.841609,1.19872,1.55938,1.90954,2.23754,2.53404,2.79172,3.0051,1.61975,1.33841,1.03098,0.714135,0.42347,0.249994,0.4754,0.846912,1.23828,1.63224,2.01307,2.36814,2.68747,2.96339,3.19023,1.74284,1.43979,1.10546,0.759023,0.434682,0.224494,0.447964,0.852512,1.27854,1.70601,2.11755,2.49962,2.84169,3.13573,3.37591,1.8683,1.54398,1.18363,0.807369,0.449369,0.202488,0.420533,0.858478,1.31961,1.78077,2.22304,2.63202,2.9967,3.30872,3.56212,1.9967,1.65073,1.26556,0.858133,0.466898,0.183553,0.393109,0.8649,1.3616,1.85663,2.32959,2.76537,3.15251,3.48238,3.74886,2.12802,1.76171,1.3498,0.91379,0.487793,0.166983,0.365693,0.871902,1.40466,1.93368,2.43724,2.89968,3.30913,3.6567,3.93613,2.26236,1.87461,1.43784,0.971161,0.51157,0.152764,0.33829,0.879644,1.44896,2.012,2.54605,3.03497,3.46657,3.83168,4.12392,2.39825,1.99031,1.52798,1.0319,0.537614,0.141578,0.310905,0.888347,1.49465,2.09168,2.65605,3.17126,3.62481,4.0073,4.31222,2.53703,2.10793,1.62091,1.09439,0.567536,0.132002,0.28355,0.898301,1.54194,2.17282,2.76727,3.30855,3.78386,4.18356,4.50102,2.67658,2.22689,1.71503,1.16111,0.599262,0.125853,0.256247,0.909883,1.59099,2.2555,3.17975,3.44685,3.94371,4.36046,4.69032
131,1.00732,0.859117,0.708496,0.571693,0.479109,0.488555,0.853382,0.818016,1.00856,1.20611,1.4043,1.59687,1.77816,1.94318,2.08762,1.0894,0.917651,0.740763,0.573569,0.448615,0.441447,0.612623,0.822445,1.04578,1.27552,1.50387,1.72348,1.9279,2.1116,2.27002,1.18187,0.987788,0.78378,0.587276,0.429332,0.396565,0.585174,0.826995,1.08336,1.34549,1.60413,1.85082,2.07833,2.28066,2.45297,1.28221,1.06615,0.835831,0.609264,0.418408,0.353538,0.557727,0.831687,1.12133,1.41608,1.70512,1.97892,2.22949,2.45036,2.63647,1.38988,1.15174,0.894965,0.638593,0.41469,0.313714,0.530282,0.836548,1.15976,1.48735,1.80691,2.10782,2.38139,2.62071,2.82051,1.50289,1.24298,0.960475,0.674031,0.416695,0.279337,0.502839,0.841609,1.19872,1.55938,1.90954,2.23754,2.53404,2.79172,3.0051,1.61975,1.33841,1.03098,0.714135,0.42347,0.249994,0.4754,0.846912,1.23828,1.63224,2.01307,2.36814,2.68747,2.96339,3.19023,1.74284,1.43979,1.10546,0.759023,0.434682,0.224494,0.447964,0.852512,1.27854,1.70601,2.11755,2.49962,2.84169,3.13573,3.37591,1.8683,1.54398,1.18363,0.807369,0.449369,0.202488,0.420533,0.858478,1.31961,1.78077,2.22304,2.63202,2.9967,3.30872,3.56212,1.9967,1.65073,1.26556,0.858133,0.466898,0.183553,0.393109,0.8649,1.3616,1.85663,2.32959,2.76537,3.15251,3.48238,3.74886,2.12802,1.76171,1.3498,0.91379,0.487793,0.166983,0.365693,0.871902,1.40466,1.93368,2.43724,2.89968,3.30913,3.6567,3.93613,2.26236,1.87461,1.43784,0.971161,0.51157,0.152764,0.33829,0.879644,1.44896,2.012,2.54605,3.03497,3.46657,3.83168,4.12392,2.39825,1.99031,1.52798,1.0319,0.537614,0.141578,0.310905,0.888347,1.49465,2.09168,2.65605,3.17126,3.62481,4.0073,4.31222,2.53703,2.10793,1.62091,1.09439,0.567536,0.132002,0.28355,0.898301,1.54194,2.17282,2.76727,3.30855,3.78386,4.18356,4.50102,2.67658,2.22689,1.71503,1.16111,0.599262,0.125853,0.256247,0.909883,1.59099,2.2555,3.17975,3.44685,3.94371,4.36046,4.69032
132,1.00732,0.859117,0.708496,0.571693,0.479109,0.488555,0.853382,0.818016,1.00856,1.20611,1.4043,1.59687,1.77816,1.94318,2.08762,1.0894,0.917651,0.740763,0.573569,0.448615,0.441447,0.612623,0.822445,1.04578,1.27552,1.50387,1.72348,1.9279,2.1116,2.27002,1.18187,0.987788,0.78378,0.587276,0.429332,0.396565,0.585174,0.826995,1.08336,1.34549,1.60413,1.85082,2.07833,2.28066,2.45297,1.28221,1.06615,0.835831,0.609264,0.418408,0.353538,0.557727,0.831687,1.12133,1.41608,1.70512,1.97892,2.22949,2.45036,2.63647,1.38988,1.15174,0.894965,0.638593,0.41469,0.313714,0.530282,0.836548,1.15976,1.48735,1.80691,2.10782,2.38139,2.62071,2.82051,1.50289,1.24298,0.960475,0.674031,0.416695,0.279337,0.502839,0.841609,1.19872,1.55938,1.90954,2.23754,2.53404,2.79172,3.0051,1.61975,1.33841,1.03098,0.714135,0.42347,0.249994,0.4754,0.846912,1.23828,1.63224,2.01307,2.36814,2.68747,2.96339,3.19023,1.74284,1.43979,1.10546,0.759023,0.434682,0.224494,0.447964,0.852512,1.27854,1.70601,2.11755,2.49962,2.84169,3.13573,3.37591,1.8683,1.54398,1.18363,0.807369,0.449369,0.202488,0.420533,0.858478,1.31961,1.78077,2.22304,2.63202,2.9967,3.30872,3.56212,1.9967,1.65073,1.26556,0.858133,0.466898,0.183553,0.393109,0.8649,1.3616,1.85663,2.32959,2.76537,3.15251,3.48238,3.74886,2.12802,1.76171,1.3498,0.91379,0.487793,0.166983,0.365693,0.871902,1.40466,1.93368,2.43724,2.89968,3.30913,3.6567,3.93613,2.26236,1.87461,1.43784,0.971161,0.51157,0.152764,0.33829,0.879644,1.44896,2.012,2.54605,3.03497,3.46657,3.83168,4.12392,2.39825,1.99031,1.52798,1.0319,0.537614,0.141578,0.310905,0.888347,1.49465,2.09168,2.65605,3.17126,3.62481,4.0073,4.31222,2.53703,2.10793,1.62091,1.09439,0.567536,0.132002,0.28355,0.898301,1.54194,2.17282,2.76727,3.30855,3.78386,4.18356,4.50102,2.67658,2.22689,1.71503,1.16111,0.599262,0.125853,0.256247,0.909883,1.59099,2.2555,3.17975,3.44685,3.94371,4.36046,4.69032
133,1.00732,0.859117,0.708496,0.571693,0.479109,0.488555,0.853382,0.818016,1.00856,1.20611,1.4043,1.59687,1.77816,1.94318,2.08762,1.0894,0.917651,0.740763,0.573569,0.448615,0.441447,0.612623,0.822445,1.04578,1.27552,1.50387,1.72348,1.9279,2.1116,2.27002,1.18187,0.987788,0.78378,0.587276,0.429332,0.396565,0.585174,0.826995,1.08336,1.34549,1.60413,1.85082,2.07833,2.28066,2.45297,1.28221,1.06615,0.835831,0.609264,0.418408,0.353538,0.557727,0.831687,1.12133,1.41608,1.70512,1.97892,2.22949,2.45036,2.63647,1.38988,1.15174,0.894965,0.638593,0.41469,0.313714,0.530282,0.836548,1.15976,1.48735,1.80691,2.10782,2.38139,2.62071,2.82051,1.50289,1.24298,0.960475,0.674031,0.416695,0.279337,0.502839,0.841609,1.19872,1.55938,1.90954,2.23754,2.53404,2.79172,3.0051,1.61975,1.33841,1.03098,0.714135,0.42347,0.249994,0.4754,0.846912,1.23828,1.63224,2.01307,2.36814,2.68747,2.96339,3.19023,1.74284,1.43979,1.10546,0.759023,0.434682,0.224494,0.447964,0.852512,1.27854,1.70601,2.11755,2.49962,2.84169,3.13573,3.37591,1.8683,1.54398,1.18363,0.807369,0.449369,0.202488,0.420533,0.858478,1.31961,1.78077,2.22304,2.63202,2.9967,3.30872,3.56212,1.9967,1.65073,1.26556,0.858133,0.466898,0.183553,0.393109,0.8649,1.3616,1.85663,2.32959,2.76537,3.15251,3.48238,3.74886,2.12802,1.76171,1.3498,0.91379,0.487793,0.166983,0.365693,0.871902,1.40466,1.93368,2.43724,2.89968,3.30913,3.6567,3.93613,2.26236,1.87461,1.43784,0.971161,0.51157,0.152764,0.33829,0.879644,1.44896,2.012,2.54605,3.03497,3.46657,3.83168,4.12392,2.39825,1.99031,1.52798,1.0319,0.537614,0.141578,0.310905,0.888347,1.49465,2.09168,2.65605,3.17126,3.62481,4.0073,4.31222,2.53703,2.10793,1.62091,1.09439,0.567536,0.132002,0.28355,0.898301,1.54194,2.17282,2.76727,3.30855,3.78386,4.18356,4.50102,2.67658,2.22689,1.71503,1.16111,0.599262,0.125853,0.256247,0.909883,1.59099,2.2555,3.17975,3.44685,3.94371,4.36046,4.69032
134,1.00732,0.859117,0.708496,0.571693,0.479109,0.488555,0.853382,0.818016,1.00856,1.20611,1.4043,1.59687,1.77816,1.94318,2.08762,1.0894,0.917651,0.740763,0.573569,0.448615,0.441447,0.612623,0.822445,1.04578,1.27552,1.50387,1.72348,1.9279,2.1116,2.27002,1.18187,0.987788,0.78378,0.587276,0.429332,0.396565,0.585174,0.826995,1.08336,1.34549,1.60413,1.85082,2.07833,2.28066,2.45297,1.28221,1.06615,0.835831,0.609264,0.418408,0.353538,0.557727,0.831687,1.12133,1.41608,1.70512,1.97892,2.22949,2.45036,2.63647,1.38988,1.15174,0.894965,0.638593,0.41469,0.313714,0.530282,0.836548,1.15976,1.48735,1.80691,2.10782,2.38139,2.62071,2.82051,1.50289,1.24298,0.960475,0.674031,0.416695,0.279337,0.502839,0.841609,1.19872,1.55938,1.90954,2.23754,2.53404,2.79172,3.0051,1.61975,1.33841,1.03098,0.714135,0.42347,0.249994,0.4754,0.846912,1.23828,1.63224,2.01307,2.36814,2.68747,2.96339,3.19023,1.74284,1.43979,1.10546,0.759023,0.434682,0.224494,0.447964,0.852512,1.27854,1.70601,2.11755,2.49962,2.84169,3.13573,3.37591,1.8683,1.54398,1.18363,0.807369,0.449369,0.202488,0.420533,0.858478,1.31961,1.78077,2.22304,2.63202,2.9967,3.30872,3.56212,1.9967,1.65073,1.26556,0.858133,0.466898,0.183553,0.393109,0.8649,1.3616,1.85663,2.32959,2.76537,3.15251,3.48238,3.74886,2.12802,1.76171,1.3498,0.91379,0.487793,0.166983,0.365693,0.871902,1.40466,1.93368,2.43724,2.89968,3.30913,3.6567,3.93613,2.26236,1.87461,1.43784,0.971161,0.51157,0.152764,0.33829,0.879644,1.44896,2.012,2.54605,3.03497,3.46657,3.83168,4.12392,2.39825,1.99031,1.52798,1.0319,0.537614,0.141578,0.310905,0.888347,1.49465,2.09168,2.65605,3.17126,3.62481,4.0073,4.31222,2.53703,2.10793,1.62091,1.09439,0.567536,0.132002,0.28355,0.898301,1.54194,2.17282,2.76727,3.30855,3.78386,4.18356,4.50102,2.67658,2.22689,1.71503,1.16111,0.599262,0.125853,0.256247,0.909883,1.59099,2.2555,3.17975,3.44685,3.94371,4.36046,4.69032
135,1.00732,0.859117,0.708496,0.571693,0.479109,0.488555,0.853382,0.818016,1.00856,1.20611,1.4043,1.59687,1.77816,1.94318,2.08762,1.0894,0.917651,0.740763,0.573569,0.448615,0.441447,0.612623,0.822445,1.04578,1.27552,1.50387,1.72348,1.9279,2.1116,2.27002,1.18187,0.987788,0.78378,0.587276,0.429332,0.396565,0.585174,0.826995,1.08336,1.34549,1.60413,1.85082,2.07833,2.28066,2.45297,1.28221,1.06615,0.835831,0.609264,0.418408,0.353538,0.557727,0.831687,1.12133,1.41608,1.70512,1.97892,2.22949,2.45036,2.63647,1.38988,1.15174,0.894965,0.638593,0.41469,0.313714,0.530282,0.836548,1.15976,1.48735,1.80691,2.10782,2.38139,2.62071,2.82051,1.50289,1.24298,0.960475,0.674031,0.416695,0.279337,0.502839,0.841609,1.19872,1.55938,1.90954,2.23754,2.53404,2.79172,3.0051,1.61975,1.33841,1.03098,0.714135,0.42347,0.249994,0.4754,0.846912,1.23828,1.63224,2.01307,2.36814,2.68747,2.96339,3.19023,1.74284,1.43979,1.10546,0.759023,0.434682,0.224494,0.447964,0.852512,1.27854,1.70601,2.11755,2.49962,2.84169,3.13573,3.37591,1.8683,1.54398,1.18363,0.807369,0.449369,0.202488,0.420533,0.858478,1.31961,1.78077,2.22304,2.63202,2.9967,3.30872,3.56212,1.9967,1.65073,1.26556,0.858133,0.466898,0.183553,0.393109,0.8649,1.3616,1.85663,2.32959,2.76537,3.15251,3.48238,3.74886,2.12802,1.76171,1.3498,0.91379,0.487793,0.166983,0.365693,0.871902,1.40466,1.93368,2.43724,2.89968,3.30913,3.6567,3.93613,2.26236,1.87461,1.43784,0.971161,0.51157,0.152764,0.33829,0.879644,1.44896,2.012,2.54605,3.03497,3.46657,3.83168,4.12392,2.39825,1.99031,1.52798,1.0319,0.537614,0.141578,0.310905,0.888347,1.49465,2.09168,2.65605,3.17126,3.62481,4.0073,4.31222,2.53703,2.10793,1.62091,1.09439,0.567536,0.132002,0.28355,0.898301,1.54194,2.17282,2.76727,3.30855,3.78386,4.18356,4.50102,2.67658,2.22689,1.71503,1.16111,0.599262,0.125853,0.256247,0.909883,1.59099,2.2555,3.17975,3.44685,3.94371,4.36046,4.69032
136,1.00732,0.859117,0.708496,0.571693,0.479109,0.488555,0.853382,0.818016,1.00856,1.20611,1.4043,1.59687,1.77816,1.94318,2.08762,1.0894,0.917651,0.740763,0.573569,0.448615,0.441447,0.612623,0.822445,1.04578,1.27552,1.50387,1.72348,1.9279,2.1116,2.27002,1.18187,0.987788,0.78378,0.587276,0.429332,0.396565,0.585174,0.826995,1.08336,1.34549,1.60413,1.85082,2.07833,2.28066,2.45297,1.28221,1.06615,0.835831,0.609264,0.418408,0.353538,0.557727,0.831687,1.12133,1.41608,1.70512,1.97892,2.22949,2.45036,2.63647,1.38988,1.15174,0.894965,0.638593,0.41469,0.313714,0.530282,0.836548,1.15976,1.48735,1.80691,2.10782,2.38139,2.62071,2.82051,1.50289,1.24298,0.960475,0.674031,0.416695,0.279337,0.502839,0.841609,1.19872,1.55938,1.90954,2.23754,2.53404,2.79172,3.0051,1.61975,1.33841,1.03098,0.714135,0.42347,0.249994,0.4754,0.846912,1.23828,1.63224,2.01307,2.36814,2.68747,2.96339,3.19023,1.74284,1.43979,1.10546,0.759023,0.434682,0.224494,0.447964,0.852512,1.27854,1.70601,2.11755,2.49962,2.84169,3.13573,3.37591,1.8683,1.54398,1.18363,0.807369,0.449369,0.202488,0.420533,0.858478,1.31961,1.78077,2.22304,2.63202,2.9967,3.30872,3.56212,1.9967,1.65073,1.26556,0.858133,0.466898,0.183553,0.393109,0.8649,1.3616,1.85663,2.32959,2.76537,3.15251,3.48238,3.74886,2.12802,1.76171,1.3498,0.91379,0.487793,0.166983,0.365693,0.871902,1.40466,1.93368,2.43724,2.89968,3.30913,3.6567,3.93613,2.26236,1.87461,1.43784,0.971161,0.51157,0.152764,0.33829,0.879644,1.44896,2.012,2.54605,3.03497,3.46657,3.83168,4.12392,2.39825,1.99031,1.52798,1.0319,0.537614,0.141578,0.310905,0.888347,1.49465,2.09168,2.65605,3.17126,3.62481,4.0073,4.31222,2.53703,2.10793,1.62091,1.09439,0.567536,0.132002,0.28355,0.898301,1.54194,2.17282,2.76727,3.30855,3.78386,4.18356,4.50102,2.67658,2.22689,1.71503,1.16111,0.599262,0.125853,0.256247,0.909883,1.59099,2.2555,3.17975,3.44685,3.94371,4.36046,4.69032
137,1.00732,0.859117,0.708496,0.571693,0.479109,0.488555,0.853382,0.818016,1.00856,1.20611,1.4043,1.59687,1.77816,1.94318,2.08762,1.0894,0.917651,0.740763,0.573569,0.448615,0.441447,0.612623,0.822445,1.04578,1.27552,1.50387,1.72348,1.9279,2.1116,2.27002,1.18187,0.987788,0.78378,0.587276,0.429332,0.396565,0.585174,0.826995,1.08336,1.34549,1.60413,1.85082,2.07833,2.28066,2.45297,1.28221,1.06615,0.835831,0.609264,0.418408,0.353538,0.557727,0.831687,1.12133,1.41608,1.70512,1.97892,2.22949,2.45036,2.63647,1.38988,1.15174,0.894965,0.638593,0.41469,0.313714,0.530282,0.836548,1.15976,1.48735,1.80691,2.10782,2.38139,2.62071,2.82051,1.50289,1.24298,0.960475,0.674031,0.416695,0.279337,0.502839,0.841609,1.19872,1.55938,1.90954,2.23754,2.53404,2.79172,3.0051,1.61975,1.33841,1.03098,0.714135,0.42347,0.249994,0.4754,0.846912,1.23828,1.63224,2.01307,2.36814,2.68747,2.96339,3.19023,1.74284,1.43979,1.10546,0.759023,0.434682,0.224494,0.447964,0.852512,1.27854,1.70601,2.11755,2.49962,2.84169,3.13573,3.37591,1.8683,1.54398,1.18363,0.807369,0.449369,0.202488,0.420533,0.858478,1.31961,1.78077,2.22304,2.63202,2.9967,3.30872,3.56212,1.9967,1.65073,1.26556,0.858133,0.466898,0.183553,0.393109,0.8649,1.3616,1.85663,2.32959,2.76537,3.15251,3.48238,3.74886,2.12802,1.76171,1.3498,0.91379,0.487793,0.166983,0.365693,0.871902,1.40466,1.93368,2.43724,2.89968,3.30913,3.6567,3.93613,2.26236,1.87461,1.43784,0.971161,0.51157,0.152764,0.33829,0.879644,1.44896,2.012,2.54605,3.03497,3.46657,3.83168,4.12392,2.39825,1.99031,1.52798,1.0319,0.537614,0.141578,0.310905,0.888347,1.49465,2.09168,2.65605,3.17126,3.62481,4.0073,4.31222,2.53703,2.10793,1.62091,1.09439,0.567536,0.132002,0.28355,0.898301,1.54194,2.17282,2.76727,3.30855,3.78386,4.18356,4.50102,2.67658,2.22689,1.71503,1.16111,0.599262,0.125853,0.256247,0.909883,1.59099,2.2555,3.17975,3.44685,3.94371,4.36046,4.69032
138,1.00732,0.859117,0.708496,0.571693,0.479109,0.488555,0.853382,0.818016,1.00856,1.20611,1.4043,1.59687,1.77816,1.94318,2.08762,1.0894,0.917651,0.740763,0.573569,0.448615,0.441447,0.612623,0.822445,1.04578,1.27552,1.50387,1.72348,1.9279,2.1116,2.27002,1.18187,0.987788,0.78378,0.587276,0.429332,0.396565,0.585174,0.826995,1.08336,1.34549,1.60413,1.85082,2.07833,2.28066,2.45297,1.28221,1.06615,0.835831,0.609264,0.418408,0.353538,0.557727,0.831687,1.12133,1.41608,1.70512,1.97892,2.22949,2.45036,2.63647,1.38988,1.15174,0.894965,0.638593,0.41469,0.313714,0.530282,0.836548,1.15976,1.48735,1.80691,2.10782,2.38139,2.62071,2.82051,1.50289,1.24298,0.960475,0.674031,0.416695,0.279337,0.502839,0.841609,1.19872,1.55938,1.90954,2.23754,2.53404,2.79172,3.0051,1.61975,1.33841,1.03098,0.714135,0.42347,0.249994,0.4754,0.846912,1.23828,1.63224,2.01307,2.36814,2.68747,2.96339,3.19023,1.74284,1.43979,1.10546,0.759023,0.434682,0.224494,0.447964,0.852512,1.27854,1.70601,2.11755,2.49962,2.84169,3.13573,3.37591,1.8683,1.54398,1.18363,0.807369,0.449369,0.202488,0.420533,0.858478,1.31961,1.78077,2.22304,2.63202,2.9967,3.30872,3.56212,1.9967,1.65073,1.26556,0.858133,0.466898,0.183553,0.393109,0.8649,1.3616,1.85663,2.32959,2.76537,3.15251,3.48238,3.74886,2.12802,1.76171,1.3498,0.91379,0.487793,0.166983,0.365693,0.871902,1.40466,1.93368,2.43724,2.89968,3.30913,3.6567,3.93613,2.26236,1.87461,1.43784,0.971161,0.51157,0.152764,0.33829,0.879644,1.44896,2.012,2.54605,3.03497,3.46657,3.83168,4.12392,2.39825,1.99031,1.52798,1.0319,0.537614,0.141578,0.310905,0.888347,1.49465,2.09168,2.65605,3.17126,3.62481,4.0073,4.31222,2.53703,2.10793,1.62091,1.09439,0.567536,0.132002,0.28355,0.898301,1.54194,2.17282,2.76727,3.30855,3.78386,4.18356,4.50102,2.67658,2.22689,1.71503,1.16111,0.599262,0.125853,0.256247,0.909883,1.59099,2.2555,3.17975,3.44685,3.94371,4.36046,4.69032
139,1.00732,0.859117,0.708496,0.571693,0.479109,0.488555,0.853382,0.818016,1.00856,1.20611,1.4043,1.59687,1.77816,1.94318,2.08762,1.0894,0.917651,0.740763,0.573569,0.448615,0.441447,0.612623,0.822445,1.04578,1.27552,1.50387,1.72348,1.9279,2.1116,2.27002,1.18187,0.987788,0.78378,0.587276,0.429332,0.396565,0.585174,0.826995,1.08336,1.34549,1.60413,1.85082,2.07833,2.28066,2.45297,1.28221,1.06615,0.835831,0.609264,0.418408,0.353538,0.557727,0.831687,1.12133,1.41608,1.70512,1.97892,2.22949,2.45036,2.63647,1.38988,1.15174,0.894965,0.638593,0.41469,0.313714,0.530282,0.836548,1.15976,1.48735,1.80691,2.10782,2.38139,2.62071,2.82051,1.50289,1.24298,0.960475,0.674031,0.416695,0.279337,0.502839,0.841609,1.19872,1.55938,1.90954,2.23754,2.53404,2.79172,3.0051,1.61975,1.33841,1.03098,0.714135,0.42347,0.249994,0.4754,0.846912,1.23828,1.63224,2.01307,2.36814,2.68747,2.96339,3.19023,1.74284,1.43979,1.10546,0.759023,0.434682,0.224494,0.447964,0.852512,1.27854,1.70601,2.11755,2.49962,2.84169,3.13573,3.37591,1.8683,1.54398,1.18363,0.807369,0.449369,0.202488,0.420533,0.858478,1.31961,1.78077,2.22304,2.63202,2.9967,3.30872,3.56212,1.9967,1.65073,1.26556,0.858133,0.466898,0.183553,0.393109,0.8649,1.3616,1.85663,2.32959,2.76537,3.15251,3.48238,3.74886,2.12802,1.76171,1.3498,0.91379,0.487793,0.166983,0.365693,0.871902,1.40466,1.93368,2.43724,2.89968,3.30913,3.6567,3.93613,2.26236,1.87461,1.43784,0.971161,0.51157,0.152764,0.33829,0.879644,1.44896,2.012,2.54605,3.03497,3.46657,3.83168,4.12392,2.39825,1.99031,1.52798,1.0319,0.537614,0.141578,0.310905,0.888347,1.49465,2.09168,2.65605,3.17126,3.62481,4.0073,4.31222,2.53703,2.10793,1.62091,1.09439,0.567536,0.132002,0.28355,0.898301,1.54194,2.17282,2.76727,3.30855,3.78386,4.18356,4.50102,2.67658,2.22689,1.71503,1.16111,0.599262,0.125853,0.256247,0.909883,1.59099,2.2555,3.17975,3.44685,3.94371,4.36046,4.69032
140,1.00732,0.859117,0.708496,0.571693,0.479109,0.488555,0.853382,0.818016,1.00856,1.20611,1.4043,1.59687,1.77816,1.94318,2.08762,1.0894,0.917651,0.740763,0.573569,0.448615,0.441447,0.612623,0.822445,1.04578,1.27552,1.50387,1.72348,1.9279,2.1116,2.27002,1.18187,0.987788,0.78378,0.587276,0.429332,0.396565,0.585174,0.826995,1.08336,1.34549,1.60413,1.85082,2.07833,2.28066,2.45297,1.28221,1.06615,0.835831,0.609264,0.418408,0.353538,0.557727,0.831687,1.12133,1.41608,1.70512,1.97892,2.22949,2.45036,2.63647,1.38988,1.15174,0.894965,0.638593,0.41469,0.313714,0.530282,0.836548,1.15976,1.48735,1.80691,2.10782,2.38139,2.62071,2.82051,1.50289,1.24298,0.960475,0.674031,0.416695,0.279337,0.502839,0.841609,1.19872,1.55938,1.90954,2.23754,2.53404,2.79172,3.0051,1.61975,1.33841,1.03098,0.714135,0.42347,0.249994,0.4754,0.846912,1.23828,1.63224,2.01307,2.36814,2.68747,2.96339,3.19023,1.74284,1.43979,1.10546,0.759023,0.434682,0.224494,0.447964,0.852512,1.27854,1.70601,2.11755,2.49962,2.84169,3.13573,3.37591,1.8683,1.54398,1.18363,0.807369,0.449369,0.202488,0.420533,0.858478,1.31961,1.78077,2.22304,2.63202,2.9967,3.30872,3.56212,1.9967,1.65073,1.26556,0.858133,0.466898,0.183553,0.393109,0.8649,1.3616,1.85663,2.32959,2.76537,3.15251,3.48238,3.74886,2.12802,1.76171,1.3498,0.91379,0.487793,0.166983,0.365693,0.871902,1.40466,1.93368,2.43724,2.89968,3.30913,3.6567,3.93613,2.26236,1.87461,1.43784,0.971161,0.51157,0.152764,0.33829,0.879644,1.44896,2.012,2.54605,3.03497,3.46657,3.83168,4.12392,2.39825,1.99031,1.52798,1.0319,0.537614,0.141578,0.310905,0.888347,1.49465,2.09168,2.65605,3.17126,3.62481,4.0073,4.31222,2.53703,2.10793,1.62091,1.09439,0.567536,0.132002,0.28355,0.898301,1.54194,2.17282,2.76727,3.30855,3.78386,4.18356,4.50102,2.67658,2.22689,1.71503,1.16111,0.599262,0.125853,0.256247,0.909883,1.59099,2.2555,3.17975,3.44685,3.94371,4.36046,4.69032
141,1.00732,0.859117,0.708496,0.571693,0.479109,0.488555,0.853382,0.818016,1.00856,1.20611,1.4043,1.59687,1.77816,1.94318,2.08762,1.0894,0.917651,0.740763,0.573569,0.448615,0.441447,0.612623,0.822445,1.04578,1.27552,1.50387,1.72348,1.9279,2.1116,2.27002,1.18187,0.987788,0.78378,0.587276,0.429332,0.396565,0.585174,0.826995,1.08336,1.34549,1.60413,1.85082,2.07833,2.28066,2.45297,1.28221,1.06615,0.835831,0.609264,0.418408,0.353538,0.557727,0.831687,1.12133,1.41608,1.70512,1.97892,2.22949,2.45036,2.63647,1.38988,1.15174,0.894965,0.638593,0.41469,0.313714,0.530282,0.836548,1.15976,1.48735,1.80691,2.10782,2.38139,2.62071,2.82051,1.50289,1.24298,0.960475,0.674031,0.416695,0.279337,0.502839,0.841609,1.19872,1.55938,1.90954,2.23754,2.53404,2.79172,3.0051,1.61975,1.33841,1.03098,0.714135,0.42347,0.249994,0.4754,0.846912,1.23828,1.63224,2.01307,2.36814,2.68747,2.96339,3.19023,1.74284,1.43979,1.10546,0.759023,0.434682,0.224494,0.447964,0.852512,1.27854,1.70601,2.11755,2.49962,2.84169,3.13573,3.37591,1.8683,1.54398,1.18363,0.807369,0.449369,0.202488,0.420533,0.858478,1.31961,1.78077,2.22304,2.63202,2.9967,3.30872,3.56212,1.9967,1.65073,1.26556,0.858133,0.466898,0.183553,0.393109,0.8649,1.3616,1.85663,2.32959,2.76537,3.15251,3.48238,3.74886,2.12802,1.76171,1.3498,0.91379,0.487793,0.166983,0.365693,0.871902,1.40466,1.93368,2.43724,2.89968,3.30913,3.6567,3.93613,2.26236,1.87461,1.43784,0.971161,0.51157,0.152764,0.33829,0.879644,1.44896,2.012,2.54605,3.03497,3.46657,3.83168,4.12392,2.39825,1.99031,1.52798,1.0319,0.537614,0.141578,0.310905,0.888347,1.49465,2.09168,2.65605,3.17126,3.62481,4.0073,4.31222,2.53703,2.10793,1.62091,1.09439,0.567536,0.132002,0.28355,0.898301,1.54194,2.17282,2.76727,3.30855,3.78386,4.18356,4.50102,2.67658,2.22689,1.71503,1.16111,0.599262,0.125853,0.256247,0.909883,1.59099,2.2555,3.17975,3.44685,3.94371,4.36046,4.69032
142,1.00732,0.859117,0.708496,0.571693,0.479109,0.488555,0.853382,0.818016,1.00856,1.20611,1.4043,1.59687,1.77816,1.94318,2.08762,1.0894,0.917651,0.740763,0.573569,0.448615,0.441447,0.612623,0.822445,1.04578,1.27552,1.50387,1.72348,1.9279,2.1116,2.27002,1.18187,0.987788,0.78378,0.587276,0.429332,0.396565,0.585174,0.826995,1.08336,1.34549,1.60413,1.85082,2.07833,2.28066,2.45297,1.28221,1.06615,0.835831,0.609264,0.418408,0.353538,0.557727,0.831687,1.12133,1.41608,1.70512,1.97892,2.22949,2.45036,2.63647,1.38988,1.15174,0.894965,0.638593,0.41469,0.313714,0.530282,0.836548,1.15976,1.48735,1.80691,2.10782,2.38139,2.62071,2.82051,1.50289,1.24298,0.960475,0.674031,0.416695,0.279337,0.502839,0.841609,1.19872,1.55938,1.90954,2.23754,2.53404,2.79172,3.0051,1.61975,1.33841,1.03098,0.714135,0.42347,0.249994,0.4754,0.846912,1.23828,1.63224,2.01307,2.36814,2.68747,2.96339,3.19023,1.74284,1.43979,1.10546,0.759023,0.434682,0.224494,0.447964,0.852512,1.27854,1.70601,2.11755,2.49962,2.84169,3.13573,3.37591,1.8683,1.54398,1.18363,0.807369,0.449369,0.202488,0.420533,0.858478,1.31961,1.78077,2.22304,2.63202,2.9967,3.30872,3.56212,1.9967,1.65073,1.26556,0.858133,0.466898,0.183553,0.393109,0.8649,1.3616,1.85663,2.32959,2.76537,3.15251,3.48238,3.74886,2.12802,1.76171,1.3498,0.91379,0.487793,0.166983,0.365693,0.871902,1.40466,1.93368,2.43724,2.89968,3.30913,3.6567,3.93613,2.26236,1.87461,1.43784,0.971161,0.51157,0.152764,0.33829,0.879644,1.44896,2.012,2.54605,3.03497,3.46657,3.83168,4.12392,2.39825,1.99031,1.52798,1.0319,0.537614,0.141578,0.310905,0.888347,1.49465,2.09168,2.65605,3.17126,3.62481,4.0073,4.31222,2.53703,2.10793,1.62091,1.09439,0.567536,0.132002,0.28355,0.898301,1.54194,2.17282,2.76727,3.30855,3.78386,4.18356,4.50102,2.67658,2.22689,1.71503,1.16111,0.599262,0.125853,0.256247,0.909883,1.59099,2.2555,3.17975,3.44685,3.94371,4.36046,4.69032
143,1.00732,0.859117,0.708496,0.571693,0.479109,0.488555,0.853382,0.818016,1.00856,1.20611,1.4043,1.59687,1.77816,1.94318,2.08762,1.0894,0.917651,0.740763,0.573569,0.448615,0.441447,0.612623,0.822445,1.04578,1.27552,1.50387,1.72348,1.9279,2.1116,2.27002,1.18187,0.987788,0.78378,0.587276,0.429332,0.396565,0.585174,0.826995,1.08336,1.34549,1.60413,1.85082,2.07833,2.28066,2.45297,1.28221,1.06615,0.835831,0.609264,0.418408,0.353538,0.557727,0.831687,1.12133,1.41608,1.70512,1.97892,2.22949,2.45036,2.63647,1.38988,1.15174,0.894965,0.638593,0.41469,0.313714,0.530282,0.836548,1.15976,1.48735,1.80691,2.10782,2.38139,2.62071,2.82051,1.50289,1.24298,0.960475,0.674031,0.416695,0.279337,0.502839,0.841609,1.19872,1.55938,1.90954,2.23754,2.53404,2.79172,3.0051,1.61975,1.33841,1.03098,0.714135,0.42347,0.249994,0.4754,0.846912,1.23828,1.63224,2.01307,2.36814,2.68747,2.96339,3.19023,1.74284,1.43979,1.10546,0.759023,0.434682,0.224494,0.447964,0.852512,1.27854,1.70601,2.11755,2.49962,2.84169,3.13573,3.37591,1.8683,1.54398,1.18363,0.807369,0.449369,0.202488,0.420533,0.858478,1.31961,1.78077,2.22304,2.63202,2.9967,3.30872,3.56212,1.9967,1.65073,1.26556,0.858133,0.466898,0.183553,0.393109,0.8649,1.3616,1.85663,2.32959,2.76537,3.15251,3.48238,3.74886,2.12802,1.76171,1.3498,0.91379,0.487793,0.166983,0.365693,0.871902,1.40466,1.93368,2.43724,2.89968,3.30913,3.6567,3.93613,2.26236,1.87461,1.43784,0.971161,0.51157,0.152764,0.33829,0.879644,1.44896,2.012,2.54605,3.03497,3.46657,3.83168,4.12392,2.39825,1.99031,1.52798,1.0319,0.537614,0.141578,0.310905,0.888347,1.49465,2.09168,2.65605,3.17126,3.62481,4.0073,4.31222,2.53703,2.10793,1.62091,1.09439,0.567536,0.132002,0.28355,0.898301,1.54194,2.17282,2.76727,3.30855,3.78386,4.18356,4.50102,2.67658,2.22689,1.71503,1.16111,0.599262,0.125853,0.256247,0.909883,1.59099,2.2555,3.17975,3.44685,3.94371,4.36046,4.69032
144,1.00732,0.859117,0.708496,0.571693,0.479109,0.488555,0.853382,0.818016,1.00856,1.20611,1.4043,1.59687,1.77816,1.94318,2.08762,1.0894,0.917651,0.740763,0.573569,0.448615,0.441447,0.612623,0.822445,1.04578,1.27552,1.50387,1.72348,1.9279,2.1116,2.27002,1.18187,0.987788,0.78378,0.587276,0.429332,0.396565,0.585174,0.826995,1.08336,1.34549,1.60413,1.85082,2.07833,2.28066,2.45297,1.28221,1.06615,0.835831,0.609264,0.418408,0.353538,0.557727,0.831687,1.12133,1.41608,1.70512,1.97892,2.22949,2.45036,2.63647,1.38988,1.15174,0.894965,0.638593,0.41469,0.313714,0.530282,0.836548,1.15976,1.48735,1.80691,2.10782,2.38139,2.62071,2.82051,1.50289,1.24298,0.960475,0.674031,0.416695,0.279337,0.502839,0.841609,1.19872,1.55938,1.90954,2.23754,2.53404,2.79172,3.0051,1.61975,1.33841,1.03098,0.714135,0.42347,0.249994,0.4754,0.846912,1.23828,1.63224,2.01307,2.36814,2.68747,2.96339,3.19023,1.74284,1.43979,1.10546,0.759023,0.434682,0.224494,0.447964,0.852512,1.27854,1.70601,2.11755,2.49962,2.84169,3.13573,3.37591,1.8683,1.54398,1.18363,0.807369,0.449369,0.202488,0.420533,0.858478,1.31961,1.78077,2.22304,2.63202,2.9967,3.30872,3.56212,1.9967,1.65073,1.26556,0.858133,0.466898,0.183553,0.393109,0.8649,1.3616,1.85663,2.32959,2.76537,3.15251,3.48238,3.74886,2.12802,1.76171,1.3498,0.91379,0.487793,0.166983,0.365693,0.871902,1.40466,1.93368,2.43724,2.89968,3.30913,3.6567,3.93613,2.26236,1.87461,1.43784,0.971161,0.51157,0.152764,0.33829,0.879644,1.44896,2.012,2.54605,3.03497,3.46657,3.83168,4.12392,2.39825,1.99031,1.52798,1.0319,0.537614,0.141578,0.310905,0.888347,1.49465,2.09168,2.65605,3.17126,3.62481,4.0073,4.31222,2.53703,2.10793,1.62091,1.09439,0.567536,0.132002,0.28355,0.898301,1.54194,2.17282,2.76727,3.30855,3.78386,4.18356,4.50102,2.67658,2.22689,1.71503,1.16111,0.599262,0.125853,0.256247,0.909883,1.59099,2.2555,3.17975,3.44685,3.94371,4.36046,4.69032
145,1.00732,0.859117,0.708496,0.571693,0.479109,0.488555,0.853382,0.818016,1.00856,1.20611,1.4043,1.59687,1.77816,1.94318,2.08762,1.0894,0.917651,0.740763,0.573569,0.448615,0.441447,0.612623,0.822445,1.04578,1.27552,1.50387,1.72348,1.9279,2.1116,2.27002,1.18187,0.987788,0.78378,0.587276,0.429332,0.396565,0.585174,0.826995,1.08336,1.34549,1.60413,1.85082,2.07833,2.28066,2.45297,1.28221,1.06615,0.835831,0.609264,0.418408,0.353538,0.557727,0.831687,1.12133,1.41608,1.70512,1.97892,2.22949,2.45036,2.63647,1.38988,1.15174,0.894965,0.638593,0.41469,0.313714,0.530282,0.836548,1.15976,1.48735,1.80691,2.10782,2.38139,2.62071,2.82051,1.50289,1.24298,0.960475,0.674031,0.416695,0.279337,0.502839,0.841609,1.19872,1.55938,1.90954,2.23754,2.53404,2.79172,3.0051,1.61975,1.33841,1.03098,0.714135,0.42347,0.249994,0.4754,0.846912,1.23828,1.63224,2.01307,2.36814,2.68747,2.96339,3.19023,1.74284,1.43979,1.10546,0.759023,0.434682,0.224494,0.447964,0.852512,1.27854,1.70601,2.11755,2.49962,2.84169,3.13573,3.37591,1.8683,1.54398,1.18363,0.807369,0.449369,0.202488,0.420533,0.858478,1.31961,1.78077,2.22304,2.63202,2.9967,3.30872,3.56212,1.9967,1.65073,1.26556,0.858133,0.466898,0.183553,0.393109,0.8649,1.3616,1.85663,2.32959,2.76537,3.15251,3.48238,3.74886,2.12802,1.76171,1.3498,0.91379,0.487793,0.166983,0.365693,0.871902,1.40466,1.93368,2.43724,2.89968,3.30913,3.6567,3.93613,2.26236,1.87461,1.43784,0.971161,0.51157,0.152764,0.33829,0.879644,1.44896,2.012,2.54605,3.03497,3.46657,3.83168,4.12392,2.39825,1.99031,1.52798,1.0319,0.537614,0.141578,0.310905,0.888347,1.49465,2.09168,2.65605,3.17126,3.62481,4.0073,4.31222,2.53703,2.10793,1.62091,1.09439,0.567536,0.132002,0.28355,0.898301,1.54194,2.17282,2.76727,3.30855,3.78386,4.18356,4.50102,2.67658,2.22689,1.71503,1.16111,0.599262,0.125853,0.256247,0.909883,1.59099,2.2555,3.17975,3.44685,3.94371,4.36046,4.69032
146,1.00732,0.859117,0.708496,0.571693,0.479109,0.488555,0.853382,0.818016,1.00856,1.20611,1.4043,1.59687,1.77816,1.94318,2.08762,1.0894,0.917651,0.740763,0.573569,0.448615,0.441447,0.612623,0.822445,1.04578,1.27552,1.50387,1.72348,1.9279,2.1116,2.27002,1.18187,0.987788,0.78378,0.587276,0.429332,0.396565,0.585174,0.826995,1.08336,1.34549,1.60413,1.85082,2.07833,2.28066,2.45297,1.28221,1.06615,0.835831,0.609264,0.418408,0.353538,0.557727,0.831687,1.12133,1.41608,1.70512,1.97892,2.22949,2.45036,2.63647,1.38988,1.15174,0.894965,0.638593,0.41469,0.313714,0.530282,0.836548,1.15976,1.48735,1.80691,2.10782,2.38139,2.62071,2.82051,1.50289,1.24298,0.960475,0.674031,0.416695,0.279337,0.502839,0.841609,1.19872,1.55938,1.90954,2.23754,2.53404,2.79172,3.0051,1.61975,1.33841,1.03098,0.714135,0.42347,0.249994,0.4754,0.846912,1.23828,1.63224,2.01307,2.36814,2.68747,2.96339,3.19023,1.74284,1.43979,1.10546,0.759023,0.434682,0.224494,0.447964,0.852512,1.27854,1.70601,2.11755,2.49962,2.84169,3.13573,3.37591,1.8683,1.54398,1.18363,0.807369,0.449369,0.202488,0.420533,0.858478,1.31961,1.78077,2.22304,2.63202,2.9967,3.30872,3.56212,1.9967,1.65073,1.26556,0.858133,0.466898,0.183553,0.393109,0.8649,1.3616,1.85663,2.32959,2.76537,3.15251,3.48238,3.74886,2.12802,1.76171,1.3498,0.91379,0.487793,0.166983,0.365693,0.871902,1.40466,1.93368,2.43724,2.89968,3.30913,3.6567,3.93613,2.26236,1.87461,1.43784,0.971161,0.51157,0.152764,0.33829,0.879644,1.44896,2.012,2.54605,3.03497,3.46657,3.83168,4.12392,2.39825,1.99031,1.52798,1.0319,0.537614,0.141578,0.310905,0.888347,1.49465,2.09168,2.65605,3.17126,3.62481,4.0073,4.31222,2.53703,2.10793,1.62091,1.09439,0.567536,0.132002,0.28355,0.898301,1.54194,2.17282,2.76727,3.30855,3.78386,4.18356,4.50102,2.67658,2.22689,1.71503,1.16111,0.599262,0.125853,0.256247,0.909883,1.59099,2.2555,3.17975,3.44685,3.94371,4.36046,4.69032
147,1.00732,0.859117,0.708496,0.571693,0.479109,0.488555,0.853382,0.818016,1.00856,1.20611,1.4043,1.59687,1.77816,1.94318,2.08762,1.0894,0.917651,0.740763,0.573569,0.448615,0.441447,0.612623,0.822445,1.04578,1.27552,1.50387,1.72348,1.9279,2.1116,2.27002,1.18187,0.987788,0.78378,0.587276,0.429332,0.396565,0.585174,0.826995,1.08336,1.34549,1.60413,1.85082,2.07833,2.28066,2.45297,1.28221,1.06615,0.835831,0.609264,0.418408,0.353538,0.557727,0.831687,1.12133,1.41608,1.70512,1.97892,2.22949,2.45036,2.63647,1.38988,1.15174,0.894965,0.638593,0.41469,0.313714,0.530282,0.836548,1.15976,1.48735,1.80691,2.10782,2.38139,2.62071,2.82051,1.50289,1.24298,0.960475,0.674031,0.416695,0.279337,0.502839,0.841609,1.19872,1.55938,1.90954,2.23754,2.53404,2.79172,3.0051,1.61975,1.33841,1.03098,0.714135,0.42347,0.249994,0.4754,0.846912,1.23828,1.63224,2.01307,2.36814,2.68747,2.96339,3.19023,1.74284,1.43979,1.10546,0.759023,0.434682,0.224494,0.447964,0.852512,1.27854,1.70601,2.11755,2.49962,2.84169,3.13573,3.37591,1.8683,1.54398,1.18363,0.807369,0.449369,0.202488,0.420533,0.858478,1.31961,1.78077,2.22304,2.63202,2.9967,3.30872,3.56212,1.9967,1.65073,1.26556,0.858133,0.466898,0.183553,0.393109,0.8649,1.3616,1.85663,2.32959,2.76537,3.15251,3.48238,3.74886,2.12802,1.76171,1.3498,0.91379,0.487793,0.166983,0.365693,0.871902,1.40466,1.93368,2.43724,2.89968,3.30913,3.6567,3.93613,2.26236,1.87461,1.43784,0.971161,0.51157,0.152764,0.33829,0.879644,1.44896,2.012,2.54605,3.03497,3.46657,3.83168,4.12392,2.39825,1.99031,1.52798,1.0319,0.537614,0.141578,0.310905,0.888347,1.49465,2.09168,2.65605,3.17126,3.62481,4.0073,4.31222,2.53703,2.10793,1.62091,1.09439,0.567536,0.132002,0.28355,0.898301,1.54194,2.17282,2.76727,3.30855,3.78386,4.18356,4.50102,2.67658,2.22689,1.71503,1.16111,0.599262,0.125853,0.256247,0.909883,1.59099,2.2555,3.17975,3.44685,3.94371,4.36046,4.69032
148,1.00732,0.859117,0.708496,0.571693,0.479109,0.488555,0.853382,0.818016,1.00856,1.20611,1.4043,1.59687,1.77816,1.94318,2.08762,1.0894,0.917651,0.740763,0.573569,0.448615,0.441447,0.612623,0.822445,1.04578,1.27552,1.50387,1.72348,1.9279,2.1116,2.27002,1.18187,0.987788,0.78378,0.587276,0.429332,0.396565,0.585174,0.826995,1.08336,1.34549,1.60413,1.85082,2.07833,2.28066,2.45297,1.28221,1.06615,0.835831,0.609264,0.418408,0.353538,0.557727,0.831687,1.12133,1.41608,1.70512,1.97892,2.22949,2.45036,2.63647,1.38988,1.15174,0.894965,0.638593,0.41469,0.313714,0.530282,0.836548,1.15976,1.48735,1.80691,2.10782,2.38139,2.62071,2.82051,1.50289,1.24298,0.960475,0.674031,0.416695,0.279337,0.502839,0.841609,1.19872,1.55938,1.90954,2.23754,2.53404,2.79172,3.0051,1.61975,1.33841,1.03098,0.714135,0.42347,0.249994,0.4754,0.846912,1.23828,1.63224,2.01307,2.36814,2.68747,2.96339,3.19023,1.74284,1.43979,1.10546,0.759023,0.434682,0.224494,0.447964,0.852512,1.27854,1.70601,2.11755,2.49962,2.84169,3.13573,3.37591,1.8683,1.54398,1.18363,0.807369,0.449369,0.202488,0.420533,0.858478,1.31961,1.78077,2.22304,2.63202,2.9967,3.30872,3.56212,1.9967,1.65073,1.26556,0.858133,0.466898,0.183553,0.393109,0.8649,1.3616,1.85663,2.32959,2.76537,3.15251,3.48238,3.74886,2.12802,1.76171,1.3498,0.91379,0.487793,0.166983,0.365693,0.871902,1.40466,1.93368,2.43724,2.89968,3.30913,3.6567,3.93613,2.26236,1.87461,1.43784,0.971161,0.51157,0.152764,0.33829,0.879644,1.44896,2.012,2.54605,3.03497,3.46657,3.83168,4.12392,2.39825,1.99031,1.52798,1.0319,0.537614,0.141578,0.310905,0.888347,1.49465,2.09168,2.65605,3.17126,3.62481,4.0073,4.31222,2.53703,2.10793,1.62091,1.09439,0.567536,0.132002,0.28355,0.898301,1.54194,2.17282,2.76727,3.30855,3.78386,4.18356,4.50102,2.67658,2.22689,1.71503,1.16111,0.599262,0.125853,0.256247,0.909883,1.59099,2.2555,3.17975,3.44685,3.94371,4.36046,4.69032
149,1.00732,0.859117,0.708496,0.571693,0.479109,0.488555,0.853382,0.818016,1.00856,1.20611,1.4043,1.59687,1.77816,1.94318,2.08762,1.0894,0.917651,0.740763,0.573569,0.448615,0.441447,0.612623,0.822445,1.04578,1.27552,1.50387,1.72348,1.9279,2.1116,2.27002,1.18187,0.987788,0.78378,0.587276,0.429332,0.396565,0.585174,0.826995,1.08336,1.34549,1.60413,1.85082,2.07833,2.28066,2.45297,1.28221,1.06615,0.835831,0.609264,0.418408,0.353538,0.557727,0.831687,1.12133,1.41608,1.70512,1.97892,2.22949,2.45036,2.63647,1.38988,1.15174,0.894965,0.638593,0.41469,0.313714,0.530282,0.836548,1.15976,1.48735,1.80691,2.10782,2.38139,2.62071,2.82051,1.50289,1.24298,0.960475,0.674031,0.416695,0.279337,0.502839,0.841609,1.19872,1.55938,1.90954,2.23754,2.53404,2.79172,3.0051,1.61975,1.33841,1.03098,0.714135,0.42347,0.249994,0.4754,0.846912,1.23828,1.63224,2.01307,2.36814,2.68747,2.96339,3.19023,1.74284,1.43979,1.10546,0.759023,0.434682,0.224494,0.447964,0.852512,1.27854,1.70601,2.11755,2.49962,2.84169,3.13573,3.37591,1.8683,1.54398,1.18363,0.807369,0.449369,0.202488,0.420533,0.858478,1.31961,1.78077,2.22304,2.63202,2.9967,3.30872,3.56212,1.9967,1.65073,1.26556,0.858133,0.466898,0.183553,0.393109,0.8649,1.3616,1.85663,2.32959,2.76537,3.15251,3.48238,3.74886,2.12802,1.76171,1.3498,0.91379,0.487793,0.166983,0.365693,0.871902,1.40466,1.93368,2.43724,2.89968,3.30913,3.6567,3.93613,2.26236,1.87461,1.43784,0.971161,0.51157,0.152764,0.33829,0.879644,1.44896,2.012,2.54605,3.03497,3.46657,3.83168,4.12392,2.39825,1.99031,1.52798,1.0319,0.537614,0.141578,0.310905,0.888347,1.49465,2.09168,2.65605,3.17126,3.62481,4.0073,4.31222,2.53703,2.10793,1.62091,1.09439,0.567536,0.132002,0.28355,0.898301,1.54194,2.17282,2.76727,3.30855,3.78386,4.18356,4.50102,2.67658,2.22689,1.71503,1.16111,0.599262,0.125853,0.256247,0.909883,1.59099,2.2555,3.17975,3.44685,3.94371,4.36046,4.69032
150,1.00732,0.859117,0.708496,0.571693,0.479109,0.488555,0.853382,0.818016,1.00856,1.20611,1.4043,1.59687,1.77816,1.94318,2.08762,1.0894,0.917651,0.740763,0.573569,0.448615,0.441447,0.612623,0.822445,1.04578,1.27552,1.50387,1.72348,1.9279,2.1116,2.27002,1.18187,0.987788,0.78378,0.587276,0.429332,0.396565,0.585174,0.826995,1.08336,1.34549,1.60413,1.85082,2.07833,2.28066,2.45297,1.28221,1.06615,0.835831,0.609264,0.418408,0.353538,0.557727,0.831687,1.12133,1.41608,1.70512,1.97892,2.22949,2.45036,2.63647,1.38988,1.15174,0.894965,0.638593,0.41469,0.313714,0.530282,0.836548,1.15976,1.48735,1.80691,2.10782,2.38139,2.62071,2.82051,1.50289,1.24298,0.960475,0.674031,0.416695,0.279337,0.502839,0.841609,1.19872,1.55938,1.90954,2.23754,2.53404,2.79172,3.0051,1.61975,1.33841,1.03098,0.714135,0.42347,0.249994,0.4754,0.846912,1.23828,1.63224,2.01307,2.36814,2.68747,2.96339,3.19023,1.74284,1.43979,1.10546,0.759023,0.434682,0.224494,0.447964,0.852512,1.27854,1.70601,2.11755,2.49962,2.84169,3.13573,3.37591,1.8683,1.54398,1.18363,0.807369,0.449369,0.202488,0.420533,0.858478,1.31961,1.78077,2.22304,2.63202,2.9967,3.30872,3.56212,1.9967,1.65073,1.26556,0.858133,0.466898,0.183553,0.393109,0.8649,1.3616,1.85663,2.32959,2.76537,3.15251,3.48238,3.74886,2.12802,1.76171,1.3498,0.91379,0.487793,0.166983,0.365693,0.871902,1.40466,1.93368,2.43724,2.89968,3.30913,3.6567,3.93613,2.26236,1.87461,1.43784,0.971161,0.51157,0.152764,0.33829,0.879644,1.44896,2.012,2.54605,3.03497,3.46657,3.83168,4.12392,2.39825,1.99031,1.52798,1.0319,0.537614,0.141578,0.310905,0.888347,1.49465,2.09168,2.65605,3.17126,3.62481,4.0073,4.31222,2.53703,2.10793,1.62091,1.09439,0.567536,0.132002,0.28355,0.898301,1.54194,2.17282,2.76727,3.30855,3.78386,4.18356,4.50102,2.67658,2.22689,1.71503,1.16111,0.599262,0.125853,0.256247,0.909883,1.59099,2.2555,3.17975,3.44685,3.94371,4.36046,4.69032
151,1.00732,0.859117,0.708496,0.571693,0.479109,0.488555,0.853382,0.818016,1.00856,1.20611,1.4043,1.59687,1.77816,1.94318,2.08762,1.0894,0.917651,0.740763,0.573569,0.448615,0.441447,0.612623,0.822445,1.04578,1.27552,1.50387,1.72348,1.9279,2.1116,2.27002,1.18187,0.987788,0.78378,0.587276,0.429332,0.396565,0.585174,0.826995,1.08336,1.34549,1.60413,1.85082,2.07833,2.28066,2.45297,1.28221,1.06615,0.835831,0.609264,0.418408,0.353538,0.557727,0.831687,1.12133,1.41608,1.70512,1.97892,2.22949,2.45036,2.63647,1.38988,1.15174,0.894965,0.638593,0.41469,0.313714,0.530282,0.836548,1.15976,1.48735,1.80691,2.10782,2.38139,2.62071,2.82051,1.50289,1.24298,0.960475,0.674031,0.416695,0.279337,0.502839,0.841609,1.19872,1.55938,1.90954,2.23754,2.53404,2.79172,3.0051,1.61975,1.33841,1.03098,0.714135,0.42347,0.249994,0.4754,0.846912,1.23828,1.63224,2.01307,2.36814,2.68747,2.96339,3.19023,1.74284,1.43979,1.10546,0.759023,0.434682,0.224494,0.447964,0.852512,1.27854,1.70601,2.11755,2.49962,2.84169,3.13573,3.37591,1.8683,1.54398,1.18363,0.807369,0.449369,0.202488,0.420533,0.858478,1.31961,1.78077,2.22304,2.63202,2.9967,3.30872,3.56212,1.9967,1.65073,1.26556,0.858133,0.466898,0.183553,0.393109,0.8649,1.3616,1.85663,2.32959,2.76537,3.15251,3.48238,3.74886,2.12802,1.76171,1.3498,0.91379,0.487793,0.166983,0.365693,0.871902,1.40466,1.93368,2.43724,2.89968,3.30913,3.6567,3.93613,2.26236,1.87461,1.43784,0.971161,0.51157,0.152764,0.33829,0.879644,1.44896,2.012,2.54605,3.03497,3.46657,3.83168,4.12392,2.39825,1.99031,1.52798,1.0319,0.537614,0.141578,0.310905,0.888347,1.49465,2.09168,2.65605,3.17126,3.62481,4.0073,4.31222,2.53703,2.10793,1.62091,1.09439,0.567536,0.132002,0.28355,0.898301,1.54194,2.17282,2.76727,3.30855,3.78386,4.18356,4.50102,2.67658,2.22689,1.71503,1.16111,0.599262,0.125853,0.256247,0.909883,1.59099,2.2555,3.17975,3.44685,3.94371,4.36046,4.69032
152,1.00732,0.859117,0.708496,0.571693,0.479109,0.488555,0.853382,0.818016,1.00856,1.20611,1.4043,1.59687,1.77816,1.94318,2.08762,1.0894,0.917651,0.740763,0.573569,0.448615,0.441447,0.612623,0.822445,1.04578,1.27552,1.50387,1.72348,1.9279,2.1116,2.27002,1.18187,0.987788,0.78378,0.587276,0.429332,0.396565,0.585174,0.826995,1.08336,1.34549,1.60413,1.85082,2.07833,2.28066,2.45297,1.28221,1.06615,0.835831,0.609264,0.418408,0.353538,0.557727,0.831687,1.12133,1.41608,1.70512,1.97892,2.22949,2.45036,2.63647,1.38988,1.15174,0.894965,0.638593,0.41469,0.313714,0.530282,0.836548,1.15976,1.48735,1.80691,2.10782,2.38139,2.62071,2.82051,1.50289,1.24298,0.960475,0.674031,0.416695,0.279337,0.502839,0.841609,1.19872,1.55938,1.90954,2.23754,2.53404,2.79172,3.0051,1.61975,1.33841,1.03098,0.714135,0.42347,0.249994,0.4754,0.846912,1.23828,1.63224,2.01307,2.36814,2.68747,2.96339,3.19023,1.74284,1.43979,1.10546,0.759023,0.434682,0.224494,0.447964,0.852512,1.27854,1.70601,2.11755,2.49962,2.84169,3.13573,3.37591,1.8683,1.54398,1.18363,0.807369,0.449369,0.202488,0.420533,0.858478,1.31961,1.78077,2.22304,2.63202,2.9967,3.30872,3.56212,1.9967,1.65073,1.26556,0.858133,0.466898,0.183553,0.393109,0.8649,1.3616,1.85663,2.32959,2.76537,3.15251,3.48238,3.74886,2.12802,1.76171,1.3498,0.91379,0.487793,0.166983,0.365693,0.871902,1.40466,1.93368,2.43724,2.89968,3.30913,3.6567,3.93613,2.26236,1.87461,1.43784,0.971161,0.51157,0.152764,0.33829,0.879644,1.44896,2.012,2.54605,3.03497,3.46657,3.83168,4.12392,2.39825,1.99031,1.52798,1.0319,0.537614,0.141578,0.310905,0.888347,1.49465,2.09168,2.65605,3.17126,3.62481,4.0073,4.31222,2.53703,2.10793,1.62091,1.09439,0.567536,0.132002,0.28355,0.898301,1.54194,2.17282,2.76727,3.30855,3.78386,4.18356,4.50102,2.67658,2.22689,1.71503,1.16111,0.599262,0.125853,0.256247,0.909883,1.59099,2.2555,3.17975,3.44685,3.94371,4.36046,4.69032
153,1.00732,0.859117,0.708496,0.571693,0.479109,0.488555,0.853382,0.818016,1.00856,1.20611,1.4043,1.59687,1.77816,1.94318,2.08762,1.0894,0.917651,0.740763,0.573569,0.448615,0.441447,0.612623,0.822445,1.04578,1.27552,1.50387,1.72348,1.9279,2.1116,2.27002,1.18187,0.987788,0.78378,0.587276,0.429332,0.396565,0.585174,0.826995,1.08336,1.34549,1.60413,1.85082,2.07833,2.28066,2.45297,1.28221,1.06615,0.835831,0.609264,0.418408,0.353538,0.557727,0.831687,1.12133,1.41608,1.70512,1.97892,2.22949,2.45036,2.63647,1.38988,1.15174,0.894965,0.638593,0.41469,0.313714,0.530282,0.836548,1.15976,1.48735,1.80691,2.10782,2.38139,2.62071,2.82051,1.50289,1.24298,0.960475,0.674031,0.416695,0.279337,0.502839,0.841609,1.19872,1.55938,1.90954,2.23754,2.53404,2.79172,3.0051,1.61975,1.33841,1.03098,0.714135,0.42347,0.249994,0.4754,0.846912,1.23828,1.63224,2.01307,2.36814,2.68747,2.96339,3.19023,1.74284,1.43979,1.10546,0.759023,0.434682,0.224494,0.447964,0.852512,1.27854,1.70601,2.11755,2.49962,2.84169,3.13573,3.37591,1.8683,1.54398,1.18363,0.807369,0.449369,0.202488,0.420533,0.858478,1.31961,1.78077,2.22304,2.63202,2.9967,3.30872,3.56212,1.9967,1.65073,1.26556,0.858133,0.466898,0.183553,0.393109,0.8649,1.3616,1.85663,2.32959,2.76537,3.15251,3.48238,3.74886,2.12802,1.76171,1.3498,0.91379,0.487793,0.166983,0.365693,0.871902,1.40466,1.93368,2.43724,2.89968,3.30913,3.6567,3.93613,2.26236,1.87461,1.43784,0.971161,0.51157,0.152764,0.33829,0.879644,1.44896,2.012,2.54605,3.03497,3.46657,3.83168,4.12392,2.39825,1.99031,1.52798,1.0319,0.537614,0.141578,0.310905,0.888347,1.49465,2.09168,2.65605,3.17126,3.62481,4.0073,4.31222,2.53703,2.10793,1.62091,1.09439,0.567536,0.132002,0.28355,0.898301,1.54194,2.17282,2.76727,3.30855,3.78386,4.18356,4.50102,2.67658,2.22689,1.71503,1.16111,0.599262,0.125853,0.256247,0.909883,1.59099,2.2555,3.17975,3.44685,3.94371,4.36046,4.69032
154,1.00732,0.859117,0.708496,0.571693,0.479109,0.488555,0.853382,0.818016,1.00856,1.20611,1.4043,1.59687,1.77816,1.94318,2.08762,1.0894,0.917651,0.740763,0.573569,0.448615,0.441447,0.612623,0.822445,1.04578,1.27552,1.50387,1.72348,1.9279,2.1116,2.27002,1.18187,0.987788,0.78378,0.587276,0.429332,0.396565,0.585174,0.826995,1.08336,1.34549,1.60413,1.85082,2.07833,2.28066,2.45297,1.28221,1.06615,0.835831,0.609264,0.418408,0.353538,0.557727,0.831687,1.12133,1.41608,1.70512,1.97892,2.22949,2.45036,2.63647,1.38988,1.15174,0.894965,0.638593,0.41469,0.313714,0.530282,0.836548,1.15976,1.48735,1.80691,2.10782,2.38139,2.62071,2.82051,1.50289,1.24298,0.960475,0.674031,0.416695,0.279337,0.502839,0.841609,1.19872,1.55938,1.90954,2.23754,2.53404,2.79172,3.0051,1.61975,1.33841,1.03098,0.714135,0.42347,0.249994,0.4754,0.846912,1.23828,1.63224,2.01307,2.36814,2.68747,2.96339,3.19023,1.74284,1.43979,1.10546,0.759023,0.434682,0.224494,0.447964,0.852512,1.27854,1.70601,2.11755,2.49962,2.84169,3.13573,3.37591,1.8683,1.54398,1.18363,0.807369,0.449369,0.202488,0.420533,0.858478,1.31961,1.78077,2.22304,2.63202,2.9967,3.30872,3.56212,1.9967,1.65073,1.26556,0.858133,0.466898,0.183553,0.393109,0.8649,1.3616,1.85663,2.32959,2.76537,3.15251,3.48238,3.74886,2.12802,1.76171,1.3498,0.91379,0.487793,0.166983,0.365693,0.871902,1.40466,1.93368,2.43724,2.89968,3.30913,3.6567,3.93613,2.26236,1.87461,1.43784,0.971161,0.51157,0.152764,0.33829,0.879644,1.44896,2.012,2.54605,3.03497,3.46657,3.83168,4.12392,2.39825,1.99031,1.52798,1.0319,0.537614,0.141578,0.310905,0.888347,1.49465,2.09168,2.65605,3.17126,3.62481,4.0073,4.31222,2.53703,2.10793,1.62091,1.09439,0.567536,0.132002,0.28355,0.898301,1.54194,2.17282,2.76727,3.30855,3.78386,4.18356,4.50102,2.67658,2.22689,1.71503,1.16111,0.599262,0.125853,0.256247,0.909883,1.59099,2.2555,3.17975,3.44685,3.94371,4.36046,4.69032
155,1.00732,0.859117,0.708496,0.571693,0.479109,0.488555,0.853382,0.818016,1.00856,1.20611,1.4043,1.59687,1.77816,1.94318,2.08762,1.0894,0.917651,0.740763,0.573569,0.448615,0.441447,0.612623,0.822445,1.04578,1.27552,1.50387,1.72348,1.9279,2.1116,2.27002,1.18187,0.987788,0.78378,0.587276,0.429332,0.396565,0.585174,0.826995,1.08336,1.34549,1.60413,1.85082,2.07833,2.28066,2.45297,1.28221,1.06615,0.835831,0.609264,0.418408,0.353538,0.557727,0.831687,1.12133,1.41608,1.70512,1.97892,2.22949,2.45036,2.63647,1.38988,1.15174,0.894965,0.638593,0.41469,0.313714,0.530282,0.836548,1.15976,1.48735,1.80691,2.10782,2.38139,2.62071,2.82051,1.50289,1.24298,0.960475,0.674031,0.416695,0.279337,0.502839,0.841609,1.19872,1.55938,1.90954,2.23754,2.53404,2.79172,3.0051,1.61975,1.33841,1.03098,0.714135,0.42347,0.249994,0.4754,0.846912,1.23828,1.63224,2.01307,2.36814,2.68747,2.96339,3.19023,1.74284,1.43979,1.10546,0.759023,0.434682,0.224494,0.447964,0.852512,1.27854,1.70601,2.11755,2.49962,2.84169,3.13573,3.37591,1.8683,1.54398,1.18363,0.807369,0.449369,0.202488,0.420533,0.858478,1.31961,1.78077,2.22304,2.63202,2.9967,3.30872,3.56212,1.9967,1.65073,1.26556,0.858133,0.466898,0.183553,0.393109,0.8649,1.3616,1.85663,2.32959,2.76537,3.15251,3.48238,3.74886,2.12802,1.76171,1.3498,0.91379,0.487793,0.166983,0.365693,0.871902,1.40466,1.93368,2.43724,2.89968,3.30913,3.6567,3.93613,2.26236,1.87461,1.43784,0.971161,0.51157,0.152764,0.33829,0.879644,1.44896,2.012,2.54605,3.03497,3.46657,3.83168,4.12392,2.39825,1.99031,1.52798,1.0319,0.537614,0.141578,0.310905,0.888347,1.49465,2.09168,2.65605,3.17126,3.62481,4.0073,4.31222,2.53703,2.10793,1.62091,1.09439,0.567536,0.132002,0.28355,0.898301,1.54194,2.17282,2.76727,3.30855,3.78386,4.18356,4.50102,2.67658,2.22689,1.71503,1.16111,0.599262,0.125853,0.256247,0.909883,1.59099,2.2555,3.17975,3.44685,3.94371,4.36046,4.69032
156,1.00732,0.859117,0.708496,0.571693,0.479109,0.488555,0.853382,0.818016,1.00856,1.20611,1.4043,1.59687,1.77816,1.94318,2.08762,1.0894,0.917651,0.740763,0.573569,0.448615,0.441447,0.612623,0.822445,1.04578,1.27552,1.50387,1.72348,1.9279,2.1116,2.27002,1.18187,0.987788,0.78378,0.587276,0.429332,0.396565,0.585174,0.826995,1.08336,1.34549,1.60413,1.85082,2.07833,2.28066,2.45297,1.28221,1.06615,0.835831,0.609264,0.418408,0.353538,0.557727,0.831687,1.12133,1.41608,1.70512,1.97892,2.22949,2.45036,2.63647,1.38988,1.15174,0.894965,0.638593,0.41469,0.313714,0.530282,0.836548,1.15976,1.48735,1.80691,2.10782,2.38139,2.62071,2.82051,1.50289,1.24298,0.960475,0.674031,0.416695,0.279337,0.502839,0.841609,1.19872,1.55938,1.90954,2.23754,2.53404,2.79172,3.0051,1.61975,1.33841,1.03098,0.714135,0.42347,0.249994,0.4754,0.846912,1.23828,1.63224,2.01307,2.36814,2.68747,2.96339,3.19023,1.74284,1.43979,1.10546,0.759023,0.434682,0.224494,0.447964,0.852512,1.27854,1.70601,2.11755,2.49962,2.84169,3.13573,3.37591,1.8683,1.54398,1.18363,0.807369,0.449369,0.202488,0.420533,0.858478,1.31961,1.78077,2.22304,2.63202,2.9967,3.30872,3.56212,1.9967,1.65073,1.26556,0.858133,0.466898,0.183553,0.393109,0.8649,1.3616,1.85663,2.32959,2.76537,3.15251,3.48238,3.74886,2.12802,1.76171,1.3498,0.91379,0.487793,0.166983,0.365693,0.871902,1.40466,1.93368,2.43724,2.89968,3.30913,3.6567,3.93613,2.26236,1.87461,1.43784,0.971161,0.51157,0.152764,0.33829,0.879644,1.44896,2.012,2.54605,3.03497,3.46657,3.83168,4.12392,2.39825,1.99031,1.52798,1.0319,0.537614,0.141578,0.310905,0.888347,1.49465,2.09168,2.65605,3.17126,3.62481,4.0073,4.31222,2.53703,2.10793,1.62091,1.09439,0.567536,0.132002,0.28355,0.898301,1.54194,2.17282,2.76727,3.30855,3.78386,4.18356,4.50102,2.67658,2.22689,1.71503,1.16111,0.599262,0.125853,0.256247,0.909883,1.59099,2.2555,3.17975,3.44685,3.94371,4.36046,4.69032
157,1.00732,0.859117,0.708496,0.571693,0.479109,0.488555,0.853382,0.818016,1.00856,1.20611,1.4043,1.59687,1.77816,1.94318,2.08762,1.0894,0.917651,0.740763,0.573569,0.448615,0.441447,0.612623,0.822445,1.04578,1.27552,1.50387,1.72348,1.9279,2.1116,2.27002,1.18187,0.987788,0.78378,0.587276,0.429332,0.396565,0.585174,0.826995,1.08336,1.34549,1.60413,1.85082,2.07833,2.28066,2.45297,1.28221,1.06615,0.835831,0.609264,0.418408,0.353538,0.557727,0.831687,1.12133,1.41608,1.70512,1.97892,2.22949,2.45036,2.63647,1.38988,1.15174,0.894965,0.638593,0.41469,0.313714,0.530282,0.836548,1.15976,1.48735,1.80691,2.10782,2.38139,2.62071,2.82051,1.50289,1.24298,0.960475,0.674031,0.416695,0.279337,0.502839,0.841609,1.19872,1.55938,1.90954,2.23754,2.53404,2.79172,3.0051,1.61975,1.33841,1.03098,0.714135,0.42347,0.249994,0.4754,0.846912,1.23828,1.63224,2.01307,2.36814,2.68747,2.96339,3.19023,1.74284,1.43979,1.10546,0.759023,0.434682,0.224494,0.447964,0.852512,1.27854,1.70601,2.11755,2.49962,2.84169,3.13573,3.37591,1.8683,1.54398,1.18363,0.807369,0.449369,0.202488,0.420533,0.858478,1.31961,1.78077,2.22304,2.63202,2.9967,3.30872,3.56212,1.9967,1.65073,1.26556,0.858133,0.466898,0.183553,0.393109,0.8649,1.3616,1.85663,2.32959,2.76537,3.15251,3.48238,3.74886,2.12802,1.76171,1.3498,0.91379,0.487793,0.166983,0.365693,0.871902,1.40466,1.93368,2.43724,2.89968,3.30913,3.6567,3.93613,2.26236,1.87461,1.43784,0.971161,0.51157,0.152764,0.33829,0.879644,1.44896,2.012,2.54605,3.03497,3.46657,3.83168,4.12392,2.39825,1.99031,1.52798,1.0319,0.537614,0.141578,0.310905,0.888347,1.49465,2.09168,2.65605,3.17126,3.62481,4.0073,4.31222,2.53703,2.10793,1.62091,1.09439,0.567536,0.132002,0.28355,0.898301,1.54194,2.17282,2.76727,3.30855,3.78386,4.18356,4.50102,2.67658,2.22689,1.71503,1.16111,0.599262,0.125853,0.256247,0.909883,1.59099,2.2555,3.17975,3.44685,3.94371,4.36046,4.69032
158,1.00732,0.859117,0.708496,0.571693,0.479109,0.488555,0.853382,0.818016,1.00856,1.20611,1.4043,1.59687,1.77816,1.94318,2.08762,1.0894,0.917651,0.740763,0.573569,0.448615,0.441447,0.612623,0.822445,1.04578,1.27552,1.50387,1.72348,1.9279,2.1116,2.27002,1.18187,0.987788,0.78378,0.587276,0.429332,0.396565,0.585174,0.826995,1.08336,1.34549,1.60413,1.85082,2.07833,2.28066,2.45297,1.28221,1.06615,0.835831,0.609264,0.418408,0.353538,0.557727,0.831687,1.12133,1.41608,1.70512,1.97892,2.22949,2.45036,2.63647,1.38988,1.15174,0.894965,0.638593,0.41469,0.313714,0.530282,0.836548,1.15976,1.48735,1.80691,2.10782,2.38139,2.62071,2.82051,1.50289,1.24298,0.960475,0.674031,0.416695,0.279337,0.502839,0.841609,1.19872,1.55938,1.90954,2.23754,2.53404,2.79172,3.0051,1.61975,1.33841,1.03098,0.714135,0.42347,0.249994,0.4754,0.846912,1.23828,1.63224,2.01307,2.36814,2.68747,2.96339,3.19023,1.74284,1.43979,1.10546,0.759023,0.434682,0.224494,0.447964,0.852512,1.27854,1.70601,2.11755,2.49962,2.84169,3.13573,3.37591,1.8683,1.54398,1.18363,0.807369,0.449369,0.202488,0.420533,0.858478,1.31961,1.78077,2.22304,2.63202,2.9967,3.30872,3.56212,1.9967,1.65073,1.26556,0.858133,0.466898,0.183553,0.393109,0.8649,1.3616,1.85663,2.32959,2.76537,3.15251,3.48238,3.74886,2.12802,1.76171,1.3498,0.91379,0.487793,0.166983,0.365693,0.871902,1.40466,1.93368,2.43724,2.89968,3.30913,3.6567,3.93613,2.26236,1.87461,1.43784,0.971161,0.51157,0.152764,0.33829,0.879644,1.44896,2.012,2.54605,3.03497,3.46657,3.83168,4.12392,2.39825,1.99031,1.52798,1.0319,0.537614,0.141578,0.310905,0.888347,1.49465,2.09168,2.65605,3.17126,3.62481,4.0073,4.31222,2.53703,2.10793,1.62091,1.09439,0.567536,0.132002,0.28355,0.898301,1.54194,2.17282,2.76727,3.30855,3.78386,4.18356,4.50102,2.67658,2.22689,1.71503,1.16111,0.599262,0.125853,0.256247,0.909883,1.59099,2.2555,3.17975,3.44685,3.94371,4.36046,4.69032
159,1.00732,0.859117,0.708496,0.571693,0.479109,0.488555,0.853382,0.818016,1.00856,1.20611,1.4043,1.59687,1.77816,1.94318,2.08762,1.0894,0.917651,0.740763,0.573569,0.448615,0.441447,0.612623,0.822445,1.04578,1.27552,1.50387,1.72348,1.9279,2.1116,2.27002,1.18187,0.987788,0.78378,0.587276,0.429332,0.396565,0.585174,0.826995,1.08336,1.34549,1.60413,1.85082,2.07833,2.28066,2.45297,1.28221,1.06615,0.835831,0.609264,0.418408,0.353538,0.557727,0.831687,1.12133,1.41608,1.70512,1.97892,2.22949,2.45036,2.63647,1.38988,1.15174,0.894965,0.638593,0.41469,0.313714,0.530282,0.836548,1.15976,1.48735,1.80691,2.10782,2.38139,2.62071,2.82051,1.50289,1.24298,0.960475,0.674031,0.416695,0.279337,0.502839,0.841609,1.19872,1.55938,1.90954,2.23754,2.53404,2.79172,3.0051,1.61975,1.33841,1.03098,0.714135,0.42347,0.249994,0.4754,0.846912,1.23828,1.63224,2.01307,2.36814,2.68747,2.96339,3.19023,1.74284,1.43979,1.10546,0.759023,0.434682,0.224494,0.447964,0.852512,1.27854,1.70601,2.11755,2.49962,2.84169,3.13573,3.37591,1.8683,1.54398,1.18363,0.807369,0.449369,0.202488,0.420533,0.858478,1.31961,1.78077,2.22304,2.63202,2.9967,3.30872,3.56212,1.9967,1.65073,1.26556,0.858133,0.466898,0.183553,0.393109,0.8649,1.3616,1.85663,2.32959,2.76537,3.15251,3.48238,3.74886,2.12802,1.76171,1.3498,0.91379,0.487793,0.166983,0.365693,0.871902,1.40466,1.93368,2.43724,2.89968,3.30913,3.6567,3.93613,2.26236,1.87461,1.43784,0.971161,0.51157,0.152764,0.33829,0.879644,1.44896,2.012,2.54605,3.03497,3.46657,3.83168,4.12392,2.39825,1.99031,1.52798,1.0319,0.537614,0.141578,0.310905,0.888347,1.49465,2.09168,2.65605,3.17126,3.62481,4.0073,4.31222,2.53703,2.10793,1.62091,1.09439,0.567536,0.132002,0.28355,0.898301,1.54194,2.17282,2.76727,3.30855,3.78386,4.18356,4.50102,2.67658,2.22689,1.71503,1.16111,0.599262,0.125853,0.256247,0.909883,1.59099,2.2555,3.17975,3.44685,3.94371,4.36046,4.69032
160,1.00732,0.859117,0.708496,0.571693,0.479109,0.488555,0.853382,0.818016,1.00856,1.20611,1.4043,1.59687,1.77816,1.94318,2.08762,1.0894,0.917651,0.740763,0.573569,0.448615,0.441447,0.612623,0.822445,1.04578,1.27552,1.50387,1.72348,1.9279,2.1116,2.27002,1.18187,0.987788,0.78378,0.587276,0.429332,0.396565,0.585174,0.826995,1.08336,1.34549,1.60413,1.85082,2.07833,2.28066,2.45297,1.28221,1.06615,0.835831,0.609264,0.418408,0.353538,0.557727,0.831687,1.12133,1.41608,1.70512,1.97892,2.22949,2.45036,2.63647,1.38988,1.15174,0.894965,0.638593,0.41469,0.313714,0.530282,0.836548,1.15976,1.48735,1.80691,2.10782,2.38139,2.62071,2.82051,1.50289,1.24298,0.960475,0.674031,0.416695,0.279337,0.502839,0.841609,1.19872,1.55938,1.90954,2.23754,2.53404,2.79172,3.0051,1.61975,1.33841,1.03098,0.714135,0.42347,0.249994,0.4754,0.846912,1.23828,1.63224,2.01307,2.36814,2.68747,2.96339,3.19023,1.74284,1.43979,1.10546,0.759023,0.434682,0.224494,0.447964,0.852512,1.27854,1.70601,2.11755,2.49962,2.84169,3.13573,3.37591,1.8683,1.54398,1.18363,0.807369,0.449369,0.202488,0.420533,0.858478,1.31961,1.78077,2.22304,2.63202,2.9967,3.30872,3.56212,1.9967,1.65073,1.26556,0.858133,0.466898,0.183553,0.393109,0.8649,1.3616,1.85663,2.32959,2.76537,3.15251,3.48238,3.74886,2.12802,1.76171,1.3498,0.91379,0.487793,0.166983,0.365693,0.871902,1.40466,1.93368,2.43724,2.89968,3.30913,3.6567,3.93613,2.26236,1.87461,1.43784,0.971161,0.51157,0.152764,0.33829,0.879644,1.44896,2.012,2.54605,3.03497,3.46657,3.83168,4.12392,2.39825,1.99031,1.52798,1.0319,0.537614,0.141578,0.310905,0.888347,1.49465,2.09168,2.65605,3.17126,3.62481,4.0073,4.31222,2.53703,2.10793,1.62091,1.09439,0.567536,0.132002,0.28355,0.898301,1.54194,2.17282,2.76727,3.30855,3.78386,4.18356,4.50102,2.67658,2.22689,1.71503,1.16111,0.599262,0.125853,0.256247,0.909883,1.59099,2.2555,3.17975,3.44685,3.94371,4.36046,4.69032
161,1.00732,0.859117,0.708496,0.571693,0.479109,0.488555,0.853382,0.818016,1.00856,1.20611,1.4043,1.59687,1.77816,1.94318,2.08762,1.0894,0.917651,0.740763,0.573569,0.448615,0.441447,0.612623,0.822445,1.04578,1.27552,1.50387,1.72348,1.9279,2.1116,2.27002,1.18187,0.987788,0.78378,0.587276,0.429332,0.396565,0.585174,0.826995,1.08336,1.34549,1.60413,1.85082,2.07833,2.28066,2.45297,1.28221,1.06615,0.835831,0.609264,0.418408,0.353538,0.557727,0.831687,1.12133,1.41608,1.70512,1.97892,2.22949,2.45036,2.63647,1.38988,1.15174,0.894965,0.638593,0.41469,0.313714,0.530282,0.836548,1.15976,1.48735,1.80691,2.10782,2.38139,2.62071,2.82051,1.50289,1.24298,0.960475,0.674031,0.416695,0.279337,0.502839,0.841609,1.19872,1.55938,1.90954,2.23754,2.53404,2.79172,3.0051,1.61975,1.33841,1.03098,0.714135,0.42347,0.249994,0.4754,0.846912,1.23828,1.63224,2.01307,2.36814,2.68747,2.96339,3.19023,1.74284,1.43979,1.10546,0.759023,0.434682,0.224494,0.447964,0.852512,1.27854,1.70601,2.11755,2.49962,2.84169,3.13573,3.37591,1.8683,1.54398,1.18363,0.807369,0.449369,0.202488,0.420533,0.858478,1.31961,1.78077,2.22304,2.63202,2.9967,3.30872,3.56212,1.9967,1.65073,1.26556,0.858133,0.466898,0.183553,0.393109,0.8649,1.3616,1.85663,2.32959,2.76537,3.15251,3.48238,3.74886,2.12802,1.76171,1.3498,0.91379,0.487793,0.166983,0.365693,0.871902,1.40466,1.93368,2.43724,2.89968,3.30913,3.6567,3.93613,2.26236,1.87461,1.43784,0.971161,0.51157,0.152764,0.33829,0.879644,1.44896,2.012,2.54605,3.03497,3.46657,3.83168,4.12392,2.39825,1.99031,1.52798,1.0319,0.537614,0.141578,0.310905,0.888347,1.49465,2.09168,2.65605,3.17126,3.62481,4.0073,4.31222,2.53703,2.10793,1.62091,1.09439,0.567536,0.132002,0.28355,0.898301,1.54194,2.17282,2.76727,3.30855,3.78386,4.18356,4.50102,2.67658,2.22689,1.71503,1.16111,0.599262,0.125853,0.256247,0.909883,1.59099,2.2555,3.17975,3.44685,3.94371,4.36046,4.69032
162,1.00732,0.859117,0.708496,0.571693,0.479109,0.488555,0.853382,0.818016,1.00856,1.20611,1.4043,1.59687,1.77816,1.94318,2.08762,1.0894,0.917651,0.740763,0.573569,0.448615,0.441447,0.612623,0.822445,1.04578,1.27552,1.50387,1.72348,1.9279,2.1116,2.27002,1.18187,0.987788,0.78378,0.587276,0.429332,0.396565,0.585174,0.826995,1.08336,1.34549,1.60413,1.85082,2.07833,2.28066,2.45297,1.28221,1.06615,0.835831,0.609264,0.418408,0.353538,0.557727,0.831687,1.12133,1.41608,1.70512,1.97892,2.22949,2.45036,2.63647,1.38988,1.15174,0.894965,0.638593,0.41469,0.313714,0.530282,0.836548,1.15976,1.48735,1.80691,2.10782,2.38139,2.62071,2.82051,1.50289,1.24298,0.960475,0.674031,0.416695,0.279337,0.502839,0.841609,1.19872,1.55938,1.90954,2.23754,2.53404,2.79172,3.0051,1.61975,1.33841,1.03098,0.714135,0.42347,0.249994,0.4754,0.846912,1.23828,1.63224,2.01307,2.36814,2.68747,2.96339,3.19023,1.74284,1.43979,1.10546,0.759023,0.434682,0.224494,0.447964,0.852512,1.27854,1.70601,2.11755,2.49962,2.84169,3.13573,3.37591,1.8683,1.54398,1.18363,0.807369,0.449369,0.202488,0.420533,0.858478,1.31961,1.78077,2.22304,2.63202,2.9967,3.30872,3.56212,1.9967,1.65073,1.26556,0.858133,0.466898,0.183553,0.393109,0.8649,1.3616,1.85663,2.32959,2.76537,3.15251,3.48238,3.74886,2.12802,1.76171,1.3498,0.91379,0.487793,0.166983,0.365693,0.871902,1.40466,1.93368,2.43724,2.89968,3.30913,3.6567,3.93613,2.26236,1.87461,1.43784,0.971161,0.51157,0.152764,0.33829,0.879644,1.44896,2.012,2.54605,3.03497,3.46657,3.83168,4.12392,2.39825,1.99031,1.52798,1.0319,0.537614,0.141578,0.310905,0.888347,1.49465,2.09168,2.65605,3.17126,3.62481,4.0073,4.31222,2.53703,2.10793,1.62091,1.09439,0.567536,0.132002,0.28355,0.898301,1.54194,2.17282,2.76727,3.30855,3.78386,4.18356,4.50102,2.67658,2.22689,1.71503,1.16111,0.599262,0.125853,0.256247,0.909883,1.59099,2.2555,3.17975,3.44685,3.94371,4.36046,4.69032
163,1.00732,0.859117,0.708496,0.571693,0.479109,0.488555,0.853382,0.818016,1.00856,1.20611,1.4043,1.59687,1.77816,1.94318,2.08762,1.0894,0.917651,0.740763,0.573569,0.448615,0.441447,0.612623,0.822445,1.04578,1.27552,1.50387,1.72348,1.9279,2.1116,2.27002,1.18187,0.987788,0.78378,0.587276,0.429332,0.396565,0.585174,0.826995,1.08336,1.34549,1.60413,1.85082,2.07833,2.28066,2.45297,1.28221,1.06615,0.835831,0.609264,0.418408,0.353538,0.557727,0.831687,1.12133,1.41608,1.70512,1.97892,2.22949,2.45036,2.63647,1.38988,1.15174,0.894965,0.638593,0.41469,0.313714,0.530282,0.836548,1.15976,1.48735,1.80691,2.10782,2.38139,2.62071,2.82051,1.50289,1.24298,0.960475,0.674031,0.416695,0.279337,0.502839,0.841609,1.19872,1.55938,1.90954,2.23754,2.53404,2.79172,3.0051,1.61975,1.33841,1.03098,0.714135,0.42347,0.249994,0.4754,0.846912,1.23828,1.63224,2.01307,2.36814,2.68747,2.96339,3.19023,1.74284,1.43979,1.10546,0.759023,0.434682,0.224494,0.447964,0.852512,1.27854,1.70601,2.11755,2.49962,2.84169,3.13573,3.37591,1.8683,1.54398,1.18363,0.807369,0.449369,0.202488,0.420533,0.858478,1.31961,1.78077,2.22304,2.63202,2.9967,3.30872,3.56212,1.9967,1.65073,1.26556,0.858133,0.466898,0.183553,0.393109,0.8649,1.3616,1.85663,2.32959,2.76537,3.15251,3.48238,3.74886,2.12802,1.76171,1.3498,0.91379,0.487793,0.166983,0.365693,0.871902,1.40466,1.93368,2.43724,2.89968,3.30913,3.6567,3.93613,2.26236,1.87461,1.43784,0.971161,0.51157,0.152764,0.33829,0.879644,1.44896,2.012,2.54605,3.03497,3.46657,3.83168,4.12392,2.39825,1.99031,1.52798,1.0319,0.537614,0.141578,0.310905,0.888347,1.49465,2.09168,2.65605,3.17126,3.62481,4.0073,4.31222,2.53703,2.10793,1.62091,1.09439,0.567536,0.132002,0.28355,0.898301,1.54194,2.17282,2.76727,3.30855,3.78386,4.18356,4.50102,2.67658,2.22689,1.71503,1.16111,0.599262,0.125853,0.256247,0.909883,1.59099,2.2555,3.17975,3.44685,3.94371,4.36046,4.69032
164,1.00732,0.859117,0.708496,0.571693,0.479109,0.488555,0.853382,0.818016,1.00856,1.20611,1.4043,1.59687,1.77816,1.94318,2.08762,1.0894,0.917651,0.740763,0.573569,0.448615,0.441447,0.612623,0.822445,1.04578,1.27552,1.50387,1.72348,1.9279,2.1116,2.27002,1.18187,0.987788,0.78378,0.587276,0.429332,0.396565,0.585174,0.826995,1.08336,1.34549,1.60413,1.85082,2.07833,2.28066,2.45297,1.28221,1.06615,0.835831,0.609264,0.418408,0.353538,0.557727,0.831687,1.12133,1.41608,1.70512,1.97892,2.22949,2.45036,2.63647,1.38988,1.15174,0.894965,0.638593,0.41469,0.313714,0.530282,0.836548,1.15976,1.48735,1.80691,2.10782,2.38139,2.62071,2.82051,1.50289,1.24298,0.960475,0.674031,0.416695,0.279337,0.502839,0.841609,1.19872,1.55938,1.90954,2.23754,2.53404,2.79172,3.0051,1.61975,1.33841,1.03098,0.714135,0.42347,0.249994,0.4754,0.846912,1.23828,1.63224,2.01307,2.36814,2.68747,2.96339,3.19023,1.74284,1.43979,1.10546,0.759023,0.434682,0.224494,0.447964,0.852512,1.27854,1.70601,2.11755,2.49962,2.84169,3.13573,3.37591,1.8683,1.54398,1.18363,0.807369,0.449369,0.202488,0.420533,0.858478,1.31961,1.78077,2.22304,2.63202,2.9967,3.30872,3.56212,1.9967,1.65073,1.26556,0.858133,0.466898,0.183553,0.393109,0.8649,1.3616,1.85663,2.32959,2.76537,3.15251,3.48238,3.74886,2.12802,1.76171,1.3498,0.91379,0.487793,0.166983,0.365693,0.871902,1.40466,1.93368,2.43724,2.89968,3.30913,3.6567,3.93613,2.26236,1.87461,1.43784,0.971161,0.51157,0.152764,0.33829,0.879644,1.44896,2.012,2.54605,3.03497,3.46657,3.83168,4.12392,2.39825,1.99031,1.52798,1.0319,0.537614,0.141578,0.310905,0.888347,1.49465,2.09168,2.65605,3.17126,3.62481,4.0073,4.31222,2.53703,2.10793,1.62091,1.09439,0.567536,0.132002,0.28355,0.898301,1.54194,2.17282,2.76727,3.30855,3.78386,4.18356,4.50102,2.67658,2.22689,1.71503,1.16111,0.599262,0.125853,0.256247,0.909883,1.59099,2.2555,3.17975,3.44685,3.94371,4.36046,4.69032
165,1.00732,0.859117,0.708496,0.571693,0.479109,0.488555,0.853382,0.818016,1.00856,1.20611,1.4043,1.59687,1.77816,1.94318,2.08762,1.0894,0.917651,0.740763,0.573569,0.448615,0.441447,0.612623,0.822445,1.04578,1.27552,1.50387,1.72348,1.9279,2.1116,2.27002,1.18187,0.987788,0.78378,0.587276,0.429332,0.396565,0.585174,0.826995,1.08336,1.34549,1.60413,1.85082,2.07833,2.28066,2.45297,1.28221,1.06615,0.835831,0.609264,0.418408,0.353538,0.557727,0.831687,1.12133,1.41608,1.70512,1.97892,2.22949,2.45036,2.63647,1.38988,1.15174,0.894965,0.638593,0.41469,0.313714,0.530282,0.836548,1.15976,1.48735,1.80691,2.10782,2.38139,2.62071,2.82051,1.50289,1.24298,0.960475,0.674031,0.416695,0.279337,0.502839,0.841609,1.19872,1.55938,1.90954,2.23754,2.53404,2.79172,3.0051,1.61975,1.33841,1.03098,0.714135,0.42347,0.249994,0.4754,0.846912,1.23828,1.63224,2.01307,2.36814,2.68747,2.96339,3.19023,1.74284,1.43979,1.10546,0.759023,0.434682,0.224494,0.447964,0.852512,1.27854,1.70601,2.11755,2.49962,2.84169,3.13573,3.37591,1.8683,1.54398,1.18363,0.807369,0.449369,0.202488,0.420533,0.858478,1.31961,1.78077,2.22304,2.63202,2.9967,3.30872,3.56212,1.9967,1.65073,1.26556,0.858133,0.466898,0.183553,0.393109,0.8649,1.3616,1.85663,2.32959,2.76537,3.15251,3.48238,3.74886,2.12802,1.76171,1.3498,0.91379,0.487793,0.166983,0.365693,0.871902,1.40466,1.93368,2.43724,2.89968,3.30913,3.6567,3.93613,2.26236,1.87461,1.43784,0.971161,0.51157,0.152764,0.33829,0.879644,1.44896,2.012,2.54605,3.03497,3.46657,3.83168,4.12392,2.39825,1.99031,1.52798,1.0319,0.537614,0.141578,0.310905,0.888347,1.49465,2.09168,2.65605,3.17126,3.62481,4.0073,4.31222,2.53703,2.10793,1.62091,1.09439,0.567536,0.132002,0.28355,0.898301,1.54194,2.17282,2.76727,3.30855,3.78386,4.18356,4.50102,2.67658,2.22689,1.71503,1.16111,0.599262,0.125853,0.256247,0.909883,1.59099,2.2555,3.17975,3.44685,3.94371,4.36046,4.69032
166,1.00732,0.859117,0.708496,0.571693,0.479109,0.488555,0.853382,0.818016,1.00856,1.20611,1.4043,1.59687,1.77816,1.94318,2.08762,1.0894,0.917651,0.740763,0.573569,0.448615,0.441447,0.612623,0.822445,1.04578,1.27552,1.50387,1.72348,1.9279,2.1116,2.27002,1.18187,0.987788,0.78378,0.587276,0.429332,0.396565,0.585174,0.826995,1.08336,1.34549,1.60413,1.85082,2.07833,2.28066,2.45297,1.28221,1.06615,0.835831,0.609264,0.418408,0.353538,0.557727,0.831687,1.12133,1.41608,1.70512,1.97892,2.22949,2.45036,2.63647,1.38988,1.15174,0.894965,0.638593,0.41469,0.313714,0.530282,0.836548,1.15976,1.48735,1.80691,2.10782,2.38139,2.62071,2.82051,1.50289,1.24298,0.960475,0.674031,0.416695,0.279337,0.502839,0.841609,1.19872,1.55938,1.90954,2.23754,2.53404,2.79172,3.0051,1.61975,1.33841,1.03098,0.714135,0.42347,0.249994,0.4754,0.846912,1.23828,1.63224,2.01307,2.36814,2.68747,2.96339,3.19023,1.74284,1.43979,1.10546,0.759023,0.434682,0.224494,0.447964,0.852512,1.27854,1.70601,2.11755,2.49962,2.84169,3.13573,3.37591,1.8683,1.54398,1.18363,0.807369,0.449369,0.202488,0.420533,0.858478,1.31961,1.78077,2.22304,2.63202,2.9967,3.30872,3.56212,1.9967,1.65073,1.26556,0.858133,0.466898,0.183553,0.393109,0.8649,1.3616,1.85663,2.32959,2.76537,3.15251,3.48238,3.74886,2.12802,1.76171,1.3498,0.91379,0.487793,0.166983,0.365693,0.871902,1.40466,1.93368,2.43724,2.89968,3.30913,3.6567,3.93613,2.26236,1.87461,1.43784,0.971161,0.51157,0.152764,0.33829,0.879644,1.44896,2.012,2.54605,3.03497,3.46657,3.83168,4.12392,2.39825,1.99031,1.52798,1.0319,0.537614,0.141578,0.310905,0.888347,1.49465,2.09168,2.65605,3.17126,3.62481,4.0073,4.31222,2.53703,2.10793,1.62091,1.09439,0.567536,0.132002,0.28355,0.898301,1.54194,2.17282,2.76727,3.30855,3.78386,4.18356,4.50102,2.67658,2.22689,1.71503,1.16111,0.599262,0.125853,0.256247,0.909883,1.59099,2.2555,3.17975,3.44685,3.94371,4.36046,4.69032
167,1.00732,0.859117,0.708496,0.571693,0.479109,0.488555,0.853382,0.818016,1.00856,1.20611,1.4043,1.59687,1.77816,1.94318,2.08762,1.0894,0.917651,0.740763,0.573569,0.448615,0.441447,0.612623,0.822445,1.04578,1.27552,1.50387,1.72348,1.9279,2.1116,2.27002,1.18187,0.987788,0.78378,0.587276,0.429332,0.396565,0.585174,0.826995,1.08336,1.34549,1.60413,1.85082,2.07833,2.28066,2.45297,1.28221,1.06615,0.835831,0.609264,0.418408,0.353538,0.557727,0.831687,1.12133,1.41608,1.70512,1.97892,2.22949,2.45036,2.63647,1.38988,1.15174,0.894965,0.638593,0.41469,0.313714,0.530282,0.836548,1.15976,1.48735,1.80691,2.10782,2.38139,2.62071,2.82051,1.50289,1.24298,0.960475,0.674031,0.416695,0.279337,0.502839,0.841609,1.19872,1.55938,1.90954,2.23754,2.53404,2.79172,3.0051,1.61975,1.33841,1.03098,0.714135,0.42347,0.249994,0.4754,0.846912,1.23828,1.63224,2.01307,2.36814,2.68747,2.96339,3.19023,1.74284,1.43979,1.10546,0.759023,0.434682,0.224494,0.447964,0.852512,1.27854,1.70601,2.11755,2.49962,2.84169,3.13573,3.37591,1.8683,1.54398,1.18363,0.807369,0.449369,0.202488,0.420533,0.858478,1.31961,1.78077,2.22304,2.63202,2.9967,3.30872,3.56212,1.9967,1.65073,1.26556,0.858133,0.466898,0.183553,0.393109,0.8649,1.3616,1.85663,2.32959,2.76537,3.15251,3.48238,3.74886,2.12802,1.76171,1.3498,0.91379,0.487793,0.166983,0.365693,0.871902,1.40466,1.93368,2.43724,2.89968,3.30913,3.6567,3.93613,2.26236,1.87461,1.43784,0.971161,0.51157,0.152764,0.33829,0.879644,1.44896,2.012,2.54605,3.03497,3.46657,3.83168,4.12392,2.39825,1.99031,1.52798,1.0319,0.537614,0.141578,0.310905,0.888347,1.49465,2.09168,2.65605,3.17126,3.62481,4.0073,4.31222,2.53703,2.10793,1.62091,1.09439,0.567536,0.132002,0.28355,0.898301,1.54194,2.17282,2.76727,3.30855,3.78386,4.18356,4.50102,2.67658,2.22689,1.71503,1.16111,0.599262,0.125853,0.256247,0.909883,1.59099,2.2555,3.17975,3.44685,3.94371,4.36046,4.69032
168,1.00732,0.859117,0.708496,0.571693,0.479109,0.488555,0.853382,0.818016,1.00856,1.20611,1.4043,1.59687,1.77816,1.94318,2.08762,1.0894,0.917651,0.740763,0.573569,0.448615,0.441447,0.612623,0.822445,1.04578,1.27552,1.50387,1.72348,1.9279,2.1116,2.27002,1.18187,0.987788,0.78378,0.587276,0.429332,0.396565,0.585174,0.826995,1.08336,1.34549,1.60413,1.85082,2.07833,2.28066,2.45297,1.28221,1.06615,0.835831,0.609264,0.418408,0.353538,0.557727,0.831687,1.12133,1.41608,1.70512,1.97892,2.22949,2.45036,2.63647,1.38988,1.15174,0.894965,0.638593,0.41469,0.313714,0.530282,0.836548,1.15976,1.48735,1.80691,2.10782,2.38139,2.62071,2.82051,1.50289,1.24298,0.960475,0.674031,0.416695,0.279337,0.502839,0.841609,1.19872,1.55938,1.90954,2.23754,2.53404,2.79172,3.0051,1.61975,1.33841,1.03098,0.714135,0.42347,0.249994,0.4754,0.846912,1.23828,1.63224,2.01307,2.36814,2.68747,2.96339,3.19023,1.74284,1.43979,1.10546,0.759023,0.434682,0.224494,0.447964,0.852512,1.27854,1.70601,2.11755,2.49962,2.84169,3.13573,3.37591,1.8683,1.54398,1.18363,0.807369,0.449369,0.202488,0.420533,0.858478,1.31961,1.78077,2.22304,2.63202,2.9967,3.30872,3.56212,1.9967,1.65073,1.26556,0.858133,0.466898,0.183553,0.393109,0.8649,1.3616,1.85663,2.32959,2.76537,3.15251,3.48238,3.74886,2.12802,1.76171,1.3498,0.91379,0.487793,0.166983,0.365693,0.871902,1.40466,1.93368,2.43724,2.89968,3.30913,3.6567,3.93613,2.26236,1.87461,1.43784,0.971161,0.51157,0.152764,0.33829,0.879644,1.44896,2.012,2.54605,3.03497,3.46657,3.83168,4.12392,2.39825,1.99031,1.52798,1.0319,0.537614,0.141578,0.310905,0.888347,1.49465,2.09168,2.65605,3.17126,3.62481,4.0073,4.31222,2.53703,2.10793,1.62091,1.09439,0.567536,0.132002,0.28355,0.898301,1.54194,2.17282,2.76727,3.30855,3.78386,4.18356,4.50102,2.67658,2.22689,1.71503,1.16111,0.599262,0.125853,0.256247,0.909883,1.59099,2.2555,3.17975,3.44685,3.94371,4.36046,4.69032
169,1.00732,0.859117,0.708496,0.571693,0.479109,0.488555,0.853382,0.818016,1.00856,1.20611,1.4043,1.59687,1.77816,1.94318,2.08762,1.0894,0.917651,0.740763,0.573569,0.448615,0.441447,0.612623,0.822445,1.04578,1.27552,1.50387,1.72348,1.9279,2.1116,2.27002,1.18187,0.987788,0.78378,0.587276,0.429332,0.396565,0.585174,0.826995,1.08336,1.34549,1.60413,1.85082,2.07833,2.28066,2.45297,1.28221,1.06615,0.835831,0.609264,0.418408,0.353538,0.557727,0.831687,1.12133,1.41608,1.70512,1.97892,2.22949,2.45036,2.63647,1.38988,1.15174,0.894965,0.638593,0.41469,0.313714,0.530282,0.836548,1.15976,1.48735,1.80691,2.10782,2.38139,2.62071,2.82051,1.50289,1.24298,0.960475,0.674031,0.416695,0.279337,0.502839,0.841609,1.19872,1.55938,1.90954,2.23754,2.53404,2.79172,3.0051,1.61975,1.33841,1.03098,0.714135,0.42347,0.249994,0.4754,0.846912,1.23828,1.63224,2.01307,2.36814,2.68747,2.96339,3.19023,1.74284,1.43979,1.10546,0.759023,0.434682,0.224494,0.447964,0.852512,1.27854,1.70601,2.11755,2.49962,2.84169,3.13573,3.37591,1.8683,1.54398,1.18363,0.807369,0.449369,0.202488,0.420533,0.858478,1.31961,1.78077,2.22304,2.63202,2.9967,3.30872,3.56212,1.9967,1.65073,1.26556,0.858133,0.466898,0.183553,0.393109,0.8649,1.3616,1.85663,2.32959,2.76537,3.15251,3.48238,3.74886,2.12802,1.76171,1.3498,0.91379,0.487793,0.166983,0.365693,0.871902,1.40466,1.93368,2.43724,2.89968,3.30913,3.6567,3.93613,2.26236,1.87461,1.43784,0.971161,0.51157,0.152764,0.33829,0.879644,1.44896,2.012,2.54605,3.03497,3.46657,3.83168,4.12392,2.39825,1.99031,1.52798,1.0319,0.537614,0.141578,0.310905,0.888347,1.49465,2.09168,2.65605,3.17126,3.62481,4.0073,4.31222,2.53703,2.10793,1.62091,1.09439,0.567536,0.132002,0.28355,0.898301,1.54194,2.17282,2.76727,3.30855,3.78386,4.18356,4.50102,2.67658,2.22689,1.71503,1.16111,0.599262,0.125853,0.256247,0.909883,1.59099,2.2555,3.17975,3.44685,3.94371,4.36046,4.69032
170,1.00732,0.859117,0.708496,0.571693,0.479109,0.488555,0.853382,0.818016,1.00856,1.20611,1.4043,1.59687,1.77816,1.94318,2.08762,1.0894,0.917651,0.740763,0.573569,0.448615,0.441447,0.612623,0.822445,1.04578,1.27552,1.50387,1.72348,1.9279,2.1116,2.27002,1.18187,0.987788,0.78378,0.587276,0.429332,0.396565,0.585174,0.826995,1.08336,1.34549,1.60413,1.85082,2.07833,2.28066,2.45297,1.28221,1.06615,0.835831,0.609264,0.418408,0.353538,0.557727,0.831687,1.12133,1.41608,1.70512,1.97892,2.22949,2.45036,2.63647,1.38988,1.15174,0.894965,0.638593,0.41469,0.313714,0.530282,0.836548,1.15976,1.48735,1.80691,2.10782,2.38139,2.62071,2.82051,1.50289,1.24298,0.960475,0.674031,0.416695,0.279337,0.502839,0.841609,1.19872,1.55938,1.90954,2.23754,2.53404,2.79172,3.0051,1.61975,1.33841,1.03098,0.714135,0.42347,0.249994,0.4754,0.846912,1.23828,1.63224,2.01307,2.36814,2.68747,2.96339,3.19023,1.74284,1.43979,1.10546,0.759023,0.434682,0.224494,0.447964,0.852512,1.27854,1.70601,2.11755,2.49962,2.84169,3.13573,3.37591,1.8683,1.54398,1.18363,0.807369,0.449369,0.202488,0.420533,0.858478,1.31961,1.78077,2.22304,2.63202,2.9967,3.30872,3.56212,1.9967,1.65073,1.26556,0.858133,0.466898,0.183553,0.393109,0.8649,1.3616,1.85663,2.32959,2.76537,3.15251,3.48238,3.74886,2.12802,1.76171,1.3498,0.91379,0.487793,0.166983,0.365693,0.871902,1.40466,1.93368,2.43724,2.89968,3.30913,3.6567,3.93613,2.26236,1.87461,1.43784,0.971161,0.51157,0.152764,0.33829,0.879644,1.44896,2.012,2.54605,3.03497,3.46657,3.83168,4.12392,2.39825,1.99031,1.52798,1.0319,0.537614,0.141578,0.310905,0.888347,1.49465,2.09168,2.65605,3.17126,3.62481,4.0073,4.31222,2.53703,2.10793,1.62091,1.09439,0.567536,0.132002,0.28355,0.898301,1.54194,2.17282,2.76727,3.30855,3.78386,4.18356,4.50102,2.67658,2.22689,1.71503,1.16111,0.599262,0.125853,0.256247,0.909883,1.59099,2.2555,3.17975,3.44685,3.94371,4.36046,4.69032
171,1.00732,0.859117,0.708496,0.571693,0.479109,0.488555,0.853382,0.818016,1.00856,1.20611,1.4043,1.59687,1.77816,1.94318,2.08762,1.0894,0.917651,0.740763,0.573569,0.448615,0.441447,0.612623,0.822445,1.04578,1.27552,1.50387,1.72348,1.9279,2.1116,2.27002,1.18187,0.987788,0.78378,0.587276,0.429332,0.396565,0.585174,0.826995,1.08336,1.34549,1.60413,1.85082,2.07833,2.28066,2.45297,1.28221,1.06615,0.835831,0.609264,0.418408,0.353538,0.557727,0.831687,1.12133,1.41608,1.70512,1.97892,2.22949,2.45036,2.63647,1.38988,1.15174,0.894965,0.638593,0.41469,0.313714,0.530282,0.836548,1.15976,1.48735,1.80691,2.10782,2.38139,2.62071,2.82051,1.50289,1.24298,0.960475,0.674031,0.416695,0.279337,0.502839,0.841609,1.19872,1.55938,1.90954,2.23754,2.53404,2.79172,3.0051,1.61975,1.33841,1.03098,0.714135,0.42347,0.249994,0.4754,0.846912,1.23828,1.63224,2.01307,2.36814,2.68747,2.96339,3.19023,1.74284,1.43979,1.10546,0.759023,0.434682,0.224494,0.447964,0.852512,1.27854,1.70601,2.11755,2.49962,2.84169,3.13573,3.37591,1.8683,1.54398,1.18363,0.807369,0.449369,0.202488,0.420533,0.858478,1.31961,1.78077,2.22304,2.63202,2.9967,3.30872,3.56212,1.9967,1.65073,1.26556,0.858133,0.466898,0.183553,0.393109,0.8649,1.3616,1.85663,2.32959,2.76537,3.15251,3.48238,3.74886,2.12802,1.76171,1.3498,0.91379,0.487793,0.166983,0.365693,0.871902,1.40466,1.93368,2.43724,2.89968,3.30913,3.6567,3.93613,2.26236,1.87461,1.43784,0.971161,0.51157,0.152764,0.33829,0.879644,1.44896,2.012,2.54605,3.03497,3.46657,3.83168,4.12392,2.39825,1.99031,1.52798,1.0319,0.537614,0.141578,0.310905,0.888347,1.49465,2.09168,2.65605,3.17126,3.62481,4.0073,4.31222,2.53703,2.10793,1.62091,1.09439,0.567536,0.132002,0.28355,0.898301,1.54194,2.17282,2.76727,3.30855,3.78386,4.18356,4.50102,2.67658,2.22689,1.71503,1.16111,0.599262,0.125853,0.256247,0.909883,1.59099,2.2555,3.17975,3.44685,3.94371,4.36046,4.69032
172,1.00732,0.859117,0.708496,0.571693,0.479109,0.488555,0.853382,0.818016,1.00856,1.20611,1.4043,1.59687,1.77816,1.94318,2.08762,1.0894,0.917651,0.740763,0.573569,0.448615,0.441447,0.612623,0.822445,1.04578,1.27552,1.50387,1.72348,1.9279,2.1116,2.27002,1.18187,0.987788,0.78378,0.587276,0.429332,0.396565,0.585174,0.826995,1.08336,1.34549,1.60413,1.85082,2.07833,2.28066,2.45297,1.28221,1.06615,0.835831,0.609264,0.418408,0.353538,0.557727,0.831687,1.12133,1.41608,1.70512,1.97892,2.22949,2.45036,2.63647,1.38988,1.15174,0.894965,0.638593,0.41469,0.313714,0.530282,0.836548,1.15976,1.48735,1.80691,2.10782,2.38139,2.62071,2.82051,1.50289,1.24298,0.960475,0.674031,0.416695,0.279337,0.502839,0.841609,1.19872,1.55938,1.90954,2.23754,2.53404,2.79172,3.0051,1.61975,1.33841,1.03098,0.714135,0.42347,0.249994,0.4754,0.846912,1.23828,1.63224,2.01307,2.36814,2.68747,2.96339,3.19023,1.74284,1.43979,1.10546,0.759023,0.434682,0.224494,0.447964,0.852512,1.27854,1.70601,2.11755,2.49962,2.84169,3.13573,3.37591,1.8683,1.54398,1.18363,0.807369,0.449369,0.202488,0.420533,0.858478,1.31961,1.78077,2.22304,2.63202,2.9967,3.30872,3.56212,1.9967,1.65073,1.26556,0.858133,0.466898,0.183553,0.393109,0.8649,1.3616,1.85663,2.32959,2.76537,3.15251,3.48238,3.74886,2.12802,1.76171,1.3498,0.91379,0.487793,0.166983,0.365693,0.871902,1.40466,1.93368,2.43724,2.89968,3.30913,3.6567,3.93613,2.26236,1.87461,1.43784,0.971161,0.51157,0.152764,0.33829,0.879644,1.44896,2.012,2.54605,3.03497,3.46657,3.83168,4.12392,2.39825,1.99031,1.52798,1.0319,0.537614,0.141578,0.310905,0.888347,1.49465,2.09168,2.65605,3.17126,3.62481,4.0073,4.31222,2.53703,2.10793,1.62091,1.09439,0.567536,0.132002,0.28355,0.898301,1.54194,2.17282,2.76727,3.30855,3.78386,4.18356,4.50102,2.67658,2.22689,1.71503,1.16111,0.599262,0.125853,0.256247,0.909883,1.59099,2.2555,3.17975,3.44685,3.94371,4.36046,4.69032
173,1.00732,0.859117,0.708496,0.571693,0.479109,0.488555,0.853382,0.818016,1.00856,1.20611,1.4043,1.59687,1.77816,1.94318,2.08762,1.0894,0.917651,0.740763,0.573569,0.448615,0.441447,0.612623,0.822445,1.04578,1.27552,1.50387,1.72348,1.9279,2.1116,2.27002,1.18187,0.987788,0.78378,0.587276,0.429332,0.396565,0.585174,0.826995,1.08336,1.34549,1.60413,1.85082,2.07833,2.28066,2.45297,1.28221,1.06615,0.835831,0.609264,0.418408,0.353538,0.557727,0.831687,1.12133,1.41608,1.70512,1.97892,2.22949,2.45036,2.63647,1.38988,1.15174,0.894965,0.638593,0.41469,0.313714,0.530282,0.836548,1.15976,1.48735,1.80691,2.10782,2.38139,2.62071,2.82051,1.50289,1.24298,0.960475,0.674031,0.416695,0.279337,0.502839,0.841609,1.19872,1.55938,1.90954,2.23754,2.53404,2.79172,3.0051,1.61975,1.33841,1.03098,0.714135,0.42347,0.249994,0.4754,0.846912,1.23828,1.63224,2.01307,2.36814,2.68747,2.96339,3.19023,1.74284,1.43979,1.10546,0.759023,0.434682,0.224494,0.447964,0.852512,1.27854,1.70601,2.11755,2.49962,2.84169,3.13573,3.37591,1.8683,1.54398,1.18363,0.807369,0.449369,0.202488,0.420533,0.858478,1.31961,1.78077,2.22304,2.63202,2.9967,3.30872,3.56212,1.9967,1.65073,1.26556,0.858133,0.466898,0.183553,0.393109,0.8649,1.3616,1.85663,2.32959,2.76537,3.15251,3.48238,3.74886,2.12802,1.76171,1.3498,0.91379,0.487793,0.166983,0.365693,0.871902,1.40466,1.93368,2.43724,2.89968,3.30913,3.6567,3.93613,2.26236,1.87461,1.43784,0.971161,0.51157,0.152764,0.33829,0.879644,1.44896,2.012,2.54605,3.03497,3.46657,3.83168,4.12392,2.39825,1.99031,1.52798,1.0319,0.537614,0.141578,0.310905,0.888347,1.49465,2.09168,2.65605,3.17126,3.62481,4.0073,4.31222,2.53703,2.10793,1.62091,1.09439,0.567536,0.132002,0.28355,0.898301,1.54194,2.17282,2.76727,3.30855,3.78386,4.18356,4.50102,2.67658,2.22689,1.71503,1.16111,0.599262,0.125853,0.256247,0.909883,1.59099,2.2555,3.17975,3.44685,3.94371,4.36046,4.69032
174,1.00732,0.859117,0.708496,0.571693,0.479109,0.488555,0.853382,0.818016,1.00856,1.20611,1.4043,1.59687,1.77816,1.94318,2.08762,1.0894,0.917651,0.740763,0.573569,0.448615,0.441447,0.612623,0.822445,1.04578,1.27552,1.50387,1.72348,1.9279,2.1116,2.27002,1.18187,0.987788,0.78378,0.587276,0.429332,0.396565,0.585174,0.826995,1.08336,1.34549,1.60413,1.85082,2.07833,2.28066,2.45297,1.28221,1.06615,0.835831,0.609264,0.418408,0.353538,0.557727,0.831687,1.12133,1.41608,1.70512,1.97892,2.22949,2.45036,2.63647,1.38988,1.15174,0.894965,0.638593,0.41469,0.313714,0.530282,0.836548,1.15976,1.48735,1.80691,2.10782,2.38139,2.62071,2.82051,1.50289,1.24298,0.960475,0.674031,0.416695,0.279337,0.502839,0.841609,1.19872,1.55938,1.90954,2.23754,2.53404,2.79172,3.0051,1.61975,1.33841,1.03098,0.714135,0.42347,0.249994,0.4754,0.846912,1.23828,1.63224,2.01307,2.36814,2.68747,2.96339,3.19023,1.74284,1.43979,1.10546,0.759023,0.434682,0.224494,0.447964,0.852512,1.27854,1.70601,2.11755,2.49962,2.84169,3.13573,3.37591,1.8683,1.54398,1.18363,0.807369,0.449369,0.202488,0.420533,0.858478,1.31961,1.78077,2.22304,2.63202,2.9967,3.30872,3.56212,1.9967,1.65073,1.26556,0.858133,0.466898,0.183553,0.393109,0.8649,1.3616,1.85663,2.32959,2.76537,3.15251,3.48238,3.74886,2.12802,1.76171,1.3498,0.91379,0.487793,0.166983,0.365693,0.871902,1.40466,1.93368,2.43724,2.89968,3.30913,3.6567,3.93613,2.26236,1.87461,1.43784,0.971161,0.51157,0.152764,0.33829,0.879644,1.44896,2.012,2.54605,3.03497,3.46657,3.83168,4.12392,2.39825,1.99031,1.52798,1.0319,0.537614,0.141578,0.310905,0.888347,1.49465,2.09168,2.65605,3.17126,3.62481,4.0073,4.31222,2.53703,2.10793,1.62091,1.09439,0.567536,0.132002,0.28355,0.898301,1.54194,2.17282,2.76727,3.30855,3.78386,4.18356,4.50102,2.67658,2.22689,1.71503,1.16111,0.599262,0.125853,0.256247,0.909883,1.59099,2.2555,3.17975,3.44685,3.94371,4.36046,4.69032
175,1.00732,0.859117,0.708496,0.571693,0.479109,0.488555,0.853382,0.818016,1.00856,1.20611,1.4043,1.59687,1.77816,1.94318,2.08762,1.0894,0.917651,0.740763,0.573569,0.448615,0.441447,0.612623,0.822445,1.04578,1.27552,1.50387,1.72348,1.9279,2.1116,2.27002,1.18187,0.987788,0.78378,0.587276,0.429332,0.396565,0.585174,0.826995,1.08336,1.34549,1.60413,1.85082,2.07833,2.28066,2.45297,1.28221,1.06615,0.835831,0.609264,0.418408,0.353538,0.557727,0.831687,1.12133,1.41608,1.70512,1.97892,2.22949,2.45036,2.63647,1.38988,1.15174,0.894965,0.638593,0.41469,0.313714,0.530282,0.836548,1.15976,1.48735,1.80691,2.10782,2.38139,2.62071,2.82051,1.50289,1.24298,0.960475,0.674031,0.416695,0.279337,0.502839,0.841609,1.19872,1.55938,1.90954,2.23754,2.53404,2.79172,3.0051,1.61975,1.33841,1.03098,0.714135,0.42347,0.249994,0.4754,0.846912,1.23828,1.63224,2.01307,2.36814,2.68747,2.96339,3.19023,1.74284,1.43979,1.10546,0.759023,0.434682,0.224494,0.447964,0.852512,1.27854,1.70601,2.11755,2.49962,2.84169,3.13573,3.37591,1.8683,1.54398,1.18363,0.807369,0.449369,0.202488,0.420533,0.858478,1.31961,1.78077,2.22304,2.63202,2.9967,3.30872,3.56212,1.9967,1.65073,1.26556,0.858133,0.466898,0.183553,0.393109,0.8649,1.3616,1.85663,2.32959,2.76537,3.15251,3.48238,3.74886,2.12802,1.76171,1.3498,0.91379,0.487793,0.166983,0.365693,0.871902,1.40466,1.93368,2.43724,2.89968,3.30913,3.6567,3.93613,2.26236,1.87461,1.43784,0.971161,0.51157,0.152764,0.33829,0.879644,1.44896,2.012,2.54605,3.03497,3.46657,3.83168,4.12392,2.39825,1.99031,1.52798,1.0319,0.537614,0.141578,0.310905,0.888347,1.49465,2.09168,2.65605,3.17126,3.62481,4.0073,4.31222,2.53703,2.10793,1.62091,1.09439,0.567536,0.132002,0.28355,0.898301,1.54194,2.17282,2.76727,3.30855,3.78386,4.18356,4.50102,2.67658,2.22689,1.71503,1.16111,0.599262,0.125853,0.256247,0.909883,1.59099,2.2555,3.17975,3.44685,3.94371,4.36046,4.69032
176,1.00732,0.859117,0.708496,0.571693,0.479109,0.488555,0.853382,0.818016,1.00856,1.20611,1.4043,1.59687,1.77816,1.94318,2.08762,1.0894,0.917651,0.740763,0.573569,0.448615,0.441447,0.612623,0.822445,1.04578,1.27552,1.50387,1.72348,1.9279,2.1116,2.27002,1.18187,0.987788,0.78378,0.587276,0.429332,0.396565,0.585174,0.826995,1.08336,1.34549,1.60413,1.85082,2.07833,2.28066,2.45297,1.28221,1.06615,0.835831,0.609264,0.418408,0.353538,0.557727,0.831687,1.12133,1.41608,1.70512,1.97892,2.22949,2.45036,2.63647,1.38988,1.15174,0.894965,0.638593,0.41469,0.313714,0.530282,0.836548,1.15976,1.48735,1.80691,2.10782,2.38139,2.62071,2.82051,1.50289,1.24298,0.960475,0.674031,0.416695,0.279337,0.502839,0.841609,1.19872,1.55938,1.90954,2.23754,2.53404,2.79172,3.0051,1.61975,1.33841,1.03098,0.714135,0.42347,0.249994,0.4754,0.846912,1.23828,1.63224,2.01307,2.36814,2.68747,2.96339,3.19023,1.74284,1.43979,1.10546,0.759023,0.434682,0.224494,0.447964,0.852512,1.27854,1.70601,2.11755,2.49962,2.84169,3.13573,3.37591,1.8683,1.54398,1.18363,0.807369,0.449369,0.202488,0.420533,0.858478,1.31961,1.78077,2.22304,2.63202,2.9967,3.30872,3.56212,1.9967,1.65073,1.26556,0.858133,0.466898,0.183553,0.393109,0.8649,1.3616,1.85663,2.32959,2.76537,3.15251,3.48238,3.74886,2.12802,1.76171,1.3498,0.91379,0.487793,0.166983,0.365693,0.871902,1.40466,1.93368,2.43724,2.89968,3.30913,3.6567,3.93613,2.26236,1.87461,1.43784,0.971161,0.51157,0.152764,0.33829,0.879644,1.44896,2.012,2.54605,3.03497,3.46657,3.83168,4.12392,2.39825,1.99031,1.52798,1.0319,0.537614,0.141578,0.310905,0.888347,1.49465,2.09168,2.65605,3.17126,3.62481,4.0073,4.31222,2.53703,2.10793,1.62091,1.09439,0.567536,0.132002,0.28355,0.898301,1.54194,2.17282,2.76727,3.30855,3.78386,4.18356,4.50102,2.67658,2.22689,1.71503,1.16111,0.599262,0.125853,0.256247,0.909883,1.59099,2.2555,3.17975,3.44685,3.94371,4.36046,4.69032
177,1.00732,0.859117,0.708496,0.571693,0.479109,0.488555,0.853382,0.818016,1.00856,1.20611,1.4043,1.59687,1.77816,1.94318,2.08762,1.0894,0.917651,0.740763,0.573569,0.448615,0.441447,0.612623,0.822445,1.04578,1.27552,1.50387,1.72348,1.9279,2.1116,2.27002,1.18187,0.987788,0.78378,0.587276,0.429332,0.396565,0.585174,0.826995,1.08336,1.34549,1.60413,1.85082,2.07833,2.28066,2.45297,1.28221,1.06615,0.835831,0.609264,0.418408,0.353538,0.557727,0.831687,1.12133,1.41608,1.70512,1.97892,2.22949,2.45036,2.63647,1.38988,1.15174,0.894965,0.638593,0.41469,0.313714,0.530282,0.836548,1.15976,1.48735,1.80691,2.10782,2.38139,2.62071,2.82051,1.50289,1.24298,0.960475,0.674031,0.416695,0.279337,0.502839,0.841609,1.19872,1.55938,1.90954,2.23754,2.53404,2.79172,3.0051,1.61975,1.33841,1.03098,0.714135,0.42347,0.249994,0.4754,0.846912,1.23828,1.63224,2.01307,2.36814,2.68747,2.96339,3.19023,1.74284,1.43979,1.10546,0.759023,0.434682,0.224494,0.447964,0.852512,1.27854,1.70601,2.11755,2.49962,2.84169,3.13573,3.37591,1.8683,1.54398,1.18363,0.807369,0.449369,0.202488,0.420533,0.858478,1.31961,1.78077,2.22304,2.63202,2.9967,3.30872,3.56212,1.9967,1.65073,1.26556,0.858133,0.466898,0.183553,0.393109,0.8649,1.3616,1.85663,2.32959,2.76537,3.15251,3.48238,3.74886,2.12802,1.76171,1.3498,0.91379,0.487793,0.166983,0.365693,0.871902,1.40466,1.93368,2.43724,2.89968,3.30913,3.6567,3.93613,2.26236,1.87461,1.43784,0.971161,0.51157,0.152764,0.33829,0.879644,1.44896,2.012,2.54605,3.03497,3.46657,3.83168,4.12392,2.39825,1.99031,1.52798,1.0319,0.537614,0.141578,0.310905,0.888347,1.49465,2.09168,2.65605,3.17126,3.62481,4.0073,4.31222,2.53703,2.10793,1.62091,1.09439,0.567536,0.132002,0.28355,0.898301,1.54194,2.17282,2.76727,3.30855,3.78386,4.18356,4.50102,2.67658,2.22689,1.71503,1.16111,0.599262,0.125853,0.256247,0.909883,1.59099,2.2555,3.17975,3.44685,3.94371,4.36046,4.69032
178,1.00732,0.859117,0.708496,0.571693,0.479109,0.488555,0.853382,0.818016,1.00856,1.20611,1.4043,1.59687,1.77816,1.94318,2.08762,1.0894,0.917651,0.740763,0.573569,0.448615,0.441447,0.612623,0.822445,1.04578,1.27552,1.50387,1.72348,1.9279,2.1116,2.27002,1.18187,0.987788,0.78378,0.587276,0.429332,0.396565,0.585174,0.826995,1.08336,1.34549,1.60413,1.85082,2.07833,2.28066,2.45297,1.28221,1.06615,0.835831,0.609264,0.418408,0.353538,0.557727,0.831687,1.12133,1.41608,1.70512,1.97892,2.22949,2.45036,2.63647,1.38988,1.15174,0.894965,0.638593,0.41469,0.313714,0.530282,0.836548,1.15976,1.48735,1.80691,2.10782,2.38139,2.62071,2.82051,1.50289,1.24298,0.960475,0.674031,0.416695,0.279337,0.502839,0.841609,1.19872,1.55938,1.90954,2.23754,2.53404,2.79172,3.0051,1.61975,1.33841,1.03098,0.714135,0.42347,0.249994,0.4754,0.846912,1.23828,1.63224,2.01307,2.36814,2.68747,2.96339,3.19023,1.74284,1.43979,1.10546,0.759023,0.434682,0.224494,0.447964,0.852512,1.27854,1.70601,2.11755,2.49962,2.84169,3.13573,3.37591,1.8683,1.54398,1.18363,0.807369,0.449369,0.202488,0.420533,0.858478,1.31961,1.78077,2.22304,2.63202,2.9967,3.30872,3.56212,1.9967,1.65073,1.26556,0.858133,0.466898,0.183553,0.393109,0.8649,1.3616,1.85663,2.32959,2.76537,3.15251,3.48238,3.74886,2.12802,1.76171,1.3498,0.91379,0.487793,0.166983,0.365693,0.871902,1.40466,1.93368,2.43724,2.89968,3.30913,3.6567,3.93613,2.26236,1.87461,1.43784,0.971161,0.51157,0.152764,0.33829,0.879644,1.44896,2.012,2.54605,3.03497,3.46657,3.83168,4.12392,2.39825,1.99031,1.52798,1.0319,0.537614,0.141578,0.310905,0.888347,1.49465,2.09168,2.65605,3.17126,3.62481,4.0073,4.31222,2.53703,2.10793,1.62091,1.09439,0.567536,0.132002,0.28355,0.898301,1.54194,2.17282,2.76727,3.30855,3.78386,4.18356,4.50102,2.67658,2.22689,1.71503,1.16111,0.599262,0.125853,0.256247,0.909883,1.59099,2.2555,3.17975,3.44685,3.94371,4.36046,4.69032
179,1.00732,0.859117,0.708496,0.571693,0.479109,0.488555,0.853382,0.818016,1.00856,1.20611,1.4043,1.59687,1.77816,1.94318,2.08762,1.0894,0.917651,0.740763,0.573569,0.448615,0.441447,0.612623,0.822445,1.04578,1.27552,1.50387,1.72348,1.9279,2.1116,2.27002,1.18187,0.987788,0.78378,0.587276,0.429332,0.396565,0.585174,0.826995,1.08336,1.34549,1.60413,1.85082,2.07833,2.28066,2.45297,1.28221,1.06615,0.835831,0.609264,0.418408,0.353538,0.557727,0.831687,1.12133,1.41608,1.70512,1.97892,2.22949,2.45036,2.63647,1.38988,1.15174,0.894965,0.638593,0.41469,0.313714,0.530282,0.836548,1.15976,1.48735,1.80691,2.10782,2.38139,2.62071,2.82051,1.50289,1.24298,0.960475,0.674031,0.416695,0.279337,0.502839,0.841609,1.19872,1.55938,1.90954,2.23754,2.53404,2.79172,3.0051,1.61975,1.33841,1.03098,0.714135,0.42347,0.249994,0.4754,0.846912,1.23828,1.63224,2.01307,2.36814,2.68747,2.96339,3.19023,1.74284,1.43979,1.10546,0.759023,0.434682,0.224494,0.447964,0.852512,1.27854,1.70601,2.11755,2.49962,2.84169,3.13573,3.37591,1.8683,1.54398,1.18363,0.807369,0.449369,0.202488,0.420533,0.858478,1.31961,1.78077,2.22304,2.63202,2.9967,3.30872,3.56212,1.9967,1.65073,1.26556,0.858133,0.466898,0.183553,0.393109,0.8649,1.3616,1.85663,2.32959,2.76537,3.15251,3.48238,3.74886,2.12802,1.76171,1.3498,0.91379,0.487793,0.166983,0.365693,0.871902,1.40466,1.93368,2.43724,2.89968,3.30913,3.6567,3.93613,2.26236,1.87461,1.43784,0.971161,0.51157,0.152764,0.33829,0.879644,1.44896,2.012,2.54605,3.03497,3.46657,3.83168,4.12392,2.39825,1.99031,1.52798,1.0319,0.537614,0.141578,0.310905,0.888347,1.49465,2.09168,2.65605,3.17126,3.62481,4.0073,4.31222,2.53703,2.10793,1.62091,1.09439,0.567536,0.132002,0.28355,0.898301,1.54194,2.17282,2.76727,3.30855,3.78386,4.18356,4.50102,2.67658,2.22689,1.71503,1.16111,0.599262,0.125853,0.256247,0.909883,1.59099,2.2555,3.17975,3.44685,3.94371,4.36046,4.69032
180,1.00732,0.859117,0.708496,0.571693,0.479109,0.488555,0.853382,0.818016,1.00856,1.20611,1.4043,1.59687,1.77816,1.94318,2.08762,1.0894,0.917651,0.740763,0.573569,0.448615,0.441447,0.612623,0.822445,1.04578,1.27552,1.50387,1.72348,1.9279,2.1116,2.27002,1.18187,0.987788,0.78378,0.587276,0.429332,0.396565,0.585174,0.826995,1.08336,1.34549,1.60413,1.85082,2.07833,2.28066,2.45297,1.28221,1.06615,0.835831,0.609264,0.418408,0.353538,0.557727,0.831687,1.12133,1.41608,1.70512,1.97892,2.22949,2.45036,2.63647,1.38988,1.15174,0.894965,0.638593,0.41469,0.313714,0.530282,0.836548,1.15976,1.48735,1.80691,2.10782,2.38139,2.62071,2.82051,1.50289,1.24298,0.960475,0.674031,0.416695,0.279337,0.502839,0.841609,1.19872,1.55938,1.90954,2.23754,2.53404,2.79172,3.0051,1.61975,1.33841,1.03098,0.714135,0.42347,0.249994,0.4754,0.846912,1.23828,1.63224,2.01307,2.36814,2.68747,2.96339,3.19023,1.74284,1.43979,1.10546,0.759023,0.434682,0.224494,0.447964,0.852512,1.27854,1.70601,2.11755,2.49962,2.84169,3.13573,3.37591,1.8683,1.54398,1.18363,0.807369,0.449369,0.202488,0.420533,0.858478,1.31961,1.78077,2.22304,2.63202,2.9967,3.30872,3.56212,1.9967,1.65073,1.26556,0.858133,0.466898,0.183553,0.393109,0.8649,1.3616,1.85663,2.32959,2.76537,3.15251,3.48238,3.74886,2.12802,1.76171,1.3498,0.91379,0.487793,0.166983,0.365693,0.871902,1.40466,1.93368,2.43724,2.89968,3.30913,3.6567,3.93613,2.26236,1.87461,1.43784,0.971161,0.51157,0.152764,0.33829,0.879644,1.44896,2.012,2.54605,3.03497,3.46657,3.83168,4.12392,2.39825,1.99031,1.52798,1.0319,0.537614,0.141578,0.310905,0.888347,1.49465,2.09168,2.65605,3.17126,3.62481,4.0073,4.31222,2.53703,2.10793,1.62091,1.09439,0.567536,0.132002,0.28355,0.898301,1.54194,2.17282,2.76727,3.30855,3.78386,4.18356,4.50102,2.67658,2.22689,1.71503,1.16111,0.599262,0.125853,0.256247,0.909883,1.59099,2.2555,3.17975,3.44685,3.94371,4.36046,4.69032
181,1.00732,0.859117,0.708496,0.571693,0.479109,0.488555,0.853382,0.818016,1.00856,1.20611,1.4043,1.59687,1.77816,1.94318,2.08762,1.0894,0.917651,0.740763,0.573569,0.448615,0.441447,0.612623,0.822445,1.04578,1.27552,1.50387,1.72348,1.9279,2.1116,2.27002,1.18187,0.987788,0.78378,0.587276,0.429332,0.396565,0.585174,0.826995,1.08336,1.34549,1.60413,1.85082,2.07833,2.28066,2.45297,1.28221,1.06615,0.835831,0.609264,0.418408,0.353538,0.557727,0.831687,1.12133,1.41608,1.70512,1.97892,2.22949,2.45036,2.63647,1.38988,1.15174,0.894965,0.638593,0.41469,0.313714,0.530282,0.836548,1.15976,1.48735,1.80691,2.10782,2.38139,2.62071,2.82051,1.50289,1.24298,0.960475,0.674031,0.416695,0.279337,0.502839,0.841609,1.19872,1.55938,1.90954,2.23754,2.53404,2.79172,3.0051,1.61975,1.33841,1.03098,0.714135,0.42347,0.249994,0.4754,0.846912,1.23828,1.63224,2.01307,2.36814,2.68747,2.96339,3.19023,1.74284,1.43979,1.10546,0.759023,0.434682,0.224494,0.447964,0.852512,1.27854,1.70601,2.11755,2.49962,2.84169,3.13573,3.37591,1.8683,1.54398,1.18363,0.807369,0.449369,0.202488,0.420533,0.858478,1.31961,1.78077,2.22304,2.63202,2.9967,3.30872,3.56212,1.9967,1.65073,1.26556,0.858133,0.466898,0.183553,0.393109,0.8649,1.3616,1.85663,2.32959,2.76537,3.15251,3.48238,3.74886,2.12802,1.76171,1.3498,0.91379,0.487793,0.166983,0.365693,0.871902,1.40466,1.93368,2.43724,2.89968,3.30913,3.6567,3.93613,2.26236,1.87461,1.43784,0.971161,0.51157,0.152764,0.33829,0.879644,1.44896,2.012,2.54605,3.03497,3.46657,3.83168,4.12392,2.39825,1.99031,1.52798,1.0319,0.537614,0.141578,0.310905,0.888347,1.49465,2.09168,2.65605,3.17126,3.62481,4.0073,4.31222,2.53703,2.10793,1.62091,1.09439,0.567536,0.132002,0.28355,0.898301,1.54194,2.17282,2.76727,3.30855,3.78386,4.18356,4.50102,2.67658,2.22689,1.71503,1.16111,0.599262,0.125853,0.256247,0.909883,1.59099,2.2555,3.17975,3.44685,3.94371,4.36046,4.69032
182,1.00732,0.859117,0.708496,0.571693,0.479109,0.488555,0.853382,0.818016,1.00856,1.20611,1.4043,1.59687,1.77816,1.94318,2.08762,1.0894,0.917651,0.740763,0.573569,0.448615,0.441447,0.612623,0.822445,1.04578,1.27552,1.50387,1.72348,1.9279,2.1116,2.27002,1.18187,0.987788,0.78378,0.587276,0.429332,0.396565,0.585174,0.826995,1.08336,1.34549,1.60413,1.85082,2.07833,2.28066,2.45297,1.28221,1.06615,0.835831,0.609264,0.418408,0.353538,0.557727,0.831687,1.12133,1.41608,1.70512,1.97892,2.22949,2.45036,2.63647,1.38988,1.15174,0.894965,0.638593,0.41469,0.313714,0.530282,0.836548,1.15976,1.48735,1.80691,2.10782,2.38139,2.62071,2.82051,1.50289,1.24298,0.960475,0.674031,0.416695,0.279337,0.502839,0.841609,1.19872,1.55938,1.90954,2.23754,2.53404,2.79172,3.0051,1.61975,1.33841,1.03098,0.714135,0.42347,0.249994,0.4754,0.846912,1.23828,1.63224,2.01307,2.36814,2.68747,2.96339,3.19023,1.74284,1.43979,1.10546,0.759023,0.434682,0.224494,0.447964,0.852512,1.27854,1.70601,2.11755,2.49962,2.84169,3.13573,3.37591,1.8683,1.54398,1.18363,0.807369,0.449369,0.202488,0.420533,0.858478,1.31961,1.78077,2.22304,2.63202,2.9967,3.30872,3.56212,1.9967,1.65073,1.26556,0.858133,0.466898,0.183553,0.393109,0.8649,1.3616,1.85663,2.32959,2.76537,3.15251,3.48238,3.74886,2.12802,1.76171,1.3498,0.91379,0.487793,0.166983,0.365693,0.871902,1.40466,1.93368,2.43724,2.89968,3.30913,3.6567,3.93613,2.26236,1.87461,1.43784,0.971161,0.51157,0.152764,0.33829,0.879644,1.44896,2.012,2.54605,3.03497,3.46657,3.83168,4.12392,2.39825,1.99031,1.52798,1.0319,0.537614,0.141578,0.310905,0.888347,1.49465,2.09168,2.65605,3.17126,3.62481,4.0073,4.31222,2.53703,2.10793,1.62091,1.09439,0.567536,0.132002,0.28355,0.898301,1.54194,2.17282,2.76727,3.30855,3.78386,4.18356,4.50102,2.67658,2.22689,1.71503,1.16111,0.599262,0.125853,0.256247,0.909883,1.59099,2.2555,3.17975,3.44685,3.94371,4.36046,4.69032
183,1.00732,0.859117,0.708496,0.571693,0.479109,0.488555,0.853382,0.818016,1.00856,1.20611,1.4043,1.59687,1.77816,1.94318,2.08762,1.0894,0.917651,0.740763,0.573569,0.448615,0.441447,0.612623,0.822445,1.04578,1.27552,1.50387,1.72348,1.9279,2.1116,2.27002,1.18187,0.987788,0.78378,0.587276,0.429332,0.396565,0.585174,0.826995,1.08336,1.34549,1.60413,1.85082,2.07833,2.28066,2.45297,1.28221,1.06615,0.835831,0.609264,0.418408,0.353538,0.557727,0.831687,1.12133,1.41608,1.70512,1.97892,2.22949,2.45036,2.63647,1.38988,1.15174,0.894965,0.638593,0.41469,0.313714,0.530282,0.836548,1.15976,1.48735,1.80691,2.10782,2.38139,2.62071,2.82051,1.50289,1.24298,0.960475,0.674031,0.416695,0.279337,0.502839,0.841609,1.19872,1.55938,1.90954,2.23754,2.53404,2.79172,3.0051,1.61975,1.33841,1.03098,0.714135,0.42347,0.249994,0.4754,0.846912,1.23828,1.63224,2.01307,2.36814,2.68747,2.96339,3.19023,1.74284,1.43979,1.10546,0.759023,0.434682,0.224494,0.447964,0.852512,1.27854,1.70601,2.11755,2.49962,2.84169,3.13573,3.37591,1.8683,1.54398,1.18363,0.807369,0.449369,0.202488,0.420533,0.858478,1.31961,1.78077,2.22304,2.63202,2.9967,3.30872,3.56212,1.9967,1.65073,1.26556,0.858133,0.466898,0.183553,0.393109,0.8649,1.3616,1.85663,2.32959,2.76537,3.15251,3.48238,3.74886,2.12802,1.76171,1.3498,0.91379,0.487793,0.166983,0.365693,0.871902,1.40466,1.93368,2.43724,2.89968,3.30913,3.6567,3.93613,2.26236,1.87461,1.43784,0.971161,0.51157,0.152764,0.33829,0.879644,1.44896,2.012,2.54605,3.03497,3.46657,3.83168,4.12392,2.39825,1.99031,1.52798,1.0319,0.537614,0.141578,0.310905,0.888347,1.49465,2.09168,2.65605,3.17126,3.62481,4.0073,4.31222,2.53703,2.10793,1.62091,1.09439,0.567536,0.132002,0.28355,0.898301,1.54194,2.17282,2.76727,3.30855,3.78386,4.18356,4.50102,2.67658,2.22689,1.71503,1.16111,0.599262,0.125853,0.256247,0.909883,1.59099,2.2555,3.17975,3.44685,3.94371,4.36046,4.69032
184,1.00732,0.859117,0.708496,0.571693,0.479109,0.488555,0.853382,0.818016,1.00856,1.20611,1.4043,1.59687,1.77816,1.94318,2.08762,1.0894,0.917651,0.740763,0.573569,0.448615,0.441447,0.612623,0.822445,1.04578,1.27552,1.50387,1.72348,1.9279,2.1116,2.27002,1.18187,0.987788,0.78378,0.587276,0.429332,0.396565,0.585174,0.826995,1.08336,1.34549,1.60413,1.85082,2.07833,2.28066,2.45297,1.28221,1.06615,0.835831,0.609264,0.418408,0.353538,0.557727,0.831687,1.12133,1.41608,1.70512,1.97892,2.22949,2.45036,2.63647,1.38988,1.15174,0.894965,0.638593,0.41469,0.313714,0.530282,0.836548,1.15976,1.48735,1.80691,2.10782,2.38139,2.62071,2.82051,1.50289,1.24298,0.960475,0.674031,0.416695,0.279337,0.502839,0.841609,1.19872,1.55938,1.90954,2.23754,2.53404,2.79172,3.0051,1.61975,1.33841,1.03098,0.714135,0.42347,0.249994,0.4754,0.846912,1.23828,1.63224,2.01307,2.36814,2.68747,2.96339,3.19023,1.74284,1.43979,1.10546,0.759023,0.434682,0.224494,0.447964,0.852512,1.27854,1.70601,2.11755,2.49962,2.84169,3.13573,3.37591,1.8683,1.54398,1.18363,0.807369,0.449369,0.202488,0.420533,0.858478,1.31961,1.78077,2.22304,2.63202,2.9967,3.30872,3.56212,1.9967,1.65073,1.26556,0.858133,0.466898,0.183553,0.393109,0.8649,1.3616,1.85663,2.32959,2.76537,3.15251,3.48238,3.74886,2.12802,1.76171,1.3498,0.91379,0.487793,0.166983,0.365693,0.871902,1.40466,1.93368,2.43724,2.89968,3.30913,3.6567,3.93613,2.26236,1.87461,1.43784,0.971161,0.51157,0.152764,0.33829,0.879644,1.44896,2.012,2.54605,3.03497,3.46657,3.83168,4.12392,2.39825,1.99031,1.52798,1.0319,0.537614,0.141578,0.310905,0.888347,1.49465,2.09168,2.65605,3.17126,3.62481,4.0073,4.31222,2.53703,2.10793,1.62091,1.09439,0.567536,0.132002,0.28355,0.898301,1.54194,2.17282,2.76727,3.30855,3.78386,4.18356,4.50102,2.67658,2.22689,1.71503,1.16111,0.599262,0.125853,0.256247,0.909883,1.59099,2.2555,3.17975,3.44685,3.94371,4.36046,4.69032
185,1.00732,0.859117,0.708496,0.571693,0.479109,0.488555,0.853382,0.818016,1.00856,1.20611,1.4043,1.59687,1.77816,1.94318,2.08762,1.0894,0.917651,0.740763,0.573569,0.448615,0.441447,0.612623,0.822445,1.04578,1.27552,1.50387,1.72348,1.9279,2.1116,2.27002,1.18187,0.987788,0.78378,0.587276,0.429332,0.396565,0.585174,0.826995,1.08336,1.34549,1.60413,1.85082,2.07833,2.28066,2.45297,1.28221,1.06615,0.835831,0.609264,0.418408,0.353538,0.557727,0.831687,1.12133,1.41608,1.70512,1.97892,2.22949,2.45036,2.63647,1.38988,1.15174,0.894965,0.638593,0.41469,0.313714,0.530282,0.836548,1.15976,1.48735,1.80691,2.10782,2.38139,2.62071,2.82051,1.50289,1.24298,0.960475,0.674031,0.416695,0.279337,0.502839,0.841609,1.19872,1.55938,1.90954,2.23754,2.53404,2.79172,3.0051,1.61975,1.33841,1.03098,0.714135,0.42347,0.249994,0.4754,0.846912,1.23828,1.63224,2.01307,2.36814,2.68747,2.96339,3.19023,1.74284,1.43979,1.10546,0.759023,0.434682,0.224494,0.447964,0.852512,1.27854,1.70601,2.11755,2.49962,2.84169,3.13573,3.37591,1.8683,1.54398,1.18363,0.807369,0.449369,0.202488,0.420533,0.858478,1.31961,1.78077,2.22304,2.63202,2.9967,3.30872,3.56212,1.9967,1.65073,1.26556,0.858133,0.466898,0.183553,0.393109,0.8649,1.3616,1.85663,2.32959,2.76537,3.15251,3.48238,3.74886,2.12802,1.76171,1.3498,0.91379,0.487793,0.166983,0.365693,0.871902,1.40466,1.93368,2.43724,2.89968,3.30913,3.6567,3.93613,2.26236,1.87461,1.43784,0.971161,0.51157,0.152764,0.33829,0.879644,1.44896,2.012,2.54605,3.03497,3.46657,3.83168,4.12392,2.39825,1.99031,1.52798,1.0319,0.537614,0.141578,0.310905,0.888347,1.49465,2.09168,2.65605,3.17126,3.62481,4.0073,4.31222,2.53703,2.10793,1.62091,1.09439,0.567536,0.132002,0.28355,0.898301,1.54194,2.17282,2.76727,3.30855,3.78386,4.18356,4.50102,2.67658,2.22689,1.71503,1.16111,0.599262,0.125853,0.256247,0.909883,1.59099,2.2555,3.17975,3.44685,3.94371,4.36046,4.69032
186,1.00732,0.859117,0.708496,0.571693,0.479109,0.488555,0.853382,0.818016,1.00856,1.20611,1.4043,1.59687,1.77816,1.94318,2.08762,1.0894,0.917651,0.740763,0.573569,0.448615,0.441447,0.612623,0.822445,1.04578,1.27552,1.50387,1.72348,1.9279,2.1116,2.27002,1.18187,0.987788,0.78378,0.587276,0.429332,0.396565,0.585174,0.826995,1.08336,1.34549,1.60413,1.85082,2.07833,2.28066,2.45297,1.28221,1.06615,0.835831,0.609264,0.418408,0.353538,0.557727,0.831687,1.12133,1.41608,1.70512,1.97892,2.22949,2.45036,2.63647,1.38988,1.15174,0.894965,0.638593,0.41469,0.313714,0.530282,0.836548,1.15976,1.48735,1.80691,2.10782,2.38139,2.62071,2.82051,1.50289,1.24298,0.960475,0.674031,0.416695,0.279337,0.502839,0.841609,1.19872,1.55938,1.90954,2.23754,2.53404,2.79172,3.0051,1.61975,1.33841,1.03098,0.714135,0.42347,0.249994,0.4754,0.846912,1.23828,1.63224,2.01307,2.36814,2.68747,2.96339,3.19023,1.74284,1.43979,1.10546,0.759023,0.434682,0.224494,0.447964,0.852512,1.27854,1.70601,2.11755,2.49962,2.84169,3.13573,3.37591,1.8683,1.54398,1.18363,0.807369,0.449369,0.202488,0.420533,0.858478,1.31961,1.78077,2.22304,2.63202,2.9967,3.30872,3.56212,1.9967,1.65073,1.26556,0.858133,0.466898,0.183553,0.393109,0.8649,1.3616,1.85663,2.32959,2.76537,3.15251,3.48238,3.74886,2.12802,1.76171,1.3498,0.91379,0.487793,0.166983,0.365693,0.871902,1.40466,1.93368,2.43724,2.89968,3.30913,3.6567,3.93613,2.26236,1.87461,1.43784,0.971161,0.51157,0.152764,0.33829,0.879644,1.44896,2.012,2.54605,3.03497,3.46657,3.83168,4.12392,2.39825,1.99031,1.52798,1.0319,0.537614,0.141578,0.310905,0.888347,1.49465,2.09168,2.65605,3.17126,3.62481,4.0073,4.31222,2.53703,2.10793,1.62091,1.09439,0.567536,0.132002,0.28355,0.898301,1.54194,2.17282,2.76727,3.30855,3.78386,4.18356,4.50102,2.67658,2.22689,1.71503,1.16111,0.599262,0.125853,0.256247,0.909883,1.59099,2.2555,3.17975,3.44685,3.94371,4.36046,4.69032
187,1.00732,0.859117,0.708496,0.571693,0.479109,0.488555,0.853382,0.818016,1.00856,1.20611,1.4043,1.59687,1.77816,1.94318,2.08762,1.0894,0.917651,0.740763,0.573569,0.448615,0.441447,0.612623,0.822445,1.04578,1.27552,1.50387,1.72348,1.9279,2.1116,2.27002,1.18187,0.987788,0.78378,0.587276,0.429332,0.396565,0.585174,0.826995,1.08336,1.34549,1.60413,1.85082,2.07833,2.28066,2.45297,1.28221,1.06615,0.835831,0.609264,0.418408,0.353538,0.557727,0.831687,1.12133,1.41608,1.70512,1.97892,2.22949,2.45036,2.63647,1.38988,1.15174,0.894965,0.638593,0.41469,0.313714,0.530282,0.836548,1.15976,1.48735,1.80691,2.10782,2.38139,2.62071,2.82051,1.50289,1.24298,0.960475,0.674031,0.416695,0.279337,0.502839,0.841609,1.19872,1.55938,1.90954,2.23754,2.53404,2.79172,3.0051,1.61975,1.33841,1.03098,0.714135,0.42347,0.249994,0.4754,0.846912,1.23828,1.63224,2.01307,2.36814,2.68747,2.96339,3.19023,1.74284,1.43979,1.10546,0.759023,0.434682,0.224494,0.447964,0.852512,1.27854,1.70601,2.11755,2.49962,2.84169,3.13573,3.37591,1.8683,1.54398,1.18363,0.807369,0.449369,0.202488,0.420533,0.858478,1.31961,1.78077,2.22304,2.63202,2.9967,3.30872,3.56212,1.9967,1.65073,1.26556,0.858133,0.466898,0.183553,0.393109,0.8649,1.3616,1.85663,2.32959,2.76537,3.15251,3.48238,3.74886,2.12802,1.76171,1.3498,0.91379,0.487793,0.166983,0.365693,0.871902,1.40466,1.93368,2.43724,2.89968,3.30913,3.6567,3.93613,2.26236,1.87461,1.43784,0.971161,0.51157,0.152764,0.33829,0.879644,1.44896,2.012,2.54605,3.03497,3.46657,3.83168,4.12392,2.39825,1.99031,1.52798,1.0319,0.537614,0.141578,0.310905,0.888347,1.49465,2.09168,2.65605,3.17126,3.62481,4.0073,4.31222,2.53703,2.10793,1.62091,1.09439,0.567536,0.132002,0.28355,0.898301,1.54194,2.17282,2.76727,3.30855,3.78386,4.18356,4.50102,2.67658,2.22689,1.71503,1.16111,0.599262,0.125853,0.256247,0.909883,1.59099,2.2555,3.17975,3.44685,3.94371,4.36046,4.69032
188,1.00732,0.859117,0.708496,0.571693,0.479109,0.488555,0.853382,0.818016,1.00856,1.20611,1.4043,1.59687,1.77816,1.94318,2.08762,1.0894,0.917651,0.740763,0.573569,0.448615,0.441447,0.612623,0.822445,1.04578,1.27552,1.50387,1.72348,1.9279,2.1116,2.27002,1.18187,0.987788,0.78378,0.587276,0.429332,0.396565,0.585174,0.826995,1.08336,1.34549,1.60413,1.85082,2.07833,2.28066,2.45297,1.28221,1.06615,0.835831,0.609264,0.418408,0.353538,0.557727,0.831687,1.12133,1.41608,1.70512,1.97892,2.22949,2.45036,2.63647,1.38988,1.15174,0.894965,0.638593,0.41469,0.313714,0.530282,0.836548,1.15976,1.48735,1.80691,2.10782,2.38139,2.62071,2.82051,1.50289,1.24298,0.960475,0.674031,0.416695,0.279337,0.502839,0.841609,1.19872,1.55938,1.90954,2.23754,2.53404,2.79172,3.0051,1.61975,1.33841,1.03098,0.714135,0.42347,0.249994,0.4754,0.846912,1.23828,1.63224,2.01307,2.36814,2.68747,2.96339,3.19023,1.74284,1.43979,1.10546,0.759023,0.434682,0.224494,0.447964,0.852512,1.27854,1.70601,2.11755,2.49962,2.84169,3.13573,3.37591,1.8683,1.54398,1.18363,0.807369,0.449369,0.202488,0.420533,0.858478,1.31961,1.78077,2.22304,2.63202,2.9967,3.30872,3.56212,1.9967,1.65073,1.26556,0.858133,0.466898,0.183553,0.393109,0.8649,1.3616,1.85663,2.32959,2.76537,3.15251,3.48238,3.74886,2.12802,1.76171,1.3498,0.91379,0.487793,0.166983,0.365693,0.871902,1.40466,1.93368,2.43724,2.89968,3.30913,3.6567,3.93613,2.26236,1.87461,1.43784,0.971161,0.51157,0.152764,0.33829,0.879644,1.44896,2.012,2.54605,3.03497,3.46657,3.83168,4.12392,2.39825,1.99031,1.52798,1.0319,0.537614,0.141578,0.310905,0.888347,1.49465,2.09168,2.65605,3.17126,3.62481,4.0073,4.31222,2.53703,2.10793,1.62091,1.09439,0.567536,0.132002,0.28355,0.898301,1.54194,2.17282,2.76727,3.30855,3.78386,4.18356,4.50102,2.67658,2.22689,1.71503,1.16111,0.599262,0.125853,0.256247,0.909883,1.59099,2.2555,3.17975,3.44685,3.94371,4.36046,4.69032
189,1.00732,0.859117,0.708496,0.571693,0.479109,0.488555,0.853382,0.818016,1.00856,1.20611,1.4043,1.59687,1.77816,1.94318,2.08762,1.0894,0.917651,0.740763,0.573569,0.448615,0.441447,0.612623,0.822445,1.04578,1.27552,1.50387,1.72348,1.9279,2.1116,2.27002,1.18187,0.987788,0.78378,0.587276,0.429332,0.396565,0.585174,0.826995,1.08336,1.34549,1.60413,1.85082,2.07833,2.28066,2.45297,1.28221,1.06615,0.835831,0.609264,0.418408,0.353538,0.557727,0.831687,1.12133,1.41608,1.70512,1.97892,2.22949,2.45036,2.63647,1.38988,1.15174,0.894965,0.638593,0.41469,0.313714,0.530282,0.836548,1.15976,1.48735,1.80691,2.10782,2.38139,2.62071,2.82051,1.50289,1.24298,0.960475,0.674031,0.416695,0.279337,0.502839,0.841609,1.19872,1.55938,1.90954,2.23754,2.53404,2.79172,3.0051,1.61975,1.33841,1.03098,0.714135,0.42347,0.249994,0.4754,0.846912,1.23828,1.63224,2.01307,2.36814,2.68747,2.96339,3.19023,1.74284,1.43979,1.10546,0.759023,0.434682,0.224494,0.447964,0.852512,1.27854,1.70601,2.11755,2.49962,2.84169,3.13573,3.37591,1.8683,1.54398,1.18363,0.807369,0.449369,0.202488,0.420533,0.858478,1.31961,1.78077,2.22304,2.63202,2.9967,3.30872,3.56212,1.9967,1.65073,1.26556,0.858133,0.466898,0.183553,0.393109,0.8649,1.3616,1.85663,2.32959,2.76537,3.15251,3.48238,3.74886,2.12802,1.76171,1.3498,0.91379,0.487793,0.166983,0.365693,0.871902,1.40466,1.93368,2.43724,2.89968,3.30913,3.6567,3.93613,2.26236,1.87461,1.43784,0.971161,0.51157,0.152764,0.33829,0.879644,1.44896,2.012,2.54605,3.03497,3.46657,3.83168,4.12392,2.39825,1.99031,1.52798,1.0319,0.537614,0.141578,0.310905,0.888347,1.49465,2.09168,2.65605,3.17126,3.62481,4.0073,4.31222,2.53703,2.10793,1.62091,1.09439,0.567536,0.132002,0.28355,0.898301,1.54194,2.17282,2.76727,3.30855,3.78386,4.18356,4.50102,2.67658,2.22689,1.71503,1.16111,0.599262,0.125853,0.256247,0.909883,1.59099,2.2555,3.17975,3.44685,3.94371,4.36046,4.69032
190,1.00732,0.859117,0.708496,0.571693,0.479109,0.488555,0.853382,0.818016,1.00856,1.20611,1.4043,1.59687,1.77816,1.94318,2.08762,1.0894,0.917651,0.740763,0.573569,0.448615,0.441447,0.612623,0.822445,1.04578,1.27552,1.50387,1.72348,1.9279,2.1116,2.27002,1.18187,0.987788,0.78378,0.587276,0.429332,0.396565,0.585174,0.826995,1.08336,1.34549,1.60413,1.85082,2.07833,2.28066,2.45297,1.28221,1.06615,0.835831,0.609264,0.418408,0.353538,0.557727,0.831687,1.12133,1.41608,1.70512,1.97892,2.22949,2.45036,2.63647,1.38988,1.15174,0.894965,0.638593,0.41469,0.313714,0.530282,0.836548,1.15976,1.48735,1.80691,2.10782,2.38139,2.62071,2.82051,1.50289,1.24298,0.960475,0.674031,0.416695,0.279337,0.502839,0.841609,1.19872,1.55938,1.90954,2.23754,2.53404,2.79172,3.0051,1.61975,1.33841,1.03098,0.714135,0.42347,0.249994,0.4754,0.846912,1.23828,1.63224,2.01307,2.36814,2.68747,2.96339,3.19023,1.74284,1.43979,1.10546,0.759023,0.434682,0.224494,0.447964,0.852512,1.27854,1.70601,2.11755,2.49962,2.84169,3.13573,3.37591,1.8683,1.54398,1.18363,0.807369,0.449369,0.202488,0.420533,0.858478,1.31961,1.78077,2.22304,2.63202,2.9967,3.30872,3.56212,1.9967,1.65073,1.26556,0.858133,0.466898,0.183553,0.393109,0.8649,1.3616,1.85663,2.32959,2.76537,3.15251,3.48238,3.74886,2.12802,1.76171,1.3498,0.91379,0.487793,0.166983,0.365693,0.871902,1.40466,1.93368,2.43724,2.89968,3.30913,3.6567,3.93613,2.26236,1.87461,1.43784,0.971161,0.51157,0.152764,0.33829,0.879644,1.44896,2.012,2.54605,3.03497,3.46657,3.83168,4.12392,2.39825,1.99031,1.52798,1.0319,0.537614,0.141578,0.310905,0.888347,1.49465,2.09168,2.65605,3.17126,3.62481,4.0073,4.31222,2.53703,2.10793,1.62091,1.09439,0.567536,0.132002,0.28355,0.898301,1.54194,2.17282,2.76727,3.30855,3.78386,4.18356,4.50102,2.67658,2.22689,1.71503,1.16111,0.599262,0.125853,0.256247,0.909883,1.59099,2.2555,3.17975,3.44685,3.94371,4.36046,4.69032
191,1.00732,0.859117,0.708496,0.571693,0.479109,0.488555,0.853382,0.818016,1.00856,1.20611,1.4043,1.59687,1.77816,1.94318,2.08762,1.0894,0.917651,0.740763,0.573569,0.448615,0.441447,0.612623,0.822445,1.04578,1.27552,1.50387,1.72348,1.9279,2.1116,2.27002,1.18187,0.987788,0.78378,0.587276,0.429332,0.396565,0.585174,0.826995,1.08336,1.34549,1.60413,1.85082,2.07833,2.28066,2.45297,1.28221,1.06615,0.835831,0.609264,0.418408,0.353538,0.557727,0.831687,1.12133,1.41608,1.70512,1.97892,2.22949,2.45036,2.63647,1.38988,1.15174,0.894965,0.638593,0.41469,0.313714,0.530282,0.836548,1.15976,1.48735,1.80691,2.10782,2.38139,2.62071,2.82051,1.50289,1.24298,0.960475,0.674031,0.416695,0.279337,0.502839,0.841609,1.19872,1.55938,1.90954,2.23754,2.53404,2.79172,3.0051,1.61975,1.33841,1.03098,0.714135,0.42347,0.249994,0.4754,0.846912,1.23828,1.63224,2.01307,2.36814,2.68747,2.96339,3.19023,1.74284,1.43979,1.10546,0.759023,0.434682,0.224494,0.447964,0.852512,1.27854,1.70601,2.11755,2.49962,2.84169,3.13573,3.37591,1.8683,1.54398,1.18363,0.807369,0.449369,0.202488,0.420533,0.858478,1.31961,1.78077,2.22304,2.63202,2.9967,3.30872,3.56212,1.9967,1.65073,1.26556,0.858133,0.466898,0.183553,0.393109,0.8649,1.3616,1.85663,2.32959,2.76537,3.15251,3.48238,3.74886,2.12802,1.76171,1.3498,0.91379,0.487793,0.166983,0.365693,0.871902,1.40466,1.93368,2.43724,2.89968,3.30913,3.6567,3.93613,2.26236,1.87461,1.43784,0.971161,0.51157,0.152764,0.33829,0.879644,1.44896,2.012,2.54605,3.03497,3.46657,3.83168,4.12392,2.39825,1.99031,1.52798,1.0319,0.537614,0.141578,0.310905,0.888347,1.49465,2.09168,2.65605,3.17126,3.62481,4.0073,4.31222,2.53703,2.10793,1.62091,1.09439,0.567536,0.132002,0.28355,0.898301,1.54194,2.17282,2.76727,3.30855,3.78386,4.18356,4.50102,2.67658,2.22689,1.71503,1.16111,0.599262,0.125853,0.256247,0.909883,1.59099,2.2555,3.17975,3.44685,3.94371,4.36046,4.69032
192,1.00732,0.859117,0.708496,0.571693,0.479109,0.488555,0.853382,0.818016,1.00856,1.20611,1.4043,1.59687,1.77816,1.94318,2.08762,1.0894,0.917651,0.740763,0.573569,0.448615,0.441447,0.612623,0.822445,1.04578,1.27552,1.50387,1.72348,1.9279,2.1116,2.27002,1.18187,0.987788,0.78378,0.587276,0.429332,0.396565,0.585174,0.826995,1.08336,1.34549,1.60413,1.85082,2.07833,2.28066,2.45297,1.28221,1.06615,0.835831,0.609264,0.418408,0.353538,0.557727,0.831687,1.12133,1.41608,1.70512,1.97892,2.22949,2.45036,2.63647,1.38988,1.15174,0.894965,0.638593,0.41469,0.313714,0.530282,0.836548,1.15976,1.48735,1.80691,2.10782,2.38139,2.62071,2.82051,1.50289,1.24298,0.960475,0.674031,0.416695,0.279337,0.502839,0.841609,1.19872,1.55938,1.90954,2.23754,2.53404,2.79172,3.0051,1.61975,1.33841,1.03098,0.714135,0.42347,0.249994,0.4754,0.846912,1.23828,1.63224,2.01307,2.36814,2.68747,2.96339,3.19023,1.74284,1.43979,1.10546,0.759023,0.434682,0.224494,0.447964,0.852512,1.27854,1.70601,2.11755,2.49962,2.84169,3.13573,3.37591,1.8683,1.54398,1.18363,0.807369,0.449369,0.202488,0.420533,0.858478,1.31961,1.78077,2.22304,2.63202,2.9967,3.30872,3.56212,1.9967,1.65073,1.26556,0.858133,0.466898,0.183553,0.393109,0.8649,1.3616,1.85663,2.32959,2.76537,3.15251,3.48238,3.74886,2.12802,1.76171,1.3498,0.91379,0.487793,0.166983,0.365693,0.871902,1.40466,1.93368,2.43724,2.89968,3.30913,3.6567,3.93613,2.26236,1.87461,1.43784,0.971161,0.51157,0.152764,0.33829,0.879644,1.44896,2.012,2.54605,3.03497,3.46657,3.83168,4.12392,2.39825,1.99031,1.52798,1.0319,0.537614,0.141578,0.310905,0.888347,1.49465,2.09168,2.65605,3.17126,3.62481,4.0073,4.31222,2.53703,2.10793,1.62091,1.09439,0.567536,0.132002,0.28355,0.898301,1.54194,2.17282,2.76727,3.30855,3.78386,4.18356,4.50102,2.67658,2.22689,1.71503,1.16111,0.599262,0.125853,0.256247,0.909883,1.59099,2.2555,3.17975,3.44685,3.94371,4.36046,4.69032
193,1.00732,0.859117,0.708496,0.571693,0.479109,0.488555,0.853382,0.818016,1.00856,1.20611,1.4043,1.59687,1.77816,1.94318,2.08762,1.0894,0.917651,0.740763,0.573569,0.448615,0.441447,0.612623,0.822445,1.04578,1.27552,1.50387,1.72348,1.9279,2.1116,2.27002,1.18187,0.987788,0.78378,0.587276,0.429332,0.396565,0.585174,0.826995,1.08336,1.34549,1.60413,1.85082,2.07833,2.28066,2.45297,1.28221,1.06615,0.835831,0.609264,0.418408,0.353538,0.557727,0.831687,1.12133,1.41608,1.70512,1.97892,2.22949,2.45036,2.63647,1.38988,1.15174,0.894965,0.638593,0.41469,0.313714,0.530282,0.836548,1.15976,1.48735,1.80691,2.10782,2.38139,2.62071,2.82051,1.50289,1.24298,0.960475,0.674031,0.416695,0.279337,0.502839,0.841609,1.19872,1.55938,1.90954,2.23754,2.53404,2.79172,3.0051,1.61975,1.33841,1.03098,0.714135,0.42347,0.249994,0.4754,0.846912,1.23828,1.63224,2.01307,2.36814,2.68747,2.96339,3.19023,1.74284,1.43979,1.10546,0.759023,0.434682,0.224494,0.447964,0.852512,1.27854,1.70601,2.11755,2.49962,2.84169,3.13573,3.37591,1.8683,1.54398,1.18363,0.807369,0.449369,0.202488,0.420533,0.858478,1.31961,1.78077,2.22304,2.63202,2.9967,3.30872,3.56212,1.9967,1.65073,1.26556,0.858133,0.466898,0.183553,0.393109,0.8649,1.3616,1.85663,2.32959,2.76537,3.15251,3.48238,3.74886,2.12802,1.76171,1.3498,0.91379,0.487793,0.166983,0.365693,0.871902,1.40466,1.93368,2.43724,2.89968,3.30913,3.6567,3.93613,2.26236,1.87461,1.43784,0.971161,0.51157,0.152764,0.33829,0.879644,1.44896,2.012,2.54605,3.03497,3.46657,3.83168,4.12392,2.39825,1.99031,1.52798,1.0319,0.537614,0.141578,0.310905,0.888347,1.49465,2.09168,2.65605,3.17126,3.62481,4.0073,4.31222,2.53703,2.10793,1.62091,1.09439,0.567536,0.132002,0.28355,0.898301,1.54194,2.17282,2.76727,3.30855,3.78386,4.18356,4.50102,2.67658,2.22689,1.71503,1.16111,0.599262,0.125853,0.256247,0.909883,1.59099,2.2555,3.17975,3.44685,3.94371,4.36046,4.69032
194,1.00732,0.859117,0.708496,0.571693,0.479109,0.488555,0.853382,0.818016,1.00856,1.20611,1.4043,1.59687,1.77816,1.94318,2.08762,1.0894,0.917651,0.740763,0.573569,0.448615,0.441447,0.612623,0.822445,1.04578,1.27552,1.50387,1.72348,1.9279,2.1116,2.27002,1.18187,0.987788,0.78378,0.587276,0.429332,0.396565,0.585174,0.826995,1.08336,1.34549,1.60413,1.85082,2.07833,2.28066,2.45297,1.28221,1.06615,0.835831,0.609264,0.418408,0.353538,0.557727,0.831687,1.12133,1.41608,1.70512,1.97892,2.22949,2.45036,2.63647,1.38988,1.15174,0.894965,0.638593,0.41469,0.313714,0.530282,0.836548,1.15976,1.48735,1.80691,2.10782,2.38139,2.62071,2.82051,1.50289,1.24298,0.960475,0.674031,0.416695,0.279337,0.502839,0.841609,1.19872,1.55938,1.90954,2.23754,2.53404,2.79172,3.0051,1.61975,1.33841,1.03098,0.714135,0.42347,0.249994,0.4754,0.846912,1.23828,1.63224,2.01307,2.36814,2.68747,2.96339,3.19023,1.74284,1.43979,1.10546,0.759023,0.434682,0.224494,0.447964,0.852512,1.27854,1.70601,2.11755,2.49962,2.84169,3.13573,3.37591,1.8683,1.54398,1.18363,0.807369,0.449369,0.202488,0.420533,0.858478,1.31961,1.78077,2.22304,2.63202,2.9967,3.30872,3.56212,1.9967,1.65073,1.26556,0.858133,0.466898,0.183553,0.393109,0.8649,1.3616,1.85663,2.32959,2.76537,3.15251,3.48238,3.74886,2.12802,1.76171,1.3498,0.91379,0.487793,0.166983,0.365693,0.871902,1.40466,1.93368,2.43724,2.89968,3.30913,3.6567,3.93613,2.26236,1.87461,1.43784,0.971161,0.51157,0.152764,0.33829,0.879644,1.44896,2.012,2.54605,3.03497,3.46657,3.83168,4.12392,2.39825,1.99031,1.52798,1.0319,0.537614,0.141578,0.310905,0.888347,1.49465,2.09168,2.65605,3.17126,3.62481,4.0073,4.31222,2.53703,2.10793,1.62091,1.09439,0.567536,0.132002,0.28355,0.898301,1.54194,2.17282,2.76727,3.30855,3.78386,4.18356,4.50102,2.67658,2.22689,1.71503,1.16111,0.599262,0.125853,0.256247,0.909883,1.59099,2.2555,3.17975,3.44685,3.94371,4.36046,4.69032
195,1.00732,0.859117,0.708496,0.571693,0.479109,0.488555,0.853382,0.818016,1.00856,1.20611,1.4043,1.59687,1.77816,1.94318,2.08762,1.0894,0.917651,0.740763,0.573569,0.448615,0.441447,0.612623,0.822445,1.04578,1.27552,1.50387,1.72348,1.9279,2.1116,2.27002,1.18187,0.987788,0.78378,0.587276,0.429332,0.396565,0.585174,0.826995,1.08336,1.34549,1.60413,1.85082,2.07833,2.28066,2.45297,1.28221,1.06615,0.835831,0.609264,0.418408,0.353538,0.557727,0.831687,1.12133,1.41608,1.70512,1.97892,2.22949,2.45036,2.63647,1.38988,1.15174,0.894965,0.638593,0.41469,0.313714,0.530282,0.836548,1.15976,1.48735,1.80691,2.10782,2.38139,2.62071,2.82051,1.50289,1.24298,0.960475,0.674031,0.416695,0.279337,0.502839,0.841609,1.19872,1.55938,1.90954,2.23754,2.53404,2.79172,3.0051,1.61975,1.33841,1.03098,0.714135,0.42347,0.249994,0.4754,0.846912,1.23828,1.63224,2.01307,2.36814,2.68747,2.96339,3.19023,1.74284,1.43979,1.10546,0.759023,0.434682,0.224494,0.447964,0.852512,1.27854,1.70601,2.11755,2.49962,2.84169,3.13573,3.37591,1.8683,1.54398,1.18363,0.807369,0.449369,0.202488,0.420533,0.858478,1.31961,1.78077,2.22304,2.63202,2.9967,3.30872,3.56212,1.9967,1.65073,1.26556,0.858133,0.466898,0.183553,0.393109,0.8649,1.3616,1.85663,2.32959,2.76537,3.15251,3.48238,3.74886,2.12802,1.76171,1.3498,0.91379,0.487793,0.166983,0.365693,0.871902,1.40466,1.93368,2.43724,2.89968,3.30913,3.6567,3.93613,2.26236,1.87461,1.43784,0.971161,0.51157,0.152764,0.33829,0.879644,1.44896,2.012,2.54605,3.03497,3.46657,3.83168,4.12392,2.39825,1.99031,1.52798,1.0319,0.537614,0.141578,0.310905,0.888347,1.49465,2.09168,2.65605,3.17126,3.62481,4.0073,4.31222,2.53703,2.10793,1.62091,1.09439,0.567536,0.132002,0.28355,0.898301,1.54194,2.17282,2.76727,3.30855,3.78386,4.18356,4.50102,2.67658,2.22689,1.71503,1.16111,0.599262,0.125853,0.256247,0.909883,1.59099,2.2555,3.17975,3.44685,3.94371,4.36046,4.69032
196,1.00732,0.859117,0.708496,0.571693,0.479109,0.488555,0.853382,0.818016,1.00856,1.20611,1.4043,1.59687,1.77816,1.94318,2.08762,1.0894,0.917651,0.740763,0.573569,0.448615,0.441447,0.612623,0.822445,1.04578,1.27552,1.50387,1.72348,1.9279,2.1116,2.27002,1.18187,0.987788,0.78378,0.587276,0.429332,0.396565,0.585174,0.826995,1.08336,1.34549,1.60413,1.85082,2.07833,2.28066,2.45297,1.28221,1.06615,0.835831,0.609264,0.418408,0.353538,0.557727,0.831687,1.12133,1.41608,1.70512,1.97892,2.22949,2.45036,2.63647,1.38988,1.15174,0.894965,0.638593,0.41469,0.313714,0.530282,0.836548,1.15976,1.48735,1.80691,2.10782,2.38139,2.62071,2.82051,1.50289,1.24298,0.960475,0.674031,0.416695,0.279337,0.502839,0.841609,1.19872,1.55938,1.90954,2.23754,2.53404,2.79172,3.0051,1.61975,1.33841,1.03098,0.714135,0.42347,0.249994,0.4754,0.846912,1.23828,1.63224,2.01307,2.36814,2.68747,2.96339,3.19023,1.74284,1.43979,1.10546,0.759023,0.434682,0.224494,0.447964,0.852512,1.27854,1.70601,2.11755,2.49962,2.84169,3.13573,3.37591,1.8683,1.54398,1.18363,0.807369,0.449369,0.202488,0.420533,0.858478,1.31961,1.78077,2.22304,2.63202,2.9967,3.30872,3.56212,1.9967,1.65073,1.26556,0.858133,0.466898,0.183553,0.393109,0.8649,1.3616,1.85663,2.32959,2.76537,3.15251,3.48238,3.74886,2.12802,1.76171,1.3498,0.91379,0.487793,0.166983,0.365693,0.871902,1.40466,1.93368,2.43724,2.89968,3.30913,3.6567,3.93613,2.26236,1.87461,1.43784,0.971161,0.51157,0.152764,0.33829,0.879644,1.44896,2.012,2.54605,3.03497,3.46657,3.83168,4.12392,2.39825,1.99031,1.52798,1.0319,0.537614,0.141578,0.310905,0.888347,1.49465,2.09168,2.65605,3.17126,3.62481,4.0073,4.31222,2.53703,2.10793,1.62091,1.09439,0.567536,0.132002,0.28355,0.898301,1.54194,2.17282,2.76727,3.30855,3.78386,4.18356,4.50102,2.67658,2.22689,1.71503,1.16111,0.599262,0.125853,0.256247,0.909883,1.59099,2.2555,3.17975,3.44685,3.94371,4.36046,4.69032
197,1.00732,0.859117,0.708496,0.571693,0.479109,0.488555,0.853382,0.818016,1.00856,1.20611,1.4043,1.59687,1.77816,1.94318,2.08762,1.0894,0.917651,0.740763,0.573569,0.448615,0.441447,0.612623,0.822445,1.04578,1.27552,1.50387,1.72348,1.9279,2.1116,2.27002,1.18187,0.987788,0.78378,0.587276,0.429332,0.396565,0.585174,0.826995,1.08336,1.34549,1.60413,1.85082,2.07833,2.28066,2.45297,1.28221,1.06615,0.835831,0.609264,0.418408,0.353538,0.557727,0.831687,1.12133,1.41608,1.70512,1.97892,2.22949,2.45036,2.63647,1.38988,1.15174,0.894965,0.638593,0.41469,0.313714,0.530282,0.836548,1.15976,1.48735,1.80691,2.10782,2.38139,2.62071,2.82051,1.50289,1.24298,0.960475,0.674031,0.416695,0.279337,0.502839,0.841609,1.19872,1.55938,1.90954,2.23754,2.53404,2.79172,3.0051,1.61975,1.33841,1.03098,0.714135,0.42347,0.249994,0.4754,0.846912,1.23828,1.63224,2.01307,2.36814,2.68747,2.96339,3.19023,1.74284,1.43979,1.10546,0.759023,0.434682,0.224494,0.447964,0.852512,1.27854,1.70601,2.11755,2.49962,2.84169,3.13573,3.37591,1.8683,1.54398,1.18363,0.807369,0.449369,0.202488,0.420533,0.858478,1.31961,1.78077,2.22304,2.63202,2.9967,3.30872,3.56212,1.9967,1.65073,1.26556,0.858133,0.466898,0.183553,0.393109,0.8649,1.3616,1.85663,2.32959,2.76537,3.15251,3.48238,3.74886,2.12802,1.76171,1.3498,0.91379,0.487793,0.166983,0.365693,0.871902,1.40466,1.93368,2.43724,2.89968,3.30913,3.6567,3.93613,2.26236,1.87461,1.43784,0.971161,0.51157,0.152764,0.33829,0.879644,1.44896,2.012,2.54605,3.03497,3.46657,3.83168,4.12392,2.39825,1.99031,1.52798,1.0319,0.537614,0.141578,0.310905,0.888347,1.49465,2.09168,2.65605,3.17126,3.62481,4.0073,4.31222,2.53703,2.10793,1.62091,1.09439,0.567536,0.132002,0.28355,0.898301,1.54194,2.17282,2.76727,3.30855,3.78386,4.18356,4.50102,2.67658,2.22689,1.71503,1.16111,0.599262,0.125853,0.256247,0.909883,1.59099,2.2555,3.17975,3.44685,3.94371,4.36046,4.69032
198,1.00732,0.859117,0.708496,0.571693,0.479109,0.488555,0.853382,0.818016,1.00856,1.20611,1.4043,1.59687,1.77816,1.94318,2.08762,1.0894,0.917651,0.740763,0.573569,0.448615,0.441447,0.612623,0.822445,1.04578,1.27552,1.50387,1.72348,1.9279,2.1116,2.27002,1.18187,0.987788,0.78378,0.587276,0.429332,0.396565,0.585174,0.826995,1.08336,1.34549,1.60413,1.85082,2.07833,2.28066,2.45297,1.28221,1.06615,0.835831,0.609264,0.418408,0.353538,0.557727,0.831687,1.12133,1.41608,1.70512,1.97892,2.22949,2.45036,2.63647,1.38988,1.15174,0.894965,0.638593,0.41469,0.313714,0.530282,0.836548,1.15976,1.48735,1.80691,2.10782,2.38139,2.62071,2.82051,1.50289,1.24298,0.960475,0.674031,0.416695,0.279337,0.502839,0.841609,1.19872,1.55938,1.90954,2.23754,2.53404,2.79172,3.0051,1.61975,1.33841,1.03098,0.714135,0.42347,0.249994,0.4754,0.846912,1.23828,1.63224,2.01307,2.36814,2.68747,2.96339,3.19023,1.74284,1.43979,1.10546,0.759023,0.434682,0.224494,0.447964,0.852512,1.27854,1.70601,2.11755,2.49962,2.84169,3.13573,3.37591,1.8683,1.54398,1.18363,0.807369,0.449369,0.202488,0.420533,0.858478,1.31961,1.78077,2.22304,2.63202,2.9967,3.30872,3.56212,1.9967,1.65073,1.26556,0.858133,0.466898,0.183553,0.393109,0.8649,1.3616,1.85663,2.32959,2.76537,3.15251,3.48238,3.74886,2.12802,1.76171,1.3498,0.91379,0.487793,0.166983,0.365693,0.871902,1.40466,1.93368,2.43724,2.89968,3.30913,3.6567,3.93613,2.26236,1.87461,1.43784,0.971161,0.51157,0.152764,0.33829,0.879644,1.44896,2.012,2.54605,3.03497,3.46657,3.83168,4.12392,2.39825,1.99031,1.52798,1.0319,0.537614,0.141578,0.310905,0.888347,1.49465,2.09168,2.65605,3.17126,3.62481,4.0073,4.31222,2.53703,2.10793,1.62091,1.09439,0.567536,0.132002,0.28355,0.898301,1.54194,2.17282,2.76727,3.30855,3.78386,4.18356,4.50102,2.67658,2.22689,1.71503,1.16111,0.599262,0.125853,0.256247,0.909883,1.59099,2.2555,3.17975,3.44685,3.94371,4.36046,4.69032
199,1.00732,0.859117,0.708496,0.571693,0.479109,0.488555,0.853382,0.818016,1.00856,1.20611,1.4043,1.59687,1.77816,1.94318,2.08762,1.0894,0.917651,0.740763,0.573569,0.448615,0.441447,0.612623,0.822445,1.04578,1.27552,1.50387,1.72348,1.9279,2.1116,2.27002,1.18187,0.987788,0.78378,0.587276,0.429332,0.396565,0.585174,0.826995,1.08336,1.34549,1.60413,1.85082,2.07833,2.28066,2.45297,1.28221,1.06615,0.835831,0.609264,0.418408,0.353538,0.557727,0.831687,1.12133,1.41608,1.70512,1.97892,2.22949,2.45036,2.63647,1.38988,1.15174,0.894965,0.638593,0.41469,0.313714,0.530282,0.836548,1.15976,1.48735,1.80691,2.10782,2.38139,2.62071,2.82051,1.50289,1.24298,0.960475,0.674031,0.416695,0.279337,0.502839,0.841609,1.19872,1.55938,1.90954,2.23754,2.53404,2.79172,3.0051,1.61975,1.33841,1.03098,0.714135,0.42347,0.249994,0.4754,0.846912,1.23828,1.63224,2.01307,2.36814,2.68747,2.96339,3.19023,1.74284,1.43979,1.10546,0.759023,0.434682,0.224494,0.447964,0.852512,1.27854,1.70601,2.11755,2.49962,2.84169,3.13573,3.37591,1.8683,1.54398,1.18363,0.807369,0.449369,0.202488,0.420533,0.858478,1.31961,1.78077,2.22304,2.63202,2.9967,3.30872,3.56212,1.9967,1.65073,1.26556,0.858133,0.466898,0.183553,0.393109,0.8649,1.3616,1.85663,2.32959,2.76537,3.15251,3.48238,3.74886,2.12802,1.76171,1.3498,0.91379,0.487793,0.166983,0.365693,0.871902,1.40466,1.93368,2.43724,2.89968,3.30913,3.6567,3.93613,2.26236,1.87461,1.43784,0.971161,0.51157,0.152764,0.33829,0.879644,1.44896,2.012,2.54605,3.03497,3.46657,3.83168,4.12392,2.39825,1.99031,1.52798,1.0319,0.537614,0.141578,0.310905,0.888347,1.49465,2.09168,2.65605,3.17126,3.62481,4.0073,4.31222,2.53703,2.10793,1.62091,1.09439,0.567536,0.132002,0.28355,0.898301,1.54194,2.17282,2.76727,3.30855,3.78386,4.18356,4.50102,2.67658,2.22689,1.71503,1.16111,0.599262,0.125853,0.256247,0.909883,1.59099,2.2555,3.17975,3.44685,3.94371,4.36046,4.69032
200,1.00732,0.859117,0.708496,0.571693,0.479109,0.488555,0.853382,0.818016,1.00856,1.20611,1.4043,1.59687,1.77816,1.94318,2.08762,1.0894,0.917651,0.740763,0.573569,0.448615,0.441447,0.612623,0.822445,1.04578,1.27552,1.50387,1.72348,1.9279,2.1116,2.27002,1.18187,0.987788,0.78378,0.587276,0.429332,0.396565,0.585174,0.826995,1.08336,1.34549,1.60413,1.85082,2.07833,2.28066,2.45297,1.28221,1.06615,0.835831,0.609264,0.418408,0.353538,0.557727,0.831687,1.12133,1.41608,1.70512,1.97892,2.22949,2.45036,2.63647,1.38988,1.15174,0.894965,0.638593,0.41469,0.313714,0.530282,0.836548,1.15976,1.48735,1.80691,2.10782,2.38139,2.62071,2.82051,1.50289,1.24298,0.960475,0.674031,0.416695,0.279337,0.502839,0.841609,1.19872,1.55938,1.90954,2.23754,2.53404,2.79172,3.0051,1.61975,1.33841,1.03098,0.714135,0.42347,0.249994,0.4754,0.846912,1.23828,1.63224,2.01307,2.36814,2.68747,2.96339,3.19023,1.74284,1.43979,1.10546,0.759023,0.434682,0.224494,0.447964,0.852512,1.27854,1.70601,2.11755,2.49962,2.84169,3.13573,3.37591,1.8683,1.54398,1.18363,0.807369,0.449369,0.202488,0.420533,0.858478,1.31961,1.78077,2.22304,2.63202,2.9967,3.30872,3.56212,1.9967,1.65073,1.26556,0.858133,0.466898,0.183553,0.393109,0.8649,1.3616,1.85663,2.32959,2.76537,3.15251,3.48238,3.74886,2.12802,1.76171,1.3498,0.91379,0.487793,0.166983,0.365693,0.871902,1.40466,1.93368,2.43724,2.89968,3.30913,3.6567,3.93613,2.26236,1.87461,1.43784,0.971161,0.51157,0.152764,0.33829,0.879644,1.44896,2.012,2.54605,3.03497,3.46657,3.83168,4.12392,2.39825,1.99031,1.52798,1.0319,0.537614,0.141578,0.310905,0.888347,1.49465,2.09168,2.65605,3.17126,3.62481,4.0073,4.31222,2.53703,2.10793,1.62091,1.09439,0.567536,0.132002,0.28355,0.898301,1.54194,2.17282,2.76727,3.30855,3.78386,4.18356,4.50102,2.67658,2.22689,1.71503,1.16111,0.599262,0.125853,0.256247,0.909883,1.59099,2.2555,3.17975,3.44685,3.94371,4.36046,4.69032
201,1.00732,0.859117,0.708496,0.571693,0.479109,0.488555,0.853382,0.818016,1.00856,1.20611,1.4043,1.59687,1.77816,1.94318,2.08762,1.0894,0.917651,0.740763,0.573569,0.448615,0.441447,0.612623,0.822445,1.04578,1.27552,1.50387,1.72348,1.9279,2.1116,2.27002,1.18187,0.987788,0.78378,0.587276,0.429332,0.396565,0.585174,0.826995,1.08336,1.34549,1.60413,1.85082,2.07833,2.28066,2.45297,1.28221,1.06615,0.835831,0.609264,0.418408,0.353538,0.557727,0.831687,1.12133,1.41608,1.70512,1.97892,2.22949,2.45036,2.63647,1.38988,1.15174,0.894965,0.638593,0.41469,0.313714,0.530282,0.836548,1.15976,1.48735,1.80691,2.10782,2.38139,2.62071,2.82051,1.50289,1.24298,0.960475,0.674031,0.416695,0.279337,0.502839,0.841609,1.19872,1.55938,1.90954,2.23754,2.53404,2.79172,3.0051,1.61975,1.33841,1.03098,0.714135,0.42347,0.249994,0.4754,0.846912,1.23828,1.63224,2.01307,2.36814,2.68747,2.96339,3.19023,1.74284,1.43979,1.10546,0.759023,0.434682,0.224494,0.447964,0.852512,1.27854,1.70601,2.11755,2.49962,2.84169,3.13573,3.37591,1.8683,1.54398,1.18363,0.807369,0.449369,0.202488,0.420533,0.858478,1.31961,1.78077,2.22304,2.63202,2.9967,3.30872,3.56212,1.9967,1.65073,1.26556,0.858133,0.466898,0.183553,0.393109,0.8649,1.3616,1.85663,2.32959,2.76537,3.15251,3.48238,3.74886,2.12802,1.76171,1.3498,0.91379,0.487793,0.166983,0.365693,0.871902,1.40466,1.93368,2.43724,2.89968,3.30913,3.6567,3.93613,2.26236,1.87461,1.43784,0.971161,0.51157,0.152764,0.33829,0.879644,1.44896,2.012,2.54605,3.03497,3.46657,3.83168,4.12392,2.39825,1.99031,1.52798,1.0319,0.537614,0.141578,0.310905,0.888347,1.49465,2.09168,2.65605,3.17126,3.62481,4.0073,4.31222,2.53703,2.10793,1.62091,1.09439,0.567536,0.132002,0.28355,0.898301,1.54194,2.17282,2.76727,3.30855,3.78386,4.18356,4.50102,2.67658,2.22689,1.71503,1.16111,0.599262,0.125853,0.256247,0.909883,1.59099,2.2555,3.17975,3.44685,3.94371,4.36046,4.69032
202,1.00732,0.859117,0.708496,0.571693,0.479109,0.488555,0.853382,0.818016,1.00856,1.20611,1.4043,1.59687,1.77816,1.94318,2.08762,1.0894,0.917651,0.740763,0.573569,0.448615,0.441447,0.612623,0.822445,1.04578,1.27552,1.50387,1.72348,1.9279,2.1116,2.27002,1.18187,0.987788,0.78378,0.587276,0.429332,0.396565,0.585174,0.826995,1.08336,1.34549,1.60413,1.85082,2.07833,2.28066,2.45297,1.28221,1.06615,0.835831,0.609264,0.418408,0.353538,0.557727,0.831687,1.12133,1.41608,1.70512,1.97892,2.22949,2.45036,2.63647,1.38988,1.15174,0.894965,0.638593,0.41469,0.313714,0.530282,0.836548,1.15976,1.48735,1.80691,2.10782,2.38139,2.62071,2.82051,1.50289,1.24298,0.960475,0.674031,0.416695,0.279337,0.502839,0.841609,1.19872,1.55938,1.90954,2.23754,2.53404,2.79172,3.0051,1.61975,1.33841,1.03098,0.714135,0.42347,0.249994,0.4754,0.846912,1.23828,1.63224,2.01307,2.36814,2.68747,2.96339,3.19023,1.74284,1.43979,1.10546,0.759023,0.434682,0.224494,0.447964,0.852512,1.27854,1.70601,2.11755,2.49962,2.84169,3.13573,3.37591,1.8683,1.54398,1.18363,0.807369,0.449369,0.202488,0.420533,0.858478,1.31961,1.78077,2.22304,2.63202,2.9967,3.30872,3.56212,1.9967,1.65073,1.26556,0.858133,0.466898,0.183553,0.393109,0.8649,1.3616,1.85663,2.32959,2.76537,3.15251,3.48238,3.74886,2.12802,1.76171,1.3498,0.91379,0.487793,0.166983,0.365693,0.871902,1.40466,1.93368,2.43724,2.89968,3.30913,3.6567,3.93613,2.26236,1.87461,1.43784,0.971161,0.51157,0.152764,0.33829,0.879644,1.44896,2.012,2.54605,3.03497,3.46657,3.83168,4.12392,2.39825,1.99031,1.52798,1.0319,0.537614,0.141578,0.310905,0.888347,1.49465,2.09168,2.65605,3.17126,3.62481,4.0073,4.31222,2.53703,2.10793,1.62091,1.09439,0.567536,0.132002,0.28355,0.898301,1.54194,2.17282,2.76727,3.30855,3.78386,4.18356,4.50102,2.67658,2.22689,1.71503,1.16111,0.599262,0.125853,0.256247,0.909883,1.59099,2.2555,3.17975,3.44685,3.94371,4.36046,4.69032
203,1.00732,0.859117,0.708496,0.571693,0.479109,0.488555,0.853382,0.818016,1.00856,1.20611,1.4043,1.59687,1.77816,1.94318,2.08762,1.0894,0.917651,0.740763,0.573569,0.448615,0.441447,0.612623,0.822445,1.04578,1.27552,1.50387,1.72348,1.9279,2.1116,2.27002,1.18187,0.987788,0.78378,0.587276,0.429332,0.396565,0.585174,0.826995,1.08336,1.34549,1.60413,1.85082,2.07833,2.28066,2.45297,1.28221,1.06615,0.835831,0.609264,0.418408,0.353538,0.557727,0.831687,1.12133,1.41608,1.70512,1.97892,2.22949,2.45036,2.63647,1.38988,1.15174,0.894965,0.638593,0.41469,0.313714,0.530282,0.836548,1.15976,1.48735,1.80691,2.10782,2.38139,2.62071,2.82051,1.50289,1.24298,0.960475,0.674031,0.416695,0.279337,0.502839,0.841609,1.19872,1.55938,1.90954,2.23754,2.53404,2.79172,3.0051,1.61975,1.33841,1.03098,0.714135,0.42347,0.249994,0.4754,0.846912,1.23828,1.63224,2.01307,2.36814,2.68747,2.96339,3.19023,1.74284,1.43979,1.10546,0.759023,0.434682,0.224494,0.447964,0.852512,1.27854,1.70601,2.11755,2.49962,2.84169,3.13573,3.37591,1.8683,1.54398,1.18363,0.807369,0.449369,0.202488,0.420533,0.858478,1.31961,1.78077,2.22304,2.63202,2.9967,3.30872,3.56212,1.9967,1.65073,1.26556,0.858133,0.466898,0.183553,0.393109,0.8649,1.3616,1.85663,2.32959,2.76537,3.15251,3.48238,3.74886,2.12802,1.76171,1.3498,0.91379,0.487793,0.166983,0.365693,0.871902,1.40466,1.93368,2.43724,2.89968,3.30913,3.6567,3.93613,2.26236,1.87461,1.43784,0.971161,0.51157,0.152764,0.33829,0.879644,1.44896,2.012,2.54605,3.03497,3.46657,3.83168,4.12392,2.39825,1.99031,1.52798,1.0319,0.537614,0.141578,0.310905,0.888347,1.49465,2.09168,2.65605,3.17126,3.62481,4.0073,4.31222,2.53703,2.10793,1.62091,1.09439,0.567536,0.132002,0.28355,0.898301,1.54194,2.17282,2.76727,3.30855,3.78386,4.18356,4.50102,2.67658,2.22689,1.71503,1.16111,0.599262,0.125853,0.256247,0.909883,1.59099,2.2555,3.17975,3.44685,3.94371,4.36046,4.69032
204,1.00732,0.859117,0.708496,0.571693,0.479109,0.488555,0.853382,0.818016,1.00856,1.20611,1.4043,1.59687,1.77816,1.94318,2.08762,1.0894,0.917651,0.740763,0.573569,0.448615,0.441447,0.612623,0.822445,1.04578,1.27552,1.50387,1.72348,1.9279,2.1116,2.27002,1.18187,0.987788,0.78378,0.587276,0.429332,0.396565,0.585174,0.826995,1.08336,1.34549,1.60413,1.85082,2.07833,2.28066,2.45297,1.28221,1.06615,0.835831,0.609264,0.418408,0.353538,0.557727,0.831687,1.12133,1.41608,1.70512,1.97892,2.22949,2.45036,2.63647,1.38988,1.15174,0.894965,0.638593,0.41469,0.313714,0.530282,0.836548,1.15976,1.48735,1.80691,2.10782,2.38139,2.62071,2.82051,1.50289,1.24298,0.960475,0.674031,0.416695,0.279337,0.502839,0.841609,1.19872,1.55938,1.90954,2.23754,2.53404,2.79172,3.0051,1.61975,1.33841,1.03098,0.714135,0.42347,0.249994,0.4754,0.846912,1.23828,1.63224,2.01307,2.36814,2.68747,2.96339,3.19023,1.74284,1.43979,1.10546,0.759023,0.434682,0.224494,0.447964,0.852512,1.27854,1.70601,2.11755,2.49962,2.84169,3.13573,3.37591,1.8683,1.54398,1.18363,0.807369,0.449369,0.202488,0.420533,0.858478,1.31961,1.78077,2.22304,2.63202,2.9967,3.30872,3.56212,1.9967,1.65073,1.26556,0.858133,0.466898,0.183553,0.393109,0.8649,1.3616,1.85663,2.32959,2.76537,3.15251,3.48238,3.74886,2.12802,1.76171,1.3498,0.91379,0.487793,0.166983,0.365693,0.871902,1.40466,1.93368,2.43724,2.89968,3.30913,3.6567,3.93613,2.26236,1.87461,1.43784,0.971161,0.51157,0.152764,0.33829,0.879644,1.44896,2.012,2.54605,3.03497,3.46657,3.83168,4.12392,2.39825,1.99031,1.52798,1.0319,0.537614,0.141578,0.310905,0.888347,1.49465,2.09168,2.65605,3.17126,3.62481,4.0073,4.31222,2.53703,2.10793,1.62091,1.09439,0.567536,0.132002,0.28355,0.898301,1.54194,2.17282,2.76727,3.30855,3.78386,4.18356,4.50102,2.67658,2.22689,1.71503,1.16111,0.599262,0.125853,0.256247,0.909883,1.59099,2.2555,3.17975,3.44685,3.94371,4.36046,4.69032
205,1.00732,0.859117,0.708496,0.571693,0.479109,0.488555,0.853382,0.818016,1.00856,1.20611,1.4043,1.59687,1.77816,1.94318,2.08762,1.0894,0.917651,0.740763,0.573569,0.448615,0.441447,0.612623,0.822445,1.04578,1.27552,1.50387,1.72348,1.9279,2.1116,2.27002,1.18187,0.987788,0.78378,0.587276,0.429332,0.396565,0.585174,0.826995,1.08336,1.34549,1.60413,1.85082,2.07833,2.28066,2.45297,1.28221,1.06615,0.835831,0.609264,0.418408,0.353538,0.557727,0.831687,1.12133,1.41608,1.70512,1.97892,2.22949,2.45036,2.63647,1.38988,1.15174,0.894965,0.638593,0.41469,0.313714,0.530282,0.836548,1.15976,1.48735,1.80691,2.10782,2.38139,2.62071,2.82051,1.50289,1.24298,0.960475,0.674031,0.416695,0.279337,0.502839,0.841609,1.19872,1.55938,1.90954,2.23754,2.53404,2.79172,3.0051,1.61975,1.33841,1.03098,0.714135,0.42347,0.249994,0.4754,0.846912,1.23828,1.63224,2.01307,2.36814,2.68747,2.96339,3.19023,1.74284,1.43979,1.10546,0.759023,0.434682,0.224494,0.447964,0.852512,1.27854,1.70601,2.11755,2.49962,2.84169,3.13573,3.37591,1.8683,1.54398,1.18363,0.807369,0.449369,0.202488,0.420533,0.858478,1.31961,1.78077,2.22304,2.63202,2.9967,3.30872,3.56212,1.9967,1.65073,1.26556,0.858133,0.466898,0.183553,0.393109,0.8649,1.3616,1.85663,2.32959,2.76537,3.15251,3.48238,3.74886,2.12802,1.76171,1.3498,0.91379,0.487793,0.166983,0.365693,0.871902,1.40466,1.93368,2.43724,2.89968,3.30913,3.6567,3.93613,2.26236,1.87461,1.43784,0.971161,0.51157,0.152764,0.33829,0.879644,1.44896,2.012,2.54605,3.03497,3.46657,3.83168,4.12392,2.39825,1.99031,1.52798,1.0319,0.537614,0.141578,0.310905,0.888347,1.49465,2.09168,2.65605,3.17126,3.62481,4.0073,4.31222,2.53703,2.10793,1.62091,1.09439,0.567536,0.132002,0.28355,0.898301,1.54194,2.17282,2.76727,3.30855,3.78386,4.18356,4.50102,2.67658,2.22689,1.71503,1.16111,0.599262,0.125853,0.256247,0.909883,1.59099,2.2555,3.17975,3.44685,3.94371,4.36046,4.69032
206,1.00732,0.859117,0.708496,0.571693,0.479109,0.488555,0.853382,0.818016,1.00856,1.20611,1.4043,1.59687,1.77816,1.94318,2.08762,1.0894,0.917651,0.740763,0.573569,0.448615,0.441447,0.612623,0.822445,1.04578,1.27552,1.50387,1.72348,1.9279,2.1116,2.27002,1.18187,0.987788,0.78378,0.587276,0.429332,0.396565,0.585174,0.826995,1.08336,1.34549,1.60413,1.85082,2.07833,2.28066,2.45297,1.28221,1.06615,0.835831,0.609264,0.418408,0.353538,0.557727,0.831687,1.12133,1.41608,1.70512,1.97892,2.22949,2.45036,2.63647,1.38988,1.15174,0.894965,0.638593,0.41469,0.313714,0.530282,0.836548,1.15976,1.48735,1.80691,2.10782,2.38139,2.62071,2.82051,1.50289,1.24298,0.960475,0.674031,0.416695,0.279337,0.502839,0.841609,1.19872,1.55938,1.90954,2.23754,2.53404,2.79172,3.0051,1.61975,1.33841,1.03098,0.714135,0.42347,0.249994,0.4754,0.846912,1.23828,1.63224,2.01307,2.36814,2.68747,2.96339,3.19023,1.74284,1.43979,1.10546,0.759023,0.434682,0.224494,0.447964,0.852512,1.27854,1.70601,2.11755,2.49962,2.84169,3.13573,3.37591,1.8683,1.54398,1.18363,0.807369,0.449369,0.202488,0.420533,0.858478,1.31961,1.78077,2.22304,2.63202,2.9967,3.30872,3.56212,1.9967,1.65073,1.26556,0.858133,0.466898,0.183553,0.393109,0.8649,1.3616,1.85663,2.32959,2.76537,3.15251,3.48238,3.74886,2.12802,1.76171,1.3498,0.91379,0.487793,0.166983,0.365693,0.871902,1.40466,1.93368,2.43724,2.89968,3.30913,3.6567,3.93613,2.26236,1.87461,1.43784,0.971161,0.51157,0.152764,0.33829,0.879644,1.44896,2.012,2.54605,3.03497,3.46657,3.83168,4.12392,2.39825,1.99031,1.52798,1.0319,0.537614,0.141578,0.310905,0.888347,1.49465,2.09168,2.65605,3.17126,3.62481,4.0073,4.31222,2.53703,2.10793,1.62091,1.09439,0.567536,0.132002,0.28355,0.898301,1.54194,2.17282,2.76727,3.30855,3.78386,4.18356,4.50102,2.67658,2.22689,1.71503,1.16111,0.599262,0.125853,0.256247,0.909883,1.59099,2.2555,3.17975,3.44685,3.94371,4.36046,4.69032
207,1.00732,0.859117,0.708496,0.571693,0.479109,0.488555,0.853382,0.818016,1.00856,1.20611,1.4043,1.59687,1.77816,1.94318,2.08762,1.0894,0.917651,0.740763,0.573569,0.448615,0.441447,0.612623,0.822445,1.04578,1.27552,1.50387,1.72348,1.9279,2.1116,2.27002,1.18187,0.987788,0.78378,0.587276,0.429332,0.396565,0.585174,0.826995,1.08336,1.34549,1.60413,1.85082,2.07833,2.28066,2.45297,1.28221,1.06615,0.835831,0.609264,0.418408,0.353538,0.557727,0.831687,1.12133,1.41608,1.70512,1.97892,2.22949,2.45036,2.63647,1.38988,1.15174,0.894965,0.638593,0.41469,0.313714,0.530282,0.836548,1.15976,1.48735,1.80691,2.10782,2.38139,2.62071,2.82051,1.50289,1.24298,0.960475,0.674031,0.416695,0.279337,0.502839,0.841609,1.19872,1.55938,1.90954,2.23754,2.53404,2.79172,3.0051,1.61975,1.33841,1.03098,0.714135,0.42347,0.249994,0.4754,0.846912,1.23828,1.63224,2.01307,2.36814,2.68747,2.96339,3.19023,1.74284,1.43979,1.10546,0.759023,0.434682,0.224494,0.447964,0.852512,1.27854,1.70601,2.11755,2.49962,2.84169,3.13573,3.37591,1.8683,1.54398,1.18363,0.807369,0.449369,0.202488,0.420533,0.858478,1.31961,1.78077,2.22304,2.63202,2.9967,3.30872,3.56212,1.9967,1.65073,1.26556,0.858133,0.466898,0.183553,0.393109,0.8649,1.3616,1.85663,2.32959,2.76537,3.15251,3.48238,3.74886,2.12802,1.76171,1.3498,0.91379,0.487793,0.166983,0.365693,0.871902,1.40466,1.93368,2.43724,2.89968,3.30913,3.6567,3.93613,2.26236,1.87461,1.43784,0.971161,0.51157,0.152764,0.33829,0.879644,1.44896,2.012,2.54605,3.03497,3.46657,3.83168,4.12392,2.39825,1.99031,1.52798,1.0319,0.537614,0.141578,0.310905,0.888347,1.49465,2.09168,2.65605,3.17126,3.62481,4.0073,4.31222,2.53703,2.10793,1.62091,1.09439,0.567536,0.132002,0.28355,0.898301,1.54194,2.17282,2.76727,3.30855,3.78386,4.18356,4.50102,2.67658,2.22689,1.71503,1.16111,0.599262,0.125853,0.256247,0.909883,1.59099,2.2555,3.17975,3.44685,3.94371,4.36046,4.69032
208,1.00732,0.859117,0.708496,0.571693,0.479109,0.488555,0.853382,0.818016,1.00856,1.20611,1.4043,1.59687,1.77816,1.94318,2.08762,1.0894,0.917651,0.740763,0.573569,0.448615,0.441447,0.612623,0.822445,1.04578,1.27552,1.50387,1.72348,1.9279,2.1116,2.27002,1.18187,0.987788,0.78378,0.587276,0.429332,0.396565,0.585174,0.826995,1.08336,1.34549,1.60413,1.85082,2.07833,2.28066,2.45297,1.28221,1.06615,0.835831,0.609264,0.418408,0.353538,0.557727,0.831687,1.12133,1.41608,1.70512,1.97892,2.22949,2.45036,2.63647,1.38988,1.15174,0.894965,0.638593,0.41469,0.313714,0.530282,0.836548,1.15976,1.48735,1.80691,2.10782,2.38139,2.62071,2.82051,1.50289,1.24298,0.960475,0.674031,0.416695,0.279337,0.502839,0.841609,1.19872,1.55938,1.90954,2.23754,2.53404,2.79172,3.0051,1.61975,1.33841,1.03098,0.714135,0.42347,0.249994,0.4754,0.846912,1.23828,1.63224,2.01307,2.36814,2.68747,2.96339,3.19023,1.74284,1.43979,1.10546,0.759023,0.434682,0.224494,0.447964,0.852512,1.27854,1.70601,2.11755,2.49962,2.84169,3.13573,3.37591,1.8683,1.54398,1.18363,0.807369,0.449369,0.202488,0.420533,0.858478,1.31961,1.78077,2.22304,2.63202,2.9967,3.30872,3.56212,1.9967,1.65073,1.26556,0.858133,0.466898,0.183553,0.393109,0.8649,1.3616,1.85663,2.32959,2.76537,3.15251,3.48238,3.74886,2.12802,1.76171,1.3498,0.91379,0.487793,0.166983,0.365693,0.871902,1.40466,1.93368,2.43724,2.89968,3.30913,3.6567,3.93613,2.26236,1.87461,1.43784,0.971161,0.51157,0.152764,0.33829,0.879644,1.44896,2.012,2.54605,3.03497,3.46657,3.83168,4.12392,2.39825,1.99031,1.52798,1.0319,0.537614,0.141578,0.310905,0.888347,1.49465,2.09168,2.65605,3.17126,3.62481,4.0073,4.31222,2.53703,2.10793,1.62091,1.09439,0.567536,0.132002,0.28355,0.898301,1.54194,2.17282,2.76727,3.30855,3.78386,4.18356,4.50102,2.67658,2.22689,1.71503,1.16111,0.599262,0.125853,0.256247,0.909883,1.59099,2.2555,3.17975,3.44685,3.94371,4.36046,4.69032
209,1.00732,0.859117,0.708496,0.571693,0.479109,0.488555,0.853382,0.818016,1.00856,1.20611,1.4043,1.59687,1.77816,1.94318,2.08762,1.0894,0.917651,0.740763,0.573569,0.448615,0.441447,0.612623,0.822445,1.04578,1.27552,1.50387,1.72348,1.9279,2.1116,2.27002,1.18187,0.987788,0.78378,0.587276,0.429332,0.396565,0.585174,0.826995,1.08336,1.34549,1.60413,1.85082,2.07833,2.28066,2.45297,1.28221,1.06615,0.835831,0.609264,0.418408,0.353538,0.557727,0.831687,1.12133,1.41608,1.70512,1.97892,2.22949,2.45036,2.63647,1.38988,1.15174,0.894965,0.638593,0.41469,0.313714,0.530282,0.836548,1.15976,1.48735,1.80691,2.10782,2.38139,2.62071,2.82051,1.50289,1.24298,0.960475,0.674031,0.416695,0.279337,0.502839,0.841609,1.19872,1.55938,1.90954,2.23754,2.53404,2.79172,3.0051,1.61975,1.33841,1.03098,0.714135,0.42347,0.249994,0.4754,0.846912,1.23828,1.63224,2.01307,2.36814,2.68747,2.96339,3.19023,1.74284,1.43979,1.10546,0.759023,0.434682,0.224494,0.447964,0.852512,1.27854,1.70601,2.11755,2.49962,2.84169,3.13573,3.37591,1.8683,1.54398,1.18363,0.807369,0.449369,0.202488,0.420533,0.858478,1.31961,1.78077,2.22304,2.63202,2.9967,3.30872,3.56212,1.9967,1.65073,1.26556,0.858133,0.466898,0.183553,0.393109,0.8649,1.3616,1.85663,2.32959,2.76537,3.15251,3.48238,3.74886,2.12802,1.76171,1.3498,0.91379,0.487793,0.166983,0.365693,0.871902,1.40466,1.93368,2.43724,2.89968,3.30913,3.6567,3.93613,2.26236,1.87461,1.43784,0.971161,0.51157,0.152764,0.33829,0.879644,1.44896,2.012,2.54605,3.03497,3.46657,3.83168,4.12392,2.39825,1.99031,1.52798,1.0319,0.537614,0.141578,0.310905,0.888347,1.49465,2.09168,2.65605,3.17126,3.62481,4.0073,4.31222,2.53703,2.10793,1.62091,1.09439,0.567536,0.132002,0.28355,0.898301,1.54194,2.17282,2.76727,3.30855,3.78386,4.18356,4.50102,2.67658,2.22689,1.71503,1.16111,0.599262,0.125853,0.256247,0.909883,1.59099,2.2555,3.17975,3.44685,3.94371,4.36046,4.69032
210,1.00732,0.859117,0.708496,0.571693,0.479109,0.488555,0.853382,0.818016,1.00856,1.20611,1.4043,1.59687,1.77816,1.94318,2.08762,1.0894,0.917651,0.740763,0.573569,0.448615,0.441447,0.612623,0.822445,1.04578,1.27552,1.50387,1.72348,1.9279,2.1116,2.27002,1.18187,0.987788,0.78378,0.587276,0.429332,0.396565,0.585174,0.826995,1.08336,1.34549,1.60413,1.85082,2.07833,2.28066,2.45297,1.28221,1.06615,0.835831,0.609264,0.418408,0.353538,0.557727,0.831687,1.12133,1.41608,1.70512,1.97892,2.22949,2.45036,2.63647,1.38988,1.15174,0.894965,0.638593,0.41469,0.313714,0.530282,0.836548,1.15976,1.48735,1.80691,2.10782,2.38139,2.62071,2.82051,1.50289,1.24298,0.960475,0.674031,0.416695,0.279337,0.502839,0.841609,1.19872,1.55938,1.90954,2.23754,2.53404,2.79172,3.0051,1.61975,1.33841,1.03098,0.714135,0.42347,0.249994,0.4754,0.846912,1.23828,1.63224,2.01307,2.36814,2.68747,2.96339,3.19023,1.74284,1.43979,1.10546,0.759023,0.434682,0.224494,0.447964,0.852512,1.27854,1.70601,2.11755,2.49962,2.84169,3.13573,3.37591,1.8683,1.54398,1.18363,0.807369,0.449369,0.202488,0.420533,0.858478,1.31961,1.78077,2.22304,2.63202,2.9967,3.30872,3.56212,1.9967,1.65073,1.26556,0.858133,0.466898,0.183553,0.393109,0.8649,1.3616,1.85663,2.32959,2.76537,3.15251,3.48238,3.74886,2.12802,1.76171,1.3498,0.91379,0.487793,0.166983,0.365693,0.871902,1.40466,1.93368,2.43724,2.89968,3.30913,3.6567,3.93613,2.26236,1.87461,1.43784,0.971161,0.51157,0.152764,0.33829,0.879644,1.44896,2.012,2.54605,3.03497,3.46657,3.83168,4.12392,2.39825,1.99031,1.52798,1.0319,0.537614,0.141578,0.310905,0.888347,1.49465,2.09168,2.65605,3.17126,3.62481,4.0073,4.31222,2.53703,2.10793,1.62091,1.09439,0.567536,0.132002,0.28355,0.898301,1.54194,2.17282,2.76727,3.30855,3.78386,4.18356,4.50102,2.67658,2.22689,1.71503,1.16111,0.599262,0.125853,0.256247,0.909883,1.59099,2.2555,3.17975,3.44685,3.94371,4.36046,4.69032
211,1.00732,0.859117,0.708496,0.571693,0.479109,0.488555,0.853382,0.818016,1.00856,1.20611,1.4043,1.59687,1.77816,1.94318,2.08762,1.0894,0.917651,0.740763,0.573569,0.448615,0.441447,0.612623,0.822445,1.04578,1.27552,1.50387,1.72348,1.9279,2.1116,2.27002,1.18187,0.987788,0.78378,0.587276,0.429332,0.396565,0.585174,0.826995,1.08336,1.34549,1.60413,1.85082,2.07833,2.28066,2.45297,1.28221,1.06615,0.835831,0.609264,0.418408,0.353538,0.557727,0.831687,1.12133,1.41608,1.70512,1.97892,2.22949,2.45036,2.63647,1.38988,1.15174,0.894965,0.638593,0.41469,0.313714,0.530282,0.836548,1.15976,1.48735,1.80691,2.10782,2.38139,2.62071,2.82051,1.50289,1.24298,0.960475,0.674031,0.416695,0.279337,0.502839,0.841609,1.19872,1.55938,1.90954,2.23754,2.53404,2.79172,3.0051,1.61975,1.33841,1.03098,0.714135,0.42347,0.249994,0.4754,0.846912,1.23828,1.63224,2.01307,2.36814,2.68747,2.96339,3.19023,1.74284,1.43979,1.10546,0.759023,0.434682,0.224494,0.447964,0.852512,1.27854,1.70601,2.11755,2.49962,2.84169,3.13573,3.37591,1.8683,1.54398,1.18363,0.807369,0.449369,0.202488,0.420533,0.858478,1.31961,1.78077,2.22304,2.63202,2.9967,3.30872,3.56212,1.9967,1.65073,1.26556,0.858133,0.466898,0.183553,0.393109,0.8649,1.3616,1.85663,2.32959,2.76537,3.15251,3.48238,3.74886,2.12802,1.76171,1.3498,0.91379,0.487793,0.166983,0.365693,0.871902,1.40466,1.93368,2.43724,2.89968,3.30913,3.6567,3.93613,2.26236,1.87461,1.43784,0.971161,0.51157,0.152764,0.33829,0.879644,1.44896,2.012,2.54605,3.03497,3.46657,3.83168,4.12392,2.39825,1.99031,1.52798,1.0319,0.537614,0.141578,0.310905,0.888347,1.49465,2.09168,2.65605,3.17126,3.62481,4.0073,4.31222,2.53703,2.10793,1.62091,1.09439,0.567536,0.132002,0.28355,0.898301,1.54194,2.17282,2.76727,3.30855,3.78386,4.18356,4.50102,2.67658,2.22689,1.71503,1.16111,0.599262,0.125853,0.256247,0.909883,1.59099,2.2555,3.17975,3.44685,3.94371,4.36046,4.69032
212,1.00732,0.859117,0.708496,0.571693,0.479109,0.488555,0.853382,0.818016,1.00856,1.20611,1.4043,1.59687,1.77816,1.94318,2.08762,1.0894,0.917651,0.740763,0.573569,0.448615,0.441447,0.612623,0.822445,1.04578,1.27552,1.50387,1.72348,1.9279,2.1116,2.27002,1.18187,0.987788,0.78378,0.587276,0.429332,0.396565,0.585174,0.826995,1.08336,1.34549,1.60413,1.85082,2.07833,2.28066,2.45297,1.28221,1.06615,0.835831,0.609264,0.418408,0.353538,0.557727,0.831687,1.12133,1.41608,1.70512,1.97892,2.22949,2.45036,2.63647,1.38988,1.15174,0.894965,0.638593,0.41469,0.313714,0.530282,0.836548,1.15976,1.48735,1.80691,2.10782,2.38139,2.62071,2.82051,1.50289,1.24298,0.960475,0.674031,0.416695,0.279337,0.502839,0.841609,1.19872,1.55938,1.90954,2.23754,2.53404,2.79172,3.0051,1.61975,1.33841,1.03098,0.714135,0.42347,0.249994,0.4754,0.846912,1.23828,1.63224,2.01307,2.36814,2.68747,2.96339,3.19023,1.74284,1.43979,1.10546,0.759023,0.434682,0.224494,0.447964,0.852512,1.27854,1.70601,2.11755,2.49962,2.84169,3.13573,3.37591,1.8683,1.54398,1.18363,0.807369,0.449369,0.202488,0.420533,0.858478,1.31961,1.78077,2.22304,2.63202,2.9967,3.30872,3.56212,1.9967,1.65073,1.26556,0.858133,0.466898,0.183553,0.393109,0.8649,1.3616,1.85663,2.32959,2.76537,3.15251,3.48238,3.74886,2.12802,1.76171,1.3498,0.91379,0.487793,0.166983,0.365693,0.871902,1.40466,1.93368,2.43724,2.89968,3.30913,3.6567,3.93613,2.26236,1.87461,1.43784,0.971161,0.51157,0.152764,0.33829,0.879644,1.44896,2.012,2.54605,3.03497,3.46657,3.83168,4.12392,2.39825,1.99031,1.52798,1.0319,0.537614,0.141578,0.310905,0.888347,1.49465,2.09168,2.65605,3.17126,3.62481,4.0073,4.31222,2.53703,2.10793,1.62091,1.09439,0.567536,0.132002,0.28355,0.898301,1.54194,2.17282,2.76727,3.30855,3.78386,4.18356,4.50102,2.67658,2.22689,1.71503,1.16111,0.599262,0.125853,0.256247,0.909883,1.59099,2.2555,3.17975,3.44685,3.94371,4.36046,4.69032
213,1.00732,0.859117,0.708496,0.571693,0.479109,0.488555,0.853382,0.818016,1.00856,1.20611,1.4043,1.59687,1.77816,1.94318,2.08762,1.0894,0.917651,0.740763,0.573569,0.448615,0.441447,0.612623,0.822445,1.04578,1.27552,1.50387,1.72348,1.9279,2.1116,2.27002,1.18187,0.987788,0.78378,0.587276,0.429332,0.396565,0.585174,0.826995,1.08336,1.34549,1.60413,1.85082,2.07833,2.28066,2.45297,1.28221,1.06615,0.835831,0.609264,0.418408,0.353538,0.557727,0.831687,1.12133,1.41608,1.70512,1.97892,2.22949,2.45036,2.63647,1.38988,1.15174,0.894965,0.638593,0.41469,0.313714,0.530282,0.836548,1.15976,1.48735,1.80691,2.10782,2.38139,2.62071,2.82051,1.50289,1.24298,0.960475,0.674031,0.416695,0.279337,0.502839,0.841609,1.19872,1.55938,1.90954,2.23754,2.53404,2.79172,3.0051,1.61975,1.33841,1.03098,0.714135,0.42347,0.249994,0.4754,0.846912,1.23828,1.63224,2.01307,2.36814,2.68747,2.96339,3.19023,1.74284,1.43979,1.10546,0.759023,0.434682,0.224494,0.447964,0.852512,1.27854,1.70601,2.11755,2.49962,2.84169,3.13573,3.37591,1.8683,1.54398,1.18363,0.807369,0.449369,0.202488,0.420533,0.858478,1.31961,1.78077,2.22304,2.63202,2.9967,3.30872,3.56212,1.9967,1.65073,1.26556,0.858133,0.466898,0.183553,0.393109,0.8649,1.3616,1.85663,2.32959,2.76537,3.15251,3.48238,3.74886,2.12802,1.76171,1.3498,0.91379,0.487793,0.166983,0.365693,0.871902,1.40466,1.93368,2.43724,2.89968,3.30913,3.6567,3.93613,2.26236,1.87461,1.43784,0.971161,0.51157,0.152764,0.33829,0.879644,1.44896,2.012,2.54605,3.03497,3.46657,3.83168,4.12392,2.39825,1.99031,1.52798,1.0319,0.537614,0.141578,0.310905,0.888347,1.49465,2.09168,2.65605,3.17126,3.62481,4.0073,4.31222,2.53703,2.10793,1.62091,1.09439,0.567536,0.132002,0.28355,0.898301,1.54194,2.17282,2.76727,3.30855,3.78386,4.18356,4.50102,2.67658,2.22689,1.71503,1.16111,0.599262,0.125853,0.256247,0.909883,1.59099,2.2555,3.17975,3.44685,3.94371,4.36046,4.69032
214,1.00732,0.859117,0.708496,0.571693,0.479109,0.488555,0.853382,0.818016,1.00856,1.20611,1.4043,1.59687,1.77816,1.94318,2.08762,1.0894,0.917651,0.740763,0.573569,0.448615,0.441447,0.612623,0.822445,1.04578,1.27552,1.50387,1.72348,1.9279,2.1116,2.27002,1.18187,0.987788,0.78378,0.587276,0.429332,0.396565,0.585174,0.826995,1.08336,1.34549,1.60413,1.85082,2.07833,2.28066,2.45297,1.28221,1.06615,0.835831,0.609264,0.418408,0.353538,0.557727,0.831687,1.12133,1.41608,1.70512,1.97892,2.22949,2.45036,2.63647,1.38988,1.15174,0.894965,0.638593,0.41469,0.313714,0.530282,0.836548,1.15976,1.48735,1.80691,2.10782,2.38139,2.62071,2.82051,1.50289,1.24298,0.960475,0.674031,0.416695,0.279337,0.502839,0.841609,1.19872,1.55938,1.90954,2.23754,2.53404,2.79172,3.0051,1.61975,1.33841,1.03098,0.714135,0.42347,0.249994,0.4754,0.846912,1.23828,1.63224,2.01307,2.36814,2.68747,2.96339,3.19023,1.74284,1.43979,1.10546,0.759023,0.434682,0.224494,0.447964,0.852512,1.27854,1.70601,2.11755,2.49962,2.84169,3.13573,3.37591,1.8683,1.54398,1.18363,0.807369,0.449369,0.202488,0.420533,0.858478,1.31961,1.78077,2.22304,2.63202,2.9967,3.30872,3.56212,1.9967,1.65073,1.26556,0.858133,0.466898,0.183553,0.393109,0.8649,1.3616,1.85663,2.32959,2.76537,3.15251,3.48238,3.74886,2.12802,1.76171,1.3498,0.91379,0.487793,0.166983,0.365693,0.871902,1.40466,1.93368,2.43724,2.89968,3.30913,3.6567,3.93613,2.26236,1.87461,1.43784,0.971161,0.51157,0.152764,0.33829,0.879644,1.44896,2.012,2.54605,3.03497,3.46657,3.83168,4.12392,2.39825,1.99031,1.52798,1.0319,0.537614,0.141578,0.310905,0.888347,1.49465,2.09168,2.65605,3.17126,3.62481,4.0073,4.31222,2.53703,2.10793,1.62091,1.09439,0.567536,0.132002,0.28355,0.898301,1.54194,2.17282,2.76727,3.30855,3.78386,4.18356,4.50102,2.67658,2.22689,1.71503,1.16111,0.599262,0.125853,0.256247,0.909883,1.59099,2.2555,3.17975,3.44685,3.94371,4.36046,4.69032
215,1.00732,0.859117,0.708496,0.571693,0.479109,0.488555,0.853382,0.818016,1.00856,1.20611,1.4043,1.59687,1.77816,1.94318,2.08762,1.0894,0.917651,0.740763,0.573569,0.448615,0.441447,0.612623,0.822445,1.04578,1.27552,1.50387,1.72348,1.9279,2.1116,2.27002,1.18187,0.987788,0.78378,0.587276,0.429332,0.396565,0.585174,0.826995,1.08336,1.34549,1.60413,1.85082,2.07833,2.28066,2.45297,1.28221,1.06615,0.835831,0.609264,0.418408,0.353538,0.557727,0.831687,1.12133,1.41608,1.70512,1.97892,2.22949,2.45036,2.63647,1.38988,1.15174,0.894965,0.638593,0.41469,0.313714,0.530282,0.836548,1.15976,1.48735,1.80691,2.10782,2.38139,2.62071,2.82051,1.50289,1.24298,0.960475,0.674031,0.416695,0.279337,0.502839,0.841609,1.19872,1.55938,1.90954,2.23754,2.53404,2.79172,3.0051,1.61975,1.33841,1.03098,0.714135,0.42347,0.249994,0.4754,0.846912,1.23828,1.63224,2.01307,2.36814,2.68747,2.96339,3.19023,1.74284,1.43979,1.10546,0.759023,0.434682,0.224494,0.447964,0.852512,1.27854,1.70601,2.11755,2.49962,2.84169,3.13573,3.37591,1.8683,1.54398,1.18363,0.807369,0.449369,0.202488,0.420533,0.858478,1.31961,1.78077,2.22304,2.63202,2.9967,3.30872,3.56212,1.9967,1.65073,1.26556,0.858133,0.466898,0.183553,0.393109,0.8649,1.3616,1.85663,2.32959,2.76537,3.15251,3.48238,3.74886,2.12802,1.76171,1.3498,0.91379,0.487793,0.166983,0.365693,0.871902,1.40466,1.93368,2.43724,2.89968,3.30913,3.6567,3.93613,2.26236,1.87461,1.43784,0.971161,0.51157,0.152764,0.33829,0.879644,1.44896,2.012,2.54605,3.03497,3.46657,3.83168,4.12392,2.39825,1.99031,1.52798,1.0319,0.537614,0.141578,0.310905,0.888347,1.49465,2.09168,2.65605,3.17126,3.62481,4.0073,4.31222,2.53703,2.10793,1.62091,1.09439,0.567536,0.132002,0.28355,0.898301,1.54194,2.17282,2.76727,3.30855,3.78386,4.18356,4.50102,2.67658,2.22689,1.71503,1.16111,0.599262,0.125853,0.256247,0.909883,1.59099,2.2555,3.17975,3.44685,3.94371,4.36046,4.69032
216,1.00732,0.859117,0.708496,0.571693,0.479109,0.488555,0.853382,0.818016,1.00856,1.20611,1.4043,1.59687,1.77816,1.94318,2.08762,1.0894,0.917651,0.740763,0.573569,0.448615,0.441447,0.612623,0.822445,1.04578,1.27552,1.50387,1.72348,1.9279,2.1116,2.27002,1.18187,0.987788,0.78378,0.587276,0.429332,0.396565,0.585174,0.826995,1.08336,1.34549,1.60413,1.85082,2.07833,2.28066,2.45297,1.28221,1.06615,0.835831,0.609264,0.418408,0.353538,0.557727,0.831687,1.12133,1.41608,1.70512,1.97892,2.22949,2.45036,2.63647,1.38988,1.15174,0.894965,0.638593,0.41469,0.313714,0.530282,0.836548,1.15976,1.48735,1.80691,2.10782,2.38139,2.62071,2.82051,1.50289,1.24298,0.960475,0.674031,0.416695,0.279337,0.502839,0.841609,1.19872,1.55938,1.90954,2.23754,2.53404,2.79172,3.0051,1.61975,1.33841,1.03098,0.714135,0.42347,0.249994,0.4754,0.846912,1.23828,1.63224,2.01307,2.36814,2.68747,2.96339,3.19023,1.74284,1.43979,1.10546,0.759023,0.434682,0.224494,0.447964,0.852512,1.27854,1.70601,2.11755,2.49962,2.84169,3.13573,3.37591,1.8683,1.54398,1.18363,0.807369,0.449369,0.202488,0.420533,0.858478,1.31961,1.78077,2.22304,2.63202,2.9967,3.30872,3.56212,1.9967,1.65073,1.26556,0.858133,0.466898,0.183553,0.393109,0.8649,1.3616,1.85663,2.32959,2.76537,3.15251,3.48238,3.74886,2.12802,1.76171,1.3498,0.91379,0.487793,0.166983,0.365693,0.871902,1.40466,1.93368,2.43724,2.89968,3.30913,3.6567,3.93613,2.26236,1.87461,1.43784,0.971161,0.51157,0.152764,0.33829,0.879644,1.44896,2.012,2.54605,3.03497,3.46657,3.83168,4.12392,2.39825,1.99031,1.52798,1.0319,0.537614,0.141578,0.310905,0.888347,1.49465,2.09168,2.65605,3.17126,3.62481,4.0073,4.31222,2.53703,2.10793,1.62091,1.09439,0.567536,0.132002,0.28355,0.898301,1.54194,2.17282,2.76727,3.30855,3.78386,4.18356,4.50102,2.67658,2.22689,1.71503,1.16111,0.599262,0.125853,0.256247,0.909883,1.59099,2.2555,3.17975,3.44685,3.94371,4.36046,4.69032
217,1.00732,0.859117,0.708496,0.571693,0.479109,0.488555,0.853382,0.818016,1.00856,1.20611,1.4043,1.59687,1.77816,1.94318,2.08762,1.0894,0.917651,0.740763,0.573569,0.448615,0.441447,0.612623,0.822445,1.04578,1.27552,1.50387,1.72348,1.9279,2.1116,2.27002,1.18187,0.987788,0.78378,0.587276,0.429332,0.396565,0.585174,0.826995,1.08336,1.34549,1.60413,1.85082,2.07833,2.28066,2.45297,1.28221,1.06615,0.835831,0.609264,0.418408,0.353538,0.557727,0.831687,1.12133,1.41608,1.70512,1.97892,2.22949,2.45036,2.63647,1.38988,1.15174,0.894965,0.638593,0.41469,0.313714,0.530282,0.836548,1.15976,1.48735,1.80691,2.10782,2.38139,2.62071,2.82051,1.50289,1.24298,0.960475,0.674031,0.416695,0.279337,0.502839,0.841609,1.19872,1.55938,1.90954,2.23754,2.53404,2.79172,3.0051,1.61975,1.33841,1.03098,0.714135,0.42347,0.249994,0.4754,0.846912,1.23828,1.63224,2.01307,2.36814,2.68747,2.96339,3.19023,1.74284,1.43979,1.10546,0.759023,0.434682,0.224494,0.447964,0.852512,1.27854,1.70601,2.11755,2.49962,2.84169,3.13573,3.37591,1.8683,1.54398,1.18363,0.807369,0.449369,0.202488,0.420533,0.858478,1.31961,1.78077,2.22304,2.63202,2.9967,3.30872,3.56212,1.9967,1.65073,1.26556,0.858133,0.466898,0.183553,0.393109,0.8649,1.3616,1.85663,2.32959,2.76537,3.15251,3.48238,3.74886,2.12802,1.76171,1.3498,0.91379,0.487793,0.166983,0.365693,0.871902,1.40466,1.93368,2.43724,2.89968,3.30913,3.6567,3.93613,2.26236,1.87461,1.43784,0.971161,0.51157,0.152764,0.33829,0.879644,1.44896,2.012,2.54605,3.03497,3.46657,3.83168,4.12392,2.39825,1.99031,1.52798,1.0319,0.537614,0.141578,0.310905,0.888347,1.49465,2.09168,2.65605,3.17126,3.62481,4.0073,4.31222,2.53703,2.10793,1.62091,1.09439,0.567536,0.132002,0.28355,0.898301,1.54194,2.17282,2.76727,3.30855,3.78386,4.18356,4.50102,2.67658,2.22689,1.71503,1.16111,0.599262,0.125853,0.256247,0.909883,1.59099,2.2555,3.17975,3.44685,3.94371,4.36046,4.69032
218,1.00732,0.859117,0.708496,0.571693,0.479109,0.488555,0.853382,0.818016,1.00856,1.20611,1.4043,1.59687,1.77816,1.94318,2.08762,1.0894,0.917651,0.740763,0.573569,0.448615,0.441447,0.612623,0.822445,1.04578,1.27552,1.50387,1.72348,1.9279,2.1116,2.27002,1.18187,0.987788,0.78378,0.587276,0.429332,0.396565,0.585174,0.826995,1.08336,1.34549,1.60413,1.85082,2.07833,2.28066,2.45297,1.28221,1.06615,0.835831,0.609264,0.418408,0.353538,0.557727,0.831687,1.12133,1.41608,1.70512,1.97892,2.22949,2.45036,2.63647,1.38988,1.15174,0.894965,0.638593,0.41469,0.313714,0.530282,0.836548,1.15976,1.48735,1.80691,2.10782,2.38139,2.62071,2.82051,1.50289,1.24298,0.960475,0.674031,0.416695,0.279337,0.502839,0.841609,1.19872,1.55938,1.90954,2.23754,2.53404,2.79172,3.0051,1.61975,1.33841,1.03098,0.714135,0.42347,0.249994,0.4754,0.846912,1.23828,1.63224,2.01307,2.36814,2.68747,2.96339,3.19023,1.74284,1.43979,1.10546,0.759023,0.434682,0.224494,0.447964,0.852512,1.27854,1.70601,2.11755,2.49962,2.84169,3.13573,3.37591,1.8683,1.54398,1.18363,0.807369,0.449369,0.202488,0.420533,0.858478,1.31961,1.78077,2.22304,2.63202,2.9967,3.30872,3.56212,1.9967,1.65073,1.26556,0.858133,0.466898,0.183553,0.393109,0.8649,1.3616,1.85663,2.32959,2.76537,3.15251,3.48238,3.74886,2.12802,1.76171,1.3498,0.91379,0.487793,0.166983,0.365693,0.871902,1.40466,1.93368,2.43724,2.89968,3.30913,3.6567,3.93613,2.26236,1.87461,1.43784,0.971161,0.51157,0.152764,0.33829,0.879644,1.44896,2.012,2.54605,3.03497,3.46657,3.83168,4.12392,2.39825,1.99031,1.52798,1.0319,0.537614,0.141578,0.310905,0.888347,1.49465,2.09168,2.65605,3.17126,3.62481,4.0073,4.31222,2.53703,2.10793,1.62091,1.09439,0.567536,0.132002,0.28355,0.898301,1.54194,2.17282,2.76727,3.30855,3.78386,4.18356,4.50102,2.67658,2.22689,1.71503,1.16111,0.599262,0.125853,0.256247,0.909883,1.59099,2.2555,3.17975,3.44685,3.94371,4.36046,4.69032
219,1.00732,0.859117,0.708496,0.571693,0.479109,0.488555,0.853382,0.818016,1.00856,1.20611,1.4043,1.59687,1.77816,1.94318,2.08762,1.0894,0.917651,0.740763,0.573569,0.448615,0.441447,0.612623,0.822445,1.04578,1.27552,1.50387,1.72348,1.9279,2.1116,2.27002,1.18187,0.987788,0.78378,0.587276,0.429332,0.396565,0.585174,0.826995,1.08336,1.34549,1.60413,1.85082,2.07833,2.28066,2.45297,1.28221,1.06615,0.835831,0.609264,0.418408,0.353538,0.557727,0.831687,1.12133,1.41608,1.70512,1.97892,2.22949,2.45036,2.63647,1.38988,1.15174,0.894965,0.638593,0.41469,0.313714,0.530282,0.836548,1.15976,1.48735,1.80691,2.10782,2.38139,2.62071,2.82051,1.50289,1.24298,0.960475,0.674031,0.416695,0.279337,0.502839,0.841609,1.19872,1.55938,1.90954,2.23754,2.53404,2.79172,3.0051,1.61975,1.33841,1.03098,0.714135,0.42347,0.249994,0.4754,0.846912,1.23828,1.63224,2.01307,2.36814,2.68747,2.96339,3.19023,1.74284,1.43979,1.10546,0.759023,0.434682,0.224494,0.447964,0.852512,1.27854,1.70601,2.11755,2.49962,2.84169,3.13573,3.37591,1.8683,1.54398,1.18363,0.807369,0.449369,0.202488,0.420533,0.858478,1.31961,1.78077,2.22304,2.63202,2.9967,3.30872,3.56212,1.9967,1.65073,1.26556,0.858133,0.466898,0.183553,0.393109,0.8649,1.3616,1.85663,2.32959,2.76537,3.15251,3.48238,3.74886,2.12802,1.76171,1.3498,0.91379,0.487793,0.166983,0.365693,0.871902,1.40466,1.93368,2.43724,2.89968,3.30913,3.6567,3.93613,2.26236,1.87461,1.43784,0.971161,0.51157,0.152764,0.33829,0.879644,1.44896,2.012,2.54605,3.03497,3.46657,3.83168,4.12392,2.39825,1.99031,1.52798,1.0319,0.537614,0.141578,0.310905,0.888347,1.49465,2.09168,2.65605,3.17126,3.62481,4.0073,4.31222,2.53703,2.10793,1.62091,1.09439,0.567536,0.132002,0.28355,0.898301,1.54194,2.17282,2.76727,3.30855,3.78386,4.18356,4.50102,2.67658,2.22689,1.71503,1.16111,0.599262,0.125853,0.256247,0.909883,1.59099,2.2555,3.17975,3.44685,3.94371,4.36046,4.69032
220,1.00732,0.859117,0.708496,0.571693,0.479109,0.488555,0.853382,0.818016,1.00856,1.20611,1.4043,1.59687,1.77816,1.94318,2.08762,1.0894,0.917651,0.740763,0.573569,0.448615,0.441447,0.612623,0.822445,1.04578,1.27552,1.50387,1.72348,1.9279,2.1116,2.27002,1.18187,0.987788,0.78378,0.587276,0.429332,0.396565,0.585174,0.826995,1.08336,1.34549,1.60413,1.85082,2.07833,2.28066,2.45297,1.28221,1.06615,0.835831,0.609264,0.418408,0.353538,0.557727,0.831687,1.12133,1.41608,1.70512,1.97892,2.22949,2.45036,2.63647,1.38988,1.15174,0.894965,0.638593,0.41469,0.313714,0.530282,0.836548,1.15976,1.48735,1.80691,2.10782,2.38139,2.62071,2.82051,1.50289,1.24298,0.960475,0.674031,0.416695,0.279337,0.502839,0.841609,1.19872,1.55938,1.90954,2.23754,2.53404,2.79172,3.0051,1.61975,1.33841,1.03098,0.714135,0.42347,0.249994,0.4754,0.846912,1.23828,1.63224,2.01307,2.36814,2.68747,2.96339,3.19023,1.74284,1.43979,1.10546,0.759023,0.434682,0.224494,0.447964,0.852512,1.27854,1.70601,2.11755,2.49962,2.84169,3.13573,3.37591,1.8683,1.54398,1.18363,0.807369,0.449369,0.202488,0.420533,0.858478,1.31961,1.78077,2.22304,2.63202,2.9967,3.30872,3.56212,1.9967,1.65073,1.26556,0.858133,0.466898,0.183553,0.393109,0.8649,1.3616,1.85663,2.32959,2.76537,3.15251,3.48238,3.74886,2.12802,1.76171,1.3498,0.91379,0.487793,0.166983,0.365693,0.871902,1.40466,1.93368,2.43724,2.89968,3.30913,3.6567,3.93613,2.26236,1.87461,1.43784,0.971161,0.51157,0.152764,0.33829,0.879644,1.44896,2.012,2.54605,3.03497,3.46657,3.83168,4.12392,2.39825,1.99031,1.52798,1.0319,0.537614,0.141578,0.310905,0.888347,1.49465,2.09168,2.65605,3.17126,3.62481,4.0073,4.31222,2.53703,2.10793,1.62091,1.09439,0.567536,0.132002,0.28355,0.898301,1.54194,2.17282,2.76727,3.30855,3.78386,4.18356,4.50102,2.67658,2.22689,1.71503,1.16111,0.599262,0.125853,0.256247,0.909883,1.59099,2.2555,3.17975,3.44685,3.94371,4.36046,4.69032
221,1.00732,0.859117,0.708496,0.571693,0.479109,0.488555,0.853382,0.818016,1.00856,1.20611,1.4043,1.59687,1.77816,1.94318,2.08762,1.0894,0.917651,0.740763,0.573569,0.448615,0.441447,0.612623,0.822445,1.04578,1.27552,1.50387,1.72348,1.9279,2.1116,2.27002,1.18187,0.987788,0.78378,0.587276,0.429332,0.396565,0.585174,0.826995,1.08336,1.34549,1.60413,1.85082,2.07833,2.28066,2.45297,1.28221,1.06615,0.835831,0.609264,0.418408,0.353538,0.557727,0.831687,1.12133,1.41608,1.70512,1.97892,2.22949,2.45036,2.63647,1.38988,1.15174,0.894965,0.638593,0.41469,0.313714,0.530282,0.836548,1.15976,1.48735,1.80691,2.10782,2.38139,2.62071,2.82051,1.50289,1.24298,0.960475,0.674031,0.416695,0.279337,0.502839,0.841609,1.19872,1.55938,1.90954,2.23754,2.53404,2.79172,3.0051,1.61975,1.33841,1.03098,0.714135,0.42347,0.249994,0.4754,0.846912,1.23828,1.63224,2.01307,2.36814,2.68747,2.96339,3.19023,1.74284,1.43979,1.10546,0.759023,0.434682,0.224494,0.447964,0.852512,1.27854,1.70601,2.11755,2.49962,2.84169,3.13573,3.37591,1.8683,1.54398,1.18363,0.807369,0.449369,0.202488,0.420533,0.858478,1.31961,1.78077,2.22304,2.63202,2.9967,3.30872,3.56212,1.9967,1.65073,1.26556,0.858133,0.466898,0.183553,0.393109,0.8649,1.3616,1.85663,2.32959,2.76537,3.15251,3.48238,3.74886,2.12802,1.76171,1.3498,0.91379,0.487793,0.166983,0.365693,0.871902,1.40466,1.93368,2.43724,2.89968,3.30913,3.6567,3.93613,2.26236,1.87461,1.43784,0.971161,0.51157,0.152764,0.33829,0.879644,1.44896,2.012,2.54605,3.03497,3.46657,3.83168,4.12392,2.39825,1.99031,1.52798,1.0319,0.537614,0.141578,0.310905,0.888347,1.49465,2.09168,2.65605,3.17126,3.62481,4.0073,4.31222,2.53703,2.10793,1.62091,1.09439,0.567536,0.132002,0.28355,0.898301,1.54194,2.17282,2.76727,3.30855,3.78386,4.18356,4.50102,2.67658,2.22689,1.71503,1.16111,0.599262,0.125853,0.256247,0.909883,1.59099,2.2555,3.17975,3.44685,3.94371,4.36046,4.69032
222,1.00732,0.859117,0.708496,0.571693,0.479109,0.488555,0.853382,0.818016,1.00856,1.20611,1.4043,1.59687,1.77816,1.94318,2.08762,1.0894,0.917651,0.740763,0.573569,0.448615,0.441447,0.612623,0.822445,1.04578,1.27552,1.50387,1.72348,1.9279,2.1116,2.27002,1.18187,0.987788,0.78378,0.587276,0.429332,0.396565,0.585174,0.826995,1.08336,1.34549,1.60413,1.85082,2.07833,2.28066,2.45297,1.28221,1.06615,0.835831,0.609264,0.418408,0.353538,0.557727,0.831687,1.12133,1.41608,1.70512,1.97892,2.22949,2.45036,2.63647,1.38988,1.15174,0.894965,0.638593,0.41469,0.313714,0.530282,0.836548,1.15976,1.48735,1.80691,2.10782,2.38139,2.62071,2.82051,1.50289,1.24298,0.960475,0.674031,0.416695,0.279337,0.502839,0.841609,1.19872,1.55938,1.90954,2.23754,2.53404,2.79172,3.0051,1.61975,1.33841,1.03098,0.714135,0.42347,0.249994,0.4754,0.846912,1.23828,1.63224,2.01307,2.36814,2.68747,2.96339,3.19023,1.74284,1.43979,1.10546,0.759023,0.434682,0.224494,0.447964,0.852512,1.27854,1.70601,2.11755,2.49962,2.84169,3.13573,3.37591,1.8683,1.54398,1.18363,0.807369,0.449369,0.202488,0.420533,0.858478,1.31961,1.78077,2.22304,2.63202,2.9967,3.30872,3.56212,1.9967,1.65073,1.26556,0.858133,0.466898,0.183553,0.393109,0.8649,1.3616,1.85663,2.32959,2.76537,3.15251,3.48238,3.74886,2.12802,1.76171,1.3498,0.91379,0.487793,0.166983,0.365693,0.871902,1.40466,1.93368,2.43724,2.89968,3.30913,3.6567,3.93613,2.26236,1.87461,1.43784,0.971161,0.51157,0.152764,0.33829,0.879644,1.44896,2.012,2.54605,3.03497,3.46657,3.83168,4.12392,2.39825,1.99031,1.52798,1.0319,0.537614,0.141578,0.310905,0.888347,1.49465,2.09168,2.65605,3.17126,3.62481,4.0073,4.31222,2.53703,2.10793,1.62091,1.09439,0.567536,0.132002,0.28355,0.898301,1.54194,2.17282,2.76727,3.30855,3.78386,4.18356,4.50102,2.67658,2.22689,1.71503,1.16111,0.599262,0.125853,0.256247,0.909883,1.59099,2.2555,3.17975,3.44685,3.94371,4.36046,4.69032
223,1.00732,0.859117,0.708496,0.571693,0.479109,0.488555,0.853382,0.818016,1.00856,1.20611,1.4043,1.59687,1.77816,1.94318,2.08762,1.0894,0.917651,0.740763,0.573569,0.448615,0.441447,0.612623,0.822445,1.04578,1.27552,1.50387,1.72348,1.9279,2.1116,2.27002,1.18187,0.987788,0.78378,0.587276,0.429332,0.396565,0.585174,0.826995,1.08336,1.34549,1.60413,1.85082,2.07833,2.28066,2.45297,1.28221,1.06615,0.835831,0.609264,0.418408,0.353538,0.557727,0.831687,1.12133,1.41608,1.70512,1.97892,2.22949,2.45036,2.63647,1.38988,1.15174,0.894965,0.638593,0.41469,0.313714,0.530282,0.836548,1.15976,1.48735,1.80691,2.10782,2.38139,2.62071,2.82051,1.50289,1.24298,0.960475,0.674031,0.416695,0.279337,0.502839,0.841609,1.19872,1.55938,1.90954,2.23754,2.53404,2.79172,3.0051,1.61975,1.33841,1.03098,0.714135,0.42347,0.249994,0.4754,0.846912,1.23828,1.63224,2.01307,2.36814,2.68747,2.96339,3.19023,1.74284,1.43979,1.10546,0.759023,0.434682,0.224494,0.447964,0.852512,1.27854,1.70601,2.11755,2.49962,2.84169,3.13573,3.37591,1.8683,1.54398,1.18363,0.807369,0.449369,0.202488,0.420533,0.858478,1.31961,1.78077,2.22304,2.63202,2.9967,3.30872,3.56212,1.9967,1.65073,1.26556,0.858133,0.466898,0.183553,0.393109,0.8649,1.3616,1.85663,2.32959,2.76537,3.15251,3.48238,3.74886,2.12802,1.76171,1.3498,0.91379,0.487793,0.166983,0.365693,0.871902,1.40466,1.93368,2.43724,2.89968,3.30913,3.6567,3.93613,2.26236,1.87461,1.43784,0.971161,0.51157,0.152764,0.33829,0.879644,1.44896,2.012,2.54605,3.03497,3.46657,3.83168,4.12392,2.39825,1.99031,1.52798,1.0319,0.537614,0.141578,0.310905,0.888347,1.49465,2.09168,2.65605,3.17126,3.62481,4.0073,4.31222,2.53703,2.10793,1.62091,1.09439,0.567536,0.132002,0.28355,0.898301,1.54194,2.17282,2.76727,3.30855,3.78386,4.18356,4.50102,2.67658,2.22689,1.71503,1.16111,0.599262,0.125853,0.256247,0.909883,1.59099,2.2555,3.17975,3.44685,3.94371,4.36046,4.69032
